sender_account,receiver_account,transaction_count,total_amount,average_amount
ACC100000,ACC100061,1,1959.66,1959.66
ACC100000,ACC100250,1,407.2,407.2
ACC100000,ACC100257,1,402.05,402.05
ACC100000,ACC100340,1,286.28,286.28
ACC100000,ACC100425,1,2009.2,2009.2
ACC100000,ACC100535,1,950.7,950.7
ACC100000,ACC100654,1,171.69,171.69
ACC100000,ACC100668,1,1194.56,1194.56
ACC100000,ACC100674,1,1798.45,1798.45
ACC100000,ACC100754,1,13876.0,13876.0
ACC100001,ACC100117,1,391.18,391.18
ACC100001,ACC100121,1,800.82,800.82
ACC100001,ACC100143,1,812.43,812.43
ACC100001,ACC100197,1,1335.8,1335.8
ACC100001,ACC100294,1,398.87,398.87
ACC100001,ACC100307,1,3855.36,3855.36
ACC100001,ACC100352,1,12879.73,12879.73
ACC100001,ACC100564,1,1076.54,1076.54
ACC100001,ACC100586,1,6307.57,6307.57
ACC100001,ACC100708,1,796.68,796.68
ACC100001,ACC100787,1,763.17,763.17
ACC100001,ACC100827,1,403.9,403.9
ACC100001,ACC100929,1,1433.26,1433.26
ACC100001,ACC100934,1,726.26,726.26
ACC100002,ACC100062,1,1591.47,1591.47
ACC100002,ACC100113,1,2089.82,2089.82
ACC100002,ACC100191,1,4771.0,4771.0
ACC100002,ACC100228,1,9296.02,9296.02
ACC100002,ACC100281,1,12485.0,12485.0
ACC100002,ACC100443,1,17251.6,17251.6
ACC100002,ACC100540,1,1390.63,1390.63
ACC100002,ACC100744,1,1397.33,1397.33
ACC100002,ACC100877,1,417.49,417.49
ACC100002,ACC100996,1,2763.14,2763.14
ACC100003,ACC100152,1,4346.16,4346.16
ACC100003,ACC100202,1,4327.0,4327.0
ACC100003,ACC100203,1,598.8,598.8
ACC100003,ACC100212,1,10720.66,10720.66
ACC100003,ACC100244,1,901.94,901.94
ACC100003,ACC100284,1,830.32,830.32
ACC100003,ACC100378,1,880.6,880.6
ACC100003,ACC100443,1,45.65,45.65
ACC100003,ACC100444,1,2171.77,2171.77
ACC100003,ACC100527,1,3492.91,3492.91
ACC100003,ACC100565,1,2054.99,2054.99
ACC100003,ACC100576,1,1900.41,1900.41
ACC100003,ACC100703,1,660.51,660.51
ACC100003,ACC100829,1,900.14,900.14
ACC100004,ACC100038,1,1218.33,1218.33
ACC100004,ACC100057,1,896.78,896.78
ACC100004,ACC100060,1,629.86,629.86
ACC100004,ACC100138,1,3875.01,3875.01
ACC100004,ACC100257,1,1170.7,1170.7
ACC100004,ACC100260,1,136.43,136.43
ACC100004,ACC100272,1,376.11,376.11
ACC100004,ACC100318,1,263.44,263.44
ACC100004,ACC100320,1,1468.79,1468.79
ACC100004,ACC100418,1,519.88,519.88
ACC100004,ACC100573,1,5722.68,5722.68
ACC100004,ACC100735,1,273.18,273.18
ACC100004,ACC100785,1,113.56,113.56
ACC100004,ACC100834,1,1757.28,1757.28
ACC100004,ACC100853,1,108.57,108.57
ACC100004,ACC100923,1,3829.25,3829.25
ACC100004,ACC100926,1,306.26,306.26
ACC100004,ACC100933,1,8454.6,8454.6
ACC100004,ACC100996,1,1227.84,1227.84
ACC100005,ACC100007,1,10542.69,10542.69
ACC100005,ACC100059,1,4626.57,4626.57
ACC100005,ACC100162,1,609.15,609.15
ACC100005,ACC100259,1,1252.61,1252.61
ACC100005,ACC100488,1,446.56,446.56
ACC100005,ACC100493,1,3608.52,3608.52
ACC100005,ACC100533,1,625.49,625.49
ACC100005,ACC100552,1,2921.33,2921.33
ACC100005,ACC100568,1,1086.51,1086.51
ACC100005,ACC100988,1,984.95,984.95
ACC100006,ACC100030,1,2860.74,2860.74
ACC100006,ACC100172,1,192.26,192.26
ACC100006,ACC100278,1,2336.64,2336.64
ACC100006,ACC100323,1,338.21,338.21
ACC100006,ACC100326,1,207.3,207.3
ACC100006,ACC100392,1,263.15,263.15
ACC100006,ACC100511,1,145.28,145.28
ACC100006,ACC100630,1,727.59,727.59
ACC100006,ACC100654,1,7741.0,7741.0
ACC100006,ACC100692,1,12697.0,12697.0
ACC100006,ACC100778,1,273.63,273.63
ACC100006,ACC100980,1,699.53,699.53
ACC100007,ACC100159,1,208.63,208.63
ACC100007,ACC100175,1,2680.81,2680.81
ACC100007,ACC100268,1,2957.14,2957.14
ACC100007,ACC100274,1,47.32,47.32
ACC100007,ACC100303,1,399.75,399.75
ACC100007,ACC100345,1,2624.38,2624.38
ACC100007,ACC100449,1,6556.1,6556.1
ACC100007,ACC100506,1,601.2,601.2
ACC100007,ACC100641,1,844.1,844.1
ACC100007,ACC100759,1,4235.0,4235.0
ACC100008,ACC100001,1,307.54,307.54
ACC100008,ACC100222,1,5758.9,5758.9
ACC100008,ACC100301,1,142.17,142.17
ACC100008,ACC100327,1,1264.58,1264.58
ACC100008,ACC100453,1,429.91,429.91
ACC100008,ACC100537,1,4207.86,4207.86
ACC100008,ACC100577,1,747.35,747.35
ACC100008,ACC100745,1,479.44,479.44
ACC100008,ACC100872,1,411.71,411.71
ACC100009,ACC100050,1,1349.6,1349.6
ACC100009,ACC100103,1,4643.17,4643.17
ACC100009,ACC100139,1,508.12,508.12
ACC100009,ACC100551,1,1893.09,1893.09
ACC100009,ACC100754,1,159.29,159.29
ACC100009,ACC100784,1,356.23,356.23
ACC100009,ACC100851,1,2871.07,2871.07
ACC100009,ACC100894,1,10800.6,10800.6
ACC100010,ACC100043,1,2381.49,2381.49
ACC100010,ACC100142,1,4928.94,4928.94
ACC100010,ACC100145,1,766.53,766.53
ACC100010,ACC100256,1,338.75,338.75
ACC100010,ACC100325,1,2615.71,2615.71
ACC100010,ACC100462,1,1056.39,1056.39
ACC100010,ACC100626,1,664.34,664.34
ACC100010,ACC100646,1,360.75,360.75
ACC100010,ACC100678,1,4596.35,4596.35
ACC100010,ACC100681,1,331.24,331.24
ACC100010,ACC100703,1,5968.69,5968.69
ACC100010,ACC100714,1,1581.41,1581.41
ACC100010,ACC100813,1,2423.76,2423.76
ACC100010,ACC100964,1,745.51,745.51
ACC100010,ACC100998,1,1225.16,1225.16
ACC100011,ACC100156,1,148.93,148.93
ACC100011,ACC100214,1,1235.11,1235.11
ACC100011,ACC100252,1,151.09,151.09
ACC100011,ACC100369,1,1094.49,1094.49
ACC100011,ACC100393,1,1514.48,1514.48
ACC100011,ACC100583,1,443.66,443.66
ACC100011,ACC100585,1,1444.69,1444.69
ACC100011,ACC100753,1,1399.79,1399.79
ACC100012,ACC100152,1,9943.62,9943.62
ACC100012,ACC100223,1,1324.03,1324.03
ACC100012,ACC100291,1,970.51,970.51
ACC100012,ACC100404,1,825.21,825.21
ACC100012,ACC100469,1,1959.94,1959.94
ACC100012,ACC100539,1,324.79,324.79
ACC100012,ACC100644,1,2205.28,2205.28
ACC100012,ACC100954,1,7849.28,7849.28
ACC100012,ACC100976,1,1151.38,1151.38
ACC100013,ACC100053,1,1275.63,1275.63
ACC100013,ACC100171,1,551.23,551.23
ACC100013,ACC100241,1,1840.96,1840.96
ACC100013,ACC100379,1,1356.18,1356.18
ACC100013,ACC100464,1,141.37,141.37
ACC100013,ACC100676,1,353.32,353.32
ACC100013,ACC100687,1,3273.62,3273.62
ACC100013,ACC100736,1,4820.82,4820.82
ACC100013,ACC100761,1,5587.17,5587.17
ACC100013,ACC100801,1,3271.61,3271.61
ACC100014,ACC100176,1,2053.57,2053.57
ACC100014,ACC100276,1,4020.66,4020.66
ACC100014,ACC100326,1,1356.06,1356.06
ACC100014,ACC100394,1,2484.0,2484.0
ACC100014,ACC100503,1,6188.25,6188.25
ACC100014,ACC100631,1,1006.53,1006.53
ACC100014,ACC100735,1,1759.34,1759.34
ACC100014,ACC100759,1,2004.92,2004.92
ACC100014,ACC100838,1,871.04,871.04
ACC100015,ACC100027,1,600.46,600.46
ACC100015,ACC100104,1,3285.27,3285.27
ACC100015,ACC100148,1,866.14,866.14
ACC100015,ACC100160,1,1219.27,1219.27
ACC100015,ACC100328,1,15215.71,15215.71
ACC100015,ACC100386,1,2255.09,2255.09
ACC100015,ACC100505,1,3743.47,3743.47
ACC100015,ACC100754,1,8089.89,8089.89
ACC100015,ACC100795,1,136.01,136.01
ACC100015,ACC100824,1,425.21,425.21
ACC100015,ACC100980,1,3718.51,3718.51
ACC100016,ACC100017,1,759.06,759.06
ACC100016,ACC100118,1,1173.4,1173.4
ACC100016,ACC100264,1,3050.7,3050.7
ACC100016,ACC100417,1,8663.7,8663.7
ACC100016,ACC100480,1,1815.79,1815.79
ACC100016,ACC100588,1,247.97,247.97
ACC100016,ACC100636,1,9936.89,9936.89
ACC100016,ACC100794,1,228.56,228.56
ACC100016,ACC100795,1,742.81,742.81
ACC100016,ACC100900,1,481.26,481.26
ACC100016,ACC100915,1,646.35,646.35
ACC100016,ACC100974,1,1118.63,1118.63
ACC100017,ACC100398,1,1065.15,1065.15
ACC100017,ACC100508,1,731.4,731.4
ACC100017,ACC100538,1,196.32,196.32
ACC100017,ACC100539,1,142.89,142.89
ACC100017,ACC100827,1,983.93,983.93
ACC100017,ACC100860,1,2853.77,2853.77
ACC100017,ACC100865,1,480.92,480.92
ACC100017,ACC100917,1,1911.73,1911.73
ACC100017,ACC100928,1,1092.02,1092.02
ACC100018,ACC100084,1,6200.2,6200.2
ACC100018,ACC100090,1,2133.18,2133.18
ACC100018,ACC100126,1,854.11,854.11
ACC100018,ACC100144,1,93.63,93.63
ACC100018,ACC100226,1,154.94,154.94
ACC100018,ACC100279,1,1057.61,1057.61
ACC100018,ACC100321,1,1222.17,1222.17
ACC100018,ACC100417,1,3155.36,3155.36
ACC100018,ACC100453,1,5478.21,5478.21
ACC100018,ACC100625,1,262.2,262.2
ACC100018,ACC100627,1,99.39,99.39
ACC100018,ACC100693,1,92.66,92.66
ACC100018,ACC100714,1,3931.38,3931.38
ACC100018,ACC100779,1,2853.46,2853.46
ACC100019,ACC100079,1,14994.69,14994.69
ACC100019,ACC100195,1,2991.84,2991.84
ACC100019,ACC100299,1,8605.17,8605.17
ACC100019,ACC100331,1,5671.42,5671.42
ACC100019,ACC100348,1,723.01,723.01
ACC100019,ACC100719,1,1018.44,1018.44
ACC100019,ACC100753,1,247.08,247.08
ACC100020,ACC100064,1,705.76,705.76
ACC100020,ACC100088,1,6241.58,6241.58
ACC100020,ACC100260,1,405.48,405.48
ACC100020,ACC100270,1,283.67,283.67
ACC100020,ACC100297,1,190.73,190.73
ACC100020,ACC100398,1,1158.81,1158.81
ACC100020,ACC100809,1,853.29,853.29
ACC100020,ACC100877,1,9876.03,9876.03
ACC100020,ACC100910,1,57.14,57.14
ACC100020,ACC100956,1,982.44,982.44
ACC100020,ACC100962,1,2801.06,2801.06
ACC100020,ACC100981,1,4743.54,4743.54
ACC100021,ACC100002,1,559.67,559.67
ACC100021,ACC100132,1,1987.97,1987.97
ACC100021,ACC100351,1,2780.51,2780.51
ACC100021,ACC100369,1,5254.04,5254.04
ACC100021,ACC100381,1,6003.17,6003.17
ACC100021,ACC100460,1,557.7,557.7
ACC100021,ACC100489,1,571.92,571.92
ACC100021,ACC100596,1,400.48,400.48
ACC100021,ACC100679,1,617.75,617.75
ACC100021,ACC100759,1,14032.0,14032.0
ACC100021,ACC100808,1,97.72,97.72
ACC100022,ACC100032,1,1523.55,1523.55
ACC100022,ACC100041,1,591.6,591.6
ACC100022,ACC100190,1,4537.34,4537.34
ACC100022,ACC100224,1,1955.4,1955.4
ACC100022,ACC100251,1,218.44,218.44
ACC100022,ACC100277,1,4030.69,4030.69
ACC100022,ACC100407,1,332.26,332.26
ACC100022,ACC100509,1,533.9,533.9
ACC100022,ACC100548,1,1013.06,1013.06
ACC100022,ACC100689,1,99.44,99.44
ACC100022,ACC100837,1,833.09,833.09
ACC100022,ACC100991,1,797.72,797.72
ACC100023,ACC100229,1,795.76,795.76
ACC100023,ACC100243,1,1747.22,1747.22
ACC100023,ACC100294,1,2002.8,2002.8
ACC100023,ACC100339,1,152.18,152.18
ACC100023,ACC100429,1,3645.37,3645.37
ACC100023,ACC100591,1,5029.18,5029.18
ACC100023,ACC100709,1,1062.29,1062.29
ACC100023,ACC100784,1,96.22,96.22
ACC100023,ACC100797,1,727.85,727.85
ACC100023,ACC100881,1,1323.79,1323.79
ACC100023,ACC100897,1,100.93,100.93
ACC100024,ACC100010,1,629.45,629.45
ACC100024,ACC100204,1,2334.62,2334.62
ACC100024,ACC100208,1,4859.15,4859.15
ACC100024,ACC100235,1,1234.17,1234.17
ACC100024,ACC100440,1,1445.74,1445.74
ACC100024,ACC100557,1,3087.4,3087.4
ACC100024,ACC100601,1,1567.87,1567.87
ACC100024,ACC100634,1,3831.96,3831.96
ACC100024,ACC100645,1,2544.25,2544.25
ACC100024,ACC100877,1,9995.19,9995.19
ACC100024,ACC100934,1,627.47,627.47
ACC100024,ACC100939,1,1031.95,1031.95
ACC100024,ACC100982,1,1398.1,1398.1
ACC100025,ACC100054,1,4863.13,4863.13
ACC100025,ACC100183,1,5895.11,5895.11
ACC100025,ACC100223,1,13086.0,13086.0
ACC100025,ACC100324,1,4754.37,4754.37
ACC100025,ACC100367,1,4550.71,4550.71
ACC100025,ACC100383,1,180.0,180.0
ACC100025,ACC100390,1,577.5,577.5
ACC100025,ACC100402,1,1462.25,1462.25
ACC100025,ACC100409,1,72702.33,72702.33
ACC100025,ACC100562,1,2910.52,2910.52
ACC100025,ACC100719,1,209.17,209.17
ACC100025,ACC100760,1,1788.6,1788.6
ACC100025,ACC100768,1,346.24,346.24
ACC100025,ACC100852,1,882.79,882.79
ACC100025,ACC100886,1,488.74,488.74
ACC100025,ACC100889,1,339.35,339.35
ACC100025,ACC100915,1,183.3,183.3
ACC100025,ACC100942,1,2225.5,2225.5
ACC100026,ACC100072,1,117.23,117.23
ACC100026,ACC100120,1,2221.34,2221.34
ACC100026,ACC100219,1,343.12,343.12
ACC100026,ACC100226,1,1357.41,1357.41
ACC100026,ACC100265,1,5367.87,5367.87
ACC100026,ACC100447,1,981.73,981.73
ACC100026,ACC100604,1,11431.0,11431.0
ACC100026,ACC100653,1,1503.87,1503.87
ACC100026,ACC100779,1,3615.83,3615.83
ACC100026,ACC100792,1,5640.67,5640.67
ACC100026,ACC100830,1,786.28,786.28
ACC100026,ACC100855,1,2181.65,2181.65
ACC100026,ACC100897,1,496.72,496.72
ACC100026,ACC100935,1,1195.38,1195.38
ACC100026,ACC100956,1,697.64,697.64
ACC100026,ACC100987,1,945.32,945.32
ACC100027,ACC100226,1,79258.27,79258.27
ACC100027,ACC100240,1,2272.7,2272.7
ACC100027,ACC100454,1,239.49,239.49
ACC100027,ACC100620,1,7635.41,7635.41
ACC100027,ACC100624,1,112.97,112.97
ACC100027,ACC100661,1,3861.69,3861.69
ACC100027,ACC100825,1,166.66,166.66
ACC100027,ACC100861,1,283.11,283.11
ACC100027,ACC100869,1,687.78,687.78
ACC100028,ACC100014,1,147.03,147.03
ACC100028,ACC100197,1,244.05,244.05
ACC100028,ACC100207,1,1029.56,1029.56
ACC100028,ACC100395,1,2317.12,2317.12
ACC100028,ACC100491,1,863.95,863.95
ACC100028,ACC100632,1,1776.13,1776.13
ACC100028,ACC100743,1,278.13,278.13
ACC100028,ACC100806,1,762.99,762.99
ACC100028,ACC100831,1,1903.16,1903.16
ACC100028,ACC100871,1,2698.21,2698.21
ACC100028,ACC100911,1,1049.6,1049.6
ACC100028,ACC100934,1,103.74,103.74
ACC100028,ACC100968,1,7365.14,7365.14
ACC100029,ACC100177,2,2412.42,1206.21
ACC100029,ACC100221,1,343.84,343.84
ACC100029,ACC100417,1,4484.9,4484.9
ACC100029,ACC100728,1,787.13,787.13
ACC100029,ACC100739,1,1810.9,1810.9
ACC100029,ACC100762,1,2019.09,2019.09
ACC100029,ACC100815,1,767.78,767.78
ACC100029,ACC100819,1,778.7,778.7
ACC100029,ACC100893,1,2106.11,2106.11
ACC100030,ACC100091,1,2083.42,2083.42
ACC100030,ACC100117,1,660.47,660.47
ACC100030,ACC100335,1,1187.15,1187.15
ACC100030,ACC100401,1,451.77,451.77
ACC100030,ACC100568,1,2968.92,2968.92
ACC100030,ACC100839,1,138.53,138.53
ACC100030,ACC100872,1,3680.77,3680.77
ACC100030,ACC100933,1,132780.66,132780.66
ACC100030,ACC100978,1,1615.11,1615.11
ACC100031,ACC100196,1,374.19,374.19
ACC100031,ACC100207,1,821.91,821.91
ACC100031,ACC100250,1,126.55,126.55
ACC100031,ACC100341,1,1990.48,1990.48
ACC100031,ACC100352,1,1162.87,1162.87
ACC100031,ACC100525,1,7829.52,7829.52
ACC100031,ACC100583,1,6812.92,6812.92
ACC100031,ACC100702,1,3815.9,3815.9
ACC100031,ACC100760,1,2986.45,2986.45
ACC100031,ACC100781,1,598.31,598.31
ACC100031,ACC100796,1,1740.88,1740.88
ACC100031,ACC100852,1,7237.01,7237.01
ACC100031,ACC100913,1,1469.03,1469.03
ACC100031,ACC100959,1,254.97,254.97
ACC100032,ACC100027,1,7640.0,7640.0
ACC100032,ACC100052,1,2764.46,2764.46
ACC100032,ACC100053,1,7377.48,7377.48
ACC100032,ACC100054,1,298.9,298.9
ACC100032,ACC100058,1,694.98,694.98
ACC100032,ACC100120,1,9046.21,9046.21
ACC100032,ACC100190,1,147.01,147.01
ACC100032,ACC100364,1,311.46,311.46
ACC100032,ACC100692,1,1288.0,1288.0
ACC100032,ACC100708,1,6447.03,6447.03
ACC100032,ACC100711,1,119930.61,119930.61
ACC100032,ACC100772,1,4765.38,4765.38
ACC100032,ACC100842,1,668.33,668.33
ACC100032,ACC100861,1,141.01,141.01
ACC100033,ACC100083,1,5869.95,5869.95
ACC100033,ACC100170,1,1044.97,1044.97
ACC100033,ACC100181,1,1818.25,1818.25
ACC100033,ACC100315,1,348.11,348.11
ACC100033,ACC100367,1,1684.18,1684.18
ACC100033,ACC100467,1,2907.57,2907.57
ACC100033,ACC100525,1,243.61,243.61
ACC100033,ACC100605,1,147.21,147.21
ACC100033,ACC100669,1,9030.38,9030.38
ACC100033,ACC100672,1,7440.79,7440.79
ACC100033,ACC100812,1,787.71,787.71
ACC100034,ACC100342,1,298.8,298.8
ACC100034,ACC100345,1,466.85,466.85
ACC100034,ACC100417,1,2515.44,2515.44
ACC100034,ACC100500,1,351.69,351.69
ACC100034,ACC100829,1,2543.03,2543.03
ACC100034,ACC100971,1,160.89,160.89
ACC100034,ACC100993,1,1992.21,1992.21
ACC100035,ACC100232,1,1176.74,1176.74
ACC100035,ACC100330,1,31.7,31.7
ACC100035,ACC100392,1,259.71,259.71
ACC100035,ACC100449,1,2898.66,2898.66
ACC100035,ACC100507,1,347.49,347.49
ACC100035,ACC100722,1,102.26,102.26
ACC100035,ACC100943,1,1851.42,1851.42
ACC100036,ACC100096,1,3313.99,3313.99
ACC100036,ACC100197,1,451.07,451.07
ACC100036,ACC100264,1,2809.49,2809.49
ACC100036,ACC100328,1,699.26,699.26
ACC100036,ACC100649,1,116.65,116.65
ACC100036,ACC100655,1,1179.44,1179.44
ACC100036,ACC100711,1,461.97,461.97
ACC100036,ACC100725,1,1940.76,1940.76
ACC100036,ACC100848,1,3468.6,3468.6
ACC100037,ACC100041,1,1206.91,1206.91
ACC100037,ACC100534,1,1091.21,1091.21
ACC100037,ACC100579,1,439.43,439.43
ACC100037,ACC100619,1,820.89,820.89
ACC100037,ACC100647,1,12229.18,12229.18
ACC100037,ACC100682,1,445.48,445.48
ACC100037,ACC100917,1,122.81,122.81
ACC100038,ACC100086,1,4651.31,4651.31
ACC100038,ACC100089,1,1070.78,1070.78
ACC100038,ACC100193,1,1096.92,1096.92
ACC100038,ACC100309,1,1784.45,1784.45
ACC100038,ACC100342,1,477.52,477.52
ACC100038,ACC100471,2,8397.95,4198.975
ACC100038,ACC100488,1,186.36,186.36
ACC100038,ACC100602,1,2174.19,2174.19
ACC100038,ACC100827,1,1431.19,1431.19
ACC100038,ACC100904,1,1869.97,1869.97
ACC100039,ACC100057,1,2051.51,2051.51
ACC100039,ACC100146,1,455.84,455.84
ACC100039,ACC100157,1,336.7,336.7
ACC100039,ACC100378,1,220.13,220.13
ACC100039,ACC100389,1,1449.19,1449.19
ACC100039,ACC100558,1,8901.9,8901.9
ACC100039,ACC100581,1,391.93,391.93
ACC100039,ACC100596,1,416.77,416.77
ACC100039,ACC100630,1,2381.67,2381.67
ACC100039,ACC100763,1,1338.74,1338.74
ACC100040,ACC100183,1,569.57,569.57
ACC100040,ACC100604,1,5973.0,5973.0
ACC100040,ACC100759,1,1753.32,1753.32
ACC100040,ACC100903,1,1961.42,1961.42
ACC100040,ACC100909,1,1475.9,1475.9
ACC100041,ACC100000,1,343.61,343.61
ACC100041,ACC100078,1,2437.43,2437.43
ACC100041,ACC100136,1,5223.3,5223.3
ACC100041,ACC100157,1,1169.4,1169.4
ACC100041,ACC100227,1,3726.64,3726.64
ACC100041,ACC100438,1,131.6,131.6
ACC100041,ACC100613,1,3641.5,3641.5
ACC100041,ACC100714,1,1737.36,1737.36
ACC100041,ACC100956,1,180.57,180.57
ACC100042,ACC100001,1,242.58,242.58
ACC100042,ACC100284,1,1943.66,1943.66
ACC100042,ACC100436,1,2388.2,2388.2
ACC100042,ACC100453,1,8.46,8.46
ACC100042,ACC100535,1,46.38,46.38
ACC100042,ACC100569,1,18810.64,18810.64
ACC100042,ACC100600,1,1376.85,1376.85
ACC100042,ACC100649,1,4648.95,4648.95
ACC100042,ACC100681,1,15407.42,15407.42
ACC100042,ACC100735,1,1262.5,1262.5
ACC100042,ACC100804,1,3463.56,3463.56
ACC100043,ACC100023,1,2037.78,2037.78
ACC100043,ACC100180,1,896.96,896.96
ACC100043,ACC100470,1,1558.67,1558.67
ACC100043,ACC100570,1,325.35,325.35
ACC100043,ACC100639,1,954.95,954.95
ACC100043,ACC100736,1,1258.91,1258.91
ACC100043,ACC100929,1,623.6,623.6
ACC100044,ACC100068,2,913.1600000000001,456.58000000000004
ACC100044,ACC100094,1,1755.31,1755.31
ACC100044,ACC100106,1,2909.78,2909.78
ACC100044,ACC100130,1,958.31,958.31
ACC100044,ACC100140,1,385.07,385.07
ACC100044,ACC100186,1,789.67,789.67
ACC100044,ACC100279,1,1506.49,1506.49
ACC100044,ACC100326,1,4142.06,4142.06
ACC100044,ACC100443,1,284.39,284.39
ACC100044,ACC100602,2,913.4200000000001,456.71000000000004
ACC100044,ACC100623,1,5220.22,5220.22
ACC100044,ACC100718,1,6918.0,6918.0
ACC100044,ACC100895,1,1915.73,1915.73
ACC100044,ACC100940,1,728.44,728.44
ACC100045,ACC100049,1,1507.95,1507.95
ACC100045,ACC100090,1,755.86,755.86
ACC100045,ACC100400,1,871.82,871.82
ACC100045,ACC100425,1,583.15,583.15
ACC100046,ACC100003,1,5462.11,5462.11
ACC100046,ACC100052,1,1103.35,1103.35
ACC100046,ACC100279,1,1894.33,1894.33
ACC100046,ACC100329,1,857.34,857.34
ACC100046,ACC100428,1,542.07,542.07
ACC100046,ACC100488,1,919.12,919.12
ACC100046,ACC100500,1,1506.91,1506.91
ACC100046,ACC100523,1,5683.89,5683.89
ACC100046,ACC100820,1,779.08,779.08
ACC100046,ACC100821,2,1534.69,767.345
ACC100046,ACC100838,1,362.05,362.05
ACC100046,ACC100944,1,313.56,313.56
ACC100047,ACC100122,1,674.54,674.54
ACC100047,ACC100217,1,1664.36,1664.36
ACC100047,ACC100286,1,140.35,140.35
ACC100047,ACC100300,1,316.86,316.86
ACC100047,ACC100361,1,937.36,937.36
ACC100047,ACC100428,1,724.08,724.08
ACC100047,ACC100558,1,6557.77,6557.77
ACC100047,ACC100677,1,5191.92,5191.92
ACC100047,ACC100749,1,3679.51,3679.51
ACC100047,ACC100790,1,379.57,379.57
ACC100047,ACC100971,1,518.35,518.35
ACC100048,ACC100236,1,512.8,512.8
ACC100048,ACC100304,1,232.23,232.23
ACC100048,ACC100381,1,1463.0,1463.0
ACC100048,ACC100465,1,2145.48,2145.48
ACC100048,ACC100662,1,5647.9,5647.9
ACC100048,ACC100845,1,750.58,750.58
ACC100048,ACC100870,1,7652.88,7652.88
ACC100049,ACC100119,1,3295.96,3295.96
ACC100049,ACC100260,1,19266.75,19266.75
ACC100049,ACC100296,1,248.15,248.15
ACC100049,ACC100322,1,170.23,170.23
ACC100049,ACC100472,1,8106.93,8106.93
ACC100049,ACC100480,1,1518.79,1518.79
ACC100049,ACC100545,1,454.12,454.12
ACC100049,ACC100682,1,3221.9,3221.9
ACC100049,ACC100778,1,4600.44,4600.44
ACC100049,ACC100790,1,3306.67,3306.67
ACC100049,ACC100968,1,3871.59,3871.59
ACC100050,ACC100111,1,676.92,676.92
ACC100050,ACC100436,1,383.55,383.55
ACC100050,ACC100672,1,2082.41,2082.41
ACC100050,ACC100684,1,447.66,447.66
ACC100050,ACC100711,1,1865.13,1865.13
ACC100050,ACC100893,1,4547.27,4547.27
ACC100051,ACC100109,1,12984.69,12984.69
ACC100051,ACC100255,1,2822.77,2822.77
ACC100051,ACC100447,1,401.67,401.67
ACC100051,ACC100780,1,1290.5,1290.5
ACC100051,ACC100844,1,788.6,788.6
ACC100051,ACC100880,1,2476.65,2476.65
ACC100051,ACC100910,1,920.35,920.35
ACC100052,ACC100002,1,132.73,132.73
ACC100052,ACC100129,1,853.84,853.84
ACC100052,ACC100452,1,244.79,244.79
ACC100052,ACC100465,1,815.86,815.86
ACC100052,ACC100487,1,849.75,849.75
ACC100052,ACC100518,1,2271.41,2271.41
ACC100052,ACC100578,1,858.08,858.08
ACC100052,ACC100585,1,8194.38,8194.38
ACC100052,ACC100672,1,1842.04,1842.04
ACC100052,ACC100728,1,1095.84,1095.84
ACC100052,ACC100834,1,278.0,278.0
ACC100052,ACC100849,1,406.84,406.84
ACC100052,ACC100911,1,153.08,153.08
ACC100053,ACC100171,1,473.23,473.23
ACC100053,ACC100514,1,2123.86,2123.86
ACC100053,ACC100664,1,1789.92,1789.92
ACC100053,ACC100676,1,601.21,601.21
ACC100053,ACC100715,1,3563.29,3563.29
ACC100053,ACC100888,1,66.33,66.33
ACC100053,ACC100902,1,554.62,554.62
ACC100054,ACC100059,1,4822.74,4822.74
ACC100054,ACC100103,1,499.63,499.63
ACC100054,ACC100104,1,362.92,362.92
ACC100054,ACC100114,1,1594.9,1594.9
ACC100054,ACC100139,1,11586.38,11586.38
ACC100054,ACC100175,1,667.39,667.39
ACC100054,ACC100189,1,4196.96,4196.96
ACC100054,ACC100198,1,1178.54,1178.54
ACC100054,ACC100451,1,77.55,77.55
ACC100054,ACC100476,1,384.24,384.24
ACC100054,ACC100500,1,3470.89,3470.89
ACC100054,ACC100562,1,1489.98,1489.98
ACC100054,ACC100748,1,1279.37,1279.37
ACC100054,ACC100752,1,381.37,381.37
ACC100054,ACC100923,1,323.95,323.95
ACC100055,ACC100026,1,198.08,198.08
ACC100055,ACC100216,1,1880.95,1880.95
ACC100055,ACC100326,1,3447.19,3447.19
ACC100055,ACC100406,1,155.55,155.55
ACC100055,ACC100703,1,252.23,252.23
ACC100055,ACC100718,1,1448.06,1448.06
ACC100056,ACC100131,1,225.34,225.34
ACC100056,ACC100492,1,4157.24,4157.24
ACC100056,ACC100531,1,288.26,288.26
ACC100056,ACC100647,1,169.37,169.37
ACC100056,ACC100668,1,1367.21,1367.21
ACC100056,ACC100820,1,6764.88,6764.88
ACC100056,ACC100961,1,7646.92,7646.92
ACC100056,ACC100991,1,2504.69,2504.69
ACC100057,ACC100170,1,2014.41,2014.41
ACC100057,ACC100327,1,1412.16,1412.16
ACC100057,ACC100345,1,407.5,407.5
ACC100057,ACC100375,1,9857.14,9857.14
ACC100057,ACC100454,1,2431.8,2431.8
ACC100057,ACC100733,1,1073.11,1073.11
ACC100057,ACC100956,1,6414.32,6414.32
ACC100057,ACC100998,1,426.55,426.55
ACC100058,ACC100030,1,13153.0,13153.0
ACC100058,ACC100114,1,2913.19,2913.19
ACC100058,ACC100129,1,10350.56,10350.56
ACC100058,ACC100148,1,666.22,666.22
ACC100058,ACC100458,1,229.02,229.02
ACC100058,ACC100626,1,21749.66,21749.66
ACC100058,ACC100650,1,5735.36,5735.36
ACC100058,ACC100653,1,2272.63,2272.63
ACC100058,ACC100739,1,461.4,461.4
ACC100059,ACC100143,1,2481.19,2481.19
ACC100059,ACC100221,1,2805.22,2805.22
ACC100059,ACC100337,1,378.09,378.09
ACC100059,ACC100355,1,1500.2,1500.2
ACC100059,ACC100666,1,720.74,720.74
ACC100059,ACC100846,1,466.93,466.93
ACC100059,ACC100850,1,1238.15,1238.15
ACC100059,ACC100870,1,9155.25,9155.25
ACC100060,ACC100095,1,1295.85,1295.85
ACC100060,ACC100275,1,183.14,183.14
ACC100060,ACC100281,1,11320.0,11320.0
ACC100060,ACC100386,1,1152.57,1152.57
ACC100060,ACC100439,1,314.14,314.14
ACC100060,ACC100440,1,1324.16,1324.16
ACC100060,ACC100629,1,1892.96,1892.96
ACC100060,ACC100699,1,5813.61,5813.61
ACC100060,ACC100720,1,8575.9,8575.9
ACC100060,ACC100773,1,5647.57,5647.57
ACC100060,ACC100805,1,503.72,503.72
ACC100060,ACC100829,1,537.26,537.26
ACC100060,ACC100956,1,2844.9,2844.9
ACC100061,ACC100085,1,2282.66,2282.66
ACC100061,ACC100102,1,8611.01,8611.01
ACC100061,ACC100140,1,57.81,57.81
ACC100061,ACC100187,1,5032.81,5032.81
ACC100061,ACC100220,1,2364.28,2364.28
ACC100061,ACC100290,1,465.76,465.76
ACC100061,ACC100296,1,249.24,249.24
ACC100061,ACC100376,1,1532.56,1532.56
ACC100061,ACC100434,1,471.12,471.12
ACC100061,ACC100461,1,2077.44,2077.44
ACC100061,ACC100522,1,2357.64,2357.64
ACC100061,ACC100537,1,1375.02,1375.02
ACC100061,ACC100546,1,882.6,882.6
ACC100061,ACC100654,1,2443.11,2443.11
ACC100061,ACC100753,1,1959.85,1959.85
ACC100061,ACC100770,1,239.23,239.23
ACC100061,ACC100839,1,224.58,224.58
ACC100062,ACC100270,1,424.32,424.32
ACC100062,ACC100288,1,675.25,675.25
ACC100062,ACC100408,1,2688.03,2688.03
ACC100062,ACC100544,1,8089.33,8089.33
ACC100062,ACC100598,1,1499.95,1499.95
ACC100062,ACC100610,1,684.2,684.2
ACC100062,ACC100639,1,1556.37,1556.37
ACC100062,ACC100644,1,554.85,554.85
ACC100062,ACC100707,1,392.3,392.3
ACC100062,ACC100813,1,1652.55,1652.55
ACC100062,ACC100820,1,2105.16,2105.16
ACC100062,ACC100846,1,2132.75,2132.75
ACC100062,ACC100855,1,711.0,711.0
ACC100062,ACC100860,1,640.58,640.58
ACC100062,ACC100879,1,130.27,130.27
ACC100062,ACC100986,1,33.3,33.3
ACC100063,ACC100435,1,12366.66,12366.66
ACC100063,ACC100529,1,451.12,451.12
ACC100063,ACC100604,1,873.26,873.26
ACC100063,ACC100713,1,5334.74,5334.74
ACC100063,ACC100941,1,226.69,226.69
ACC100063,ACC100956,1,1689.9,1689.9
ACC100064,ACC100018,1,167.13,167.13
ACC100064,ACC100178,1,495.05,495.05
ACC100064,ACC100374,1,6052.91,6052.91
ACC100064,ACC100647,1,1370.89,1370.89
ACC100064,ACC100670,1,7432.97,7432.97
ACC100065,ACC100137,1,388.82,388.82
ACC100065,ACC100184,1,4475.68,4475.68
ACC100065,ACC100486,1,7457.0,7457.0
ACC100065,ACC100490,1,120.77,120.77
ACC100065,ACC100537,1,226.29,226.29
ACC100065,ACC100583,1,4072.58,4072.58
ACC100065,ACC100631,1,913.64,913.64
ACC100065,ACC100644,1,146.03,146.03
ACC100065,ACC100659,1,1557.91,1557.91
ACC100065,ACC100759,1,13796.0,13796.0
ACC100065,ACC100824,1,1608.41,1608.41
ACC100065,ACC100838,1,2728.52,2728.52
ACC100066,ACC100063,1,354.07,354.07
ACC100066,ACC100438,1,2397.41,2397.41
ACC100066,ACC100452,1,19049.78,19049.78
ACC100066,ACC100695,1,2447.43,2447.43
ACC100066,ACC100940,1,2575.84,2575.84
ACC100066,ACC100977,1,1266.41,1266.41
ACC100067,ACC100104,1,547.24,547.24
ACC100067,ACC100114,1,10517.0,10517.0
ACC100067,ACC100115,1,3329.17,3329.17
ACC100067,ACC100160,1,226.22,226.22
ACC100067,ACC100181,1,745.5,745.5
ACC100067,ACC100316,1,1308.06,1308.06
ACC100067,ACC100337,1,525.02,525.02
ACC100067,ACC100776,1,1292.44,1292.44
ACC100067,ACC100830,1,513.72,513.72
ACC100068,ACC100005,1,1110.1,1110.1
ACC100068,ACC100128,1,539.23,539.23
ACC100068,ACC100193,1,2591.93,2591.93
ACC100068,ACC100221,1,1716.76,1716.76
ACC100068,ACC100264,1,2059.49,2059.49
ACC100068,ACC100355,1,986.36,986.36
ACC100068,ACC100386,1,6016.54,6016.54
ACC100068,ACC100416,1,4154.61,4154.61
ACC100068,ACC100488,1,776.87,776.87
ACC100068,ACC100581,1,2410.21,2410.21
ACC100068,ACC100728,1,7653.22,7653.22
ACC100068,ACC100875,1,1436.65,1436.65
ACC100068,ACC100994,1,2128.3,2128.3
ACC100069,ACC100286,1,3004.94,3004.94
ACC100069,ACC100343,1,1410.78,1410.78
ACC100069,ACC100361,1,532.73,532.73
ACC100069,ACC100391,1,2043.39,2043.39
ACC100069,ACC100435,1,124.61,124.61
ACC100069,ACC100451,1,412.05,412.05
ACC100069,ACC100512,1,1018.05,1018.05
ACC100069,ACC100549,1,1039.95,1039.95
ACC100069,ACC100670,1,2044.37,2044.37
ACC100069,ACC100821,1,10700.1,10700.1
ACC100069,ACC100893,1,1747.26,1747.26
ACC100069,ACC100938,1,251.58,251.58
ACC100070,ACC100093,1,2656.08,2656.08
ACC100070,ACC100238,1,7347.0,7347.0
ACC100070,ACC100250,1,4832.0,4832.0
ACC100070,ACC100371,1,510.12,510.12
ACC100070,ACC100406,1,115.17,115.17
ACC100070,ACC100543,1,6622.83,6622.83
ACC100071,ACC100146,1,5466.24,5466.24
ACC100071,ACC100193,1,1381.32,1381.32
ACC100071,ACC100584,1,1178.87,1178.87
ACC100071,ACC100612,1,1334.31,1334.31
ACC100071,ACC100650,1,452.59,452.59
ACC100071,ACC100846,1,7276.36,7276.36
ACC100072,ACC100027,1,3861.0,3861.0
ACC100072,ACC100183,1,11824.1,11824.1
ACC100072,ACC100353,1,3678.15,3678.15
ACC100072,ACC100502,1,12512.16,12512.16
ACC100072,ACC100642,1,158.2,158.2
ACC100072,ACC100759,1,3828.0,3828.0
ACC100072,ACC100840,1,450.54,450.54
ACC100072,ACC100972,1,1146.25,1146.25
ACC100072,ACC100995,1,199.97,199.97
ACC100073,ACC100112,1,7477.48,7477.48
ACC100073,ACC100272,1,5068.36,5068.36
ACC100073,ACC100341,1,5863.46,5863.46
ACC100073,ACC100355,1,1675.31,1675.31
ACC100073,ACC100387,1,845.58,845.58
ACC100073,ACC100472,1,356.61,356.61
ACC100073,ACC100555,1,5652.02,5652.02
ACC100073,ACC100556,1,290.39,290.39
ACC100073,ACC100663,1,71.36,71.36
ACC100073,ACC100690,1,4491.89,4491.89
ACC100073,ACC100851,1,1094.36,1094.36
ACC100073,ACC100858,1,6433.31,6433.31
ACC100074,ACC100134,1,1111.14,1111.14
ACC100074,ACC100327,1,1708.78,1708.78
ACC100074,ACC100625,1,264.78,264.78
ACC100074,ACC100862,1,5954.22,5954.22
ACC100075,ACC100199,1,3691.59,3691.59
ACC100075,ACC100245,1,2695.23,2695.23
ACC100075,ACC100250,1,13868.0,13868.0
ACC100075,ACC100257,1,505.38,505.38
ACC100075,ACC100509,1,347.72,347.72
ACC100076,ACC100177,1,1704.38,1704.38
ACC100076,ACC100270,1,1255.16,1255.16
ACC100076,ACC100278,1,582.02,582.02
ACC100076,ACC100327,1,554.45,554.45
ACC100076,ACC100435,1,1112.95,1112.95
ACC100076,ACC100481,1,1852.07,1852.07
ACC100076,ACC100563,1,5270.44,5270.44
ACC100076,ACC100644,1,2398.47,2398.47
ACC100076,ACC100780,1,488.96,488.96
ACC100076,ACC100886,1,770.38,770.38
ACC100076,ACC100947,1,268.86,268.86
ACC100076,ACC100998,1,798.26,798.26
ACC100077,ACC100274,1,599.63,599.63
ACC100077,ACC100401,1,2226.15,2226.15
ACC100077,ACC100655,1,486.37,486.37
ACC100077,ACC100845,1,2872.77,2872.77
ACC100077,ACC100909,1,633.13,633.13
ACC100078,ACC100035,1,107.64,107.64
ACC100078,ACC100070,1,1074.0,1074.0
ACC100078,ACC100248,1,523.83,523.83
ACC100078,ACC100256,1,5706.95,5706.95
ACC100078,ACC100319,1,3557.75,3557.75
ACC100078,ACC100324,1,1935.44,1935.44
ACC100078,ACC100436,1,1728.1,1728.1
ACC100078,ACC100494,1,4935.75,4935.75
ACC100078,ACC100525,1,173.47,173.47
ACC100078,ACC100526,1,934.8,934.8
ACC100078,ACC100630,1,1256.6,1256.6
ACC100078,ACC100773,1,2759.15,2759.15
ACC100079,ACC100378,1,794.6,794.6
ACC100079,ACC100406,1,236.88,236.88
ACC100079,ACC100439,1,7925.16,7925.16
ACC100079,ACC100506,1,1583.22,1583.22
ACC100079,ACC100622,1,64.19,64.19
ACC100079,ACC100687,1,2220.56,2220.56
ACC100079,ACC100923,1,277.52,277.52
ACC100080,ACC100130,1,5446.82,5446.82
ACC100080,ACC100203,1,13276.0,13276.0
ACC100080,ACC100274,1,5920.67,5920.67
ACC100080,ACC100435,1,975.77,975.77
ACC100080,ACC100566,1,111.53,111.53
ACC100080,ACC100596,1,698.35,698.35
ACC100080,ACC100723,1,2616.3,2616.3
ACC100080,ACC100798,1,172.04,172.04
ACC100081,ACC100154,1,898.87,898.87
ACC100081,ACC100336,1,102.39,102.39
ACC100081,ACC100453,1,524.89,524.89
ACC100081,ACC100535,1,255.45,255.45
ACC100081,ACC100569,1,1350.2,1350.2
ACC100081,ACC100685,1,4053.38,4053.38
ACC100081,ACC100928,1,10514.49,10514.49
ACC100081,ACC100979,1,752.06,752.06
ACC100082,ACC100091,1,974.24,974.24
ACC100082,ACC100167,1,49.76,49.76
ACC100082,ACC100451,1,2578.52,2578.52
ACC100082,ACC100532,1,2063.76,2063.76
ACC100082,ACC100604,1,12441.0,12441.0
ACC100082,ACC100613,1,5515.27,5515.27
ACC100082,ACC100804,1,339.8,339.8
ACC100082,ACC100911,1,748.06,748.06
ACC100083,ACC100027,1,246.2,246.2
ACC100083,ACC100190,1,1376.72,1376.72
ACC100083,ACC100229,1,460.97,460.97
ACC100083,ACC100418,1,683.8,683.8
ACC100083,ACC100425,1,164.49,164.49
ACC100083,ACC100471,1,573.68,573.68
ACC100083,ACC100484,1,4253.85,4253.85
ACC100083,ACC100684,1,516.16,516.16
ACC100083,ACC100690,1,958.19,958.19
ACC100083,ACC100747,1,2090.21,2090.21
ACC100083,ACC100806,1,763.37,763.37
ACC100083,ACC100971,1,885.03,885.03
ACC100084,ACC100010,1,4344.42,4344.42
ACC100084,ACC100555,1,506.95,506.95
ACC100084,ACC100648,1,4564.28,4564.28
ACC100084,ACC100669,1,536.07,536.07
ACC100084,ACC100682,1,766.5,766.5
ACC100084,ACC100704,1,3979.94,3979.94
ACC100084,ACC100740,1,2001.94,2001.94
ACC100084,ACC100886,1,2115.95,2115.95
ACC100084,ACC100942,1,1553.46,1553.46
ACC100084,ACC100951,1,279.76,279.76
ACC100084,ACC100957,1,445.96,445.96
ACC100085,ACC100013,1,1265.73,1265.73
ACC100085,ACC100065,1,441.22,441.22
ACC100085,ACC100157,1,2766.49,2766.49
ACC100085,ACC100292,1,1844.25,1844.25
ACC100085,ACC100319,1,1373.57,1373.57
ACC100085,ACC100330,1,294.67,294.67
ACC100085,ACC100358,1,25968.46,25968.46
ACC100085,ACC100424,1,1983.51,1983.51
ACC100085,ACC100494,1,1561.53,1561.53
ACC100085,ACC100532,1,276.87,276.87
ACC100085,ACC100551,1,80.75,80.75
ACC100085,ACC100894,1,515.37,515.37
ACC100085,ACC100969,1,16144.93,16144.93
ACC100085,ACC100999,1,233.02,233.02
ACC100086,ACC100037,1,762.83,762.83
ACC100086,ACC100056,1,1965.21,1965.21
ACC100086,ACC100260,1,4720.31,4720.31
ACC100086,ACC100576,1,2068.46,2068.46
ACC100086,ACC100618,1,332.17,332.17
ACC100086,ACC100673,1,450.55,450.55
ACC100086,ACC100745,1,13025.38,13025.38
ACC100086,ACC100855,1,1165.08,1165.08
ACC100086,ACC100990,1,1965.79,1965.79
ACC100087,ACC100011,1,1595.27,1595.27
ACC100087,ACC100021,1,1298.56,1298.56
ACC100087,ACC100131,1,166.93,166.93
ACC100087,ACC100163,1,2872.36,2872.36
ACC100087,ACC100218,1,945.17,945.17
ACC100087,ACC100306,1,1091.04,1091.04
ACC100087,ACC100319,1,7563.88,7563.88
ACC100087,ACC100341,1,393.17,393.17
ACC100087,ACC100510,1,2274.46,2274.46
ACC100087,ACC100651,1,7967.6,7967.6
ACC100087,ACC100776,1,1611.49,1611.49
ACC100087,ACC100892,1,4171.37,4171.37
ACC100088,ACC100278,1,449.88,449.88
ACC100088,ACC100596,1,1044.59,1044.59
ACC100088,ACC100734,1,433.69,433.69
ACC100088,ACC100841,1,340.17,340.17
ACC100089,ACC100002,1,3146.74,3146.74
ACC100089,ACC100041,1,586.53,586.53
ACC100089,ACC100058,1,318.67,318.67
ACC100089,ACC100114,1,3059.88,3059.88
ACC100089,ACC100128,1,1012.49,1012.49
ACC100089,ACC100157,1,853.4,853.4
ACC100089,ACC100190,1,751.43,751.43
ACC100089,ACC100227,1,1378.88,1378.88
ACC100089,ACC100294,1,209.4,209.4
ACC100089,ACC100360,1,140.03,140.03
ACC100089,ACC100483,1,741.3,741.3
ACC100089,ACC100559,1,5697.31,5697.31
ACC100089,ACC100640,1,726.83,726.83
ACC100089,ACC100717,1,104666.47,104666.47
ACC100089,ACC100746,1,1204.41,1204.41
ACC100089,ACC100908,1,3958.14,3958.14
ACC100089,ACC100918,1,966.4,966.4
ACC100090,ACC100029,1,221.37,221.37
ACC100090,ACC100077,1,2672.14,2672.14
ACC100090,ACC100119,1,379.13,379.13
ACC100090,ACC100190,1,202.85,202.85
ACC100090,ACC100203,1,6630.0,6630.0
ACC100090,ACC100302,1,3970.55,3970.55
ACC100090,ACC100370,2,2880.27,1440.135
ACC100090,ACC100373,1,2782.52,2782.52
ACC100090,ACC100386,1,416.98,416.98
ACC100090,ACC100540,1,1081.24,1081.24
ACC100091,ACC100128,1,1645.81,1645.81
ACC100091,ACC100190,1,7344.59,7344.59
ACC100091,ACC100273,1,1284.38,1284.38
ACC100091,ACC100582,1,3220.67,3220.67
ACC100091,ACC100596,1,1761.27,1761.27
ACC100091,ACC100876,1,2917.34,2917.34
ACC100091,ACC100981,1,2455.53,2455.53
ACC100092,ACC100139,2,2904.23,1452.115
ACC100092,ACC100149,1,1496.77,1496.77
ACC100092,ACC100165,1,1631.7,1631.7
ACC100092,ACC100468,1,825.69,825.69
ACC100092,ACC100715,1,1120.48,1120.48
ACC100092,ACC100733,1,4695.0,4695.0
ACC100092,ACC100741,1,1491.46,1491.46
ACC100092,ACC100799,1,121.1,121.1
ACC100092,ACC100805,1,220.68,220.68
ACC100092,ACC100832,1,9958.25,9958.25
ACC100092,ACC100835,1,2276.44,2276.44
ACC100092,ACC100871,1,3756.98,3756.98
ACC100093,ACC100035,1,2331.39,2331.39
ACC100093,ACC100117,1,2802.2,2802.2
ACC100093,ACC100465,1,1095.9,1095.9
ACC100093,ACC100604,1,10569.0,10569.0
ACC100093,ACC100700,1,1044.74,1044.74
ACC100093,ACC100702,1,2051.95,2051.95
ACC100093,ACC100869,1,3381.83,3381.83
ACC100093,ACC100885,1,173.11,173.11
ACC100093,ACC100985,1,2852.12,2852.12
ACC100094,ACC100027,1,11633.0,11633.0
ACC100094,ACC100075,1,4954.36,4954.36
ACC100094,ACC100129,1,907.71,907.71
ACC100094,ACC100623,1,3643.85,3643.85
ACC100094,ACC100633,1,639.37,639.37
ACC100094,ACC100678,1,4684.15,4684.15
ACC100094,ACC100749,1,6712.49,6712.49
ACC100094,ACC100831,1,2975.58,2975.58
ACC100094,ACC100916,1,971.77,971.77
ACC100094,ACC100926,1,1846.16,1846.16
ACC100094,ACC100960,1,3491.11,3491.11
ACC100094,ACC100997,1,215.91,215.91
ACC100095,ACC100088,1,11953.88,11953.88
ACC100095,ACC100102,1,622.56,622.56
ACC100095,ACC100110,1,1937.24,1937.24
ACC100095,ACC100336,1,1555.03,1555.03
ACC100095,ACC100427,1,884.81,884.81
ACC100095,ACC100449,1,964.34,964.34
ACC100095,ACC100466,1,76526.62,76526.62
ACC100095,ACC100507,1,777.69,777.69
ACC100095,ACC100571,1,467.56,467.56
ACC100095,ACC100623,2,9193.35,4596.675
ACC100095,ACC100663,1,29.74,29.74
ACC100095,ACC100986,1,533.35,533.35
ACC100095,ACC100992,1,331.75,331.75
ACC100096,ACC100083,1,2264.18,2264.18
ACC100096,ACC100257,1,34.43,34.43
ACC100096,ACC100258,1,418.9,418.9
ACC100096,ACC100410,1,815.02,815.02
ACC100096,ACC100417,1,449.69,449.69
ACC100096,ACC100444,1,678.42,678.42
ACC100096,ACC100465,1,1843.78,1843.78
ACC100096,ACC100479,1,652.29,652.29
ACC100096,ACC100665,1,8461.0,8461.0
ACC100096,ACC100671,1,1588.98,1588.98
ACC100096,ACC100704,1,3122.77,3122.77
ACC100096,ACC100775,1,1848.99,1848.99
ACC100096,ACC100906,1,773.31,773.31
ACC100096,ACC100922,1,2169.34,2169.34
ACC100096,ACC100932,1,4714.44,4714.44
ACC100096,ACC100972,1,2892.08,2892.08
ACC100097,ACC100085,1,206.99,206.99
ACC100097,ACC100120,1,4260.66,4260.66
ACC100097,ACC100252,1,839.0,839.0
ACC100097,ACC100373,1,2888.82,2888.82
ACC100097,ACC100570,1,749.81,749.81
ACC100097,ACC100628,1,6089.87,6089.87
ACC100097,ACC100711,1,2118.43,2118.43
ACC100097,ACC100870,1,641.1,641.1
ACC100097,ACC100880,1,1178.71,1178.71
ACC100097,ACC100901,1,591.91,591.91
ACC100097,ACC100980,1,4004.99,4004.99
ACC100098,ACC100001,1,946.02,946.02
ACC100098,ACC100105,1,265.17,265.17
ACC100098,ACC100296,1,379.76,379.76
ACC100098,ACC100341,1,482.49,482.49
ACC100098,ACC100373,1,1246.38,1246.38
ACC100098,ACC100397,1,143.55,143.55
ACC100098,ACC100485,1,2399.05,2399.05
ACC100098,ACC100513,1,364.26,364.26
ACC100098,ACC100535,1,659.28,659.28
ACC100098,ACC100595,1,1801.05,1801.05
ACC100098,ACC100639,1,1065.51,1065.51
ACC100098,ACC100812,1,6863.65,6863.65
ACC100098,ACC100838,1,602.77,602.77
ACC100098,ACC100847,1,120.96,120.96
ACC100099,ACC100037,1,1380.21,1380.21
ACC100099,ACC100046,1,1356.43,1356.43
ACC100099,ACC100134,1,1121.63,1121.63
ACC100099,ACC100216,1,389.76,389.76
ACC100099,ACC100696,1,1452.75,1452.75
ACC100099,ACC100760,1,98.5,98.5
ACC100099,ACC100773,1,763.46,763.46
ACC100099,ACC100783,1,3764.83,3764.83
ACC100099,ACC100830,1,1725.13,1725.13
ACC100099,ACC100831,1,1004.84,1004.84
ACC100099,ACC100841,1,405.57,405.57
ACC100099,ACC100922,1,576.39,576.39
ACC100100,ACC100386,1,1919.98,1919.98
ACC100100,ACC100435,1,1792.37,1792.37
ACC100100,ACC100498,1,637.16,637.16
ACC100100,ACC100514,1,131.36,131.36
ACC100100,ACC100642,1,1617.08,1617.08
ACC100100,ACC100669,1,287.28,287.28
ACC100100,ACC100704,1,57.18,57.18
ACC100100,ACC100818,1,175.03,175.03
ACC100100,ACC100827,1,1576.24,1576.24
ACC100100,ACC100844,1,1939.78,1939.78
ACC100101,ACC100132,1,196.46,196.46
ACC100101,ACC100355,1,1765.09,1765.09
ACC100101,ACC100385,1,2452.76,2452.76
ACC100101,ACC100488,1,1112.91,1112.91
ACC100101,ACC100536,1,6839.02,6839.02
ACC100101,ACC100582,1,729.77,729.77
ACC100101,ACC100704,1,969.34,969.34
ACC100101,ACC100755,1,429.57,429.57
ACC100101,ACC100851,1,267.44,267.44
ACC100101,ACC100869,1,773.65,773.65
ACC100102,ACC100015,1,8334.95,8334.95
ACC100102,ACC100090,1,6372.5,6372.5
ACC100102,ACC100133,1,716.61,716.61
ACC100102,ACC100136,1,113.56,113.56
ACC100102,ACC100158,1,888.1,888.1
ACC100102,ACC100211,1,384.15,384.15
ACC100102,ACC100250,1,3128.0,3128.0
ACC100102,ACC100303,1,3237.41,3237.41
ACC100102,ACC100318,1,461.42,461.42
ACC100102,ACC100504,1,760.57,760.57
ACC100102,ACC100555,1,1347.16,1347.16
ACC100102,ACC100578,1,440.0,440.0
ACC100102,ACC100761,1,13470.5,13470.5
ACC100102,ACC100834,1,257.15,257.15
ACC100102,ACC100867,1,1216.47,1216.47
ACC100102,ACC100975,1,2427.31,2427.31
ACC100103,ACC100026,1,954.25,954.25
ACC100103,ACC100133,1,2370.02,2370.02
ACC100103,ACC100297,1,8714.91,8714.91
ACC100103,ACC100377,1,3798.65,3798.65
ACC100103,ACC100429,1,1329.07,1329.07
ACC100103,ACC100936,1,636.2,636.2
ACC100104,ACC100170,1,2106.63,2106.63
ACC100104,ACC100223,1,456.31,456.31
ACC100104,ACC100228,1,721.42,721.42
ACC100104,ACC100387,1,650.34,650.34
ACC100104,ACC100401,1,163.65,163.65
ACC100104,ACC100426,1,78138.49,78138.49
ACC100104,ACC100675,1,432.47,432.47
ACC100104,ACC100729,1,1105.62,1105.62
ACC100104,ACC100882,1,585.51,585.51
ACC100105,ACC100113,1,6407.27,6407.27
ACC100105,ACC100164,1,2507.44,2507.44
ACC100105,ACC100228,1,7371.0,7371.0
ACC100105,ACC100324,1,29342.52,29342.52
ACC100105,ACC100428,1,819.69,819.69
ACC100105,ACC100508,1,426.07,426.07
ACC100105,ACC100571,1,482.41,482.41
ACC100105,ACC100645,1,226.67,226.67
ACC100105,ACC100691,1,5047.86,5047.86
ACC100105,ACC100830,1,1118.12,1118.12
ACC100105,ACC100932,1,631.54,631.54
ACC100106,ACC100036,1,20841.14,20841.14
ACC100106,ACC100044,1,4377.32,4377.32
ACC100106,ACC100055,1,11366.27,11366.27
ACC100106,ACC100151,1,2793.06,2793.06
ACC100106,ACC100153,1,512.77,512.77
ACC100106,ACC100184,1,8388.15,8388.15
ACC100106,ACC100211,1,6707.18,6707.18
ACC100106,ACC100329,1,563.04,563.04
ACC100106,ACC100425,1,335.37,335.37
ACC100106,ACC100430,1,300.52,300.52
ACC100106,ACC100468,1,3455.08,3455.08
ACC100106,ACC100535,1,3484.71,3484.71
ACC100106,ACC100601,1,825.74,825.74
ACC100106,ACC100677,1,195.78,195.78
ACC100106,ACC100680,1,1487.79,1487.79
ACC100106,ACC100950,1,1643.14,1643.14
ACC100106,ACC100984,1,1643.18,1643.18
ACC100106,ACC100990,1,414.01,414.01
ACC100107,ACC100110,1,912.19,912.19
ACC100107,ACC100174,1,635.46,635.46
ACC100107,ACC100215,1,321.66,321.66
ACC100107,ACC100280,2,2320.98,1160.49
ACC100107,ACC100608,1,568.82,568.82
ACC100107,ACC100653,1,138.86,138.86
ACC100107,ACC100843,1,4693.82,4693.82
ACC100107,ACC100888,1,1664.3,1664.3
ACC100107,ACC100978,1,270.48,270.48
ACC100108,ACC100000,1,832.06,832.06
ACC100108,ACC100195,1,955.3,955.3
ACC100108,ACC100203,1,14917.0,14917.0
ACC100108,ACC100365,1,5390.33,5390.33
ACC100108,ACC100392,1,7702.18,7702.18
ACC100108,ACC100423,1,574.65,574.65
ACC100108,ACC100584,1,5584.33,5584.33
ACC100108,ACC100588,1,966.99,966.99
ACC100108,ACC100590,1,1384.77,1384.77
ACC100108,ACC100623,1,202.64,202.64
ACC100108,ACC100896,1,51.71,51.71
ACC100108,ACC100936,1,500.92,500.92
ACC100109,ACC100005,1,1348.23,1348.23
ACC100109,ACC100076,1,388.92,388.92
ACC100109,ACC100129,1,1100.25,1100.25
ACC100109,ACC100145,1,841.61,841.61
ACC100109,ACC100170,1,648.6,648.6
ACC100109,ACC100179,1,1652.35,1652.35
ACC100109,ACC100276,1,641.37,641.37
ACC100109,ACC100349,1,953.68,953.68
ACC100109,ACC100435,1,4630.08,4630.08
ACC100109,ACC100555,1,834.03,834.03
ACC100109,ACC100613,1,225.94,225.94
ACC100109,ACC100708,1,2088.03,2088.03
ACC100109,ACC100912,1,1044.24,1044.24
ACC100110,ACC100014,1,1295.63,1295.63
ACC100110,ACC100092,1,1502.06,1502.06
ACC100110,ACC100223,1,6846.0,6846.0
ACC100110,ACC100273,1,339.14,339.14
ACC100110,ACC100334,1,26311.8,26311.8
ACC100110,ACC100564,1,233.09,233.09
ACC100110,ACC100760,1,1860.16,1860.16
ACC100110,ACC100887,1,339.05,339.05
ACC100111,ACC100001,1,905.91,905.91
ACC100111,ACC100045,1,2259.58,2259.58
ACC100111,ACC100136,1,2133.84,2133.84
ACC100111,ACC100179,1,1170.5,1170.5
ACC100111,ACC100462,1,518.72,518.72
ACC100111,ACC100478,1,683.21,683.21
ACC100111,ACC100585,1,3402.13,3402.13
ACC100111,ACC100715,1,823.44,823.44
ACC100111,ACC100750,1,9300.69,9300.69
ACC100111,ACC100800,1,710.38,710.38
ACC100112,ACC100123,1,315.78,315.78
ACC100112,ACC100289,1,484.18,484.18
ACC100112,ACC100322,1,1122.4,1122.4
ACC100112,ACC100498,1,513.95,513.95
ACC100112,ACC100533,1,869.36,869.36
ACC100112,ACC100980,1,53.08,53.08
ACC100113,ACC100115,1,258.18,258.18
ACC100113,ACC100156,1,987.36,987.36
ACC100113,ACC100159,1,113.82,113.82
ACC100113,ACC100189,1,105.16,105.16
ACC100113,ACC100285,1,347.53,347.53
ACC100113,ACC100371,1,159.24,159.24
ACC100113,ACC100392,1,1009.74,1009.74
ACC100113,ACC100583,1,6375.32,6375.32
ACC100113,ACC100666,1,6064.15,6064.15
ACC100113,ACC100708,1,1670.53,1670.53
ACC100113,ACC100751,1,2040.86,2040.86
ACC100113,ACC100838,1,502.67,502.67
ACC100113,ACC100872,1,4025.09,4025.09
ACC100113,ACC100902,1,3275.15,3275.15
ACC100113,ACC100953,1,120.37,120.37
ACC100113,ACC100957,1,578.27,578.27
ACC100114,ACC100036,1,336.27,336.27
ACC100114,ACC100099,1,890.1,890.1
ACC100114,ACC100101,1,2425.99,2425.99
ACC100114,ACC100194,1,284.79,284.79
ACC100114,ACC100202,1,456.34,456.34
ACC100114,ACC100343,1,109.28,109.28
ACC100114,ACC100378,1,6956.65,6956.65
ACC100114,ACC100576,1,12153.33,12153.33
ACC100114,ACC100608,1,1239.35,1239.35
ACC100114,ACC100689,1,987.72,987.72
ACC100114,ACC100967,1,2335.31,2335.31
ACC100114,ACC100996,1,104292.38,104292.38
ACC100115,ACC100002,1,38293.81,38293.81
ACC100115,ACC100068,1,1094.88,1094.88
ACC100115,ACC100135,1,1712.85,1712.85
ACC100115,ACC100184,1,171.85,171.85
ACC100115,ACC100289,1,3215.27,3215.27
ACC100115,ACC100297,1,4093.71,4093.71
ACC100115,ACC100433,1,4156.7,4156.7
ACC100115,ACC100459,1,505.02,505.02
ACC100115,ACC100509,1,189.97,189.97
ACC100115,ACC100591,1,2824.99,2824.99
ACC100115,ACC100646,1,1066.75,1066.75
ACC100115,ACC100687,1,1446.31,1446.31
ACC100115,ACC100756,1,161.15,161.15
ACC100115,ACC100989,1,9464.3,9464.3
ACC100116,ACC100190,1,1236.81,1236.81
ACC100116,ACC100192,1,741.25,741.25
ACC100116,ACC100295,1,5863.15,5863.15
ACC100116,ACC100417,1,411.51,411.51
ACC100116,ACC100509,1,123.19,123.19
ACC100116,ACC100606,1,1538.22,1538.22
ACC100116,ACC100723,1,305.31,305.31
ACC100116,ACC100742,1,394.12,394.12
ACC100116,ACC100758,1,628.17,628.17
ACC100116,ACC100811,1,1797.48,1797.48
ACC100116,ACC100887,1,569.13,569.13
ACC100117,ACC100038,1,488.65,488.65
ACC100117,ACC100068,1,66.73,66.73
ACC100117,ACC100084,1,513.5,513.5
ACC100117,ACC100345,1,746.26,746.26
ACC100117,ACC100372,1,1288.85,1288.85
ACC100117,ACC100376,1,1484.87,1484.87
ACC100117,ACC100398,1,2501.39,2501.39
ACC100117,ACC100401,1,3499.86,3499.86
ACC100117,ACC100437,1,529.16,529.16
ACC100117,ACC100487,1,12149.88,12149.88
ACC100117,ACC100606,1,2761.67,2761.67
ACC100117,ACC100942,1,391.3,391.3
ACC100118,ACC100208,1,2712.02,2712.02
ACC100118,ACC100271,1,2481.6,2481.6
ACC100118,ACC100426,1,44971.98,44971.98
ACC100118,ACC100454,1,1623.55,1623.55
ACC100118,ACC100573,1,290.13,290.13
ACC100118,ACC100588,1,407.81,407.81
ACC100118,ACC100617,1,1269.74,1269.74
ACC100118,ACC100774,1,456.0,456.0
ACC100118,ACC100786,1,6576.06,6576.06
ACC100118,ACC100940,1,80.88,80.88
ACC100119,ACC100073,1,629.2,629.2
ACC100119,ACC100170,1,613.25,613.25
ACC100119,ACC100268,1,935.31,935.31
ACC100119,ACC100415,1,509.11,509.11
ACC100119,ACC100571,1,1352.33,1352.33
ACC100119,ACC100651,1,879.46,879.46
ACC100119,ACC100789,1,1253.14,1253.14
ACC100119,ACC100790,1,3151.65,3151.65
ACC100120,ACC100123,1,11218.2,11218.2
ACC100120,ACC100134,1,6821.75,6821.75
ACC100120,ACC100157,1,2731.04,2731.04
ACC100120,ACC100164,1,204.59,204.59
ACC100120,ACC100227,1,6067.99,6067.99
ACC100120,ACC100473,1,616.23,616.23
ACC100120,ACC100514,1,801.0,801.0
ACC100120,ACC100660,1,2334.87,2334.87
ACC100120,ACC100741,1,941.33,941.33
ACC100120,ACC100887,2,4469.0,2234.5
ACC100120,ACC100918,1,304.89,304.89
ACC100120,ACC100999,1,86.49,86.49
ACC100121,ACC100017,1,431.52,431.52
ACC100121,ACC100032,1,103.17,103.17
ACC100121,ACC100073,1,599.97,599.97
ACC100121,ACC100118,1,2340.32,2340.32
ACC100121,ACC100229,1,383.74,383.74
ACC100121,ACC100356,1,2283.13,2283.13
ACC100121,ACC100367,1,2012.72,2012.72
ACC100121,ACC100415,1,1558.49,1558.49
ACC100121,ACC100907,1,36.87,36.87
ACC100121,ACC100943,1,1342.23,1342.23
ACC100122,ACC100042,1,165.8,165.8
ACC100122,ACC100129,1,498.91,498.91
ACC100122,ACC100146,1,1136.53,1136.53
ACC100122,ACC100263,1,129.17,129.17
ACC100122,ACC100386,1,5527.15,5527.15
ACC100122,ACC100435,1,11092.76,11092.76
ACC100122,ACC100558,1,4869.0,4869.0
ACC100122,ACC100712,1,1428.03,1428.03
ACC100122,ACC100877,1,198.44,198.44
ACC100123,ACC100011,1,3331.88,3331.88
ACC100123,ACC100135,1,2906.45,2906.45
ACC100123,ACC100283,1,3534.24,3534.24
ACC100123,ACC100459,1,936.85,936.85
ACC100123,ACC100490,1,1034.8,1034.8
ACC100123,ACC100558,1,14426.0,14426.0
ACC100123,ACC100594,1,578.45,578.45
ACC100123,ACC100600,1,2231.54,2231.54
ACC100123,ACC100632,1,3724.08,3724.08
ACC100123,ACC100759,1,11834.0,11834.0
ACC100123,ACC100886,1,2342.27,2342.27
ACC100123,ACC100972,1,1577.71,1577.71
ACC100123,ACC100999,1,602.35,602.35
ACC100124,ACC100131,1,2183.84,2183.84
ACC100124,ACC100166,1,3567.93,3567.93
ACC100124,ACC100194,1,307.37,307.37
ACC100124,ACC100196,1,751.16,751.16
ACC100124,ACC100323,1,937.24,937.24
ACC100124,ACC100359,1,271.55,271.55
ACC100124,ACC100404,1,7894.31,7894.31
ACC100124,ACC100574,1,207.48,207.48
ACC100124,ACC100696,1,3107.01,3107.01
ACC100124,ACC100942,1,538.4,538.4
ACC100125,ACC100163,1,687.03,687.03
ACC100125,ACC100337,1,553.04,553.04
ACC100125,ACC100414,1,681.67,681.67
ACC100125,ACC100556,1,1537.77,1537.77
ACC100125,ACC100616,1,6705.0,6705.0
ACC100126,ACC100048,1,2848.44,2848.44
ACC100126,ACC100074,1,1191.22,1191.22
ACC100126,ACC100152,1,410.58,410.58
ACC100126,ACC100505,1,2530.35,2530.35
ACC100126,ACC100552,1,2508.2,2508.2
ACC100126,ACC100687,1,2016.15,2016.15
ACC100126,ACC100801,1,615.21,615.21
ACC100127,ACC100017,1,2095.08,2095.08
ACC100127,ACC100052,1,719.06,719.06
ACC100127,ACC100410,1,254.24,254.24
ACC100127,ACC100544,1,714.97,714.97
ACC100127,ACC100570,1,787.24,787.24
ACC100127,ACC100603,1,266.28,266.28
ACC100127,ACC100628,1,13456.41,13456.41
ACC100127,ACC100675,1,3382.97,3382.97
ACC100127,ACC100702,1,370.46,370.46
ACC100128,ACC100066,1,202.67,202.67
ACC100128,ACC100238,1,7542.0,7542.0
ACC100128,ACC100499,1,5268.94,5268.94
ACC100128,ACC100860,1,1725.27,1725.27
ACC100128,ACC100907,1,4254.63,4254.63
ACC100128,ACC100937,1,3654.25,3654.25
ACC100128,ACC100946,1,1913.97,1913.97
ACC100129,ACC100002,1,776.03,776.03
ACC100129,ACC100080,1,1124.85,1124.85
ACC100129,ACC100096,1,94.39,94.39
ACC100129,ACC100243,1,1612.24,1612.24
ACC100129,ACC100350,1,982.41,982.41
ACC100129,ACC100500,1,244.66,244.66
ACC100129,ACC100517,1,11692.0,11692.0
ACC100129,ACC100618,1,555.56,555.56
ACC100129,ACC100652,1,674.01,674.01
ACC100129,ACC100748,1,5243.63,5243.63
ACC100129,ACC100760,1,3059.11,3059.11
ACC100129,ACC100824,1,2798.89,2798.89
ACC100129,ACC100839,1,743.97,743.97
ACC100129,ACC100850,1,6537.25,6537.25
ACC100130,ACC100200,1,2093.51,2093.51
ACC100130,ACC100276,1,980.8,980.8
ACC100130,ACC100323,1,1147.86,1147.86
ACC100130,ACC100473,1,11129.26,11129.26
ACC100130,ACC100640,1,9349.19,9349.19
ACC100130,ACC100736,1,766.69,766.69
ACC100130,ACC100837,1,124.49,124.49
ACC100130,ACC100857,1,1056.94,1056.94
ACC100130,ACC100948,1,632.79,632.79
ACC100131,ACC100205,1,1015.52,1015.52
ACC100131,ACC100325,1,6677.5,6677.5
ACC100131,ACC100531,1,13725.38,13725.38
ACC100131,ACC100588,1,208.18,208.18
ACC100132,ACC100024,1,703.58,703.58
ACC100132,ACC100105,1,2300.47,2300.47
ACC100132,ACC100153,1,969.3,969.3
ACC100132,ACC100183,1,917.25,917.25
ACC100132,ACC100537,1,334.81,334.81
ACC100132,ACC100619,1,705.8,705.8
ACC100132,ACC100620,1,383.34,383.34
ACC100132,ACC100748,1,2340.36,2340.36
ACC100132,ACC100778,1,2264.92,2264.92
ACC100132,ACC100905,1,2392.09,2392.09
ACC100133,ACC100275,1,239.77,239.77
ACC100133,ACC100532,1,8029.8,8029.8
ACC100133,ACC100641,1,1600.71,1600.71
ACC100133,ACC100672,1,2335.98,2335.98
ACC100133,ACC100686,1,3147.87,3147.87
ACC100133,ACC100769,1,397.3,397.3
ACC100133,ACC100886,1,476.39,476.39
ACC100133,ACC100904,1,139.68,139.68
ACC100134,ACC100201,1,2859.84,2859.84
ACC100134,ACC100203,1,607.1,607.1
ACC100134,ACC100267,1,539.56,539.56
ACC100134,ACC100615,1,2435.52,2435.52
ACC100134,ACC100704,1,1171.22,1171.22
ACC100134,ACC100727,1,113.95,113.95
ACC100134,ACC100763,1,4528.89,4528.89
ACC100134,ACC100904,1,3334.46,3334.46
ACC100134,ACC100961,1,1878.18,1878.18
ACC100135,ACC100007,1,351.31,351.31
ACC100135,ACC100015,1,360.1,360.1
ACC100135,ACC100250,1,4512.0,4512.0
ACC100135,ACC100367,1,3277.54,3277.54
ACC100135,ACC100482,1,901.21,901.21
ACC100135,ACC100527,1,541.09,541.09
ACC100135,ACC100860,1,9440.26,9440.26
ACC100135,ACC100926,1,2922.53,2922.53
ACC100135,ACC100965,1,7046.59,7046.59
ACC100136,ACC100177,1,184.76,184.76
ACC100136,ACC100240,1,544.79,544.79
ACC100136,ACC100357,1,1319.11,1319.11
ACC100136,ACC100471,1,85.09,85.09
ACC100136,ACC100494,1,735.47,735.47
ACC100136,ACC100652,1,4842.02,4842.02
ACC100136,ACC100766,1,159.92,159.92
ACC100136,ACC100892,1,1208.72,1208.72
ACC100137,ACC100095,1,98.33,98.33
ACC100137,ACC100153,1,407.84,407.84
ACC100137,ACC100239,1,547.36,547.36
ACC100137,ACC100315,1,723.18,723.18
ACC100137,ACC100429,2,11206.26,5603.13
ACC100137,ACC100444,1,737.26,737.26
ACC100137,ACC100469,1,5278.24,5278.24
ACC100137,ACC100644,1,1056.65,1056.65
ACC100137,ACC100769,1,335.64,335.64
ACC100137,ACC100812,1,6342.21,6342.21
ACC100137,ACC100863,1,187.24,187.24
ACC100137,ACC100865,1,4897.54,4897.54
ACC100137,ACC100986,1,2432.04,2432.04
ACC100138,ACC100388,1,1473.24,1473.24
ACC100138,ACC100414,1,641.93,641.93
ACC100138,ACC100458,1,226.71,226.71
ACC100138,ACC100502,1,7956.46,7956.46
ACC100138,ACC100550,1,4723.06,4723.06
ACC100138,ACC100639,1,3217.53,3217.53
ACC100138,ACC100677,1,218.16,218.16
ACC100138,ACC100758,1,571.31,571.31
ACC100138,ACC100830,1,5511.61,5511.61
ACC100139,ACC100049,1,799.73,799.73
ACC100139,ACC100228,1,1583.97,1583.97
ACC100139,ACC100244,1,1150.34,1150.34
ACC100139,ACC100253,1,2428.82,2428.82
ACC100139,ACC100504,1,3092.75,3092.75
ACC100139,ACC100599,1,2604.28,2604.28
ACC100139,ACC100797,1,585.42,585.42
ACC100139,ACC100819,1,625.4,625.4
ACC100139,ACC100847,1,2344.23,2344.23
ACC100139,ACC100866,1,1208.79,1208.79
ACC100139,ACC100899,1,2875.47,2875.47
ACC100139,ACC100930,1,381.55,381.55
ACC100139,ACC100990,1,2427.86,2427.86
ACC100140,ACC100410,1,1545.73,1545.73
ACC100140,ACC100574,1,4275.0,4275.0
ACC100140,ACC100600,1,3068.57,3068.57
ACC100140,ACC100816,1,2098.64,2098.64
ACC100141,ACC100142,1,1907.45,1907.45
ACC100141,ACC100158,1,634.9,634.9
ACC100141,ACC100172,1,81.04,81.04
ACC100141,ACC100273,1,1523.29,1523.29
ACC100141,ACC100322,1,132.2,132.2
ACC100141,ACC100422,1,2996.61,2996.61
ACC100141,ACC100557,1,601.64,601.64
ACC100141,ACC100704,1,297.51,297.51
ACC100141,ACC100821,1,2418.34,2418.34
ACC100142,ACC100042,1,1325.28,1325.28
ACC100142,ACC100135,1,692.8,692.8
ACC100142,ACC100209,1,1718.79,1718.79
ACC100142,ACC100284,1,619.49,619.49
ACC100142,ACC100349,1,1514.37,1514.37
ACC100142,ACC100523,1,737.23,737.23
ACC100142,ACC100537,1,115.07,115.07
ACC100142,ACC100694,1,86651.16,86651.16
ACC100142,ACC100699,1,288.12,288.12
ACC100142,ACC100766,1,1569.84,1569.84
ACC100142,ACC100774,1,1770.96,1770.96
ACC100142,ACC100855,1,5672.18,5672.18
ACC100142,ACC100970,1,1182.34,1182.34
ACC100143,ACC100122,1,1124.01,1124.01
ACC100143,ACC100218,1,2434.47,2434.47
ACC100143,ACC100257,1,981.78,981.78
ACC100143,ACC100326,1,439.92,439.92
ACC100143,ACC100456,1,1231.34,1231.34
ACC100143,ACC100478,1,29736.44,29736.44
ACC100143,ACC100578,1,859.3,859.3
ACC100143,ACC100673,1,160.21,160.21
ACC100143,ACC100841,1,421.43,421.43
ACC100143,ACC100944,1,485.33,485.33
ACC100143,ACC100991,1,861.54,861.54
ACC100144,ACC100240,1,2706.45,2706.45
ACC100144,ACC100380,1,885.33,885.33
ACC100144,ACC100412,1,4622.09,4622.09
ACC100144,ACC100416,1,1300.93,1300.93
ACC100144,ACC100862,1,166.86,166.86
ACC100144,ACC100867,1,718.76,718.76
ACC100144,ACC100907,1,615.78,615.78
ACC100145,ACC100115,1,690.67,690.67
ACC100145,ACC100163,1,3862.04,3862.04
ACC100145,ACC100164,1,2678.05,2678.05
ACC100145,ACC100227,1,346.54,346.54
ACC100145,ACC100322,1,212.71,212.71
ACC100145,ACC100336,1,1599.53,1599.53
ACC100145,ACC100537,1,5868.71,5868.71
ACC100145,ACC100593,1,509.67,509.67
ACC100145,ACC100633,1,3749.58,3749.58
ACC100145,ACC100879,1,281.82,281.82
ACC100145,ACC100924,1,1156.04,1156.04
ACC100145,ACC100968,1,3866.36,3866.36
ACC100145,ACC100985,1,9662.52,9662.52
ACC100146,ACC100027,1,14042.0,14042.0
ACC100146,ACC100168,1,2350.67,2350.67
ACC100146,ACC100265,1,1516.36,1516.36
ACC100146,ACC100387,1,3533.56,3533.56
ACC100146,ACC100423,1,474.9,474.9
ACC100146,ACC100432,1,600.21,600.21
ACC100146,ACC100456,1,1285.06,1285.06
ACC100146,ACC100565,1,310.41,310.41
ACC100146,ACC100655,1,248.19,248.19
ACC100146,ACC100681,1,550.9,550.9
ACC100146,ACC100787,1,762.32,762.32
ACC100146,ACC100838,1,617.95,617.95
ACC100146,ACC100884,1,52.19,52.19
ACC100146,ACC100939,1,1475.6,1475.6
ACC100147,ACC100145,1,1003.15,1003.15
ACC100147,ACC100187,1,2167.27,2167.27
ACC100147,ACC100206,1,6990.4,6990.4
ACC100147,ACC100242,1,959.89,959.89
ACC100147,ACC100281,1,2338.75,2338.75
ACC100147,ACC100454,1,1102.68,1102.68
ACC100147,ACC100489,1,2142.58,2142.58
ACC100147,ACC100633,1,840.65,840.65
ACC100147,ACC100755,1,8617.86,8617.86
ACC100147,ACC100758,1,1798.04,1798.04
ACC100147,ACC100768,1,709.35,709.35
ACC100148,ACC100214,1,454.12,454.12
ACC100148,ACC100798,1,110.01,110.01
ACC100148,ACC100880,1,7797.82,7797.82
ACC100148,ACC100932,1,1344.42,1344.42
ACC100149,ACC100108,1,868.51,868.51
ACC100149,ACC100194,1,1012.13,1012.13
ACC100149,ACC100229,1,87.7,87.7
ACC100149,ACC100298,1,1840.58,1840.58
ACC100149,ACC100327,1,632.79,632.79
ACC100149,ACC100350,1,6974.44,6974.44
ACC100149,ACC100762,1,1386.6,1386.6
ACC100149,ACC100867,1,4228.28,4228.28
ACC100149,ACC100876,1,1649.67,1649.67
ACC100149,ACC100878,1,131.99,131.99
ACC100149,ACC100997,1,755.48,755.48
ACC100150,ACC100030,1,10237.0,10237.0
ACC100150,ACC100066,1,949.6,949.6
ACC100150,ACC100121,1,147.49,147.49
ACC100150,ACC100230,1,1397.48,1397.48
ACC100150,ACC100233,1,1121.35,1121.35
ACC100150,ACC100368,1,1352.1,1352.1
ACC100150,ACC100528,1,1490.13,1490.13
ACC100150,ACC100622,1,446.64,446.64
ACC100150,ACC100711,1,1276.42,1276.42
ACC100150,ACC100728,1,9841.0,9841.0
ACC100150,ACC100747,1,1490.35,1490.35
ACC100150,ACC100786,1,3479.48,3479.48
ACC100150,ACC100806,1,229.41,229.41
ACC100151,ACC100135,1,609.45,609.45
ACC100151,ACC100452,1,480.75,480.75
ACC100151,ACC100569,1,789.47,789.47
ACC100151,ACC100580,1,15.15,15.15
ACC100151,ACC100606,1,2810.17,2810.17
ACC100151,ACC100671,1,473.64,473.64
ACC100151,ACC100833,1,10011.44,10011.44
ACC100151,ACC100914,1,164.05,164.05
ACC100152,ACC100013,1,756.94,756.94
ACC100152,ACC100130,1,969.32,969.32
ACC100152,ACC100185,1,4087.63,4087.63
ACC100152,ACC100188,1,4277.38,4277.38
ACC100152,ACC100195,1,3899.8,3899.8
ACC100152,ACC100246,1,199.49,199.49
ACC100152,ACC100356,1,814.23,814.23
ACC100152,ACC100463,1,4220.53,4220.53
ACC100152,ACC100668,1,13305.53,13305.53
ACC100152,ACC100740,1,502.99,502.99
ACC100152,ACC100758,1,1252.11,1252.11
ACC100152,ACC100816,1,1051.34,1051.34
ACC100152,ACC100859,1,951.47,951.47
ACC100152,ACC100972,1,365.09,365.09
ACC100152,ACC100982,1,913.43,913.43
ACC100153,ACC100032,1,6826.0,6826.0
ACC100153,ACC100196,1,2875.94,2875.94
ACC100153,ACC100541,1,5624.47,5624.47
ACC100153,ACC100553,1,2765.61,2765.61
ACC100153,ACC100756,1,848.09,848.09
ACC100153,ACC100805,1,3305.57,3305.57
ACC100154,ACC100096,1,11279.23,11279.23
ACC100154,ACC100129,1,118.67,118.67
ACC100154,ACC100162,1,370.1,370.1
ACC100154,ACC100250,1,2461.62,2461.62
ACC100154,ACC100400,1,421.93,421.93
ACC100154,ACC100406,1,3441.38,3441.38
ACC100154,ACC100542,1,5705.4,5705.4
ACC100154,ACC100770,1,5498.27,5498.27
ACC100154,ACC100882,1,412.24,412.24
ACC100154,ACC100918,1,1247.92,1247.92
ACC100154,ACC100999,1,2991.31,2991.31
ACC100155,ACC100202,1,426.62,426.62
ACC100155,ACC100221,1,86.61,86.61
ACC100155,ACC100290,1,348.55,348.55
ACC100155,ACC100349,1,11398.55,11398.55
ACC100155,ACC100384,1,7112.17,7112.17
ACC100155,ACC100586,1,3237.85,3237.85
ACC100155,ACC100605,1,206.29,206.29
ACC100155,ACC100812,1,1300.24,1300.24
ACC100155,ACC100916,1,618.3,618.3
ACC100156,ACC100056,1,1848.96,1848.96
ACC100156,ACC100105,1,556.18,556.18
ACC100156,ACC100145,1,73.16,73.16
ACC100156,ACC100566,1,998.32,998.32
ACC100156,ACC100907,1,1035.65,1035.65
ACC100156,ACC100913,1,12106.0,12106.0
ACC100156,ACC100969,1,10675.37,10675.37
ACC100157,ACC100017,1,881.86,881.86
ACC100157,ACC100025,1,14959.0,14959.0
ACC100157,ACC100072,1,1300.51,1300.51
ACC100157,ACC100210,1,601.72,601.72
ACC100157,ACC100222,1,5478.45,5478.45
ACC100157,ACC100268,1,261.56,261.56
ACC100157,ACC100296,1,988.73,988.73
ACC100157,ACC100464,1,327.7,327.7
ACC100157,ACC100701,1,368.63,368.63
ACC100157,ACC100704,1,5647.72,5647.72
ACC100157,ACC100809,1,597.77,597.77
ACC100157,ACC100913,1,473.32,473.32
ACC100157,ACC100957,1,374.15,374.15
ACC100157,ACC100975,1,53.47,53.47
ACC100157,ACC100994,1,654.34,654.34
ACC100158,ACC100129,1,462.53,462.53
ACC100158,ACC100225,1,1735.62,1735.62
ACC100158,ACC100290,1,72.5,72.5
ACC100158,ACC100333,1,613.39,613.39
ACC100158,ACC100354,1,1512.68,1512.68
ACC100158,ACC100433,1,1228.63,1228.63
ACC100158,ACC100436,1,620.81,620.81
ACC100158,ACC100590,1,219.86,219.86
ACC100158,ACC100679,1,9539.47,9539.47
ACC100158,ACC100811,1,39.79,39.79
ACC100158,ACC100873,1,1125.14,1125.14
ACC100158,ACC100961,1,175.52,175.52
ACC100159,ACC100135,1,885.09,885.09
ACC100159,ACC100145,1,351.97,351.97
ACC100159,ACC100194,1,671.93,671.93
ACC100159,ACC100268,1,161.68,161.68
ACC100159,ACC100357,1,12708.85,12708.85
ACC100159,ACC100596,1,1792.45,1792.45
ACC100159,ACC100639,1,20730.3,20730.3
ACC100159,ACC100654,1,6598.0,6598.0
ACC100159,ACC100683,1,3688.01,3688.01
ACC100159,ACC100727,1,1442.71,1442.71
ACC100159,ACC100854,1,4003.55,4003.55
ACC100160,ACC100148,1,3412.65,3412.65
ACC100160,ACC100400,1,1363.92,1363.92
ACC100160,ACC100608,1,188.29,188.29
ACC100160,ACC100842,1,1635.35,1635.35
ACC100160,ACC100927,1,1009.13,1009.13
ACC100160,ACC100967,1,1497.81,1497.81
ACC100161,ACC100030,1,1944.09,1944.09
ACC100161,ACC100051,1,968.28,968.28
ACC100161,ACC100064,1,299.32,299.32
ACC100161,ACC100111,1,123.75,123.75
ACC100161,ACC100255,1,2809.72,2809.72
ACC100161,ACC100280,1,1140.97,1140.97
ACC100161,ACC100589,1,2446.5,2446.5
ACC100161,ACC100670,1,217.66,217.66
ACC100161,ACC100705,1,496.32,496.32
ACC100161,ACC100709,1,439.1,439.1
ACC100161,ACC100832,1,842.47,842.47
ACC100161,ACC100880,1,681.16,681.16
ACC100162,ACC100118,1,3399.61,3399.61
ACC100162,ACC100176,1,257.83,257.83
ACC100162,ACC100249,1,402.73,402.73
ACC100162,ACC100432,1,5236.0,5236.0
ACC100162,ACC100575,1,1286.27,1286.27
ACC100162,ACC100598,1,1298.15,1298.15
ACC100162,ACC100899,1,503.38,503.38
ACC100162,ACC100917,1,538.52,538.52
ACC100162,ACC100923,1,318.55,318.55
ACC100162,ACC100971,1,947.62,947.62
ACC100163,ACC100014,1,82401.6,82401.6
ACC100163,ACC100168,1,4512.27,4512.27
ACC100163,ACC100279,1,391.27,391.27
ACC100163,ACC100425,1,52.71,52.71
ACC100163,ACC100522,1,1933.81,1933.81
ACC100163,ACC100531,1,4425.92,4425.92
ACC100163,ACC100584,1,1033.27,1033.27
ACC100163,ACC100654,1,13980.0,13980.0
ACC100163,ACC100869,1,404.66,404.66
ACC100164,ACC100095,1,1702.41,1702.41
ACC100164,ACC100232,1,3646.71,3646.71
ACC100164,ACC100326,1,91.06,91.06
ACC100164,ACC100398,1,2137.23,2137.23
ACC100164,ACC100473,1,985.27,985.27
ACC100164,ACC100491,1,2378.45,2378.45
ACC100164,ACC100514,1,9549.78,9549.78
ACC100164,ACC100682,1,876.87,876.87
ACC100164,ACC100707,1,589.84,589.84
ACC100164,ACC100825,1,11184.82,11184.82
ACC100164,ACC100875,1,2840.31,2840.31
ACC100165,ACC100056,1,1287.15,1287.15
ACC100165,ACC100088,1,387.83,387.83
ACC100165,ACC100138,1,998.74,998.74
ACC100165,ACC100143,1,2473.85,2473.85
ACC100165,ACC100203,1,3013.55,3013.55
ACC100165,ACC100218,1,302.65,302.65
ACC100165,ACC100351,1,703.28,703.28
ACC100165,ACC100415,1,1155.36,1155.36
ACC100165,ACC100532,1,6553.14,6553.14
ACC100165,ACC100799,1,2897.05,2897.05
ACC100165,ACC100952,1,1253.83,1253.83
ACC100166,ACC100003,1,5321.56,5321.56
ACC100166,ACC100030,1,2609.33,2609.33
ACC100166,ACC100533,1,2238.85,2238.85
ACC100166,ACC100554,1,1680.68,1680.68
ACC100166,ACC100600,1,820.54,820.54
ACC100166,ACC100673,1,2910.21,2910.21
ACC100166,ACC100717,1,357.29,357.29
ACC100166,ACC100941,1,1298.82,1298.82
ACC100167,ACC100026,1,7669.51,7669.51
ACC100167,ACC100054,1,2640.74,2640.74
ACC100167,ACC100097,1,1610.73,1610.73
ACC100167,ACC100182,1,541.94,541.94
ACC100167,ACC100237,1,351.91,351.91
ACC100167,ACC100289,1,35.62,35.62
ACC100167,ACC100425,1,3822.81,3822.81
ACC100167,ACC100524,1,479.44,479.44
ACC100167,ACC100662,1,1693.88,1693.88
ACC100167,ACC100702,1,1159.92,1159.92
ACC100167,ACC100716,1,2039.37,2039.37
ACC100167,ACC100755,1,4673.86,4673.86
ACC100167,ACC100962,1,1372.19,1372.19
ACC100167,ACC100984,1,2085.03,2085.03
ACC100167,ACC100993,1,1552.91,1552.91
ACC100168,ACC100037,1,651.61,651.61
ACC100168,ACC100060,1,3243.55,3243.55
ACC100168,ACC100266,1,924.72,924.72
ACC100168,ACC100281,1,12749.0,12749.0
ACC100168,ACC100327,1,6896.98,6896.98
ACC100168,ACC100436,1,760.28,760.28
ACC100168,ACC100492,1,3852.52,3852.52
ACC100168,ACC100556,1,234.02,234.02
ACC100168,ACC100697,1,879.11,879.11
ACC100168,ACC100854,1,1994.48,1994.48
ACC100168,ACC100930,1,2502.28,2502.28
ACC100169,ACC100190,1,1093.64,1093.64
ACC100169,ACC100348,1,380.64,380.64
ACC100169,ACC100523,1,10326.76,10326.76
ACC100169,ACC100566,1,525.78,525.78
ACC100169,ACC100584,1,10884.18,10884.18
ACC100169,ACC100723,1,1887.08,1887.08
ACC100169,ACC100746,1,385.61,385.61
ACC100169,ACC100849,1,12617.17,12617.17
ACC100170,ACC100123,1,2246.62,2246.62
ACC100170,ACC100342,1,2447.49,2447.49
ACC100170,ACC100370,1,3199.48,3199.48
ACC100170,ACC100579,1,1358.0,1358.0
ACC100170,ACC100608,1,645.3,645.3
ACC100170,ACC100612,1,3541.14,3541.14
ACC100170,ACC100807,1,1973.64,1973.64
ACC100170,ACC100869,1,2926.11,2926.11
ACC100171,ACC100066,1,259.77,259.77
ACC100171,ACC100330,1,10309.98,10309.98
ACC100171,ACC100438,1,1347.38,1347.38
ACC100171,ACC100464,1,154.96,154.96
ACC100171,ACC100496,1,327.41,327.41
ACC100171,ACC100520,1,2816.66,2816.66
ACC100171,ACC100720,1,6457.25,6457.25
ACC100171,ACC100741,1,1239.61,1239.61
ACC100171,ACC100921,1,11803.17,11803.17
ACC100172,ACC100002,1,1697.45,1697.45
ACC100172,ACC100112,1,154.68,154.68
ACC100172,ACC100249,1,3876.57,3876.57
ACC100172,ACC100301,1,2318.97,2318.97
ACC100172,ACC100391,1,1222.78,1222.78
ACC100172,ACC100445,1,11503.26,11503.26
ACC100172,ACC100514,1,330.91,330.91
ACC100172,ACC100560,1,447.59,447.59
ACC100172,ACC100572,1,494.95,494.95
ACC100172,ACC100713,1,503.51,503.51
ACC100172,ACC100760,1,2919.49,2919.49
ACC100172,ACC100806,1,217.5,217.5
ACC100172,ACC100890,1,74.12,74.12
ACC100172,ACC100917,1,2685.2,2685.2
ACC100172,ACC100994,1,169.88,169.88
ACC100173,ACC100112,1,1319.73,1319.73
ACC100173,ACC100126,1,3429.65,3429.65
ACC100173,ACC100212,1,372.81,372.81
ACC100173,ACC100252,1,644.32,644.32
ACC100173,ACC100358,1,471.33,471.33
ACC100173,ACC100397,1,1324.24,1324.24
ACC100173,ACC100614,1,826.93,826.93
ACC100173,ACC100638,1,49.06,49.06
ACC100173,ACC100715,1,3331.25,3331.25
ACC100174,ACC100049,1,536.83,536.83
ACC100174,ACC100087,1,1394.53,1394.53
ACC100174,ACC100175,1,260.28,260.28
ACC100174,ACC100500,1,5438.17,5438.17
ACC100174,ACC100576,1,4517.42,4517.42
ACC100174,ACC100607,1,12215.73,12215.73
ACC100174,ACC100641,1,522.45,522.45
ACC100174,ACC100683,1,1241.54,1241.54
ACC100174,ACC100851,1,3288.08,3288.08
ACC100174,ACC100861,1,526.33,526.33
ACC100174,ACC100965,1,987.71,987.71
ACC100175,ACC100072,1,60.36,60.36
ACC100175,ACC100106,1,4406.42,4406.42
ACC100175,ACC100290,1,645.2,645.2
ACC100175,ACC100423,1,770.23,770.23
ACC100175,ACC100671,1,3176.69,3176.69
ACC100175,ACC100903,1,482.97,482.97
ACC100175,ACC100975,1,8010.61,8010.61
ACC100176,ACC100073,1,366.83,366.83
ACC100176,ACC100179,1,881.4,881.4
ACC100176,ACC100191,1,1349.3,1349.3
ACC100176,ACC100391,1,2087.94,2087.94
ACC100176,ACC100454,1,445.43,445.43
ACC100176,ACC100846,1,524.33,524.33
ACC100176,ACC100944,1,400.29,400.29
ACC100177,ACC100032,1,633.38,633.38
ACC100177,ACC100064,1,910.78,910.78
ACC100177,ACC100138,1,1142.74,1142.74
ACC100177,ACC100202,1,9095.98,9095.98
ACC100177,ACC100204,1,967.41,967.41
ACC100177,ACC100428,1,9034.19,9034.19
ACC100177,ACC100459,1,81.03,81.03
ACC100177,ACC100517,1,339.41,339.41
ACC100177,ACC100577,1,2368.89,2368.89
ACC100177,ACC100678,1,1175.39,1175.39
ACC100177,ACC100691,1,1631.17,1631.17
ACC100177,ACC100771,1,1294.43,1294.43
ACC100178,ACC100014,1,473.43,473.43
ACC100178,ACC100410,1,163.83,163.83
ACC100178,ACC100597,1,225.82,225.82
ACC100178,ACC100666,1,1590.75,1590.75
ACC100178,ACC100726,1,2039.71,2039.71
ACC100178,ACC100997,1,4163.2,4163.2
ACC100179,ACC100064,1,139.79,139.79
ACC100179,ACC100066,1,1735.29,1735.29
ACC100179,ACC100076,1,1829.49,1829.49
ACC100179,ACC100086,1,2067.45,2067.45
ACC100179,ACC100114,1,82.4,82.4
ACC100179,ACC100116,1,1331.26,1331.26
ACC100179,ACC100215,1,1852.23,1852.23
ACC100179,ACC100291,1,164.32,164.32
ACC100179,ACC100416,1,825.82,825.82
ACC100179,ACC100539,1,1964.82,1964.82
ACC100179,ACC100727,1,335.8,335.8
ACC100179,ACC100804,1,858.04,858.04
ACC100179,ACC100844,1,253.21,253.21
ACC100180,ACC100058,1,1288.58,1288.58
ACC100180,ACC100120,1,147.88,147.88
ACC100180,ACC100163,1,158.7,158.7
ACC100180,ACC100262,1,1057.64,1057.64
ACC100180,ACC100346,1,1203.18,1203.18
ACC100180,ACC100506,1,1218.22,1218.22
ACC100180,ACC100648,1,3455.01,3455.01
ACC100180,ACC100687,1,353.93,353.93
ACC100180,ACC100744,1,300.35,300.35
ACC100180,ACC100913,1,11004.0,11004.0
ACC100181,ACC100197,1,1072.52,1072.52
ACC100181,ACC100301,1,258.27,258.27
ACC100181,ACC100382,1,1341.91,1341.91
ACC100181,ACC100436,1,136.99,136.99
ACC100181,ACC100499,1,2950.12,2950.12
ACC100181,ACC100558,1,739.23,739.23
ACC100181,ACC100564,1,592.84,592.84
ACC100181,ACC100605,1,3193.54,3193.54
ACC100181,ACC100699,1,42.31,42.31
ACC100181,ACC100724,1,11284.68,11284.68
ACC100181,ACC100859,1,3067.17,3067.17
ACC100181,ACC100983,1,3547.33,3547.33
ACC100182,ACC100083,1,5858.27,5858.27
ACC100182,ACC100307,1,1853.84,1853.84
ACC100182,ACC100334,1,1208.99,1208.99
ACC100182,ACC100396,1,3177.14,3177.14
ACC100182,ACC100475,1,3921.81,3921.81
ACC100182,ACC100532,1,1134.38,1134.38
ACC100182,ACC100600,1,288.74,288.74
ACC100182,ACC100612,1,311.13,311.13
ACC100182,ACC100660,1,7311.07,7311.07
ACC100182,ACC100710,1,1095.9,1095.9
ACC100182,ACC100812,1,405.66,405.66
ACC100182,ACC100851,1,322.77,322.77
ACC100182,ACC100894,1,717.58,717.58
ACC100182,ACC100907,1,356.45,356.45
ACC100183,ACC100067,1,2353.58,2353.58
ACC100183,ACC100146,1,997.09,997.09
ACC100183,ACC100323,1,5045.69,5045.69
ACC100183,ACC100376,1,177.3,177.3
ACC100183,ACC100404,1,408.67,408.67
ACC100183,ACC100442,1,250.62,250.62
ACC100183,ACC100473,1,503.04,503.04
ACC100183,ACC100604,1,170.6,170.6
ACC100183,ACC100643,1,772.47,772.47
ACC100183,ACC100721,1,1619.97,1619.97
ACC100183,ACC100741,1,2788.34,2788.34
ACC100183,ACC100787,1,683.14,683.14
ACC100183,ACC100948,1,1568.17,1568.17
ACC100183,ACC100954,1,2139.83,2139.83
ACC100183,ACC100955,1,46456.71,46456.71
ACC100183,ACC100984,1,2621.22,2621.22
ACC100184,ACC100061,1,2249.85,2249.85
ACC100184,ACC100117,1,1085.3,1085.3
ACC100184,ACC100418,1,3556.68,3556.68
ACC100184,ACC100914,1,2845.02,2845.02
ACC100184,ACC100930,1,1446.94,1446.94
ACC100185,ACC100027,1,516.2,516.2
ACC100185,ACC100037,1,686.19,686.19
ACC100185,ACC100059,1,1709.69,1709.69
ACC100185,ACC100119,1,646.56,646.56
ACC100185,ACC100125,1,1286.56,1286.56
ACC100185,ACC100219,1,1365.15,1365.15
ACC100185,ACC100237,1,971.96,971.96
ACC100185,ACC100347,1,1775.93,1775.93
ACC100185,ACC100367,1,399.01,399.01
ACC100185,ACC100371,1,3995.5,3995.5
ACC100185,ACC100625,1,837.14,837.14
ACC100185,ACC100665,1,2182.21,2182.21
ACC100185,ACC100767,1,992.83,992.83
ACC100185,ACC100854,1,571.85,571.85
ACC100185,ACC100986,1,5862.42,5862.42
ACC100186,ACC100066,1,105.72,105.72
ACC100186,ACC100221,1,657.63,657.63
ACC100186,ACC100238,1,4639.99,4639.99
ACC100186,ACC100402,1,76.67,76.67
ACC100186,ACC100467,1,3140.53,3140.53
ACC100186,ACC100548,1,3041.93,3041.93
ACC100186,ACC100663,1,609.95,609.95
ACC100186,ACC100710,1,756.76,756.76
ACC100186,ACC100712,1,1011.55,1011.55
ACC100186,ACC100859,1,826.48,826.48
ACC100186,ACC100957,1,684.46,684.46
ACC100187,ACC100116,1,663.52,663.52
ACC100187,ACC100164,1,1177.51,1177.51
ACC100187,ACC100271,1,1308.74,1308.74
ACC100187,ACC100556,1,947.54,947.54
ACC100187,ACC100696,1,2351.25,2351.25
ACC100187,ACC100703,1,4248.51,4248.51
ACC100187,ACC100782,1,633.74,633.74
ACC100187,ACC100840,1,4725.51,4725.51
ACC100187,ACC100969,1,1043.27,1043.27
ACC100188,ACC100239,1,1216.76,1216.76
ACC100188,ACC100266,1,613.47,613.47
ACC100188,ACC100510,1,2193.78,2193.78
ACC100188,ACC100642,1,1427.59,1427.59
ACC100188,ACC100725,1,67.58,67.58
ACC100188,ACC100728,1,1974.16,1974.16
ACC100188,ACC100969,1,917.5,917.5
ACC100189,ACC100242,1,895.64,895.64
ACC100189,ACC100258,1,1950.31,1950.31
ACC100189,ACC100296,1,608.95,608.95
ACC100189,ACC100317,1,6162.46,6162.46
ACC100189,ACC100350,1,642.54,642.54
ACC100189,ACC100519,1,1015.49,1015.49
ACC100189,ACC100520,1,1940.42,1940.42
ACC100189,ACC100526,1,213.46,213.46
ACC100189,ACC100560,1,176.48,176.48
ACC100189,ACC100664,1,1846.36,1846.36
ACC100189,ACC100981,1,1396.45,1396.45
ACC100190,ACC100093,1,953.76,953.76
ACC100190,ACC100365,1,2084.33,2084.33
ACC100190,ACC100437,1,864.0,864.0
ACC100190,ACC100447,1,2415.43,2415.43
ACC100190,ACC100469,1,229.81,229.81
ACC100190,ACC100482,1,446.82,446.82
ACC100190,ACC100512,1,606.74,606.74
ACC100190,ACC100542,1,471.18,471.18
ACC100190,ACC100653,1,529.14,529.14
ACC100190,ACC100868,1,1358.73,1358.73
ACC100190,ACC100886,1,2506.83,2506.83
ACC100191,ACC100161,1,4233.63,4233.63
ACC100191,ACC100255,1,136.21,136.21
ACC100191,ACC100398,1,1017.55,1017.55
ACC100191,ACC100559,1,336.98,336.98
ACC100191,ACC100563,1,1995.51,1995.51
ACC100191,ACC100609,1,4473.37,4473.37
ACC100191,ACC100728,1,620.26,620.26
ACC100191,ACC100839,1,682.3,682.3
ACC100191,ACC100932,1,372.35,372.35
ACC100192,ACC100045,1,2408.42,2408.42
ACC100192,ACC100070,1,1183.01,1183.01
ACC100192,ACC100119,1,672.75,672.75
ACC100192,ACC100123,1,1001.32,1001.32
ACC100192,ACC100145,1,4005.61,4005.61
ACC100192,ACC100299,1,310.49,310.49
ACC100192,ACC100328,1,984.73,984.73
ACC100192,ACC100553,1,215.54,215.54
ACC100192,ACC100568,1,2851.07,2851.07
ACC100192,ACC100736,1,1879.17,1879.17
ACC100192,ACC100813,1,335.52,335.52
ACC100192,ACC100948,1,499.78,499.78
ACC100193,ACC100064,1,2380.58,2380.58
ACC100193,ACC100088,1,3434.24,3434.24
ACC100193,ACC100152,1,2130.11,2130.11
ACC100193,ACC100176,1,1161.13,1161.13
ACC100193,ACC100204,1,8629.77,8629.77
ACC100193,ACC100253,1,104.58,104.58
ACC100193,ACC100265,1,72.01,72.01
ACC100193,ACC100371,1,822.85,822.85
ACC100193,ACC100441,1,4127.36,4127.36
ACC100193,ACC100583,1,1624.42,1624.42
ACC100193,ACC100791,1,6730.6,6730.6
ACC100193,ACC100913,1,2951.36,2951.36
ACC100194,ACC100060,1,1221.53,1221.53
ACC100194,ACC100285,1,709.77,709.77
ACC100194,ACC100338,1,4020.74,4020.74
ACC100194,ACC100345,1,2630.27,2630.27
ACC100194,ACC100348,1,16241.98,16241.98
ACC100194,ACC100462,1,396.17,396.17
ACC100194,ACC100536,1,3984.23,3984.23
ACC100194,ACC100580,1,4476.9,4476.9
ACC100194,ACC100687,1,1607.81,1607.81
ACC100194,ACC100703,1,3310.55,3310.55
ACC100194,ACC100770,1,33.74,33.74
ACC100194,ACC100776,1,406.94,406.94
ACC100194,ACC100856,1,1143.37,1143.37
ACC100194,ACC100935,1,870.92,870.92
ACC100195,ACC100095,1,11221.0,11221.0
ACC100195,ACC100328,1,67.38,67.38
ACC100195,ACC100434,1,1115.87,1115.87
ACC100195,ACC100444,1,299.3,299.3
ACC100195,ACC100741,1,2426.96,2426.96
ACC100195,ACC100929,1,1929.37,1929.37
ACC100196,ACC100033,1,2293.64,2293.64
ACC100196,ACC100101,1,96.35,96.35
ACC100196,ACC100707,1,1655.33,1655.33
ACC100196,ACC100734,1,1247.94,1247.94
ACC100196,ACC100868,1,1566.77,1566.77
ACC100196,ACC100966,1,776.56,776.56
ACC100197,ACC100012,1,116.84,116.84
ACC100197,ACC100020,1,2860.87,2860.87
ACC100197,ACC100176,1,1254.93,1254.93
ACC100197,ACC100187,1,2072.69,2072.69
ACC100197,ACC100214,1,1352.63,1352.63
ACC100197,ACC100231,1,7337.87,7337.87
ACC100197,ACC100421,1,1204.13,1204.13
ACC100197,ACC100441,1,818.74,818.74
ACC100197,ACC100487,1,3277.97,3277.97
ACC100197,ACC100558,1,10690.0,10690.0
ACC100197,ACC100638,1,524.43,524.43
ACC100197,ACC100844,1,33.23,33.23
ACC100197,ACC100896,1,2843.85,2843.85
ACC100197,ACC100904,1,2956.55,2956.55
ACC100197,ACC100910,1,766.84,766.84
ACC100198,ACC100081,1,532.0,532.0
ACC100198,ACC100117,1,162.46,162.46
ACC100198,ACC100314,1,3061.46,3061.46
ACC100198,ACC100317,1,125.47,125.47
ACC100198,ACC100326,1,225.08,225.08
ACC100198,ACC100338,1,708.36,708.36
ACC100198,ACC100387,1,801.4,801.4
ACC100198,ACC100427,1,2718.4,2718.4
ACC100198,ACC100542,1,96.48,96.48
ACC100198,ACC100557,1,1106.67,1106.67
ACC100198,ACC100748,1,6184.71,6184.71
ACC100198,ACC100781,1,1838.47,1838.47
ACC100198,ACC100784,1,1865.66,1865.66
ACC100198,ACC100797,1,7882.72,7882.72
ACC100198,ACC100931,1,6889.68,6889.68
ACC100199,ACC100015,2,1038.1000000000001,519.0500000000001
ACC100199,ACC100034,1,524.26,524.26
ACC100199,ACC100045,1,447.86,447.86
ACC100199,ACC100209,1,150.76,150.76
ACC100199,ACC100276,1,2228.82,2228.82
ACC100199,ACC100479,1,2223.75,2223.75
ACC100199,ACC100560,1,3371.94,3371.94
ACC100199,ACC100646,1,564.87,564.87
ACC100199,ACC100902,1,2185.68,2185.68
ACC100200,ACC100022,1,714.42,714.42
ACC100200,ACC100060,1,2606.86,2606.86
ACC100200,ACC100149,1,555.57,555.57
ACC100200,ACC100278,1,749.77,749.77
ACC100200,ACC100330,1,978.25,978.25
ACC100200,ACC100415,1,70.27,70.27
ACC100200,ACC100557,1,2057.24,2057.24
ACC100200,ACC100574,1,8038.01,8038.01
ACC100200,ACC100672,1,610.02,610.02
ACC100200,ACC100693,1,613.31,613.31
ACC100200,ACC100799,1,2097.26,2097.26
ACC100200,ACC100840,1,7324.61,7324.61
ACC100200,ACC100847,1,1158.3,1158.3
ACC100200,ACC100876,1,958.0,958.0
ACC100200,ACC100886,1,2725.88,2725.88
ACC100200,ACC100999,1,431.91,431.91
ACC100201,ACC100168,1,590.64,590.64
ACC100201,ACC100204,1,2708.54,2708.54
ACC100201,ACC100241,1,591.04,591.04
ACC100201,ACC100512,1,1246.23,1246.23
ACC100201,ACC100658,1,521.72,521.72
ACC100201,ACC100708,1,349.59,349.59
ACC100201,ACC100841,1,101.64,101.64
ACC100202,ACC100372,1,196.54,196.54
ACC100202,ACC100617,1,228.19,228.19
ACC100202,ACC100644,1,539.02,539.02
ACC100202,ACC100694,1,4770.94,4770.94
ACC100202,ACC100703,1,844.44,844.44
ACC100202,ACC100746,1,1686.14,1686.14
ACC100202,ACC100801,1,1064.56,1064.56
ACC100202,ACC100809,1,435.7,435.7
ACC100202,ACC100870,1,3309.07,3309.07
ACC100202,ACC100907,1,1046.74,1046.74
ACC100203,ACC100008,1,800.44,800.44
ACC100203,ACC100071,1,612.8,612.8
ACC100203,ACC100086,1,303.23,303.23
ACC100203,ACC100202,1,2408.44,2408.44
ACC100203,ACC100248,1,887.3,887.3
ACC100203,ACC100272,1,1722.59,1722.59
ACC100203,ACC100357,1,570.98,570.98
ACC100203,ACC100410,1,659.87,659.87
ACC100203,ACC100421,1,194.55,194.55
ACC100203,ACC100463,1,92924.4,92924.4
ACC100203,ACC100534,1,621.32,621.32
ACC100203,ACC100682,1,409.34,409.34
ACC100203,ACC100768,1,892.81,892.81
ACC100203,ACC100974,1,241.3,241.3
ACC100204,ACC100025,1,12938.0,12938.0
ACC100204,ACC100044,1,239.15,239.15
ACC100204,ACC100099,1,1251.16,1251.16
ACC100204,ACC100222,1,625.71,625.71
ACC100204,ACC100266,1,1990.1,1990.1
ACC100204,ACC100424,1,3265.63,3265.63
ACC100204,ACC100523,1,1855.98,1855.98
ACC100204,ACC100761,1,858.69,858.69
ACC100205,ACC100060,1,667.51,667.51
ACC100205,ACC100136,1,999.66,999.66
ACC100205,ACC100197,1,2533.32,2533.32
ACC100205,ACC100214,1,5573.7,5573.7
ACC100205,ACC100350,1,339.96,339.96
ACC100205,ACC100704,1,105.73,105.73
ACC100205,ACC100731,1,320.52,320.52
ACC100205,ACC100964,1,177.18,177.18
ACC100206,ACC100003,1,123.19,123.19
ACC100206,ACC100180,1,1211.08,1211.08
ACC100206,ACC100194,1,2106.29,2106.29
ACC100206,ACC100219,1,2742.81,2742.81
ACC100206,ACC100411,1,64.11,64.11
ACC100206,ACC100759,1,1336.34,1336.34
ACC100207,ACC100026,1,1605.25,1605.25
ACC100207,ACC100085,1,1553.95,1553.95
ACC100207,ACC100464,1,1852.13,1852.13
ACC100207,ACC100516,1,1805.69,1805.69
ACC100207,ACC100535,1,1149.01,1149.01
ACC100207,ACC100598,1,1032.87,1032.87
ACC100207,ACC100704,1,3150.29,3150.29
ACC100207,ACC100854,1,451.31,451.31
ACC100207,ACC100999,1,188.17,188.17
ACC100208,ACC100018,1,633.58,633.58
ACC100208,ACC100075,1,925.77,925.77
ACC100208,ACC100092,1,601.06,601.06
ACC100208,ACC100209,1,281.01,281.01
ACC100208,ACC100313,1,1631.04,1631.04
ACC100208,ACC100422,1,8242.97,8242.97
ACC100208,ACC100554,1,827.5,827.5
ACC100208,ACC100595,1,1549.6,1549.6
ACC100208,ACC100598,1,425.21,425.21
ACC100208,ACC100710,1,358.48,358.48
ACC100208,ACC100889,1,547.36,547.36
ACC100208,ACC100923,1,1150.36,1150.36
ACC100209,ACC100189,1,1845.79,1845.79
ACC100209,ACC100290,1,933.68,933.68
ACC100209,ACC100461,1,15991.82,15991.82
ACC100209,ACC100478,1,1048.61,1048.61
ACC100209,ACC100574,1,8375.0,8375.0
ACC100209,ACC100737,1,532.83,532.83
ACC100209,ACC100869,1,913.95,913.95
ACC100209,ACC100962,1,1202.77,1202.77
ACC100210,ACC100175,1,902.32,902.32
ACC100210,ACC100206,1,2045.54,2045.54
ACC100210,ACC100212,1,1353.68,1353.68
ACC100210,ACC100238,1,12647.0,12647.0
ACC100210,ACC100240,1,11301.53,11301.53
ACC100210,ACC100388,1,492.96,492.96
ACC100210,ACC100398,1,578.71,578.71
ACC100210,ACC100491,1,581.89,581.89
ACC100210,ACC100561,1,1811.95,1811.95
ACC100210,ACC100688,1,587.21,587.21
ACC100210,ACC100762,1,1409.47,1409.47
ACC100210,ACC100939,1,1196.03,1196.03
ACC100211,ACC100562,1,965.43,965.43
ACC100211,ACC100565,1,131.78,131.78
ACC100211,ACC100668,1,2220.12,2220.12
ACC100211,ACC100762,1,1286.79,1286.79
ACC100211,ACC100798,1,1048.54,1048.54
ACC100211,ACC100836,1,4163.3,4163.3
ACC100211,ACC100878,1,1483.13,1483.13
ACC100212,ACC100238,1,6629.0,6629.0
ACC100212,ACC100310,1,691.71,691.71
ACC100212,ACC100546,1,450.6,450.6
ACC100212,ACC100601,1,1362.43,1362.43
ACC100212,ACC100706,1,4146.94,4146.94
ACC100212,ACC100810,1,186.5,186.5
ACC100213,ACC100005,1,3362.66,3362.66
ACC100213,ACC100054,1,2164.17,2164.17
ACC100213,ACC100235,1,594.17,594.17
ACC100213,ACC100244,1,591.21,591.21
ACC100213,ACC100257,1,1491.82,1491.82
ACC100213,ACC100591,1,221.02,221.02
ACC100213,ACC100594,1,531.87,531.87
ACC100213,ACC100840,1,269.03,269.03
ACC100213,ACC100946,1,237.21,237.21
ACC100214,ACC100330,1,326.81,326.81
ACC100214,ACC100355,1,708.14,708.14
ACC100214,ACC100369,1,598.46,598.46
ACC100214,ACC100427,1,131.34,131.34
ACC100214,ACC100571,1,1581.5,1581.5
ACC100214,ACC100700,1,218.8,218.8
ACC100214,ACC100781,1,116.18,116.18
ACC100214,ACC100967,1,666.88,666.88
ACC100214,ACC100975,1,169.34,169.34
ACC100215,ACC100051,1,772.18,772.18
ACC100215,ACC100057,1,2265.66,2265.66
ACC100215,ACC100303,1,2435.99,2435.99
ACC100215,ACC100357,1,1239.21,1239.21
ACC100215,ACC100378,1,5322.91,5322.91
ACC100215,ACC100545,1,491.09,491.09
ACC100215,ACC100591,1,355.91,355.91
ACC100215,ACC100637,1,105.12,105.12
ACC100215,ACC100754,2,4508.36,2254.18
ACC100216,ACC100027,1,898.57,898.57
ACC100216,ACC100074,1,1149.95,1149.95
ACC100216,ACC100113,1,768.85,768.85
ACC100216,ACC100151,1,738.54,738.54
ACC100216,ACC100228,1,2113.36,2113.36
ACC100216,ACC100365,1,693.94,693.94
ACC100216,ACC100548,1,173.81,173.81
ACC100216,ACC100574,1,13945.0,13945.0
ACC100216,ACC100605,1,610.14,610.14
ACC100216,ACC100647,1,4373.33,4373.33
ACC100216,ACC100758,1,3853.0,3853.0
ACC100216,ACC100773,1,742.77,742.77
ACC100216,ACC100881,1,1582.24,1582.24
ACC100217,ACC100070,1,1477.26,1477.26
ACC100217,ACC100114,1,7040.0,7040.0
ACC100217,ACC100171,1,5935.53,5935.53
ACC100217,ACC100417,1,1047.62,1047.62
ACC100217,ACC100719,1,1573.81,1573.81
ACC100217,ACC100805,1,882.29,882.29
ACC100217,ACC100962,1,5947.38,5947.38
ACC100217,ACC100982,1,854.2,854.2
ACC100218,ACC100070,1,178.91,178.91
ACC100218,ACC100079,1,1355.17,1355.17
ACC100218,ACC100114,1,12064.0,12064.0
ACC100218,ACC100241,1,206.73,206.73
ACC100218,ACC100250,1,5546.0,5546.0
ACC100218,ACC100281,1,7861.0,7861.0
ACC100218,ACC100402,1,2720.91,2720.91
ACC100218,ACC100565,1,943.55,943.55
ACC100218,ACC100612,1,4206.2,4206.2
ACC100218,ACC100631,1,3839.24,3839.24
ACC100218,ACC100741,1,5826.47,5826.47
ACC100218,ACC100783,1,3899.83,3899.83
ACC100218,ACC100857,1,1021.86,1021.86
ACC100218,ACC100897,1,2349.33,2349.33
ACC100218,ACC100916,1,804.7,804.7
ACC100219,ACC100013,1,157.98,157.98
ACC100219,ACC100428,1,2394.4,2394.4
ACC100219,ACC100474,1,564.76,564.76
ACC100219,ACC100521,1,616.99,616.99
ACC100219,ACC100634,1,2540.46,2540.46
ACC100219,ACC100736,1,638.79,638.79
ACC100219,ACC100876,1,2721.52,2721.52
ACC100219,ACC100982,1,1156.51,1156.51
ACC100220,ACC100187,1,593.01,593.01
ACC100220,ACC100259,1,4272.7,4272.7
ACC100220,ACC100404,1,1489.15,1489.15
ACC100220,ACC100566,1,60.86,60.86
ACC100220,ACC100661,1,1149.99,1149.99
ACC100220,ACC100677,1,8428.66,8428.66
ACC100220,ACC100911,1,1542.55,1542.55
ACC100220,ACC100976,1,363.04,363.04
ACC100220,ACC100986,1,619.63,619.63
ACC100221,ACC100040,1,414.64,414.64
ACC100221,ACC100137,1,4501.78,4501.78
ACC100221,ACC100238,1,3996.0,3996.0
ACC100221,ACC100340,1,1148.06,1148.06
ACC100221,ACC100444,1,341.35,341.35
ACC100221,ACC100452,1,1383.09,1383.09
ACC100221,ACC100465,1,679.03,679.03
ACC100221,ACC100605,1,6070.06,6070.06
ACC100221,ACC100761,1,1235.88,1235.88
ACC100221,ACC100835,1,356.98,356.98
ACC100221,ACC100895,1,2895.01,2895.01
ACC100221,ACC100984,1,4231.81,4231.81
ACC100222,ACC100016,1,412.88,412.88
ACC100222,ACC100463,1,535.4,535.4
ACC100222,ACC100526,1,1990.02,1990.02
ACC100222,ACC100647,1,542.49,542.49
ACC100222,ACC100653,1,637.1,637.1
ACC100222,ACC100706,1,499.24,499.24
ACC100222,ACC100729,1,175.76,175.76
ACC100222,ACC100732,1,946.13,946.13
ACC100222,ACC100782,1,375.61,375.61
ACC100222,ACC100785,1,3201.42,3201.42
ACC100222,ACC100794,1,880.67,880.67
ACC100222,ACC100836,1,7118.24,7118.24
ACC100222,ACC100891,1,8296.91,8296.91
ACC100222,ACC100945,1,474.72,474.72
ACC100222,ACC100965,1,3502.55,3502.55
ACC100223,ACC100068,1,843.79,843.79
ACC100223,ACC100164,1,141.01,141.01
ACC100223,ACC100313,1,285.86,285.86
ACC100223,ACC100336,1,3790.59,3790.59
ACC100223,ACC100499,1,1448.52,1448.52
ACC100223,ACC100658,1,115757.07,115757.07
ACC100223,ACC100672,1,499.28,499.28
ACC100223,ACC100706,1,503.47,503.47
ACC100223,ACC100725,1,5784.56,5784.56
ACC100223,ACC100776,1,3297.72,3297.72
ACC100223,ACC100802,1,430.48,430.48
ACC100223,ACC100816,1,1495.34,1495.34
ACC100223,ACC100824,1,978.59,978.59
ACC100224,ACC100018,1,1824.6,1824.6
ACC100224,ACC100146,1,3485.39,3485.39
ACC100224,ACC100255,1,1018.47,1018.47
ACC100224,ACC100275,1,257.83,257.83
ACC100224,ACC100401,1,251.7,251.7
ACC100224,ACC100475,1,262.75,262.75
ACC100224,ACC100491,1,336.35,336.35
ACC100224,ACC100734,1,340.2,340.2
ACC100224,ACC100742,1,102.62,102.62
ACC100224,ACC100779,1,2339.6,2339.6
ACC100224,ACC100872,1,2846.05,2846.05
ACC100224,ACC100896,1,464.03,464.03
ACC100224,ACC100916,1,8527.01,8527.01
ACC100225,ACC100067,1,3282.35,3282.35
ACC100225,ACC100095,1,8352.0,8352.0
ACC100225,ACC100268,1,2353.32,2353.32
ACC100225,ACC100326,1,4018.22,4018.22
ACC100225,ACC100443,1,474.55,474.55
ACC100225,ACC100654,1,8514.0,8514.0
ACC100225,ACC100759,1,6006.0,6006.0
ACC100225,ACC100790,1,1214.67,1214.67
ACC100225,ACC100856,1,1599.87,1599.87
ACC100225,ACC100877,1,1060.7,1060.7
ACC100226,ACC100084,1,995.32,995.32
ACC100226,ACC100086,1,361.71,361.71
ACC100226,ACC100182,1,846.36,846.36
ACC100226,ACC100230,1,6030.74,6030.74
ACC100226,ACC100460,1,145.34,145.34
ACC100226,ACC100619,1,1796.56,1796.56
ACC100226,ACC100699,1,43.54,43.54
ACC100227,ACC100199,1,1226.15,1226.15
ACC100227,ACC100219,1,1045.41,1045.41
ACC100227,ACC100363,1,516.58,516.58
ACC100227,ACC100749,1,285.1,285.1
ACC100227,ACC100843,1,424.92,424.92
ACC100227,ACC100906,1,3792.23,3792.23
ACC100228,ACC100031,1,626.2,626.2
ACC100228,ACC100272,1,565.78,565.78
ACC100228,ACC100304,1,4476.08,4476.08
ACC100228,ACC100387,1,5587.52,5587.52
ACC100228,ACC100484,1,1700.77,1700.77
ACC100228,ACC100541,1,246.27,246.27
ACC100228,ACC100561,1,2241.25,2241.25
ACC100228,ACC100589,1,337.69,337.69
ACC100228,ACC100595,1,79894.42,79894.42
ACC100228,ACC100812,1,4616.07,4616.07
ACC100228,ACC100864,1,1429.43,1429.43
ACC100228,ACC100914,1,930.57,930.57
ACC100229,ACC100007,1,2101.71,2101.71
ACC100229,ACC100040,1,1875.01,1875.01
ACC100229,ACC100046,1,546.8,546.8
ACC100229,ACC100135,1,3352.99,3352.99
ACC100229,ACC100210,1,1300.45,1300.45
ACC100229,ACC100258,1,372.17,372.17
ACC100229,ACC100341,1,532.08,532.08
ACC100229,ACC100460,1,1483.48,1483.48
ACC100229,ACC100489,1,1542.07,1542.07
ACC100229,ACC100639,1,1777.85,1777.85
ACC100229,ACC100738,1,13994.66,13994.66
ACC100229,ACC100742,1,705.58,705.58
ACC100229,ACC100744,1,2315.45,2315.45
ACC100230,ACC100132,1,1743.04,1743.04
ACC100230,ACC100186,1,168.61,168.61
ACC100230,ACC100330,1,3039.85,3039.85
ACC100230,ACC100345,1,1852.61,1852.61
ACC100230,ACC100406,1,8737.33,8737.33
ACC100230,ACC100759,1,9669.0,9669.0
ACC100230,ACC100937,1,1358.07,1358.07
ACC100231,ACC100181,1,502.18,502.18
ACC100231,ACC100256,1,994.53,994.53
ACC100231,ACC100429,1,1069.48,1069.48
ACC100231,ACC100478,1,1836.84,1836.84
ACC100231,ACC100857,1,158.48,158.48
ACC100231,ACC100986,1,225.16,225.16
ACC100232,ACC100000,1,768.95,768.95
ACC100232,ACC100032,1,1202.08,1202.08
ACC100232,ACC100089,1,5564.0,5564.0
ACC100232,ACC100168,1,647.5,647.5
ACC100232,ACC100291,1,1526.15,1526.15
ACC100232,ACC100448,1,357.16,357.16
ACC100232,ACC100525,1,725.34,725.34
ACC100232,ACC100549,1,1093.37,1093.37
ACC100232,ACC100645,1,37.19,37.19
ACC100232,ACC100716,1,797.19,797.19
ACC100232,ACC100830,1,1146.09,1146.09
ACC100233,ACC100108,1,3735.59,3735.59
ACC100233,ACC100320,1,1747.88,1747.88
ACC100233,ACC100441,1,1976.32,1976.32
ACC100233,ACC100549,1,870.74,870.74
ACC100233,ACC100591,1,1542.86,1542.86
ACC100233,ACC100692,1,77.26,77.26
ACC100233,ACC100792,1,1934.22,1934.22
ACC100234,ACC100246,1,1025.47,1025.47
ACC100234,ACC100253,1,184.17,184.17
ACC100234,ACC100282,1,1381.14,1381.14
ACC100234,ACC100411,1,675.78,675.78
ACC100234,ACC100604,1,11494.0,11494.0
ACC100234,ACC100716,1,2072.85,2072.85
ACC100234,ACC100739,1,1648.54,1648.54
ACC100234,ACC100839,1,233.72,233.72
ACC100234,ACC100960,1,12335.85,12335.85
ACC100234,ACC100992,1,5175.17,5175.17
ACC100235,ACC100387,1,2124.48,2124.48
ACC100235,ACC100414,1,99.24,99.24
ACC100235,ACC100433,1,982.23,982.23
ACC100235,ACC100754,1,13269.36,13269.36
ACC100235,ACC100759,1,11786.0,11786.0
ACC100235,ACC100777,1,317.61,317.61
ACC100235,ACC100823,1,6755.73,6755.73
ACC100235,ACC100890,1,3535.02,3535.02
ACC100236,ACC100007,1,524.12,524.12
ACC100236,ACC100060,1,1746.67,1746.67
ACC100236,ACC100119,1,859.17,859.17
ACC100236,ACC100172,1,4226.7,4226.7
ACC100236,ACC100225,1,4114.81,4114.81
ACC100236,ACC100365,1,13281.1,13281.1
ACC100236,ACC100502,1,583.44,583.44
ACC100236,ACC100558,1,3745.0,3745.0
ACC100236,ACC100663,1,1358.17,1358.17
ACC100236,ACC100820,1,1017.23,1017.23
ACC100236,ACC100927,1,3618.27,3618.27
ACC100236,ACC100945,1,793.29,793.29
ACC100237,ACC100121,1,425.22,425.22
ACC100237,ACC100278,1,1738.2,1738.2
ACC100237,ACC100329,1,193.77,193.77
ACC100237,ACC100574,1,4554.98,4554.98
ACC100237,ACC100731,1,1252.81,1252.81
ACC100237,ACC100747,1,403.19,403.19
ACC100237,ACC100889,1,1398.56,1398.56
ACC100237,ACC100908,1,615.53,615.53
ACC100238,ACC100075,1,107991.31,107991.31
ACC100238,ACC100117,1,2206.0,2206.0
ACC100238,ACC100306,1,969.28,969.28
ACC100238,ACC100317,1,359.4,359.4
ACC100238,ACC100446,1,1520.94,1520.94
ACC100238,ACC100522,1,648.16,648.16
ACC100238,ACC100585,1,1409.53,1409.53
ACC100238,ACC100734,1,386.44,386.44
ACC100238,ACC100800,1,313.44,313.44
ACC100238,ACC100829,1,7067.08,7067.08
ACC100238,ACC100885,1,761.78,761.78
ACC100239,ACC100096,1,11532.13,11532.13
ACC100239,ACC100106,1,2500.47,2500.47
ACC100239,ACC100423,1,561.79,561.79
ACC100239,ACC100505,1,278.51,278.51
ACC100239,ACC100528,1,1245.65,1245.65
ACC100239,ACC100717,1,4315.44,4315.44
ACC100239,ACC100718,1,5254.0,5254.0
ACC100239,ACC100776,1,1445.96,1445.96
ACC100240,ACC100223,1,9866.0,9866.0
ACC100240,ACC100279,1,2431.94,2431.94
ACC100240,ACC100344,1,2258.13,2258.13
ACC100240,ACC100358,1,444.64,444.64
ACC100240,ACC100370,1,5968.51,5968.51
ACC100240,ACC100419,1,1775.29,1775.29
ACC100240,ACC100656,1,2215.06,2215.06
ACC100240,ACC100753,1,12387.99,12387.99
ACC100241,ACC100632,1,806.69,806.69
ACC100241,ACC100746,1,777.69,777.69
ACC100241,ACC100777,1,725.01,725.01
ACC100242,ACC100207,1,398.8,398.8
ACC100242,ACC100275,1,1913.08,1913.08
ACC100242,ACC100450,1,341.77,341.77
ACC100242,ACC100508,1,968.11,968.11
ACC100242,ACC100576,1,3838.16,3838.16
ACC100242,ACC100590,1,1978.62,1978.62
ACC100243,ACC100098,1,1115.5,1115.5
ACC100243,ACC100119,1,6804.96,6804.96
ACC100243,ACC100273,1,5661.67,5661.67
ACC100243,ACC100285,1,614.76,614.76
ACC100243,ACC100382,1,2055.02,2055.02
ACC100243,ACC100517,1,1994.52,1994.52
ACC100243,ACC100519,1,16016.5,16016.5
ACC100243,ACC100665,1,1312.27,1312.27
ACC100243,ACC100718,1,13505.0,13505.0
ACC100244,ACC100213,1,3037.84,3037.84
ACC100244,ACC100292,1,1432.62,1432.62
ACC100244,ACC100330,1,9614.33,9614.33
ACC100244,ACC100469,1,5630.08,5630.08
ACC100244,ACC100567,1,1235.64,1235.64
ACC100244,ACC100635,1,289.44,289.44
ACC100244,ACC100848,1,299.71,299.71
ACC100244,ACC100960,1,1129.83,1129.83
ACC100245,ACC100022,1,400.01,400.01
ACC100245,ACC100430,1,736.34,736.34
ACC100245,ACC100432,1,10736.0,10736.0
ACC100245,ACC100668,1,2068.38,2068.38
ACC100245,ACC100789,1,1573.79,1573.79
ACC100245,ACC100876,1,4394.25,4394.25
ACC100246,ACC100085,1,25720.8,25720.8
ACC100246,ACC100111,1,98.94,98.94
ACC100246,ACC100157,1,1145.3,1145.3
ACC100246,ACC100249,1,1346.14,1346.14
ACC100246,ACC100281,1,4329.53,4329.53
ACC100246,ACC100406,1,11199.98,11199.98
ACC100246,ACC100591,1,2684.69,2684.69
ACC100246,ACC100607,1,2927.22,2927.22
ACC100246,ACC100659,1,568.65,568.65
ACC100246,ACC100663,1,854.5,854.5
ACC100246,ACC100701,1,568.24,568.24
ACC100246,ACC100806,1,2715.69,2715.69
ACC100246,ACC100852,1,1417.07,1417.07
ACC100246,ACC100952,1,2799.43,2799.43
ACC100247,ACC100222,1,242.52,242.52
ACC100247,ACC100235,1,1605.76,1605.76
ACC100247,ACC100276,1,9044.58,9044.58
ACC100247,ACC100296,1,1037.04,1037.04
ACC100247,ACC100311,1,1299.99,1299.99
ACC100247,ACC100549,1,1552.73,1552.73
ACC100247,ACC100551,1,1242.06,1242.06
ACC100247,ACC100569,1,5732.69,5732.69
ACC100247,ACC100773,1,232.16,232.16
ACC100247,ACC100815,1,3463.19,3463.19
ACC100247,ACC100890,1,5690.42,5690.42
ACC100247,ACC100929,1,4541.91,4541.91
ACC100248,ACC100015,1,867.49,867.49
ACC100248,ACC100081,1,800.86,800.86
ACC100248,ACC100160,1,23005.25,23005.25
ACC100248,ACC100308,1,485.88,485.88
ACC100248,ACC100384,1,5486.79,5486.79
ACC100248,ACC100511,1,495.11,495.11
ACC100248,ACC100767,1,1164.83,1164.83
ACC100248,ACC100780,1,1817.67,1817.67
ACC100248,ACC100952,1,2325.47,2325.47
ACC100248,ACC100958,1,2223.53,2223.53
ACC100248,ACC100969,1,1000.59,1000.59
ACC100249,ACC100044,1,530.83,530.83
ACC100249,ACC100139,1,1496.22,1496.22
ACC100249,ACC100162,1,11131.16,11131.16
ACC100249,ACC100638,1,481.62,481.62
ACC100249,ACC100721,1,305.5,305.5
ACC100249,ACC100740,1,596.7,596.7
ACC100249,ACC100928,1,1355.43,1355.43
ACC100249,ACC100947,1,1522.41,1522.41
ACC100249,ACC100987,1,2268.93,2268.93
ACC100250,ACC100042,1,112167.83,112167.83
ACC100250,ACC100145,1,2634.35,2634.35
ACC100250,ACC100203,1,4684.0,4684.0
ACC100250,ACC100238,1,8383.0,8383.0
ACC100250,ACC100287,1,1088.5,1088.5
ACC100250,ACC100434,1,202.02,202.02
ACC100250,ACC100475,1,887.85,887.85
ACC100250,ACC100752,1,992.61,992.61
ACC100250,ACC100776,1,2038.1,2038.1
ACC100250,ACC100798,1,152.04,152.04
ACC100250,ACC100847,1,1180.18,1180.18
ACC100250,ACC100889,1,5222.79,5222.79
ACC100250,ACC100903,1,1030.75,1030.75
ACC100250,ACC100907,1,301.49,301.49
ACC100251,ACC100030,1,13468.0,13468.0
ACC100251,ACC100250,1,12052.0,12052.0
ACC100251,ACC100382,1,4283.9,4283.9
ACC100251,ACC100561,1,1235.16,1235.16
ACC100251,ACC100604,1,1858.99,1858.99
ACC100251,ACC100707,1,5763.61,5763.61
ACC100251,ACC100881,1,1985.14,1985.14
ACC100252,ACC100145,1,177.95,177.95
ACC100252,ACC100197,1,20891.04,20891.04
ACC100252,ACC100201,1,339.82,339.82
ACC100252,ACC100260,1,385.5,385.5
ACC100252,ACC100298,1,2836.64,2836.64
ACC100252,ACC100373,1,1978.32,1978.32
ACC100252,ACC100377,1,2013.91,2013.91
ACC100252,ACC100458,1,217.2,217.2
ACC100252,ACC100623,1,3236.93,3236.93
ACC100252,ACC100690,1,6276.23,6276.23
ACC100252,ACC100837,1,752.53,752.53
ACC100252,ACC100879,1,7643.15,7643.15
ACC100252,ACC100905,1,313.56,313.56
ACC100252,ACC100964,1,135.97,135.97
ACC100253,ACC100305,1,610.9,610.9
ACC100253,ACC100364,1,2116.73,2116.73
ACC100253,ACC100452,1,966.74,966.74
ACC100253,ACC100616,1,4753.08,4753.08
ACC100253,ACC100666,1,428.83,428.83
ACC100253,ACC100678,1,2357.78,2357.78
ACC100253,ACC100759,1,12440.0,12440.0
ACC100253,ACC100788,1,1760.36,1760.36
ACC100254,ACC100009,1,8763.14,8763.14
ACC100254,ACC100238,1,430.64,430.64
ACC100254,ACC100307,1,300.18,300.18
ACC100254,ACC100334,1,2577.15,2577.15
ACC100254,ACC100349,1,1335.66,1335.66
ACC100254,ACC100442,1,141.23,141.23
ACC100254,ACC100530,1,463.07,463.07
ACC100254,ACC100601,1,6832.95,6832.95
ACC100254,ACC100644,1,3922.64,3922.64
ACC100254,ACC100765,1,635.2,635.2
ACC100254,ACC100788,1,2334.41,2334.41
ACC100254,ACC100847,1,2341.6,2341.6
ACC100254,ACC100943,1,3086.32,3086.32
ACC100255,ACC100034,1,594.31,594.31
ACC100255,ACC100038,1,472.15,472.15
ACC100255,ACC100094,1,4249.04,4249.04
ACC100255,ACC100225,1,2766.51,2766.51
ACC100255,ACC100257,1,9015.81,9015.81
ACC100255,ACC100349,1,992.59,992.59
ACC100255,ACC100444,1,1183.96,1183.96
ACC100255,ACC100631,1,194.17,194.17
ACC100255,ACC100757,1,3622.95,3622.95
ACC100255,ACC100762,1,6028.25,6028.25
ACC100255,ACC100909,1,180.94,180.94
ACC100255,ACC100920,1,181.75,181.75
ACC100256,ACC100092,1,1102.17,1102.17
ACC100256,ACC100111,1,895.81,895.81
ACC100256,ACC100139,1,7245.2,7245.2
ACC100256,ACC100183,2,12374.62,6187.31
ACC100256,ACC100228,1,9755.0,9755.0
ACC100256,ACC100604,1,7135.0,7135.0
ACC100256,ACC100719,1,310.64,310.64
ACC100256,ACC100746,1,353.78,353.78
ACC100256,ACC100921,1,968.39,968.39
ACC100257,ACC100016,1,4937.63,4937.63
ACC100257,ACC100095,1,4886.0,4886.0
ACC100257,ACC100124,1,1191.2,1191.2
ACC100257,ACC100215,1,610.27,610.27
ACC100257,ACC100220,1,4329.1,4329.1
ACC100257,ACC100328,1,2096.71,2096.71
ACC100257,ACC100492,1,644.2,644.2
ACC100257,ACC100508,1,5389.3,5389.3
ACC100257,ACC100549,1,100.29,100.29
ACC100257,ACC100558,1,14600.0,14600.0
ACC100257,ACC100699,1,5421.58,5421.58
ACC100257,ACC100715,1,948.86,948.86
ACC100257,ACC100820,1,609.22,609.22
ACC100257,ACC100863,1,3796.51,3796.51
ACC100257,ACC100897,1,725.83,725.83
ACC100257,ACC100958,1,293.98,293.98
ACC100258,ACC100090,1,1566.29,1566.29
ACC100258,ACC100127,1,5105.08,5105.08
ACC100258,ACC100135,1,812.1,812.1
ACC100258,ACC100150,1,170.47,170.47
ACC100258,ACC100282,1,388.25,388.25
ACC100258,ACC100286,1,1777.35,1777.35
ACC100258,ACC100298,1,629.95,629.95
ACC100258,ACC100502,1,272.31,272.31
ACC100258,ACC100650,1,1391.56,1391.56
ACC100258,ACC100665,1,4531.0,4531.0
ACC100258,ACC100758,1,11289.0,11289.0
ACC100258,ACC100829,1,3513.04,3513.04
ACC100259,ACC100024,1,815.9,815.9
ACC100259,ACC100157,1,668.95,668.95
ACC100259,ACC100248,1,767.26,767.26
ACC100259,ACC100261,1,571.19,571.19
ACC100259,ACC100314,1,515.21,515.21
ACC100259,ACC100372,1,4118.77,4118.77
ACC100259,ACC100451,1,268.87,268.87
ACC100259,ACC100463,1,706.22,706.22
ACC100259,ACC100543,1,942.12,942.12
ACC100259,ACC100680,1,395.2,395.2
ACC100259,ACC100918,1,1062.93,1062.93
ACC100259,ACC100931,1,1314.85,1314.85
ACC100259,ACC100962,1,279.34,279.34
ACC100259,ACC100982,1,908.2,908.2
ACC100260,ACC100096,1,164.62,164.62
ACC100260,ACC100338,1,2448.84,2448.84
ACC100260,ACC100404,1,1324.05,1324.05
ACC100260,ACC100760,1,1352.08,1352.08
ACC100260,ACC100869,1,1828.69,1828.69
ACC100260,ACC100873,1,1174.4,1174.4
ACC100260,ACC100883,1,392.83,392.83
ACC100260,ACC100942,1,1357.46,1357.46
ACC100261,ACC100182,1,1578.98,1578.98
ACC100261,ACC100221,1,5460.89,5460.89
ACC100261,ACC100228,1,425.27,425.27
ACC100261,ACC100229,1,1066.55,1066.55
ACC100261,ACC100271,1,3904.0,3904.0
ACC100261,ACC100324,1,1158.09,1158.09
ACC100261,ACC100356,1,1271.21,1271.21
ACC100261,ACC100365,1,5570.25,5570.25
ACC100261,ACC100472,1,535.27,535.27
ACC100261,ACC100574,1,7743.0,7743.0
ACC100261,ACC100701,1,1464.8,1464.8
ACC100261,ACC100886,1,1044.18,1044.18
ACC100261,ACC100936,1,2019.67,2019.67
ACC100261,ACC100938,1,488.48,488.48
ACC100262,ACC100011,1,1780.89,1780.89
ACC100262,ACC100036,1,618.29,618.29
ACC100262,ACC100038,1,832.91,832.91
ACC100262,ACC100212,1,283.32,283.32
ACC100262,ACC100588,1,314.64,314.64
ACC100262,ACC100629,1,2634.41,2634.41
ACC100262,ACC100815,1,801.07,801.07
ACC100262,ACC100915,1,726.94,726.94
ACC100262,ACC100917,1,849.61,849.61
ACC100262,ACC100927,1,476.57,476.57
ACC100263,ACC100024,1,1492.07,1492.07
ACC100263,ACC100088,1,742.96,742.96
ACC100263,ACC100122,1,5041.93,5041.93
ACC100263,ACC100253,1,823.0,823.0
ACC100263,ACC100260,1,125.59,125.59
ACC100263,ACC100474,1,79.39,79.39
ACC100263,ACC100481,1,362.2,362.2
ACC100263,ACC100613,1,218.7,218.7
ACC100263,ACC100638,1,1513.12,1513.12
ACC100263,ACC100809,1,1095.74,1095.74
ACC100263,ACC100909,1,305.86,305.86
ACC100263,ACC100928,1,1104.91,1104.91
ACC100264,ACC100145,1,2311.04,2311.04
ACC100264,ACC100169,1,868.96,868.96
ACC100264,ACC100397,1,345.63,345.63
ACC100264,ACC100677,1,4049.23,4049.23
ACC100264,ACC100970,1,1143.55,1143.55
ACC100264,ACC100979,1,606.69,606.69
ACC100265,ACC100006,1,802.74,802.74
ACC100265,ACC100009,1,346.61,346.61
ACC100265,ACC100132,1,2469.01,2469.01
ACC100265,ACC100210,1,9244.85,9244.85
ACC100265,ACC100444,1,9019.54,9019.54
ACC100265,ACC100538,1,288.89,288.89
ACC100265,ACC100787,1,215.27,215.27
ACC100265,ACC100789,1,364.4,364.4
ACC100265,ACC100807,1,1537.22,1537.22
ACC100265,ACC100904,1,2093.88,2093.88
ACC100265,ACC100955,1,609.77,609.77
ACC100265,ACC100964,1,1330.62,1330.62
ACC100266,ACC100177,1,4752.36,4752.36
ACC100266,ACC100309,1,161.35,161.35
ACC100266,ACC100366,1,330.01,330.01
ACC100266,ACC100396,1,1599.23,1599.23
ACC100266,ACC100400,1,313.22,313.22
ACC100266,ACC100477,1,777.65,777.65
ACC100266,ACC100541,1,2454.5,2454.5
ACC100266,ACC100556,1,665.78,665.78
ACC100266,ACC100660,1,3621.16,3621.16
ACC100266,ACC100764,1,1642.38,1642.38
ACC100266,ACC100815,1,1219.38,1219.38
ACC100266,ACC100828,1,276.62,276.62
ACC100267,ACC100032,1,4665.09,4665.09
ACC100267,ACC100209,1,303.01,303.01
ACC100267,ACC100290,1,1333.03,1333.03
ACC100267,ACC100409,1,537.01,537.01
ACC100267,ACC100414,1,183.31,183.31
ACC100267,ACC100608,1,427.68,427.68
ACC100267,ACC100619,1,5386.28,5386.28
ACC100267,ACC100671,1,3463.05,3463.05
ACC100267,ACC100691,1,1424.25,1424.25
ACC100267,ACC100755,1,1812.36,1812.36
ACC100267,ACC100800,1,1339.41,1339.41
ACC100267,ACC100854,1,4258.66,4258.66
ACC100267,ACC100865,1,701.8,701.8
ACC100267,ACC100981,1,314.71,314.71
ACC100268,ACC100127,1,22680.84,22680.84
ACC100268,ACC100165,1,4077.37,4077.37
ACC100268,ACC100437,1,1427.61,1427.61
ACC100268,ACC100440,1,3324.37,3324.37
ACC100268,ACC100632,1,2269.69,2269.69
ACC100268,ACC100663,1,822.08,822.08
ACC100268,ACC100680,1,4936.44,4936.44
ACC100268,ACC100709,1,393.58,393.58
ACC100268,ACC100744,1,177.55,177.55
ACC100268,ACC100777,1,833.55,833.55
ACC100268,ACC100784,1,334.92,334.92
ACC100268,ACC100786,1,940.92,940.92
ACC100268,ACC100820,1,1740.49,1740.49
ACC100268,ACC100853,1,2180.92,2180.92
ACC100268,ACC100954,1,432.96,432.96
ACC100269,ACC100064,1,10379.88,10379.88
ACC100269,ACC100081,1,3387.4,3387.4
ACC100269,ACC100147,1,2071.18,2071.18
ACC100269,ACC100197,1,1140.81,1140.81
ACC100269,ACC100227,1,2360.6,2360.6
ACC100269,ACC100253,1,3625.04,3625.04
ACC100269,ACC100445,1,1830.15,1830.15
ACC100269,ACC100577,1,369.49,369.49
ACC100269,ACC100694,1,2494.28,2494.28
ACC100269,ACC100953,1,1942.42,1942.42
ACC100269,ACC100979,1,1779.04,1779.04
ACC100270,ACC100112,1,65.35,65.35
ACC100270,ACC100131,1,166.86,166.86
ACC100270,ACC100133,1,5202.46,5202.46
ACC100270,ACC100203,1,733.54,733.54
ACC100270,ACC100475,1,221.56,221.56
ACC100270,ACC100553,1,4212.02,4212.02
ACC100270,ACC100570,1,497.68,497.68
ACC100270,ACC100626,1,1026.09,1026.09
ACC100270,ACC100686,1,159.74,159.74
ACC100270,ACC100765,1,212.29,212.29
ACC100270,ACC100813,1,658.82,658.82
ACC100270,ACC100881,1,809.83,809.83
ACC100271,ACC100057,1,134.22,134.22
ACC100271,ACC100281,1,11565.0,11565.0
ACC100271,ACC100307,1,774.92,774.92
ACC100271,ACC100678,1,773.54,773.54
ACC100271,ACC100711,1,11184.64,11184.64
ACC100271,ACC100802,1,321.88,321.88
ACC100271,ACC100876,1,2721.32,2721.32
ACC100271,ACC100970,1,1268.78,1268.78
ACC100272,ACC100128,1,517.88,517.88
ACC100272,ACC100155,1,1982.39,1982.39
ACC100272,ACC100181,1,1617.18,1617.18
ACC100272,ACC100250,1,11280.0,11280.0
ACC100272,ACC100569,1,370.23,370.23
ACC100272,ACC100736,1,1217.04,1217.04
ACC100272,ACC100857,1,1521.57,1521.57
ACC100273,ACC100183,1,3222.58,3222.58
ACC100273,ACC100202,1,774.34,774.34
ACC100273,ACC100465,1,669.58,669.58
ACC100273,ACC100473,1,715.81,715.81
ACC100273,ACC100768,1,105.32,105.32
ACC100273,ACC100936,1,391.75,391.75
ACC100274,ACC100016,1,78.78,78.78
ACC100274,ACC100248,1,1333.89,1333.89
ACC100274,ACC100257,1,490.15,490.15
ACC100274,ACC100280,1,397.96,397.96
ACC100274,ACC100536,1,542.65,542.65
ACC100274,ACC100578,1,17791.29,17791.29
ACC100274,ACC100738,1,1996.42,1996.42
ACC100274,ACC100959,1,1614.84,1614.84
ACC100275,ACC100038,1,622.45,622.45
ACC100275,ACC100365,1,754.02,754.02
ACC100275,ACC100410,1,657.0,657.0
ACC100275,ACC100522,1,1360.43,1360.43
ACC100275,ACC100684,1,3154.36,3154.36
ACC100275,ACC100812,1,2482.25,2482.25
ACC100275,ACC100986,1,713.24,713.24
ACC100276,ACC100004,1,1264.75,1264.75
ACC100276,ACC100023,1,702.64,702.64
ACC100276,ACC100150,1,427.95,427.95
ACC100276,ACC100273,1,650.8,650.8
ACC100276,ACC100492,1,1611.51,1611.51
ACC100276,ACC100600,1,511.88,511.88
ACC100276,ACC100650,1,1123.29,1123.29
ACC100276,ACC100663,1,141.9,141.9
ACC100276,ACC100715,1,3568.08,3568.08
ACC100276,ACC100970,1,960.9,960.9
ACC100277,ACC100238,1,904.26,904.26
ACC100277,ACC100360,1,11342.3,11342.3
ACC100277,ACC100433,1,456.81,456.81
ACC100277,ACC100435,1,269.11,269.11
ACC100277,ACC100475,1,1036.36,1036.36
ACC100277,ACC100547,1,4051.37,4051.37
ACC100277,ACC100558,1,4647.0,4647.0
ACC100277,ACC100622,1,2453.44,2453.44
ACC100278,ACC100017,1,503.4,503.4
ACC100278,ACC100193,1,62.36,62.36
ACC100278,ACC100362,1,4474.29,4474.29
ACC100278,ACC100406,1,633.59,633.59
ACC100278,ACC100423,1,12506.81,12506.81
ACC100278,ACC100767,1,4208.6,4208.6
ACC100278,ACC100882,1,1326.97,1326.97
ACC100279,ACC100068,1,919.29,919.29
ACC100279,ACC100094,1,2614.32,2614.32
ACC100279,ACC100417,1,1267.4,1267.4
ACC100279,ACC100518,1,85.62,85.62
ACC100279,ACC100542,1,534.69,534.69
ACC100279,ACC100624,1,552.06,552.06
ACC100279,ACC100675,1,873.74,873.74
ACC100279,ACC100904,1,4155.31,4155.31
ACC100280,ACC100109,1,241.39,241.39
ACC100280,ACC100139,1,5354.81,5354.81
ACC100280,ACC100212,1,341.62,341.62
ACC100280,ACC100251,1,708.61,708.61
ACC100280,ACC100407,1,2507.0,2507.0
ACC100280,ACC100414,1,166.47,166.47
ACC100280,ACC100435,1,1146.32,1146.32
ACC100280,ACC100469,1,546.48,546.48
ACC100280,ACC100498,1,226.64,226.64
ACC100280,ACC100574,1,2554.07,2554.07
ACC100280,ACC100590,1,2028.65,2028.65
ACC100280,ACC100681,1,437.92,437.92
ACC100280,ACC100727,1,1646.24,1646.24
ACC100280,ACC100887,1,7837.92,7837.92
ACC100281,ACC100058,1,44.86,44.86
ACC100281,ACC100175,1,362.4,362.4
ACC100281,ACC100360,1,3795.64,3795.64
ACC100281,ACC100369,1,65.72,65.72
ACC100281,ACC100469,1,119946.53,119946.53
ACC100281,ACC100517,1,12919.0,12919.0
ACC100281,ACC100527,1,113.74,113.74
ACC100281,ACC100555,1,555.64,555.64
ACC100281,ACC100752,1,702.62,702.62
ACC100281,ACC100967,1,119.3,119.3
ACC100281,ACC100973,1,3915.55,3915.55
ACC100282,ACC100077,1,3572.7,3572.7
ACC100282,ACC100078,1,2175.11,2175.11
ACC100282,ACC100114,1,221.97,221.97
ACC100282,ACC100217,1,3722.48,3722.48
ACC100282,ACC100231,1,2379.72,2379.72
ACC100282,ACC100403,1,900.5,900.5
ACC100283,ACC100009,1,1132.82,1132.82
ACC100283,ACC100112,1,1052.84,1052.84
ACC100283,ACC100179,1,1330.42,1330.42
ACC100283,ACC100318,1,59.09,59.09
ACC100283,ACC100513,1,167.93,167.93
ACC100283,ACC100581,1,4137.43,4137.43
ACC100283,ACC100677,1,345.03,345.03
ACC100283,ACC100699,1,864.21,864.21
ACC100283,ACC100926,1,1623.62,1623.62
ACC100284,ACC100000,1,5036.67,5036.67
ACC100284,ACC100006,1,6474.14,6474.14
ACC100284,ACC100061,1,2318.65,2318.65
ACC100284,ACC100110,1,935.71,935.71
ACC100284,ACC100152,1,274.56,274.56
ACC100284,ACC100226,1,697.21,697.21
ACC100284,ACC100233,1,270.57,270.57
ACC100284,ACC100306,1,509.0,509.0
ACC100284,ACC100325,1,435.97,435.97
ACC100284,ACC100329,1,2232.57,2232.57
ACC100284,ACC100402,1,1703.78,1703.78
ACC100284,ACC100623,1,1012.06,1012.06
ACC100284,ACC100654,1,9201.0,9201.0
ACC100284,ACC100687,1,3630.57,3630.57
ACC100284,ACC100758,1,3420.0,3420.0
ACC100284,ACC100766,1,977.01,977.01
ACC100285,ACC100014,1,569.35,569.35
ACC100285,ACC100192,1,472.57,472.57
ACC100285,ACC100260,1,330.62,330.62
ACC100285,ACC100323,1,1754.98,1754.98
ACC100285,ACC100588,1,1055.52,1055.52
ACC100285,ACC100686,1,188.93,188.93
ACC100285,ACC100787,1,594.77,594.77
ACC100285,ACC100801,1,426.97,426.97
ACC100285,ACC100931,1,5823.8,5823.8
ACC100285,ACC100978,1,6341.09,6341.09
ACC100285,ACC100979,1,1437.12,1437.12
ACC100286,ACC100080,1,561.03,561.03
ACC100286,ACC100192,1,795.35,795.35
ACC100286,ACC100345,1,1277.18,1277.18
ACC100286,ACC100372,1,4182.77,4182.77
ACC100286,ACC100377,1,775.7,775.7
ACC100286,ACC100424,1,269.5,269.5
ACC100286,ACC100427,1,291.11,291.11
ACC100286,ACC100887,1,1107.98,1107.98
ACC100286,ACC100921,1,241.94,241.94
ACC100287,ACC100199,1,684.73,684.73
ACC100287,ACC100275,1,887.19,887.19
ACC100287,ACC100375,1,3251.64,3251.64
ACC100287,ACC100402,1,7923.62,7923.62
ACC100287,ACC100409,1,3964.87,3964.87
ACC100287,ACC100451,1,273.17,273.17
ACC100287,ACC100720,1,1515.11,1515.11
ACC100287,ACC100755,1,444.89,444.89
ACC100287,ACC100777,1,2462.58,2462.58
ACC100287,ACC100818,1,6059.33,6059.33
ACC100288,ACC100025,1,8589.7,8589.7
ACC100288,ACC100040,1,174.61,174.61
ACC100288,ACC100167,1,1439.02,1439.02
ACC100288,ACC100254,1,4572.66,4572.66
ACC100288,ACC100381,1,1555.79,1555.79
ACC100288,ACC100415,1,1772.86,1772.86
ACC100288,ACC100448,1,83.31,83.31
ACC100288,ACC100558,1,2751.57,2751.57
ACC100288,ACC100590,1,35013.78,35013.78
ACC100288,ACC100675,1,267.39,267.39
ACC100288,ACC100783,1,416.87,416.87
ACC100288,ACC100842,1,1070.9,1070.9
ACC100288,ACC100917,1,694.4,694.4
ACC100289,ACC100018,1,6786.25,6786.25
ACC100289,ACC100044,1,542.32,542.32
ACC100289,ACC100116,1,559.12,559.12
ACC100289,ACC100184,1,627.84,627.84
ACC100289,ACC100249,1,230.41,230.41
ACC100289,ACC100254,1,1575.46,1575.46
ACC100289,ACC100374,1,1137.9,1137.9
ACC100289,ACC100615,1,837.32,837.32
ACC100289,ACC100642,1,287.25,287.25
ACC100289,ACC100674,1,982.35,982.35
ACC100289,ACC100713,1,11631.58,11631.58
ACC100289,ACC100729,1,88.05,88.05
ACC100289,ACC100875,1,2266.31,2266.31
ACC100289,ACC100947,1,365.95,365.95
ACC100289,ACC100968,1,252.23,252.23
ACC100289,ACC100983,1,1975.02,1975.02
ACC100290,ACC100251,1,22731.73,22731.73
ACC100290,ACC100282,1,1219.99,1219.99
ACC100290,ACC100584,1,4853.68,4853.68
ACC100290,ACC100616,1,1967.65,1967.65
ACC100290,ACC100665,1,5093.0,5093.0
ACC100290,ACC100837,1,148.94,148.94
ACC100290,ACC100974,1,1357.07,1357.07
ACC100291,ACC100011,1,7761.12,7761.12
ACC100291,ACC100023,1,2433.94,2433.94
ACC100291,ACC100054,1,554.55,554.55
ACC100291,ACC100167,1,2989.87,2989.87
ACC100291,ACC100214,1,566.3,566.3
ACC100291,ACC100231,1,1135.37,1135.37
ACC100291,ACC100318,1,7561.99,7561.99
ACC100291,ACC100335,1,508.53,508.53
ACC100291,ACC100498,1,1258.23,1258.23
ACC100291,ACC100528,1,505.46,505.46
ACC100291,ACC100711,1,1057.41,1057.41
ACC100291,ACC100718,1,6637.0,6637.0
ACC100291,ACC100743,1,840.98,840.98
ACC100291,ACC100871,1,8057.93,8057.93
ACC100291,ACC100940,1,2106.24,2106.24
ACC100291,ACC100970,1,575.78,575.78
ACC100292,ACC100086,1,12389.06,12389.06
ACC100292,ACC100186,1,362.52,362.52
ACC100292,ACC100483,1,20441.52,20441.52
ACC100292,ACC100545,1,155.11,155.11
ACC100292,ACC100590,1,1915.97,1915.97
ACC100292,ACC100667,1,1463.75,1463.75
ACC100292,ACC100884,1,486.51,486.51
ACC100293,ACC100111,1,1301.53,1301.53
ACC100293,ACC100359,1,152.37,152.37
ACC100293,ACC100501,1,1107.24,1107.24
ACC100293,ACC100526,1,1573.77,1573.77
ACC100293,ACC100645,1,295.25,295.25
ACC100293,ACC100681,1,1729.88,1729.88
ACC100293,ACC100754,1,6680.0,6680.0
ACC100293,ACC100861,1,128.68,128.68
ACC100294,ACC100078,1,2000.99,2000.99
ACC100294,ACC100105,1,864.88,864.88
ACC100294,ACC100466,1,1511.81,1511.81
ACC100294,ACC100570,1,93.79,93.79
ACC100295,ACC100063,1,2747.75,2747.75
ACC100295,ACC100110,1,1100.13,1100.13
ACC100295,ACC100561,1,1625.28,1625.28
ACC100295,ACC100679,1,7539.33,7539.33
ACC100295,ACC100680,1,3103.65,3103.65
ACC100295,ACC100859,1,3888.11,3888.11
ACC100295,ACC100893,1,1943.81,1943.81
ACC100295,ACC100899,1,4792.75,4792.75
ACC100295,ACC100949,1,2706.04,2706.04
ACC100295,ACC100963,1,374.45,374.45
ACC100295,ACC100983,1,1246.15,1246.15
ACC100296,ACC100033,1,1224.83,1224.83
ACC100296,ACC100186,1,3234.9,3234.9
ACC100296,ACC100310,1,646.31,646.31
ACC100296,ACC100323,1,1387.9,1387.9
ACC100296,ACC100399,1,375.12,375.12
ACC100296,ACC100786,1,566.44,566.44
ACC100296,ACC100805,1,2167.7,2167.7
ACC100296,ACC100972,1,3859.19,3859.19
ACC100297,ACC100002,1,670.03,670.03
ACC100297,ACC100165,1,2163.62,2163.62
ACC100297,ACC100252,1,1526.07,1526.07
ACC100297,ACC100368,1,1041.85,1041.85
ACC100297,ACC100479,1,2521.54,2521.54
ACC100297,ACC100535,1,1042.48,1042.48
ACC100297,ACC100551,1,117.71,117.71
ACC100297,ACC100687,1,817.23,817.23
ACC100297,ACC100723,1,8961.86,8961.86
ACC100297,ACC100763,1,986.65,986.65
ACC100297,ACC100768,1,1051.17,1051.17
ACC100297,ACC100820,1,839.96,839.96
ACC100297,ACC100875,1,1374.85,1374.85
ACC100298,ACC100040,1,434.02,434.02
ACC100298,ACC100154,1,1943.48,1943.48
ACC100298,ACC100177,1,1049.56,1049.56
ACC100298,ACC100190,1,13855.27,13855.27
ACC100298,ACC100597,1,12387.35,12387.35
ACC100298,ACC100675,1,2780.91,2780.91
ACC100298,ACC100863,1,3944.27,3944.27
ACC100299,ACC100188,1,991.33,991.33
ACC100299,ACC100350,1,7773.31,7773.31
ACC100299,ACC100413,1,230.36,230.36
ACC100299,ACC100482,1,3599.05,3599.05
ACC100299,ACC100655,1,4215.44,4215.44
ACC100299,ACC100718,1,66.93,66.93
ACC100300,ACC100006,1,2079.47,2079.47
ACC100300,ACC100027,1,1149.64,1149.64
ACC100300,ACC100062,1,201.3,201.3
ACC100300,ACC100087,1,620.34,620.34
ACC100300,ACC100088,1,3018.47,3018.47
ACC100300,ACC100099,1,619.78,619.78
ACC100300,ACC100128,1,3489.52,3489.52
ACC100300,ACC100141,2,10427.25,5213.625
ACC100300,ACC100146,1,478.6,478.6
ACC100300,ACC100227,1,4326.05,4326.05
ACC100300,ACC100271,1,624.45,624.45
ACC100300,ACC100285,1,608.38,608.38
ACC100300,ACC100396,1,525.71,525.71
ACC100300,ACC100482,1,1602.49,1602.49
ACC100300,ACC100618,1,141.79,141.79
ACC100300,ACC100621,1,1137.51,1137.51
ACC100300,ACC100688,1,459.15,459.15
ACC100300,ACC100776,1,425.63,425.63
ACC100301,ACC100030,1,12554.0,12554.0
ACC100301,ACC100190,1,4299.29,4299.29
ACC100301,ACC100220,1,478.79,478.79
ACC100301,ACC100308,1,417.23,417.23
ACC100301,ACC100522,1,1479.65,1479.65
ACC100301,ACC100567,1,2842.19,2842.19
ACC100301,ACC100583,1,12581.29,12581.29
ACC100301,ACC100737,1,16051.53,16051.53
ACC100301,ACC100852,1,7711.89,7711.89
ACC100301,ACC100859,1,5839.95,5839.95
ACC100301,ACC100870,1,349.95,349.95
ACC100302,ACC100123,1,452.98,452.98
ACC100302,ACC100164,1,659.14,659.14
ACC100302,ACC100265,1,3663.31,3663.31
ACC100302,ACC100416,1,1097.75,1097.75
ACC100302,ACC100604,1,339.97,339.97
ACC100302,ACC100687,1,419.87,419.87
ACC100302,ACC100751,1,1517.79,1517.79
ACC100302,ACC100792,1,2355.06,2355.06
ACC100302,ACC100877,1,174.99,174.99
ACC100303,ACC100029,1,1144.52,1144.52
ACC100303,ACC100314,1,1077.91,1077.91
ACC100303,ACC100365,1,5464.85,5464.85
ACC100303,ACC100394,1,837.05,837.05
ACC100303,ACC100579,1,1672.95,1672.95
ACC100303,ACC100725,1,711.92,711.92
ACC100303,ACC100766,1,1883.54,1883.54
ACC100303,ACC100774,1,6893.13,6893.13
ACC100303,ACC100779,1,852.14,852.14
ACC100303,ACC100930,1,481.58,481.58
ACC100303,ACC100974,1,22221.12,22221.12
ACC100304,ACC100105,1,965.89,965.89
ACC100304,ACC100162,1,340.92,340.92
ACC100304,ACC100375,1,2702.21,2702.21
ACC100304,ACC100542,1,994.4,994.4
ACC100304,ACC100559,1,729.49,729.49
ACC100304,ACC100640,1,980.06,980.06
ACC100304,ACC100941,1,668.9,668.9
ACC100304,ACC100987,1,214.61,214.61
ACC100305,ACC100010,1,3208.29,3208.29
ACC100305,ACC100089,1,4169.0,4169.0
ACC100305,ACC100133,1,853.95,853.95
ACC100305,ACC100325,1,19682.18,19682.18
ACC100305,ACC100372,1,428.92,428.92
ACC100305,ACC100387,1,51.45,51.45
ACC100305,ACC100441,1,2951.03,2951.03
ACC100305,ACC100448,1,1032.59,1032.59
ACC100305,ACC100467,1,7441.54,7441.54
ACC100305,ACC100585,1,13800.02,13800.02
ACC100305,ACC100841,1,360.14,360.14
ACC100306,ACC100025,1,4832.0,4832.0
ACC100306,ACC100063,1,2603.54,2603.54
ACC100306,ACC100080,1,196.28,196.28
ACC100306,ACC100083,1,1230.62,1230.62
ACC100306,ACC100240,1,2095.58,2095.58
ACC100306,ACC100243,1,885.39,885.39
ACC100306,ACC100541,1,17186.05,17186.05
ACC100306,ACC100583,1,1628.12,1628.12
ACC100306,ACC100834,1,485.78,485.78
ACC100306,ACC100852,1,212.9,212.9
ACC100306,ACC100888,1,554.67,554.67
ACC100307,ACC100041,1,158.89,158.89
ACC100307,ACC100044,1,352.25,352.25
ACC100307,ACC100075,1,16491.37,16491.37
ACC100307,ACC100136,1,2426.36,2426.36
ACC100307,ACC100176,1,810.42,810.42
ACC100307,ACC100279,1,246.87,246.87
ACC100307,ACC100298,1,841.76,841.76
ACC100307,ACC100375,1,411.36,411.36
ACC100307,ACC100480,1,636.28,636.28
ACC100307,ACC100526,1,2934.22,2934.22
ACC100307,ACC100582,1,764.74,764.74
ACC100307,ACC100847,1,193.75,193.75
ACC100307,ACC100862,1,257.96,257.96
ACC100307,ACC100865,1,976.34,976.34
ACC100307,ACC100997,1,4753.54,4753.54
ACC100308,ACC100149,1,469.6,469.6
ACC100308,ACC100237,1,1367.8,1367.8
ACC100308,ACC100574,1,10055.0,10055.0
ACC100308,ACC100742,1,1315.11,1315.11
ACC100308,ACC100795,1,3069.85,3069.85
ACC100308,ACC100799,1,4761.7,4761.7
ACC100308,ACC100822,1,279.49,279.49
ACC100308,ACC100826,1,512.77,512.77
ACC100308,ACC100849,1,213.18,213.18
ACC100309,ACC100053,1,357.42,357.42
ACC100309,ACC100241,1,292.14,292.14
ACC100309,ACC100378,2,4633.96,2316.98
ACC100309,ACC100389,1,4059.84,4059.84
ACC100309,ACC100416,1,2015.9,2015.9
ACC100309,ACC100544,1,2375.69,2375.69
ACC100309,ACC100561,1,206.77,206.77
ACC100309,ACC100656,1,606.9,606.9
ACC100309,ACC100852,1,1114.64,1114.64
ACC100309,ACC100864,1,862.99,862.99
ACC100309,ACC100959,1,607.6,607.6
ACC100310,ACC100034,1,857.33,857.33
ACC100310,ACC100136,1,2069.41,2069.41
ACC100310,ACC100203,1,1217.54,1217.54
ACC100310,ACC100301,1,382.75,382.75
ACC100310,ACC100498,1,307.61,307.61
ACC100310,ACC100595,1,1073.25,1073.25
ACC100310,ACC100633,1,477.62,477.62
ACC100310,ACC100636,1,326.13,326.13
ACC100310,ACC100679,2,2689.78,1344.89
ACC100310,ACC100893,1,924.36,924.36
ACC100310,ACC100894,1,1451.01,1451.01
ACC100310,ACC100947,1,4878.78,4878.78
ACC100310,ACC100983,1,117.32,117.32
ACC100310,ACC100999,1,1403.51,1403.51
ACC100311,ACC100070,1,1096.54,1096.54
ACC100311,ACC100112,1,3171.6,3171.6
ACC100311,ACC100212,1,471.48,471.48
ACC100311,ACC100298,1,2225.95,2225.95
ACC100311,ACC100547,1,888.43,888.43
ACC100311,ACC100696,1,4226.55,4226.55
ACC100311,ACC100718,1,277.52,277.52
ACC100311,ACC100754,1,4530.0,4530.0
ACC100311,ACC100823,1,407.94,407.94
ACC100311,ACC100946,1,279.51,279.51
ACC100312,ACC100135,1,6429.0,6429.0
ACC100312,ACC100215,1,1892.16,1892.16
ACC100312,ACC100341,1,1844.15,1844.15
ACC100312,ACC100400,1,3817.59,3817.59
ACC100312,ACC100481,1,3114.43,3114.43
ACC100312,ACC100483,1,1236.74,1236.74
ACC100312,ACC100500,1,812.5,812.5
ACC100312,ACC100650,1,10472.65,10472.65
ACC100312,ACC100682,1,564.37,564.37
ACC100312,ACC100759,2,3759.75,1879.875
ACC100313,ACC100014,1,3781.41,3781.41
ACC100313,ACC100028,1,470.57,470.57
ACC100313,ACC100166,1,364.45,364.45
ACC100313,ACC100221,1,1465.45,1465.45
ACC100313,ACC100316,1,1093.99,1093.99
ACC100313,ACC100322,1,570.53,570.53
ACC100313,ACC100339,1,509.48,509.48
ACC100313,ACC100464,1,724.35,724.35
ACC100313,ACC100478,1,294.09,294.09
ACC100313,ACC100509,1,385.29,385.29
ACC100313,ACC100558,1,8912.0,8912.0
ACC100313,ACC100693,1,2959.15,2959.15
ACC100313,ACC100710,1,2750.53,2750.53
ACC100313,ACC100716,1,2561.07,2561.07
ACC100313,ACC100978,1,2360.48,2360.48
ACC100314,ACC100082,1,7383.46,7383.46
ACC100314,ACC100137,1,915.23,915.23
ACC100314,ACC100219,1,2289.88,2289.88
ACC100314,ACC100221,1,3164.16,3164.16
ACC100314,ACC100275,1,1141.09,1141.09
ACC100314,ACC100515,1,5603.78,5603.78
ACC100314,ACC100642,1,515.18,515.18
ACC100314,ACC100702,1,1610.6,1610.6
ACC100314,ACC100726,1,3265.07,3265.07
ACC100314,ACC100743,1,3729.16,3729.16
ACC100314,ACC100858,1,2945.03,2945.03
ACC100314,ACC100860,1,264.76,264.76
ACC100314,ACC100967,1,1170.16,1170.16
ACC100315,ACC100025,1,8582.09,8582.09
ACC100315,ACC100075,1,19105.56,19105.56
ACC100315,ACC100273,1,1454.38,1454.38
ACC100315,ACC100457,1,2243.92,2243.92
ACC100315,ACC100514,1,283.34,283.34
ACC100315,ACC100613,1,337.97,337.97
ACC100315,ACC100631,1,844.21,844.21
ACC100315,ACC100649,1,5195.29,5195.29
ACC100315,ACC100756,1,213.64,213.64
ACC100315,ACC100812,1,874.45,874.45
ACC100315,ACC100857,1,938.34,938.34
ACC100315,ACC100960,1,483.45,483.45
ACC100316,ACC100095,1,701.15,701.15
ACC100316,ACC100192,1,6768.88,6768.88
ACC100316,ACC100195,1,74.53,74.53
ACC100316,ACC100233,1,3632.42,3632.42
ACC100316,ACC100242,1,3297.94,3297.94
ACC100316,ACC100347,1,1125.6,1125.6
ACC100316,ACC100396,1,1065.09,1065.09
ACC100316,ACC100514,1,8081.46,8081.46
ACC100316,ACC100617,1,12941.86,12941.86
ACC100316,ACC100626,1,948.28,948.28
ACC100316,ACC100640,1,965.16,965.16
ACC100316,ACC100819,1,1705.49,1705.49
ACC100316,ACC100913,1,2573.02,2573.02
ACC100317,ACC100012,1,5972.6,5972.6
ACC100317,ACC100054,1,2203.32,2203.32
ACC100317,ACC100163,1,1000.21,1000.21
ACC100317,ACC100166,1,81.64,81.64
ACC100317,ACC100253,1,140.94,140.94
ACC100317,ACC100410,1,578.87,578.87
ACC100317,ACC100579,1,456.99,456.99
ACC100317,ACC100700,1,4984.98,4984.98
ACC100317,ACC100947,1,9846.52,9846.52
ACC100317,ACC100983,1,890.89,890.89
ACC100318,ACC100046,1,390.42,390.42
ACC100318,ACC100065,1,2093.64,2093.64
ACC100318,ACC100203,1,11312.0,11312.0
ACC100318,ACC100410,1,1899.12,1899.12
ACC100318,ACC100432,1,8568.0,8568.0
ACC100318,ACC100618,1,479.82,479.82
ACC100318,ACC100669,1,95.4,95.4
ACC100318,ACC100719,1,214.96,214.96
ACC100318,ACC100758,1,1495.52,1495.52
ACC100318,ACC100908,1,3213.14,3213.14
ACC100319,ACC100123,1,667.53,667.53
ACC100319,ACC100214,1,4889.18,4889.18
ACC100319,ACC100272,1,1402.66,1402.66
ACC100319,ACC100340,1,1360.08,1360.08
ACC100319,ACC100461,1,68.78,68.78
ACC100319,ACC100539,1,533.64,533.64
ACC100319,ACC100724,1,2147.25,2147.25
ACC100319,ACC100859,1,7178.37,7178.37
ACC100319,ACC100936,1,536.4,536.4
ACC100320,ACC100042,1,614.01,614.01
ACC100320,ACC100045,1,4057.53,4057.53
ACC100320,ACC100051,1,717.75,717.75
ACC100320,ACC100185,1,1821.57,1821.57
ACC100320,ACC100212,1,1932.38,1932.38
ACC100320,ACC100315,2,389.98,194.99
ACC100320,ACC100388,1,8023.92,8023.92
ACC100320,ACC100884,1,4155.59,4155.59
ACC100320,ACC100953,1,1376.96,1376.96
ACC100320,ACC100982,1,599.57,599.57
ACC100321,ACC100169,1,402.25,402.25
ACC100321,ACC100196,1,1241.33,1241.33
ACC100321,ACC100207,1,3357.6,3357.6
ACC100321,ACC100320,1,5049.83,5049.83
ACC100321,ACC100358,1,1258.34,1258.34
ACC100321,ACC100388,1,523.35,523.35
ACC100321,ACC100491,1,1213.09,1213.09
ACC100321,ACC100533,1,5082.23,5082.23
ACC100321,ACC100576,1,2452.57,2452.57
ACC100321,ACC100601,1,2628.49,2628.49
ACC100321,ACC100712,1,1996.2,1996.2
ACC100321,ACC100856,1,8189.83,8189.83
ACC100321,ACC100955,1,1727.16,1727.16
ACC100321,ACC100976,1,1499.77,1499.77
ACC100321,ACC100994,1,1729.61,1729.61
ACC100322,ACC100005,1,327.84,327.84
ACC100322,ACC100065,1,176.88,176.88
ACC100322,ACC100067,1,682.51,682.51
ACC100322,ACC100142,1,14792.0,14792.0
ACC100322,ACC100200,1,629.78,629.78
ACC100322,ACC100214,1,388.33,388.33
ACC100322,ACC100332,1,1053.16,1053.16
ACC100322,ACC100609,1,12315.78,12315.78
ACC100323,ACC100046,1,572.93,572.93
ACC100323,ACC100114,1,12763.0,12763.0
ACC100323,ACC100558,1,6020.0,6020.0
ACC100323,ACC100641,1,838.81,838.81
ACC100323,ACC100883,1,1070.77,1070.77
ACC100323,ACC100891,1,2844.4,2844.4
ACC100323,ACC100965,1,1386.87,1386.87
ACC100324,ACC100039,1,1297.19,1297.19
ACC100324,ACC100199,1,1629.18,1629.18
ACC100324,ACC100386,1,711.78,711.78
ACC100324,ACC100900,1,175.64,175.64
ACC100325,ACC100052,1,7437.87,7437.87
ACC100325,ACC100069,1,229.16,229.16
ACC100325,ACC100104,1,11849.0,11849.0
ACC100325,ACC100160,1,5432.67,5432.67
ACC100325,ACC100475,1,362.49,362.49
ACC100325,ACC100605,1,6301.19,6301.19
ACC100325,ACC100613,1,155.83,155.83
ACC100325,ACC100715,1,4090.15,4090.15
ACC100325,ACC100859,1,5916.21,5916.21
ACC100326,ACC100154,1,692.99,692.99
ACC100326,ACC100277,1,1346.37,1346.37
ACC100326,ACC100775,1,1917.35,1917.35
ACC100326,ACC100831,1,2113.12,2113.12
ACC100326,ACC100879,1,1121.94,1121.94
ACC100326,ACC100914,1,1501.48,1501.48
ACC100326,ACC100966,1,544.48,544.48
ACC100327,ACC100087,1,2146.29,2146.29
ACC100327,ACC100113,1,1924.65,1924.65
ACC100327,ACC100145,1,1649.36,1649.36
ACC100327,ACC100151,1,299.21,299.21
ACC100327,ACC100152,1,676.56,676.56
ACC100327,ACC100433,1,604.67,604.67
ACC100327,ACC100581,1,1337.81,1337.81
ACC100327,ACC100684,1,178.39,178.39
ACC100327,ACC100756,1,8782.49,8782.49
ACC100327,ACC100789,1,6173.91,6173.91
ACC100327,ACC100920,1,1551.17,1551.17
ACC100327,ACC100932,1,330.05,330.05
ACC100328,ACC100062,1,3530.22,3530.22
ACC100328,ACC100209,1,17201.86,17201.86
ACC100328,ACC100401,1,875.73,875.73
ACC100328,ACC100469,1,2011.16,2011.16
ACC100328,ACC100505,1,1970.22,1970.22
ACC100328,ACC100738,1,8766.2,8766.2
ACC100328,ACC100752,1,9148.95,9148.95
ACC100328,ACC100763,1,1269.16,1269.16
ACC100328,ACC100769,1,2128.79,2128.79
ACC100328,ACC100784,1,6992.59,6992.59
ACC100328,ACC100865,1,514.11,514.11
ACC100328,ACC100912,1,2134.1,2134.1
ACC100328,ACC100916,1,2375.94,2375.94
ACC100329,ACC100056,1,542.17,542.17
ACC100329,ACC100078,1,3512.36,3512.36
ACC100329,ACC100139,1,2319.96,2319.96
ACC100329,ACC100155,1,1017.95,1017.95
ACC100329,ACC100415,1,1593.65,1593.65
ACC100329,ACC100563,1,1659.9,1659.9
ACC100329,ACC100646,1,8731.18,8731.18
ACC100329,ACC100702,1,3351.51,3351.51
ACC100329,ACC100791,1,156.02,156.02
ACC100329,ACC100856,1,444.1,444.1
ACC100330,ACC100032,1,6727.0,6727.0
ACC100330,ACC100130,1,1355.31,1355.31
ACC100330,ACC100135,1,10391.06,10391.06
ACC100330,ACC100211,1,536.11,536.11
ACC100330,ACC100335,1,95.51,95.51
ACC100330,ACC100337,1,892.36,892.36
ACC100330,ACC100444,1,1432.8,1432.8
ACC100330,ACC100604,1,7722.0,7722.0
ACC100330,ACC100805,1,1263.23,1263.23
ACC100330,ACC100882,1,2305.21,2305.21
ACC100330,ACC100887,1,2175.68,2175.68
ACC100330,ACC100918,1,1694.08,1694.08
ACC100330,ACC100929,1,451.16,451.16
ACC100330,ACC100997,1,576.48,576.48
ACC100331,ACC100096,1,800.04,800.04
ACC100331,ACC100160,1,325.18,325.18
ACC100331,ACC100349,1,698.45,698.45
ACC100331,ACC100502,1,302.16,302.16
ACC100331,ACC100598,1,415.6,415.6
ACC100331,ACC100657,1,4381.19,4381.19
ACC100331,ACC100708,1,1558.68,1558.68
ACC100331,ACC100877,1,1827.39,1827.39
ACC100332,ACC100015,1,6825.5,6825.5
ACC100332,ACC100027,1,2614.7,2614.7
ACC100332,ACC100030,1,5086.91,5086.91
ACC100332,ACC100175,1,1025.55,1025.55
ACC100332,ACC100192,1,368.77,368.77
ACC100332,ACC100239,1,251.83,251.83
ACC100332,ACC100469,1,886.11,886.11
ACC100332,ACC100517,1,5500.0,5500.0
ACC100332,ACC100733,1,2474.87,2474.87
ACC100332,ACC100793,1,119.74,119.74
ACC100332,ACC100899,1,2989.63,2989.63
ACC100332,ACC100970,1,16731.33,16731.33
ACC100333,ACC100017,1,1082.67,1082.67
ACC100333,ACC100233,1,10632.21,10632.21
ACC100333,ACC100267,1,276.49,276.49
ACC100333,ACC100299,1,924.89,924.89
ACC100333,ACC100339,1,561.92,561.92
ACC100333,ACC100601,1,597.09,597.09
ACC100333,ACC100664,1,9716.82,9716.82
ACC100333,ACC100988,1,5491.7,5491.7
ACC100334,ACC100119,1,235.06,235.06
ACC100334,ACC100143,1,1281.38,1281.38
ACC100334,ACC100343,1,423.45,423.45
ACC100334,ACC100514,1,213.65,213.65
ACC100334,ACC100758,1,6266.0,6266.0
ACC100334,ACC100851,1,39.29,39.29
ACC100334,ACC100887,1,3141.63,3141.63
ACC100334,ACC100919,1,906.95,906.95
ACC100334,ACC100967,1,2195.01,2195.01
ACC100335,ACC100171,1,1047.57,1047.57
ACC100335,ACC100204,1,1384.53,1384.53
ACC100335,ACC100424,1,2969.54,2969.54
ACC100335,ACC100506,1,463.94,463.94
ACC100335,ACC100581,1,957.5,957.5
ACC100335,ACC100586,1,5657.44,5657.44
ACC100335,ACC100598,1,1522.4,1522.4
ACC100335,ACC100620,1,1261.59,1261.59
ACC100335,ACC100690,1,8378.42,8378.42
ACC100335,ACC100741,1,375.56,375.56
ACC100335,ACC100758,1,10705.0,10705.0
ACC100335,ACC100844,1,3418.37,3418.37
ACC100336,ACC100045,1,1485.19,1485.19
ACC100336,ACC100066,1,1807.6,1807.6
ACC100336,ACC100100,1,4806.17,4806.17
ACC100336,ACC100223,1,5001.0,5001.0
ACC100336,ACC100512,1,12130.63,12130.63
ACC100336,ACC100601,1,697.02,697.02
ACC100336,ACC100862,1,400.03,400.03
ACC100337,ACC100160,1,812.94,812.94
ACC100337,ACC100274,1,650.63,650.63
ACC100337,ACC100513,1,4116.45,4116.45
ACC100337,ACC100612,1,1010.67,1010.67
ACC100337,ACC100616,1,6674.0,6674.0
ACC100337,ACC100630,1,880.07,880.07
ACC100337,ACC100863,1,1692.95,1692.95
ACC100337,ACC100977,1,189.93,189.93
ACC100338,ACC100082,1,208.0,208.0
ACC100338,ACC100238,1,3998.22,3998.22
ACC100338,ACC100352,1,7094.37,7094.37
ACC100338,ACC100477,1,3237.98,3237.98
ACC100338,ACC100578,1,1939.77,1939.77
ACC100338,ACC100826,1,7324.47,7324.47
ACC100338,ACC100993,1,1567.62,1567.62
ACC100339,ACC100011,1,153.75,153.75
ACC100339,ACC100091,1,1225.9,1225.9
ACC100339,ACC100369,1,894.85,894.85
ACC100340,ACC100081,1,2515.09,2515.09
ACC100340,ACC100116,1,887.46,887.46
ACC100340,ACC100147,1,412.22,412.22
ACC100340,ACC100179,1,301.91,301.91
ACC100340,ACC100242,1,713.27,713.27
ACC100340,ACC100267,1,2287.36,2287.36
ACC100340,ACC100344,1,2682.35,2682.35
ACC100340,ACC100412,1,3555.07,3555.07
ACC100340,ACC100838,2,6564.490000000001,3282.2450000000003
ACC100340,ACC100857,1,1690.56,1690.56
ACC100340,ACC100903,1,2891.25,2891.25
ACC100340,ACC100992,1,2815.48,2815.48
ACC100341,ACC100032,1,14836.0,14836.0
ACC100341,ACC100107,1,599.91,599.91
ACC100341,ACC100201,1,374.2,374.2
ACC100341,ACC100203,1,69.54,69.54
ACC100341,ACC100236,1,393.27,393.27
ACC100341,ACC100270,1,10588.9,10588.9
ACC100341,ACC100294,1,2453.73,2453.73
ACC100341,ACC100450,1,1280.16,1280.16
ACC100341,ACC100478,1,1594.79,1594.79
ACC100341,ACC100483,1,598.21,598.21
ACC100341,ACC100708,1,923.98,923.98
ACC100341,ACC100744,1,808.46,808.46
ACC100341,ACC100934,1,1524.91,1524.91
ACC100342,ACC100021,1,2229.05,2229.05
ACC100342,ACC100204,1,309.13,309.13
ACC100342,ACC100276,1,2935.33,2935.33
ACC100342,ACC100344,1,2446.42,2446.42
ACC100342,ACC100409,1,3352.86,3352.86
ACC100342,ACC100524,1,5157.75,5157.75
ACC100342,ACC100575,1,605.24,605.24
ACC100342,ACC100693,1,4545.5,4545.5
ACC100342,ACC100704,1,983.65,983.65
ACC100342,ACC100797,1,692.18,692.18
ACC100342,ACC100871,1,145.6,145.6
ACC100343,ACC100033,1,396.41,396.41
ACC100343,ACC100064,1,2827.59,2827.59
ACC100343,ACC100174,1,551.64,551.64
ACC100343,ACC100251,1,378.58,378.58
ACC100343,ACC100428,1,1236.48,1236.48
ACC100343,ACC100572,1,2130.86,2130.86
ACC100343,ACC100614,1,2170.21,2170.21
ACC100343,ACC100733,1,583.86,583.86
ACC100343,ACC100766,1,1750.96,1750.96
ACC100343,ACC100998,1,820.1,820.1
ACC100344,ACC100010,1,1062.79,1062.79
ACC100344,ACC100156,1,4753.67,4753.67
ACC100344,ACC100163,1,6130.06,6130.06
ACC100344,ACC100410,1,130.99,130.99
ACC100344,ACC100548,1,443.98,443.98
ACC100344,ACC100717,1,4029.17,4029.17
ACC100344,ACC100734,1,339.67,339.67
ACC100344,ACC100764,1,157.68,157.68
ACC100344,ACC100880,1,1060.65,1060.65
ACC100345,ACC100002,1,801.44,801.44
ACC100345,ACC100290,1,3101.69,3101.69
ACC100345,ACC100297,1,2364.91,2364.91
ACC100345,ACC100328,1,1203.94,1203.94
ACC100345,ACC100440,1,238.98,238.98
ACC100345,ACC100533,1,167.31,167.31
ACC100345,ACC100615,1,832.64,832.64
ACC100345,ACC100639,1,1717.32,1717.32
ACC100345,ACC100758,1,6908.0,6908.0
ACC100345,ACC100768,1,1281.39,1281.39
ACC100345,ACC100852,1,1142.79,1142.79
ACC100345,ACC100910,1,512.49,512.49
ACC100346,ACC100009,1,1104.29,1104.29
ACC100346,ACC100083,1,309.17,309.17
ACC100346,ACC100185,1,395.56,395.56
ACC100346,ACC100199,1,2152.01,2152.01
ACC100346,ACC100205,1,1351.3,1351.3
ACC100346,ACC100249,1,966.07,966.07
ACC100346,ACC100252,1,2855.85,2855.85
ACC100346,ACC100431,1,217.87,217.87
ACC100346,ACC100608,1,3252.13,3252.13
ACC100346,ACC100669,1,12134.99,12134.99
ACC100346,ACC100759,1,9735.0,9735.0
ACC100346,ACC100824,1,1195.4,1195.4
ACC100346,ACC100972,1,18.34,18.34
ACC100347,ACC100006,1,382.22,382.22
ACC100347,ACC100053,1,1217.66,1217.66
ACC100347,ACC100393,1,1728.72,1728.72
ACC100347,ACC100470,1,604.52,604.52
ACC100347,ACC100517,1,4185.69,4185.69
ACC100347,ACC100630,1,328.36,328.36
ACC100347,ACC100666,1,697.34,697.34
ACC100347,ACC100726,1,5749.44,5749.44
ACC100347,ACC100871,1,101.94,101.94
ACC100347,ACC100897,1,684.44,684.44
ACC100347,ACC100912,1,6454.5,6454.5
ACC100348,ACC100034,1,1068.4,1068.4
ACC100348,ACC100052,1,921.62,921.62
ACC100348,ACC100059,1,3161.37,3161.37
ACC100348,ACC100070,1,353.17,353.17
ACC100348,ACC100110,1,184.31,184.31
ACC100348,ACC100213,1,962.21,962.21
ACC100348,ACC100442,1,1984.34,1984.34
ACC100348,ACC100602,1,1293.32,1293.32
ACC100348,ACC100605,1,387.18,387.18
ACC100348,ACC100654,1,9216.0,9216.0
ACC100348,ACC100794,1,750.47,750.47
ACC100348,ACC100810,1,624.24,624.24
ACC100348,ACC100886,1,1111.1,1111.1
ACC100348,ACC100895,1,418.15,418.15
ACC100349,ACC100030,1,11063.97,11063.97
ACC100349,ACC100049,1,1100.17,1100.17
ACC100349,ACC100193,1,13487.81,13487.81
ACC100349,ACC100209,1,1984.47,1984.47
ACC100349,ACC100215,1,555.38,555.38
ACC100349,ACC100293,1,6162.58,6162.58
ACC100349,ACC100363,1,2756.12,2756.12
ACC100349,ACC100405,1,928.31,928.31
ACC100349,ACC100732,1,794.9,794.9
ACC100349,ACC100757,1,511.01,511.01
ACC100349,ACC100907,1,914.86,914.86
ACC100349,ACC100989,1,889.58,889.58
ACC100349,ACC100996,1,204.33,204.33
ACC100350,ACC100030,1,70.52,70.52
ACC100350,ACC100230,1,2356.3,2356.3
ACC100350,ACC100248,1,184.56,184.56
ACC100350,ACC100496,1,128.73,128.73
ACC100350,ACC100583,1,427.42,427.42
ACC100350,ACC100725,1,972.95,972.95
ACC100350,ACC100738,1,787.79,787.79
ACC100350,ACC100783,1,260.05,260.05
ACC100350,ACC100912,1,495.4,495.4
ACC100351,ACC100023,1,10186.1,10186.1
ACC100351,ACC100166,1,271.03,271.03
ACC100351,ACC100333,1,1017.57,1017.57
ACC100351,ACC100447,1,953.41,953.41
ACC100351,ACC100548,1,406.35,406.35
ACC100351,ACC100763,1,3875.15,3875.15
ACC100351,ACC100923,1,690.28,690.28
ACC100352,ACC100008,1,918.49,918.49
ACC100352,ACC100019,1,2796.58,2796.58
ACC100352,ACC100167,1,3085.16,3085.16
ACC100352,ACC100230,1,513.52,513.52
ACC100352,ACC100283,1,532.96,532.96
ACC100352,ACC100346,1,684.66,684.66
ACC100352,ACC100512,1,9516.58,9516.58
ACC100352,ACC100643,1,466.6,466.6
ACC100352,ACC100673,1,1741.37,1741.37
ACC100353,ACC100000,1,667.03,667.03
ACC100353,ACC100296,1,159.22,159.22
ACC100353,ACC100608,1,172.65,172.65
ACC100353,ACC100648,1,181.68,181.68
ACC100353,ACC100651,1,3179.37,3179.37
ACC100353,ACC100805,1,1600.07,1600.07
ACC100354,ACC100032,1,4633.0,4633.0
ACC100354,ACC100142,1,11821.0,11821.0
ACC100354,ACC100215,1,1520.39,1520.39
ACC100354,ACC100842,1,7780.88,7780.88
ACC100355,ACC100060,1,3557.31,3557.31
ACC100355,ACC100367,1,567.29,567.29
ACC100355,ACC100430,1,185.61,185.61
ACC100355,ACC100539,1,115.28,115.28
ACC100355,ACC100603,1,4413.0,4413.0
ACC100355,ACC100661,1,1478.4,1478.4
ACC100355,ACC100700,1,765.55,765.55
ACC100355,ACC100800,1,608.19,608.19
ACC100356,ACC100107,1,2270.6,2270.6
ACC100356,ACC100305,1,144.3,144.3
ACC100356,ACC100319,1,1317.2,1317.2
ACC100356,ACC100415,1,421.41,421.41
ACC100356,ACC100598,1,929.99,929.99
ACC100356,ACC100775,1,593.49,593.49
ACC100356,ACC100896,1,361.05,361.05
ACC100356,ACC100958,1,1073.28,1073.28
ACC100356,ACC100980,1,840.06,840.06
ACC100356,ACC100995,1,6872.2,6872.2
ACC100357,ACC100069,1,805.09,805.09
ACC100357,ACC100226,1,5207.28,5207.28
ACC100357,ACC100362,1,8784.3,8784.3
ACC100357,ACC100470,1,5627.53,5627.53
ACC100357,ACC100541,1,2523.89,2523.89
ACC100357,ACC100697,1,1413.74,1413.74
ACC100357,ACC100699,1,1001.79,1001.79
ACC100357,ACC100816,1,1059.13,1059.13
ACC100357,ACC100992,1,562.7,562.7
ACC100358,ACC100111,1,2392.16,2392.16
ACC100358,ACC100250,1,13438.0,13438.0
ACC100358,ACC100306,1,1903.4,1903.4
ACC100358,ACC100328,1,310.73,310.73
ACC100358,ACC100476,1,2553.11,2553.11
ACC100358,ACC100573,1,1576.37,1576.37
ACC100358,ACC100621,1,2075.86,2075.86
ACC100358,ACC100642,1,186.38,186.38
ACC100358,ACC100651,1,658.53,658.53
ACC100358,ACC100676,1,2162.3,2162.3
ACC100358,ACC100721,1,141.46,141.46
ACC100358,ACC100899,1,882.53,882.53
ACC100358,ACC100943,1,330.73,330.73
ACC100358,ACC100947,1,12824.62,12824.62
ACC100359,ACC100057,1,1411.89,1411.89
ACC100359,ACC100100,1,1773.47,1773.47
ACC100359,ACC100148,1,409.65,409.65
ACC100359,ACC100174,1,1217.62,1217.62
ACC100359,ACC100204,1,579.46,579.46
ACC100359,ACC100490,1,614.95,614.95
ACC100359,ACC100564,1,979.75,979.75
ACC100359,ACC100789,1,1951.6,1951.6
ACC100359,ACC100822,1,84.77,84.77
ACC100359,ACC100852,1,1979.86,1979.86
ACC100359,ACC100891,1,316.21,316.21
ACC100360,ACC100077,1,552.25,552.25
ACC100360,ACC100235,1,624.97,624.97
ACC100360,ACC100237,1,433.7,433.7
ACC100360,ACC100363,1,1244.4,1244.4
ACC100360,ACC100365,1,711.62,711.62
ACC100360,ACC100487,1,2367.41,2367.41
ACC100360,ACC100631,1,2611.25,2611.25
ACC100360,ACC100702,1,2435.0,2435.0
ACC100360,ACC100724,1,270.86,270.86
ACC100360,ACC100888,1,1355.01,1355.01
ACC100360,ACC100925,1,6932.83,6932.83
ACC100360,ACC100996,1,6913.53,6913.53
ACC100361,ACC100095,1,8977.0,8977.0
ACC100361,ACC100128,1,1635.91,1635.91
ACC100361,ACC100192,1,591.1,591.1
ACC100361,ACC100261,1,1195.36,1195.36
ACC100361,ACC100322,1,3466.7,3466.7
ACC100361,ACC100414,1,3317.86,3317.86
ACC100361,ACC100685,1,333.81,333.81
ACC100362,ACC100410,1,1353.63,1353.63
ACC100362,ACC100437,1,880.52,880.52
ACC100362,ACC100533,1,6309.71,6309.71
ACC100362,ACC100616,1,3474.0,3474.0
ACC100362,ACC100660,1,1189.02,1189.02
ACC100362,ACC100690,1,13925.94,13925.94
ACC100362,ACC100805,1,1376.74,1376.74
ACC100362,ACC100824,1,1445.44,1445.44
ACC100362,ACC100933,1,315.52,315.52
ACC100363,ACC100010,1,9007.15,9007.15
ACC100363,ACC100228,1,9267.0,9267.0
ACC100363,ACC100231,1,1819.68,1819.68
ACC100363,ACC100260,1,1306.56,1306.56
ACC100363,ACC100332,1,254.96,254.96
ACC100363,ACC100437,1,1245.18,1245.18
ACC100363,ACC100596,1,28935.71,28935.71
ACC100363,ACC100756,1,2098.24,2098.24
ACC100363,ACC100956,1,6060.19,6060.19
ACC100363,ACC100968,1,864.49,864.49
ACC100364,ACC100053,1,108.37,108.37
ACC100364,ACC100145,1,1008.51,1008.51
ACC100364,ACC100175,1,851.03,851.03
ACC100364,ACC100210,1,119.82,119.82
ACC100364,ACC100467,1,2763.78,2763.78
ACC100364,ACC100479,1,2235.26,2235.26
ACC100364,ACC100529,1,3415.64,3415.64
ACC100364,ACC100594,1,2610.42,2610.42
ACC100364,ACC100596,1,2087.04,2087.04
ACC100364,ACC100660,1,2041.99,2041.99
ACC100364,ACC100692,1,928.84,928.84
ACC100364,ACC100783,1,313.17,313.17
ACC100364,ACC100806,1,1768.08,1768.08
ACC100364,ACC100997,1,54479.34,54479.34
ACC100365,ACC100078,1,652.92,652.92
ACC100365,ACC100094,1,307.58,307.58
ACC100365,ACC100173,1,2082.37,2082.37
ACC100365,ACC100403,1,1630.66,1630.66
ACC100365,ACC100743,1,1924.2,1924.2
ACC100365,ACC100749,1,2291.2,2291.2
ACC100365,ACC100790,1,208.47,208.47
ACC100365,ACC100805,1,7814.5,7814.5
ACC100365,ACC100909,1,955.49,955.49
ACC100365,ACC100945,1,854.05,854.05
ACC100366,ACC100095,1,881.86,881.86
ACC100366,ACC100126,1,724.42,724.42
ACC100366,ACC100251,1,4883.54,4883.54
ACC100366,ACC100503,1,714.81,714.81
ACC100366,ACC100515,1,10113.31,10113.31
ACC100366,ACC100618,1,1044.52,1044.52
ACC100366,ACC100677,1,485.91,485.91
ACC100366,ACC100724,1,530.52,530.52
ACC100366,ACC100732,1,822.22,822.22
ACC100366,ACC100741,1,857.22,857.22
ACC100367,ACC100081,1,3513.47,3513.47
ACC100367,ACC100185,1,1061.46,1061.46
ACC100367,ACC100412,1,43.52,43.52
ACC100367,ACC100613,1,2136.69,2136.69
ACC100367,ACC100645,1,394.1,394.1
ACC100367,ACC100681,1,8231.72,8231.72
ACC100367,ACC100698,1,435.13,435.13
ACC100367,ACC100870,1,4006.28,4006.28
ACC100367,ACC100923,1,4150.01,4150.01
ACC100367,ACC100924,1,2383.96,2383.96
ACC100368,ACC100025,1,767.16,767.16
ACC100368,ACC100030,1,13451.0,13451.0
ACC100368,ACC100080,1,2139.27,2139.27
ACC100368,ACC100245,1,6706.48,6706.48
ACC100368,ACC100653,1,3108.04,3108.04
ACC100368,ACC100661,1,315.24,315.24
ACC100368,ACC100745,1,3826.43,3826.43
ACC100368,ACC100807,1,869.14,869.14
ACC100368,ACC100928,1,677.94,677.94
ACC100368,ACC100984,1,502.06,502.06
ACC100369,ACC100044,1,429.22,429.22
ACC100369,ACC100281,1,3081.9,3081.9
ACC100369,ACC100300,1,6204.36,6204.36
ACC100369,ACC100306,1,9422.75,9422.75
ACC100369,ACC100474,1,413.85,413.85
ACC100369,ACC100725,1,1375.9,1375.9
ACC100369,ACC100738,1,375.71,375.71
ACC100369,ACC100869,1,143.25,143.25
ACC100370,ACC100314,1,10238.1,10238.1
ACC100370,ACC100326,1,338.79,338.79
ACC100370,ACC100348,1,1544.44,1544.44
ACC100370,ACC100407,1,4918.58,4918.58
ACC100370,ACC100430,1,37.83,37.83
ACC100370,ACC100445,1,1213.49,1213.49
ACC100370,ACC100488,1,392.83,392.83
ACC100370,ACC100516,1,1046.84,1046.84
ACC100370,ACC100627,1,3141.71,3141.71
ACC100370,ACC100632,1,2039.84,2039.84
ACC100370,ACC100653,1,395.33,395.33
ACC100370,ACC100709,1,239.18,239.18
ACC100370,ACC100735,1,1154.33,1154.33
ACC100370,ACC100913,1,10136.0,10136.0
ACC100371,ACC100312,1,1295.15,1295.15
ACC100371,ACC100398,1,2043.03,2043.03
ACC100371,ACC100464,1,4203.82,4203.82
ACC100371,ACC100552,1,118.77,118.77
ACC100371,ACC100631,1,3618.11,3618.11
ACC100372,ACC100030,1,584.99,584.99
ACC100372,ACC100031,1,665.23,665.23
ACC100372,ACC100185,1,4313.07,4313.07
ACC100372,ACC100237,1,1369.43,1369.43
ACC100372,ACC100367,1,692.8,692.8
ACC100372,ACC100398,1,83.49,83.49
ACC100372,ACC100521,1,1279.44,1279.44
ACC100372,ACC100572,1,596.57,596.57
ACC100372,ACC100677,1,527.26,527.26
ACC100372,ACC100796,1,1242.34,1242.34
ACC100372,ACC100845,1,719.79,719.79
ACC100372,ACC100987,1,3787.25,3787.25
ACC100372,ACC100992,1,247.25,247.25
ACC100373,ACC100027,1,395.3,395.3
ACC100373,ACC100108,1,256.56,256.56
ACC100373,ACC100138,1,841.11,841.11
ACC100373,ACC100395,1,861.88,861.88
ACC100373,ACC100473,1,261.04,261.04
ACC100373,ACC100537,1,1378.61,1378.61
ACC100373,ACC100695,1,1058.84,1058.84
ACC100373,ACC100718,1,10564.0,10564.0
ACC100373,ACC100755,1,235.11,235.11
ACC100373,ACC100842,1,1035.23,1035.23
ACC100373,ACC100874,1,613.28,613.28
ACC100373,ACC100892,1,244.01,244.01
ACC100373,ACC100926,1,39.03,39.03
ACC100373,ACC100953,1,1074.91,1074.91
ACC100373,ACC100955,1,899.92,899.92
ACC100374,ACC100014,1,276.01,276.01
ACC100374,ACC100144,1,871.27,871.27
ACC100374,ACC100375,1,668.82,668.82
ACC100374,ACC100422,1,1044.16,1044.16
ACC100374,ACC100515,1,3177.95,3177.95
ACC100374,ACC100567,1,6135.38,6135.38
ACC100374,ACC100601,1,987.79,987.79
ACC100374,ACC100622,1,626.06,626.06
ACC100374,ACC100972,1,7334.77,7334.77
ACC100374,ACC100979,1,1198.87,1198.87
ACC100375,ACC100226,1,1720.38,1720.38
ACC100375,ACC100275,1,941.03,941.03
ACC100375,ACC100396,1,19076.8,19076.8
ACC100375,ACC100422,1,1105.23,1105.23
ACC100375,ACC100524,1,6231.88,6231.88
ACC100375,ACC100714,1,1109.9,1109.9
ACC100375,ACC100822,1,439.33,439.33
ACC100375,ACC100910,1,3438.37,3438.37
ACC100376,ACC100011,1,5626.31,5626.31
ACC100376,ACC100264,1,2049.72,2049.72
ACC100376,ACC100352,1,2366.06,2366.06
ACC100376,ACC100521,1,23942.43,23942.43
ACC100376,ACC100579,1,5826.31,5826.31
ACC100376,ACC100683,1,3706.72,3706.72
ACC100376,ACC100757,1,1944.62,1944.62
ACC100376,ACC100792,1,1287.69,1287.69
ACC100376,ACC100980,1,1002.9,1002.9
ACC100377,ACC100045,1,2533.44,2533.44
ACC100377,ACC100053,1,234.13,234.13
ACC100377,ACC100277,1,576.92,576.92
ACC100377,ACC100413,1,509.6,509.6
ACC100377,ACC100463,1,4822.51,4822.51
ACC100377,ACC100530,1,62.73,62.73
ACC100377,ACC100579,1,472.39,472.39
ACC100377,ACC100600,1,759.68,759.68
ACC100377,ACC100739,1,2991.31,2991.31
ACC100377,ACC100843,1,114.8,114.8
ACC100377,ACC100985,1,365.13,365.13
ACC100378,ACC100060,1,239.0,239.0
ACC100378,ACC100108,1,372.84,372.84
ACC100378,ACC100239,1,20839.61,20839.61
ACC100378,ACC100374,1,399.02,399.02
ACC100378,ACC100412,1,228.22,228.22
ACC100378,ACC100427,1,424.12,424.12
ACC100378,ACC100459,1,2946.7,2946.7
ACC100378,ACC100677,1,313.89,313.89
ACC100378,ACC100864,1,95.22,95.22
ACC100379,ACC100049,1,9670.27,9670.27
ACC100379,ACC100070,1,220.49,220.49
ACC100379,ACC100104,1,1380.23,1380.23
ACC100379,ACC100323,1,1234.7,1234.7
ACC100379,ACC100378,1,1902.8,1902.8
ACC100379,ACC100511,1,572.89,572.89
ACC100379,ACC100604,1,1804.28,1804.28
ACC100379,ACC100607,1,282.68,282.68
ACC100379,ACC100833,1,1023.38,1023.38
ACC100379,ACC100939,1,4076.28,4076.28
ACC100379,ACC100958,1,895.44,895.44
ACC100379,ACC100999,1,796.65,796.65
ACC100380,ACC100036,1,1759.28,1759.28
ACC100380,ACC100060,1,633.84,633.84
ACC100380,ACC100082,1,2552.66,2552.66
ACC100380,ACC100105,1,287.51,287.51
ACC100380,ACC100136,1,409.82,409.82
ACC100380,ACC100266,1,4924.52,4924.52
ACC100380,ACC100436,1,249.25,249.25
ACC100380,ACC100454,1,693.04,693.04
ACC100380,ACC100789,1,1307.01,1307.01
ACC100380,ACC100809,1,424.5,424.5
ACC100380,ACC100819,1,7124.44,7124.44
ACC100380,ACC100832,1,1184.26,1184.26
ACC100380,ACC100849,1,2028.31,2028.31
ACC100380,ACC100937,1,137.63,137.63
ACC100380,ACC100947,1,12645.48,12645.48
ACC100380,ACC100956,1,488.87,488.87
ACC100381,ACC100134,1,1122.54,1122.54
ACC100381,ACC100147,1,751.75,751.75
ACC100381,ACC100223,1,7986.0,7986.0
ACC100381,ACC100353,1,2342.9,2342.9
ACC100381,ACC100372,1,375.13,375.13
ACC100381,ACC100390,1,1914.49,1914.49
ACC100381,ACC100391,1,865.08,865.08
ACC100381,ACC100459,1,449.46,449.46
ACC100381,ACC100638,1,2314.54,2314.54
ACC100381,ACC100732,1,1410.62,1410.62
ACC100381,ACC100735,1,350.36,350.36
ACC100381,ACC100938,1,684.22,684.22
ACC100381,ACC100968,1,4987.52,4987.52
ACC100381,ACC100975,1,1914.55,1914.55
ACC100382,ACC100016,1,254.29,254.29
ACC100382,ACC100023,1,2814.98,2814.98
ACC100382,ACC100066,1,252.45,252.45
ACC100382,ACC100090,1,1725.97,1725.97
ACC100382,ACC100119,1,1622.42,1622.42
ACC100382,ACC100200,1,957.98,957.98
ACC100382,ACC100400,1,927.15,927.15
ACC100382,ACC100404,1,1760.01,1760.01
ACC100382,ACC100504,1,385.24,385.24
ACC100382,ACC100604,1,381.89,381.89
ACC100382,ACC100633,1,3746.77,3746.77
ACC100382,ACC100674,1,948.11,948.11
ACC100382,ACC100718,1,7491.21,7491.21
ACC100382,ACC100884,2,1861.49,930.745
ACC100382,ACC100919,1,456.1,456.1
ACC100382,ACC100928,1,526.85,526.85
ACC100382,ACC100993,1,162.21,162.21
ACC100383,ACC100006,1,10178.96,10178.96
ACC100383,ACC100037,1,1238.8,1238.8
ACC100383,ACC100162,1,2988.48,2988.48
ACC100383,ACC100213,1,419.41,419.41
ACC100383,ACC100235,1,4971.6,4971.6
ACC100383,ACC100251,1,4960.36,4960.36
ACC100383,ACC100559,1,2904.89,2904.89
ACC100383,ACC100677,1,490.94,490.94
ACC100383,ACC100716,1,520.6,520.6
ACC100383,ACC100775,1,1340.45,1340.45
ACC100383,ACC100813,1,2854.12,2854.12
ACC100383,ACC100878,1,556.89,556.89
ACC100384,ACC100030,1,13925.0,13925.0
ACC100384,ACC100180,1,3622.25,3622.25
ACC100384,ACC100306,1,1263.27,1263.27
ACC100384,ACC100462,1,743.54,743.54
ACC100384,ACC100621,1,845.82,845.82
ACC100384,ACC100665,1,3284.04,3284.04
ACC100384,ACC100675,1,2243.07,2243.07
ACC100384,ACC100722,1,1010.7,1010.7
ACC100384,ACC100801,1,7792.85,7792.85
ACC100384,ACC100875,1,1817.85,1817.85
ACC100384,ACC100912,1,1131.55,1131.55
ACC100385,ACC100237,1,465.13,465.13
ACC100385,ACC100238,1,479.96,479.96
ACC100385,ACC100254,1,528.85,528.85
ACC100385,ACC100256,1,241.1,241.1
ACC100385,ACC100296,1,876.66,876.66
ACC100385,ACC100615,1,3167.25,3167.25
ACC100385,ACC100733,1,6287.46,6287.46
ACC100385,ACC100777,1,610.5,610.5
ACC100385,ACC100874,1,160.13,160.13
ACC100385,ACC100971,1,196.11,196.11
ACC100385,ACC100996,1,3410.08,3410.08
ACC100386,ACC100143,1,284.64,284.64
ACC100386,ACC100145,1,781.62,781.62
ACC100386,ACC100171,1,82.49,82.49
ACC100386,ACC100587,1,346.95,346.95
ACC100386,ACC100674,1,5464.55,5464.55
ACC100386,ACC100750,1,732.68,732.68
ACC100386,ACC100789,1,1307.5,1307.5
ACC100386,ACC100826,1,896.34,896.34
ACC100386,ACC100860,1,1425.35,1425.35
ACC100386,ACC100911,1,463.46,463.46
ACC100386,ACC100939,1,1856.56,1856.56
ACC100386,ACC100960,1,428.62,428.62
ACC100386,ACC100971,1,6288.67,6288.67
ACC100387,ACC100032,1,8188.0,8188.0
ACC100387,ACC100161,1,2494.6,2494.6
ACC100387,ACC100563,1,1183.97,1183.97
ACC100387,ACC100621,1,272.68,272.68
ACC100387,ACC100637,1,1876.09,1876.09
ACC100387,ACC100675,1,3891.9,3891.9
ACC100387,ACC100816,1,98.22,98.22
ACC100387,ACC100886,1,1226.23,1226.23
ACC100387,ACC100967,1,1697.78,1697.78
ACC100388,ACC100011,1,499.77,499.77
ACC100388,ACC100328,1,1736.17,1736.17
ACC100388,ACC100488,1,797.23,797.23
ACC100388,ACC100497,1,1809.2,1809.2
ACC100388,ACC100518,1,2020.23,2020.23
ACC100388,ACC100546,1,2742.79,2742.79
ACC100388,ACC100614,1,2353.45,2353.45
ACC100388,ACC100617,1,3569.95,3569.95
ACC100388,ACC100693,1,1121.3,1121.3
ACC100388,ACC100758,1,5683.0,5683.0
ACC100388,ACC100767,1,1473.03,1473.03
ACC100388,ACC100904,1,107.33,107.33
ACC100388,ACC100937,1,6595.54,6595.54
ACC100389,ACC100039,1,1922.52,1922.52
ACC100389,ACC100099,1,440.33,440.33
ACC100389,ACC100281,1,9615.0,9615.0
ACC100389,ACC100299,1,477.59,477.59
ACC100389,ACC100301,1,97.99,97.99
ACC100389,ACC100366,1,74.71,74.71
ACC100389,ACC100541,1,6803.43,6803.43
ACC100389,ACC100692,1,14864.0,14864.0
ACC100389,ACC100705,1,1911.27,1911.27
ACC100389,ACC100877,1,588.15,588.15
ACC100390,ACC100003,1,814.01,814.01
ACC100390,ACC100023,1,349.65,349.65
ACC100390,ACC100089,1,14517.0,14517.0
ACC100390,ACC100121,1,816.41,816.41
ACC100390,ACC100200,1,423.7,423.7
ACC100390,ACC100412,1,2447.81,2447.81
ACC100390,ACC100472,1,260.51,260.51
ACC100390,ACC100517,1,4494.0,4494.0
ACC100390,ACC100580,1,3657.6,3657.6
ACC100390,ACC100639,1,757.76,757.76
ACC100390,ACC100816,1,6824.83,6824.83
ACC100390,ACC100870,1,3739.46,3739.46
ACC100391,ACC100056,1,405.82,405.82
ACC100391,ACC100412,1,1946.0,1946.0
ACC100391,ACC100456,1,2074.86,2074.86
ACC100391,ACC100523,1,8299.64,8299.64
ACC100391,ACC100943,1,3137.09,3137.09
ACC100391,ACC100985,1,3214.87,3214.87
ACC100392,ACC100051,1,339.07,339.07
ACC100392,ACC100105,1,607.49,607.49
ACC100392,ACC100108,1,253.42,253.42
ACC100392,ACC100131,1,551.12,551.12
ACC100392,ACC100252,1,1308.19,1308.19
ACC100392,ACC100526,1,603.77,603.77
ACC100392,ACC100553,1,190.41,190.41
ACC100392,ACC100573,1,5001.98,5001.98
ACC100392,ACC100679,1,420.85,420.85
ACC100392,ACC100826,1,2187.99,2187.99
ACC100392,ACC100941,1,74.3,74.3
ACC100393,ACC100021,1,1756.29,1756.29
ACC100393,ACC100067,1,12823.24,12823.24
ACC100393,ACC100172,1,12227.65,12227.65
ACC100393,ACC100186,1,770.76,770.76
ACC100393,ACC100282,1,4143.25,4143.25
ACC100393,ACC100402,1,23987.41,23987.41
ACC100393,ACC100569,1,2338.09,2338.09
ACC100393,ACC100581,1,1025.18,1025.18
ACC100393,ACC100733,1,9108.0,9108.0
ACC100393,ACC100782,1,305.39,305.39
ACC100393,ACC100824,1,3480.39,3480.39
ACC100393,ACC100835,1,1022.38,1022.38
ACC100393,ACC100932,1,540.05,540.05
ACC100393,ACC100977,1,532.58,532.58
ACC100394,ACC100125,1,942.63,942.63
ACC100394,ACC100150,1,11586.94,11586.94
ACC100394,ACC100159,1,438.89,438.89
ACC100394,ACC100192,1,2187.26,2187.26
ACC100394,ACC100194,1,609.33,609.33
ACC100394,ACC100335,1,1988.11,1988.11
ACC100394,ACC100541,1,742.69,742.69
ACC100394,ACC100684,1,1381.91,1381.91
ACC100394,ACC100880,1,4454.78,4454.78
ACC100394,ACC100906,1,1221.95,1221.95
ACC100395,ACC100064,1,2188.16,2188.16
ACC100395,ACC100262,1,4799.15,4799.15
ACC100395,ACC100581,1,1996.67,1996.67
ACC100395,ACC100600,1,736.04,736.04
ACC100395,ACC100623,1,1060.62,1060.62
ACC100395,ACC100644,1,1136.19,1136.19
ACC100395,ACC100665,1,8072.0,8072.0
ACC100396,ACC100011,1,670.14,670.14
ACC100396,ACC100188,1,446.58,446.58
ACC100396,ACC100189,1,367.72,367.72
ACC100396,ACC100238,1,209.21,209.21
ACC100396,ACC100426,1,911.56,911.56
ACC100396,ACC100482,1,1579.93,1579.93
ACC100396,ACC100645,1,415.02,415.02
ACC100396,ACC100734,1,1396.68,1396.68
ACC100396,ACC100774,1,547.28,547.28
ACC100396,ACC100784,1,1972.6,1972.6
ACC100396,ACC100803,1,374.19,374.19
ACC100396,ACC100865,1,209.74,209.74
ACC100397,ACC100009,1,2825.79,2825.79
ACC100397,ACC100072,1,244.72,244.72
ACC100397,ACC100074,1,1988.85,1988.85
ACC100397,ACC100117,1,846.52,846.52
ACC100397,ACC100286,1,1306.23,1306.23
ACC100397,ACC100340,1,227.7,227.7
ACC100397,ACC100461,1,892.21,892.21
ACC100397,ACC100534,1,551.18,551.18
ACC100397,ACC100560,1,543.53,543.53
ACC100397,ACC100825,1,270.08,270.08
ACC100397,ACC100862,1,359.44,359.44
ACC100397,ACC100880,1,855.45,855.45
ACC100398,ACC100000,1,3589.02,3589.02
ACC100398,ACC100043,1,542.1,542.1
ACC100398,ACC100097,1,3000.44,3000.44
ACC100398,ACC100169,1,574.71,574.71
ACC100398,ACC100171,1,14213.61,14213.61
ACC100398,ACC100265,1,219.84,219.84
ACC100398,ACC100316,1,954.48,954.48
ACC100398,ACC100330,1,161.15,161.15
ACC100398,ACC100697,1,789.31,789.31
ACC100398,ACC100796,1,2970.87,2970.87
ACC100398,ACC100873,1,1234.43,1234.43
ACC100399,ACC100028,1,693.75,693.75
ACC100399,ACC100148,1,744.03,744.03
ACC100399,ACC100208,1,810.88,810.88
ACC100399,ACC100283,1,32.35,32.35
ACC100399,ACC100706,1,410.62,410.62
ACC100399,ACC100816,1,1468.16,1468.16
ACC100399,ACC100846,1,922.09,922.09
ACC100399,ACC100922,1,22821.93,22821.93
ACC100399,ACC100924,1,1362.24,1362.24
ACC100400,ACC100025,1,2580.54,2580.54
ACC100400,ACC100160,1,194.54,194.54
ACC100400,ACC100166,1,712.38,712.38
ACC100400,ACC100210,1,303.56,303.56
ACC100400,ACC100281,1,9868.0,9868.0
ACC100400,ACC100420,1,856.41,856.41
ACC100400,ACC100448,1,1037.95,1037.95
ACC100400,ACC100483,1,791.41,791.41
ACC100400,ACC100521,1,3123.72,3123.72
ACC100400,ACC100599,1,19338.74,19338.74
ACC100400,ACC100605,1,1282.47,1282.47
ACC100400,ACC100647,1,747.87,747.87
ACC100401,ACC100014,1,490.27,490.27
ACC100401,ACC100049,1,1203.16,1203.16
ACC100401,ACC100166,1,275.21,275.21
ACC100401,ACC100187,1,1730.31,1730.31
ACC100401,ACC100188,1,428.55,428.55
ACC100401,ACC100199,1,255.96,255.96
ACC100401,ACC100228,1,967.91,967.91
ACC100401,ACC100314,1,2034.0,2034.0
ACC100401,ACC100345,1,1200.88,1200.88
ACC100401,ACC100368,1,4704.92,4704.92
ACC100401,ACC100451,1,4033.91,4033.91
ACC100401,ACC100620,1,429.69,429.69
ACC100401,ACC100986,1,336.36,336.36
ACC100402,ACC100103,1,3619.09,3619.09
ACC100402,ACC100294,1,5533.95,5533.95
ACC100402,ACC100305,1,3149.54,3149.54
ACC100402,ACC100312,1,1715.78,1715.78
ACC100402,ACC100423,1,2006.44,2006.44
ACC100402,ACC100546,1,375.13,375.13
ACC100402,ACC100715,1,6481.33,6481.33
ACC100402,ACC100872,1,6741.34,6741.34
ACC100402,ACC100917,1,1407.52,1407.52
ACC100402,ACC100932,1,9110.96,9110.96
ACC100402,ACC100980,1,3964.04,3964.04
ACC100403,ACC100036,1,156.57,156.57
ACC100403,ACC100199,1,225.8,225.8
ACC100403,ACC100314,1,421.44,421.44
ACC100403,ACC100387,1,1157.77,1157.77
ACC100403,ACC100490,1,460.99,460.99
ACC100403,ACC100569,1,5099.42,5099.42
ACC100403,ACC100697,1,5061.18,5061.18
ACC100403,ACC100776,1,371.05,371.05
ACC100403,ACC100787,1,272.01,272.01
ACC100403,ACC100881,1,1220.17,1220.17
ACC100403,ACC100918,1,2731.45,2731.45
ACC100403,ACC100991,1,1422.37,1422.37
ACC100404,ACC100047,1,441.35,441.35
ACC100404,ACC100161,1,151.88,151.88
ACC100404,ACC100180,1,595.38,595.38
ACC100404,ACC100324,1,1921.09,1921.09
ACC100404,ACC100369,1,1380.82,1380.82
ACC100404,ACC100383,1,472.46,472.46
ACC100404,ACC100407,1,979.05,979.05
ACC100404,ACC100478,1,797.93,797.93
ACC100404,ACC100661,1,8284.65,8284.65
ACC100404,ACC100687,1,22356.87,22356.87
ACC100404,ACC100961,1,5411.17,5411.17
ACC100405,ACC100038,1,236.12,236.12
ACC100405,ACC100201,1,752.58,752.58
ACC100405,ACC100244,1,1051.3,1051.3
ACC100405,ACC100318,1,6902.26,6902.26
ACC100405,ACC100435,1,2203.94,2203.94
ACC100405,ACC100583,1,420.25,420.25
ACC100405,ACC100655,1,1369.75,1369.75
ACC100405,ACC100808,1,1713.6,1713.6
ACC100405,ACC100899,1,10993.39,10993.39
ACC100405,ACC100910,1,405.7,405.7
ACC100406,ACC100105,1,219.31,219.31
ACC100406,ACC100114,1,10433.0,10433.0
ACC100406,ACC100126,1,715.47,715.47
ACC100406,ACC100203,1,4118.0,4118.0
ACC100406,ACC100217,1,1522.81,1522.81
ACC100406,ACC100524,1,246.96,246.96
ACC100406,ACC100530,1,213.02,213.02
ACC100406,ACC100542,1,687.83,687.83
ACC100406,ACC100565,1,20248.12,20248.12
ACC100406,ACC100702,1,2034.58,2034.58
ACC100406,ACC100746,1,1450.57,1450.57
ACC100407,ACC100044,1,1082.92,1082.92
ACC100407,ACC100054,1,263.91,263.91
ACC100407,ACC100066,1,3526.44,3526.44
ACC100407,ACC100284,1,1583.39,1583.39
ACC100407,ACC100445,1,8020.89,8020.89
ACC100407,ACC100493,1,3453.44,3453.44
ACC100407,ACC100706,1,901.63,901.63
ACC100407,ACC100815,1,8551.56,8551.56
ACC100407,ACC100839,1,2866.64,2866.64
ACC100407,ACC100905,2,3087.8,1543.9
ACC100408,ACC100441,1,597.49,597.49
ACC100408,ACC100497,1,6959.75,6959.75
ACC100408,ACC100513,1,619.21,619.21
ACC100408,ACC100534,1,4942.19,4942.19
ACC100408,ACC100628,1,175.0,175.0
ACC100408,ACC100633,1,220.25,220.25
ACC100408,ACC100689,1,3541.41,3541.41
ACC100408,ACC100750,1,424.93,424.93
ACC100408,ACC100990,1,1010.85,1010.85
ACC100409,ACC100016,1,12495.18,12495.18
ACC100409,ACC100049,1,494.61,494.61
ACC100409,ACC100295,1,134.07,134.07
ACC100409,ACC100467,1,581.76,581.76
ACC100409,ACC100497,1,895.56,895.56
ACC100409,ACC100741,1,485.19,485.19
ACC100409,ACC100812,1,1685.95,1685.95
ACC100410,ACC100022,1,1893.19,1893.19
ACC100410,ACC100071,1,2405.33,2405.33
ACC100410,ACC100213,1,679.07,679.07
ACC100410,ACC100304,1,1629.84,1629.84
ACC100410,ACC100366,1,677.42,677.42
ACC100410,ACC100418,1,2757.31,2757.31
ACC100410,ACC100558,1,5817.51,5817.51
ACC100410,ACC100632,1,486.4,486.4
ACC100410,ACC100804,1,1043.21,1043.21
ACC100410,ACC100826,1,618.82,618.82
ACC100411,ACC100012,1,5457.68,5457.68
ACC100411,ACC100018,1,181.76,181.76
ACC100411,ACC100027,1,14822.0,14822.0
ACC100411,ACC100202,1,1315.34,1315.34
ACC100411,ACC100203,1,12236.0,12236.0
ACC100411,ACC100281,1,3936.0,3936.0
ACC100411,ACC100305,1,4648.24,4648.24
ACC100411,ACC100381,1,582.03,582.03
ACC100411,ACC100542,1,1170.65,1170.65
ACC100411,ACC100546,1,2803.25,2803.25
ACC100411,ACC100646,1,1074.16,1074.16
ACC100411,ACC100746,1,510.74,510.74
ACC100411,ACC100907,1,2392.82,2392.82
ACC100411,ACC100950,1,1398.58,1398.58
ACC100412,ACC100033,1,1525.79,1525.79
ACC100412,ACC100108,1,3057.19,3057.19
ACC100412,ACC100180,1,3069.68,3069.68
ACC100412,ACC100186,1,503.38,503.38
ACC100412,ACC100196,1,975.85,975.85
ACC100412,ACC100378,1,6665.82,6665.82
ACC100412,ACC100468,1,1484.51,1484.51
ACC100412,ACC100752,1,423.46,423.46
ACC100412,ACC100776,1,2149.13,2149.13
ACC100412,ACC100807,1,485.59,485.59
ACC100413,ACC100013,1,2243.66,2243.66
ACC100413,ACC100136,1,380.69,380.69
ACC100413,ACC100422,1,1719.01,1719.01
ACC100413,ACC100471,1,4852.66,4852.66
ACC100413,ACC100531,1,142.68,142.68
ACC100413,ACC100834,1,1400.12,1400.12
ACC100413,ACC100923,1,1259.84,1259.84
ACC100413,ACC100937,1,516.99,516.99
ACC100414,ACC100178,1,385.77,385.77
ACC100414,ACC100265,1,2235.28,2235.28
ACC100414,ACC100291,1,352.49,352.49
ACC100414,ACC100364,1,8981.57,8981.57
ACC100414,ACC100382,1,900.24,900.24
ACC100414,ACC100386,2,4134.16,2067.08
ACC100414,ACC100412,1,583.71,583.71
ACC100414,ACC100653,1,4144.95,4144.95
ACC100414,ACC100787,1,599.18,599.18
ACC100414,ACC100846,1,613.68,613.68
ACC100414,ACC100974,1,1706.27,1706.27
ACC100414,ACC100997,1,3599.3,3599.3
ACC100415,ACC100028,1,2034.62,2034.62
ACC100415,ACC100118,1,3757.49,3757.49
ACC100415,ACC100160,1,107.73,107.73
ACC100415,ACC100440,1,192.23,192.23
ACC100415,ACC100488,1,220.7,220.7
ACC100415,ACC100554,1,671.2,671.2
ACC100415,ACC100616,1,213.22,213.22
ACC100415,ACC100754,1,10618.0,10618.0
ACC100415,ACC100761,1,632.25,632.25
ACC100415,ACC100830,1,148.18,148.18
ACC100415,ACC100831,1,868.97,868.97
ACC100415,ACC100862,1,1255.22,1255.22
ACC100416,ACC100055,1,588.59,588.59
ACC100416,ACC100212,1,1680.87,1680.87
ACC100416,ACC100276,1,707.17,707.17
ACC100416,ACC100306,1,141.79,141.79
ACC100416,ACC100456,1,531.6,531.6
ACC100416,ACC100645,1,5774.4,5774.4
ACC100416,ACC100716,1,728.22,728.22
ACC100416,ACC100728,1,550.55,550.55
ACC100416,ACC100748,1,3149.45,3149.45
ACC100417,ACC100005,1,479.74,479.74
ACC100417,ACC100039,1,324.12,324.12
ACC100417,ACC100172,1,5400.27,5400.27
ACC100417,ACC100228,1,9548.0,9548.0
ACC100417,ACC100255,1,422.64,422.64
ACC100417,ACC100290,1,552.45,552.45
ACC100417,ACC100475,1,163.0,163.0
ACC100417,ACC100649,1,73.05,73.05
ACC100417,ACC100918,1,680.59,680.59
ACC100418,ACC100029,1,6430.81,6430.81
ACC100418,ACC100059,1,744.42,744.42
ACC100418,ACC100263,1,4113.33,4113.33
ACC100418,ACC100376,1,791.69,791.69
ACC100418,ACC100383,1,495.19,495.19
ACC100418,ACC100445,1,1799.55,1799.55
ACC100418,ACC100455,1,780.77,780.77
ACC100418,ACC100516,1,535.84,535.84
ACC100418,ACC100554,1,1658.39,1658.39
ACC100418,ACC100877,1,438.13,438.13
ACC100418,ACC100919,1,670.26,670.26
ACC100419,ACC100195,1,1849.89,1849.89
ACC100419,ACC100251,1,842.44,842.44
ACC100419,ACC100319,1,1017.5,1017.5
ACC100419,ACC100408,1,988.88,988.88
ACC100419,ACC100547,1,1385.43,1385.43
ACC100419,ACC100654,1,2843.58,2843.58
ACC100419,ACC100848,1,518.48,518.48
ACC100419,ACC100878,1,4706.0,4706.0
ACC100420,ACC100046,1,3379.19,3379.19
ACC100420,ACC100056,1,137.32,137.32
ACC100420,ACC100109,1,1059.19,1059.19
ACC100420,ACC100171,1,2199.18,2199.18
ACC100420,ACC100326,1,1767.68,1767.68
ACC100420,ACC100426,1,3609.08,3609.08
ACC100420,ACC100434,1,1260.39,1260.39
ACC100420,ACC100522,1,3441.92,3441.92
ACC100420,ACC100611,1,791.84,791.84
ACC100420,ACC100616,2,10249.74,5124.87
ACC100420,ACC100693,1,577.07,577.07
ACC100420,ACC100718,1,9026.0,9026.0
ACC100421,ACC100065,1,136.7,136.7
ACC100421,ACC100100,1,116.53,116.53
ACC100421,ACC100193,1,1005.38,1005.38
ACC100421,ACC100240,1,494.98,494.98
ACC100421,ACC100359,1,356.81,356.81
ACC100421,ACC100409,1,1077.12,1077.12
ACC100421,ACC100557,1,1047.47,1047.47
ACC100421,ACC100592,1,5705.42,5705.42
ACC100421,ACC100689,1,460.71,460.71
ACC100421,ACC100695,1,687.21,687.21
ACC100421,ACC100739,1,625.27,625.27
ACC100421,ACC100764,1,2552.99,2552.99
ACC100422,ACC100030,1,10916.0,10916.0
ACC100422,ACC100085,1,4219.49,4219.49
ACC100422,ACC100096,1,1236.31,1236.31
ACC100422,ACC100233,1,428.12,428.12
ACC100422,ACC100329,1,146.06,146.06
ACC100422,ACC100412,1,2486.34,2486.34
ACC100422,ACC100420,1,566.83,566.83
ACC100422,ACC100453,1,3586.54,3586.54
ACC100422,ACC100606,1,6220.27,6220.27
ACC100422,ACC100636,1,449.54,449.54
ACC100422,ACC100760,1,3119.07,3119.07
ACC100422,ACC100789,1,10881.43,10881.43
ACC100422,ACC100803,1,858.29,858.29
ACC100422,ACC100929,1,179.18,179.18
ACC100422,ACC100978,1,518.2,518.2
ACC100422,ACC100998,1,403.35,403.35
ACC100423,ACC100044,1,1185.1,1185.1
ACC100423,ACC100067,1,811.67,811.67
ACC100423,ACC100171,1,3376.75,3376.75
ACC100423,ACC100274,1,404.58,404.58
ACC100423,ACC100420,1,1574.89,1574.89
ACC100423,ACC100507,1,453.13,453.13
ACC100423,ACC100515,1,1434.22,1434.22
ACC100423,ACC100676,1,652.03,652.03
ACC100423,ACC100772,1,1162.93,1162.93
ACC100423,ACC100940,1,3389.32,3389.32
ACC100424,ACC100024,1,745.04,745.04
ACC100424,ACC100238,1,247.34,247.34
ACC100424,ACC100569,1,4243.97,4243.97
ACC100424,ACC100573,1,3023.79,3023.79
ACC100424,ACC100743,1,3962.69,3962.69
ACC100424,ACC100830,1,182.62,182.62
ACC100424,ACC100974,1,978.51,978.51
ACC100425,ACC100095,1,1202.72,1202.72
ACC100425,ACC100130,1,1094.87,1094.87
ACC100425,ACC100165,1,1112.44,1112.44
ACC100425,ACC100255,1,1015.48,1015.48
ACC100425,ACC100268,1,543.34,543.34
ACC100425,ACC100767,1,1690.23,1690.23
ACC100425,ACC100768,1,3005.5,3005.5
ACC100425,ACC100808,1,431.2,431.2
ACC100425,ACC100843,1,3723.01,3723.01
ACC100425,ACC100911,1,993.23,993.23
ACC100425,ACC100921,1,273.0,273.0
ACC100426,ACC100079,1,1626.69,1626.69
ACC100426,ACC100307,1,422.19,422.19
ACC100426,ACC100325,1,2888.0,2888.0
ACC100426,ACC100640,1,199.39,199.39
ACC100426,ACC100710,1,3649.38,3649.38
ACC100426,ACC100721,1,1694.48,1694.48
ACC100426,ACC100797,1,1347.17,1347.17
ACC100426,ACC100857,1,2818.18,2818.18
ACC100426,ACC100901,1,156.27,156.27
ACC100426,ACC100923,1,1184.63,1184.63
ACC100426,ACC100933,1,951.39,951.39
ACC100426,ACC100942,1,2773.1,2773.1
ACC100426,ACC100952,1,5325.87,5325.87
ACC100426,ACC100992,1,997.35,997.35
ACC100427,ACC100051,1,149.32,149.32
ACC100427,ACC100072,1,752.24,752.24
ACC100427,ACC100234,1,1240.49,1240.49
ACC100427,ACC100246,1,901.3,901.3
ACC100427,ACC100777,1,1122.03,1122.03
ACC100427,ACC100844,1,2772.77,2772.77
ACC100428,ACC100004,1,267.9,267.9
ACC100428,ACC100078,1,2279.43,2279.43
ACC100428,ACC100147,1,2612.59,2612.59
ACC100428,ACC100334,1,1282.74,1282.74
ACC100428,ACC100336,1,781.78,781.78
ACC100428,ACC100349,1,1493.65,1493.65
ACC100428,ACC100408,1,306.7,306.7
ACC100428,ACC100410,1,3643.18,3643.18
ACC100428,ACC100485,1,1423.62,1423.62
ACC100428,ACC100572,1,147.75,147.75
ACC100428,ACC100574,1,755.49,755.49
ACC100428,ACC100719,1,1010.86,1010.86
ACC100428,ACC100850,1,49.71,49.71
ACC100429,ACC100102,1,305.54,305.54
ACC100429,ACC100203,1,8330.08,8330.08
ACC100429,ACC100228,1,254.77,254.77
ACC100429,ACC100536,1,894.66,894.66
ACC100429,ACC100715,1,4094.36,4094.36
ACC100429,ACC100841,1,8700.1,8700.1
ACC100430,ACC100020,1,4782.83,4782.83
ACC100430,ACC100131,1,4025.81,4025.81
ACC100430,ACC100133,1,2473.13,2473.13
ACC100430,ACC100360,1,1214.57,1214.57
ACC100430,ACC100379,1,2108.22,2108.22
ACC100430,ACC100470,1,171.15,171.15
ACC100430,ACC100599,1,1523.72,1523.72
ACC100430,ACC100620,1,1122.87,1122.87
ACC100430,ACC100726,1,1513.53,1513.53
ACC100430,ACC100858,1,4061.79,4061.79
ACC100430,ACC100866,1,966.33,966.33
ACC100430,ACC100922,1,1628.87,1628.87
ACC100431,ACC100110,1,2378.33,2378.33
ACC100431,ACC100281,1,390.27,390.27
ACC100431,ACC100321,1,303.98,303.98
ACC100431,ACC100478,1,434.36,434.36
ACC100431,ACC100500,1,12869.29,12869.29
ACC100431,ACC100511,1,4430.12,4430.12
ACC100431,ACC100585,1,4699.85,4699.85
ACC100431,ACC100669,1,419.66,419.66
ACC100431,ACC100720,1,576.54,576.54
ACC100431,ACC100758,1,10018.0,10018.0
ACC100431,ACC100890,1,128.73,128.73
ACC100431,ACC100904,1,1756.57,1756.57
ACC100431,ACC100997,1,985.35,985.35
ACC100432,ACC100289,1,57976.5,57976.5
ACC100432,ACC100301,1,615.76,615.76
ACC100432,ACC100335,1,817.51,817.51
ACC100432,ACC100373,1,824.43,824.43
ACC100432,ACC100654,1,14946.0,14946.0
ACC100432,ACC100966,1,1332.52,1332.52
ACC100433,ACC100031,1,3923.85,3923.85
ACC100433,ACC100129,1,417.39,417.39
ACC100433,ACC100357,1,7469.76,7469.76
ACC100433,ACC100481,1,267.22,267.22
ACC100433,ACC100528,1,1905.56,1905.56
ACC100433,ACC100586,1,311.56,311.56
ACC100434,ACC100263,1,510.41,510.41
ACC100434,ACC100394,1,1660.32,1660.32
ACC100434,ACC100454,1,803.89,803.89
ACC100434,ACC100455,1,1524.9,1524.9
ACC100434,ACC100507,1,993.22,993.22
ACC100434,ACC100520,1,2398.87,2398.87
ACC100434,ACC100544,1,5344.55,5344.55
ACC100434,ACC100571,1,956.56,956.56
ACC100434,ACC100586,1,2609.37,2609.37
ACC100434,ACC100689,1,3773.69,3773.69
ACC100434,ACC100818,1,392.29,392.29
ACC100434,ACC100998,1,3384.43,3384.43
ACC100435,ACC100133,1,88365.97,88365.97
ACC100435,ACC100345,1,5158.76,5158.76
ACC100435,ACC100408,1,594.77,594.77
ACC100435,ACC100442,1,715.64,715.64
ACC100435,ACC100576,1,748.77,748.77
ACC100435,ACC100680,1,3289.53,3289.53
ACC100435,ACC100702,1,17252.83,17252.83
ACC100435,ACC100713,1,11649.15,11649.15
ACC100435,ACC100716,1,2833.54,2833.54
ACC100435,ACC100863,1,1374.05,1374.05
ACC100435,ACC100966,1,454.84,454.84
ACC100436,ACC100045,1,393.81,393.81
ACC100436,ACC100050,1,956.55,956.55
ACC100436,ACC100109,1,68.97,68.97
ACC100436,ACC100112,1,6958.29,6958.29
ACC100436,ACC100256,1,1571.66,1571.66
ACC100436,ACC100267,1,314.01,314.01
ACC100436,ACC100418,1,1540.41,1540.41
ACC100436,ACC100490,1,3348.63,3348.63
ACC100436,ACC100524,1,502.52,502.52
ACC100436,ACC100742,1,1284.02,1284.02
ACC100436,ACC100770,1,3432.2,3432.2
ACC100436,ACC100777,1,18555.29,18555.29
ACC100436,ACC100792,1,610.3,610.3
ACC100437,ACC100000,1,954.66,954.66
ACC100437,ACC100089,1,155.22,155.22
ACC100437,ACC100289,1,9776.59,9776.59
ACC100437,ACC100302,1,3265.14,3265.14
ACC100437,ACC100342,1,157.39,157.39
ACC100437,ACC100562,1,11202.63,11202.63
ACC100437,ACC100663,1,267.21,267.21
ACC100438,ACC100008,1,281.54,281.54
ACC100438,ACC100046,1,223.31,223.31
ACC100438,ACC100382,1,63.38,63.38
ACC100438,ACC100445,1,6477.76,6477.76
ACC100438,ACC100454,1,609.33,609.33
ACC100438,ACC100504,1,425.08,425.08
ACC100438,ACC100590,1,1146.0,1146.0
ACC100438,ACC100712,1,193.2,193.2
ACC100438,ACC100737,1,2089.32,2089.32
ACC100438,ACC100784,1,22868.07,22868.07
ACC100438,ACC100812,1,159.63,159.63
ACC100438,ACC100961,1,3036.68,3036.68
ACC100438,ACC100971,1,278.27,278.27
ACC100439,ACC100338,1,326.43,326.43
ACC100440,ACC100032,1,935.16,935.16
ACC100440,ACC100048,1,743.11,743.11
ACC100440,ACC100354,1,458.17,458.17
ACC100440,ACC100362,1,2616.38,2616.38
ACC100440,ACC100369,1,2759.29,2759.29
ACC100440,ACC100401,1,396.83,396.83
ACC100440,ACC100409,1,539.58,539.58
ACC100440,ACC100531,1,5494.2,5494.2
ACC100440,ACC100638,1,2443.52,2443.52
ACC100440,ACC100752,1,4581.23,4581.23
ACC100440,ACC100754,1,10461.0,10461.0
ACC100440,ACC100930,1,450.15,450.15
ACC100441,ACC100046,1,576.8,576.8
ACC100441,ACC100078,1,190.85,190.85
ACC100441,ACC100304,1,296.71,296.71
ACC100441,ACC100336,1,457.33,457.33
ACC100441,ACC100343,1,572.13,572.13
ACC100441,ACC100379,1,308.34,308.34
ACC100441,ACC100386,1,1149.65,1149.65
ACC100441,ACC100489,1,2673.92,2673.92
ACC100441,ACC100509,1,810.96,810.96
ACC100441,ACC100537,1,361.29,361.29
ACC100441,ACC100755,1,449.39,449.39
ACC100442,ACC100030,1,14101.0,14101.0
ACC100442,ACC100069,1,515.62,515.62
ACC100442,ACC100223,1,1893.1,1893.1
ACC100442,ACC100257,1,238.62,238.62
ACC100442,ACC100312,1,555.18,555.18
ACC100442,ACC100407,1,323.1,323.1
ACC100442,ACC100604,1,8460.0,8460.0
ACC100442,ACC100608,1,2387.42,2387.42
ACC100442,ACC100696,1,477.46,477.46
ACC100442,ACC100895,1,7027.49,7027.49
ACC100443,ACC100445,1,86.57,86.57
ACC100443,ACC100816,1,142.69,142.69
ACC100443,ACC100910,1,9780.93,9780.93
ACC100443,ACC100998,1,429.6,429.6
ACC100444,ACC100028,1,2227.0,2227.0
ACC100444,ACC100088,1,89.65,89.65
ACC100444,ACC100358,1,803.24,803.24
ACC100444,ACC100491,1,317.06,317.06
ACC100444,ACC100593,1,3559.17,3559.17
ACC100444,ACC100645,1,230.19,230.19
ACC100444,ACC100808,1,577.16,577.16
ACC100444,ACC100981,1,4461.44,4461.44
ACC100445,ACC100008,1,6025.31,6025.31
ACC100445,ACC100073,1,1605.06,1605.06
ACC100445,ACC100081,1,1603.76,1603.76
ACC100445,ACC100111,1,236.74,236.74
ACC100445,ACC100142,1,3727.0,3727.0
ACC100445,ACC100308,1,1181.88,1181.88
ACC100445,ACC100386,1,3055.11,3055.11
ACC100445,ACC100449,1,1382.49,1382.49
ACC100445,ACC100519,1,1499.66,1499.66
ACC100445,ACC100633,1,3827.94,3827.94
ACC100445,ACC100732,1,4975.34,4975.34
ACC100445,ACC100788,1,1520.84,1520.84
ACC100445,ACC100913,1,4402.0,4402.0
ACC100445,ACC100975,1,193.95,193.95
ACC100446,ACC100047,1,112.05,112.05
ACC100446,ACC100095,1,1266.67,1266.67
ACC100446,ACC100373,1,468.79,468.79
ACC100446,ACC100400,1,400.85,400.85
ACC100446,ACC100415,1,1399.37,1399.37
ACC100446,ACC100443,1,264.93,264.93
ACC100446,ACC100524,1,3167.3,3167.3
ACC100446,ACC100585,1,3595.11,3595.11
ACC100446,ACC100630,1,9765.42,9765.42
ACC100446,ACC100635,1,934.61,934.61
ACC100446,ACC100682,1,333.47,333.47
ACC100446,ACC100704,1,1909.58,1909.58
ACC100446,ACC100741,1,1357.82,1357.82
ACC100446,ACC100870,1,1422.78,1422.78
ACC100447,ACC100142,1,13926.0,13926.0
ACC100447,ACC100160,1,22981.64,22981.64
ACC100447,ACC100203,1,5842.0,5842.0
ACC100447,ACC100236,1,332.29,332.29
ACC100447,ACC100353,1,1526.87,1526.87
ACC100447,ACC100439,1,995.89,995.89
ACC100447,ACC100634,1,730.47,730.47
ACC100447,ACC100664,1,3127.05,3127.05
ACC100447,ACC100842,1,65.76,65.76
ACC100447,ACC100954,1,3627.95,3627.95
ACC100448,ACC100084,1,7229.28,7229.28
ACC100448,ACC100203,1,11363.0,11363.0
ACC100448,ACC100604,1,12619.0,12619.0
ACC100448,ACC100666,1,1260.1,1260.1
ACC100448,ACC100734,1,84.77,84.77
ACC100448,ACC100854,1,634.92,634.92
ACC100448,ACC100993,1,224.76,224.76
ACC100449,ACC100010,1,429.01,429.01
ACC100449,ACC100101,1,1604.9,1604.9
ACC100449,ACC100182,1,3130.93,3130.93
ACC100449,ACC100237,1,2882.89,2882.89
ACC100449,ACC100298,1,260.01,260.01
ACC100449,ACC100408,1,1376.2,1376.2
ACC100449,ACC100437,1,1935.36,1935.36
ACC100449,ACC100440,1,1463.87,1463.87
ACC100449,ACC100445,1,7653.09,7653.09
ACC100449,ACC100562,1,443.11,443.11
ACC100449,ACC100669,1,2092.59,2092.59
ACC100449,ACC100794,1,6575.29,6575.29
ACC100449,ACC100828,1,7285.53,7285.53
ACC100449,ACC100992,1,205.21,205.21
ACC100450,ACC100137,1,1139.26,1139.26
ACC100450,ACC100298,1,2355.76,2355.76
ACC100450,ACC100302,1,1062.77,1062.77
ACC100450,ACC100429,1,1314.77,1314.77
ACC100450,ACC100577,1,2022.83,2022.83
ACC100450,ACC100648,1,1754.23,1754.23
ACC100450,ACC100663,1,273.73,273.73
ACC100450,ACC100668,1,335.45,335.45
ACC100450,ACC100692,1,3610.67,3610.67
ACC100450,ACC100695,1,502.97,502.97
ACC100450,ACC100812,1,5070.39,5070.39
ACC100450,ACC100959,1,475.53,475.53
ACC100451,ACC100045,1,924.78,924.78
ACC100451,ACC100069,1,249.5,249.5
ACC100451,ACC100071,1,154.81,154.81
ACC100451,ACC100131,1,513.89,513.89
ACC100451,ACC100266,1,5529.96,5529.96
ACC100451,ACC100324,1,792.55,792.55
ACC100451,ACC100366,1,4034.8,4034.8
ACC100451,ACC100420,1,674.8,674.8
ACC100451,ACC100545,1,4641.62,4641.62
ACC100451,ACC100641,1,3964.26,3964.26
ACC100451,ACC100786,1,1072.38,1072.38
ACC100451,ACC100988,1,857.87,857.87
ACC100452,ACC100003,1,484.36,484.36
ACC100452,ACC100042,1,891.5,891.5
ACC100452,ACC100151,1,1156.66,1156.66
ACC100452,ACC100445,1,145.52,145.52
ACC100452,ACC100522,1,2297.26,2297.26
ACC100452,ACC100569,1,584.48,584.48
ACC100452,ACC100608,1,3740.31,3740.31
ACC100452,ACC100653,1,476.67,476.67
ACC100452,ACC100658,1,1246.97,1246.97
ACC100452,ACC100710,1,83.76,83.76
ACC100452,ACC100714,1,1399.66,1399.66
ACC100452,ACC100982,1,360.1,360.1
ACC100453,ACC100102,1,3945.27,3945.27
ACC100453,ACC100161,1,13587.32,13587.32
ACC100453,ACC100256,1,1436.73,1436.73
ACC100453,ACC100283,1,980.55,980.55
ACC100453,ACC100349,1,1794.05,1794.05
ACC100453,ACC100604,1,2486.33,2486.33
ACC100453,ACC100667,1,15766.25,15766.25
ACC100453,ACC100736,1,5221.78,5221.78
ACC100453,ACC100806,1,666.22,666.22
ACC100454,ACC100051,1,578.41,578.41
ACC100454,ACC100076,1,3555.56,3555.56
ACC100454,ACC100089,1,13610.0,13610.0
ACC100454,ACC100145,1,1742.0,1742.0
ACC100454,ACC100217,1,553.16,553.16
ACC100454,ACC100518,1,3929.54,3929.54
ACC100454,ACC100533,1,4077.66,4077.66
ACC100454,ACC100718,1,4374.0,4374.0
ACC100454,ACC100767,1,944.83,944.83
ACC100454,ACC100888,1,1044.29,1044.29
ACC100454,ACC100947,1,1021.96,1021.96
ACC100454,ACC100953,1,2652.6,2652.6
ACC100455,ACC100013,1,370.68,370.68
ACC100455,ACC100143,1,3173.37,3173.37
ACC100455,ACC100167,1,1016.81,1016.81
ACC100455,ACC100282,1,1065.51,1065.51
ACC100455,ACC100378,1,890.93,890.93
ACC100455,ACC100497,1,4730.46,4730.46
ACC100455,ACC100894,1,14880.38,14880.38
ACC100455,ACC100910,1,1214.8,1214.8
ACC100455,ACC100989,1,1905.25,1905.25
ACC100455,ACC100999,1,2446.32,2446.32
ACC100456,ACC100045,1,385.66,385.66
ACC100456,ACC100182,1,217.95,217.95
ACC100456,ACC100246,1,1353.58,1353.58
ACC100456,ACC100574,1,1045.76,1045.76
ACC100456,ACC100690,1,3611.59,3611.59
ACC100456,ACC100750,1,5900.03,5900.03
ACC100456,ACC100751,1,341.65,341.65
ACC100456,ACC100767,1,13635.55,13635.55
ACC100457,ACC100069,1,3176.78,3176.78
ACC100457,ACC100080,1,913.72,913.72
ACC100457,ACC100269,1,669.75,669.75
ACC100457,ACC100277,1,362.9,362.9
ACC100457,ACC100312,1,1605.99,1605.99
ACC100457,ACC100323,1,783.1,783.1
ACC100457,ACC100332,1,234.25,234.25
ACC100457,ACC100355,1,406.09,406.09
ACC100457,ACC100378,1,594.86,594.86
ACC100457,ACC100580,1,2225.04,2225.04
ACC100457,ACC100770,1,1098.82,1098.82
ACC100458,ACC100032,1,10749.0,10749.0
ACC100458,ACC100286,1,523.2,523.2
ACC100458,ACC100399,1,3266.73,3266.73
ACC100458,ACC100419,1,849.48,849.48
ACC100458,ACC100752,1,1479.3,1479.3
ACC100458,ACC100871,1,2960.53,2960.53
ACC100459,ACC100301,1,4286.96,4286.96
ACC100459,ACC100373,1,3380.74,3380.74
ACC100459,ACC100413,1,346.21,346.21
ACC100459,ACC100443,1,2745.28,2745.28
ACC100459,ACC100634,1,778.17,778.17
ACC100459,ACC100653,1,12999.91,12999.91
ACC100459,ACC100654,1,4584.0,4584.0
ACC100459,ACC100714,1,306.21,306.21
ACC100459,ACC100718,1,4623.0,4623.0
ACC100459,ACC100805,1,5383.84,5383.84
ACC100459,ACC100903,1,2068.37,2068.37
ACC100459,ACC100904,1,1335.65,1335.65
ACC100460,ACC100027,1,213.57,213.57
ACC100460,ACC100081,1,208.98,208.98
ACC100460,ACC100231,1,3252.28,3252.28
ACC100460,ACC100322,1,18701.52,18701.52
ACC100460,ACC100381,1,1593.07,1593.07
ACC100460,ACC100408,1,1602.03,1602.03
ACC100460,ACC100870,1,212.34,212.34
ACC100460,ACC100873,1,1580.65,1580.65
ACC100460,ACC100885,1,4228.64,4228.64
ACC100460,ACC100932,1,1509.34,1509.34
ACC100460,ACC100966,1,1387.4,1387.4
ACC100461,ACC100059,1,6784.18,6784.18
ACC100461,ACC100168,1,3010.29,3010.29
ACC100461,ACC100211,1,3396.24,3396.24
ACC100461,ACC100214,1,472.58,472.58
ACC100461,ACC100241,1,1754.68,1754.68
ACC100461,ACC100560,1,4129.96,4129.96
ACC100461,ACC100639,1,192.49,192.49
ACC100461,ACC100659,1,680.4,680.4
ACC100461,ACC100681,1,1938.73,1938.73
ACC100461,ACC100721,1,517.39,517.39
ACC100461,ACC100865,1,538.51,538.51
ACC100461,ACC100951,1,268.04,268.04
ACC100462,ACC100029,1,1063.17,1063.17
ACC100462,ACC100089,1,7334.0,7334.0
ACC100462,ACC100280,1,1015.21,1015.21
ACC100462,ACC100356,1,713.5,713.5
ACC100462,ACC100372,1,2072.36,2072.36
ACC100462,ACC100414,1,86.45,86.45
ACC100462,ACC100516,1,449.67,449.67
ACC100462,ACC100624,1,1950.33,1950.33
ACC100462,ACC100633,1,486.97,486.97
ACC100462,ACC100635,1,831.44,831.44
ACC100462,ACC100688,1,1289.81,1289.81
ACC100462,ACC100759,1,7562.0,7562.0
ACC100462,ACC100783,1,5339.7,5339.7
ACC100462,ACC100842,1,460.68,460.68
ACC100462,ACC100849,1,3133.17,3133.17
ACC100462,ACC100910,1,1547.0,1547.0
ACC100462,ACC100986,1,6320.8,6320.8
ACC100463,ACC100003,1,2498.63,2498.63
ACC100463,ACC100029,1,3416.65,3416.65
ACC100463,ACC100104,1,1294.48,1294.48
ACC100463,ACC100119,1,1385.04,1385.04
ACC100463,ACC100133,1,2703.14,2703.14
ACC100463,ACC100175,1,189.83,189.83
ACC100463,ACC100229,1,373.18,373.18
ACC100463,ACC100404,1,1247.03,1247.03
ACC100463,ACC100446,1,477.43,477.43
ACC100463,ACC100523,1,1883.77,1883.77
ACC100463,ACC100580,1,4815.07,4815.07
ACC100464,ACC100041,1,2580.33,2580.33
ACC100464,ACC100118,1,3488.75,3488.75
ACC100464,ACC100393,1,5266.36,5266.36
ACC100464,ACC100419,1,253.97,253.97
ACC100464,ACC100438,1,1413.09,1413.09
ACC100464,ACC100499,1,254.48,254.48
ACC100464,ACC100558,1,7530.0,7530.0
ACC100464,ACC100604,1,85.98,85.98
ACC100464,ACC100636,1,4481.17,4481.17
ACC100464,ACC100679,1,2579.4,2579.4
ACC100464,ACC100687,1,8741.78,8741.78
ACC100464,ACC100945,1,10891.89,10891.89
ACC100465,ACC100107,1,1184.5,1184.5
ACC100465,ACC100415,1,2964.21,2964.21
ACC100465,ACC100521,1,5379.35,5379.35
ACC100465,ACC100590,1,145.71,145.71
ACC100465,ACC100724,1,1204.38,1204.38
ACC100465,ACC100758,1,13678.0,13678.0
ACC100465,ACC100783,1,2991.6,2991.6
ACC100465,ACC100817,1,1855.6,1855.6
ACC100465,ACC100875,1,1570.06,1570.06
ACC100465,ACC100952,1,4553.56,4553.56
ACC100465,ACC100982,1,6608.62,6608.62
ACC100466,ACC100224,1,860.93,860.93
ACC100466,ACC100282,1,6517.61,6517.61
ACC100466,ACC100306,1,2684.93,2684.93
ACC100466,ACC100322,1,122.37,122.37
ACC100466,ACC100336,1,1525.03,1525.03
ACC100466,ACC100356,1,1963.86,1963.86
ACC100466,ACC100375,1,56.7,56.7
ACC100466,ACC100515,1,2122.0,2122.0
ACC100466,ACC100564,1,1364.46,1364.46
ACC100466,ACC100588,1,1395.24,1395.24
ACC100466,ACC100663,1,3103.8,3103.8
ACC100466,ACC100905,1,841.96,841.96
ACC100466,ACC100941,1,2997.4,2997.4
ACC100466,ACC100979,1,2118.02,2118.02
ACC100467,ACC100032,1,11864.0,11864.0
ACC100467,ACC100062,1,2220.07,2220.07
ACC100467,ACC100116,1,336.83,336.83
ACC100467,ACC100127,1,2640.42,2640.42
ACC100467,ACC100255,1,1922.23,1922.23
ACC100467,ACC100392,1,3231.47,3231.47
ACC100467,ACC100447,2,1420.8799999999999,710.4399999999999
ACC100467,ACC100625,1,169.49,169.49
ACC100467,ACC100679,1,5756.82,5756.82
ACC100467,ACC100729,1,1721.01,1721.01
ACC100467,ACC100808,1,3197.09,3197.09
ACC100467,ACC100891,1,125.62,125.62
ACC100467,ACC100983,1,326.98,326.98
ACC100467,ACC100998,1,270.75,270.75
ACC100468,ACC100063,1,611.38,611.38
ACC100468,ACC100123,1,5560.31,5560.31
ACC100468,ACC100201,1,312.37,312.37
ACC100468,ACC100286,1,642.3,642.3
ACC100468,ACC100311,1,135.75,135.75
ACC100468,ACC100371,1,1066.28,1066.28
ACC100468,ACC100670,1,2402.95,2402.95
ACC100468,ACC100675,1,154.42,154.42
ACC100468,ACC100812,1,2676.24,2676.24
ACC100468,ACC100837,1,12702.82,12702.82
ACC100468,ACC100908,1,2366.44,2366.44
ACC100469,ACC100013,1,445.26,445.26
ACC100469,ACC100041,1,2713.08,2713.08
ACC100469,ACC100327,1,228.97,228.97
ACC100469,ACC100378,1,702.67,702.67
ACC100469,ACC100395,1,471.12,471.12
ACC100469,ACC100519,1,1891.25,1891.25
ACC100469,ACC100917,1,836.21,836.21
ACC100470,ACC100041,1,2657.8,2657.8
ACC100470,ACC100126,1,382.25,382.25
ACC100470,ACC100364,1,570.64,570.64
ACC100470,ACC100454,1,1541.13,1541.13
ACC100470,ACC100482,1,344.42,344.42
ACC100470,ACC100550,1,1741.53,1741.53
ACC100470,ACC100616,1,5724.97,5724.97
ACC100470,ACC100792,1,4953.66,4953.66
ACC100470,ACC100913,1,5979.0,5979.0
ACC100470,ACC100992,1,120.16,120.16
ACC100471,ACC100062,1,999.41,999.41
ACC100471,ACC100078,1,1042.2,1042.2
ACC100471,ACC100218,1,1160.49,1160.49
ACC100471,ACC100382,1,1411.31,1411.31
ACC100471,ACC100495,1,170.8,170.8
ACC100471,ACC100686,1,155.03,155.03
ACC100471,ACC100752,1,1239.07,1239.07
ACC100471,ACC100824,1,560.22,560.22
ACC100471,ACC100847,1,2111.82,2111.82
ACC100471,ACC100959,1,1839.12,1839.12
ACC100472,ACC100026,1,6800.99,6800.99
ACC100472,ACC100293,1,558.02,558.02
ACC100472,ACC100379,1,7105.99,7105.99
ACC100472,ACC100390,1,1684.23,1684.23
ACC100472,ACC100407,1,846.77,846.77
ACC100472,ACC100444,1,719.14,719.14
ACC100472,ACC100476,1,1948.86,1948.86
ACC100472,ACC100497,1,5237.41,5237.41
ACC100472,ACC100597,1,762.79,762.79
ACC100472,ACC100791,1,478.64,478.64
ACC100472,ACC100853,1,187.67,187.67
ACC100472,ACC100897,1,530.92,530.92
ACC100473,ACC100017,1,1078.73,1078.73
ACC100473,ACC100027,1,270.82,270.82
ACC100473,ACC100205,1,806.04,806.04
ACC100473,ACC100339,1,11761.09,11761.09
ACC100473,ACC100433,1,154.2,154.2
ACC100473,ACC100456,1,976.02,976.02
ACC100473,ACC100526,1,1588.04,1588.04
ACC100473,ACC100544,1,571.17,571.17
ACC100473,ACC100620,1,931.13,931.13
ACC100473,ACC100700,1,2115.55,2115.55
ACC100473,ACC100713,1,5745.88,5745.88
ACC100473,ACC100727,1,1898.93,1898.93
ACC100473,ACC100733,1,8543.0,8543.0
ACC100473,ACC100831,1,287.43,287.43
ACC100474,ACC100086,1,10997.26,10997.26
ACC100474,ACC100133,1,105.43,105.43
ACC100474,ACC100191,1,471.33,471.33
ACC100474,ACC100281,1,16628.2,16628.2
ACC100474,ACC100298,1,183.17,183.17
ACC100474,ACC100353,1,3665.74,3665.74
ACC100474,ACC100376,1,3498.83,3498.83
ACC100474,ACC100382,1,691.58,691.58
ACC100474,ACC100531,1,249.15,249.15
ACC100474,ACC100644,1,1916.2,1916.2
ACC100474,ACC100674,1,400.89,400.89
ACC100474,ACC100688,1,5638.08,5638.08
ACC100474,ACC100849,1,57.62,57.62
ACC100474,ACC100911,1,271.47,271.47
ACC100475,ACC100224,1,522.57,522.57
ACC100475,ACC100426,1,1105.19,1105.19
ACC100475,ACC100511,1,131.68,131.68
ACC100475,ACC100571,1,656.61,656.61
ACC100475,ACC100616,1,935.24,935.24
ACC100475,ACC100886,1,3144.0,3144.0
ACC100476,ACC100104,1,10305.0,10305.0
ACC100476,ACC100275,1,147.2,147.2
ACC100476,ACC100320,1,1091.28,1091.28
ACC100476,ACC100344,1,1305.3,1305.3
ACC100476,ACC100409,1,692.47,692.47
ACC100476,ACC100523,1,344.37,344.37
ACC100476,ACC100717,1,10097.64,10097.64
ACC100476,ACC100746,1,194.23,194.23
ACC100476,ACC100872,1,793.48,793.48
ACC100476,ACC100887,1,1285.39,1285.39
ACC100477,ACC100107,1,410.1,410.1
ACC100477,ACC100112,1,71.79,71.79
ACC100477,ACC100189,1,325.55,325.55
ACC100477,ACC100309,1,464.44,464.44
ACC100477,ACC100596,1,16675.13,16675.13
ACC100477,ACC100619,1,996.18,996.18
ACC100477,ACC100638,1,843.58,843.58
ACC100477,ACC100674,1,6785.57,6785.57
ACC100477,ACC100706,1,1790.72,1790.72
ACC100477,ACC100770,1,827.04,827.04
ACC100477,ACC100913,1,1008.63,1008.63
ACC100478,ACC100012,1,1453.64,1453.64
ACC100478,ACC100026,1,328.85,328.85
ACC100478,ACC100347,1,3934.76,3934.76
ACC100478,ACC100507,1,419.03,419.03
ACC100478,ACC100676,1,1343.39,1343.39
ACC100478,ACC100712,1,678.72,678.72
ACC100478,ACC100764,1,1152.12,1152.12
ACC100478,ACC100802,1,9133.83,9133.83
ACC100478,ACC100849,1,1350.44,1350.44
ACC100479,ACC100114,1,1729.99,1729.99
ACC100479,ACC100233,1,434.75,434.75
ACC100479,ACC100251,1,809.17,809.17
ACC100479,ACC100423,1,1691.66,1691.66
ACC100479,ACC100715,1,1891.99,1891.99
ACC100479,ACC100788,1,580.44,580.44
ACC100479,ACC100838,1,358.7,358.7
ACC100479,ACC100937,1,8333.28,8333.28
ACC100480,ACC100121,1,945.25,945.25
ACC100480,ACC100294,1,925.61,925.61
ACC100480,ACC100345,1,1205.58,1205.58
ACC100480,ACC100490,1,506.31,506.31
ACC100480,ACC100569,1,279.86,279.86
ACC100480,ACC100713,1,2344.23,2344.23
ACC100481,ACC100054,1,706.01,706.01
ACC100481,ACC100084,1,730.48,730.48
ACC100481,ACC100155,1,387.63,387.63
ACC100481,ACC100162,1,1523.49,1523.49
ACC100481,ACC100211,1,4061.14,4061.14
ACC100481,ACC100223,1,1830.9,1830.9
ACC100481,ACC100266,1,606.37,606.37
ACC100481,ACC100342,1,267.06,267.06
ACC100481,ACC100535,1,3443.11,3443.11
ACC100481,ACC100545,1,1266.99,1266.99
ACC100481,ACC100724,1,3728.8,3728.8
ACC100481,ACC100773,1,1202.81,1202.81
ACC100481,ACC100950,1,1662.82,1662.82
ACC100482,ACC100020,1,3880.3,3880.3
ACC100482,ACC100140,1,5450.8,5450.8
ACC100482,ACC100212,1,1744.78,1744.78
ACC100482,ACC100321,1,1031.63,1031.63
ACC100482,ACC100385,1,4199.24,4199.24
ACC100482,ACC100635,1,4647.72,4647.72
ACC100482,ACC100744,1,280.23,280.23
ACC100482,ACC100777,1,1167.69,1167.69
ACC100482,ACC100883,1,918.25,918.25
ACC100482,ACC100930,1,818.08,818.08
ACC100482,ACC100948,1,572.33,572.33
ACC100482,ACC100959,1,1461.47,1461.47
ACC100483,ACC100151,1,1416.96,1416.96
ACC100483,ACC100154,1,306.48,306.48
ACC100483,ACC100165,1,235.31,235.31
ACC100483,ACC100223,1,9797.0,9797.0
ACC100483,ACC100358,1,1280.59,1280.59
ACC100483,ACC100541,1,596.29,596.29
ACC100483,ACC100910,1,1933.09,1933.09
ACC100483,ACC100956,1,1383.05,1383.05
ACC100484,ACC100019,1,26858.71,26858.71
ACC100484,ACC100372,1,87.57,87.57
ACC100484,ACC100574,1,1716.41,1716.41
ACC100484,ACC100645,1,255.47,255.47
ACC100484,ACC100649,1,4911.57,4911.57
ACC100484,ACC100955,1,857.56,857.56
ACC100484,ACC100984,1,128.48,128.48
ACC100485,ACC100080,1,1057.3,1057.3
ACC100485,ACC100090,1,437.03,437.03
ACC100485,ACC100128,1,909.9,909.9
ACC100485,ACC100133,1,396.19,396.19
ACC100485,ACC100160,1,861.82,861.82
ACC100485,ACC100204,1,386.39,386.39
ACC100485,ACC100268,1,223.25,223.25
ACC100485,ACC100326,1,6313.01,6313.01
ACC100485,ACC100394,1,2009.69,2009.69
ACC100485,ACC100417,1,595.06,595.06
ACC100485,ACC100999,1,1624.16,1624.16
ACC100486,ACC100195,1,108.49,108.49
ACC100486,ACC100226,1,608.85,608.85
ACC100486,ACC100296,1,1608.22,1608.22
ACC100486,ACC100398,1,344.81,344.81
ACC100486,ACC100699,1,1646.88,1646.88
ACC100486,ACC100732,1,2922.65,2922.65
ACC100486,ACC100809,1,1438.56,1438.56
ACC100486,ACC100898,1,1527.9,1527.9
ACC100487,ACC100112,1,2747.92,2747.92
ACC100487,ACC100254,1,4006.45,4006.45
ACC100487,ACC100321,1,476.04,476.04
ACC100487,ACC100396,1,365.35,365.35
ACC100487,ACC100398,1,1089.52,1089.52
ACC100487,ACC100447,1,1593.14,1593.14
ACC100487,ACC100480,1,8733.64,8733.64
ACC100487,ACC100488,1,798.31,798.31
ACC100487,ACC100579,1,2842.56,2842.56
ACC100487,ACC100705,1,743.88,743.88
ACC100487,ACC100745,1,34929.21,34929.21
ACC100487,ACC100753,1,369.82,369.82
ACC100487,ACC100759,1,4771.18,4771.18
ACC100487,ACC100764,1,506.94,506.94
ACC100487,ACC100914,1,788.52,788.52
ACC100487,ACC100969,1,3989.13,3989.13
ACC100488,ACC100215,1,302.44,302.44
ACC100488,ACC100294,1,2675.72,2675.72
ACC100488,ACC100412,1,5029.52,5029.52
ACC100488,ACC100537,1,523.68,523.68
ACC100488,ACC100561,1,580.57,580.57
ACC100488,ACC100692,1,13195.0,13195.0
ACC100488,ACC100822,1,15107.34,15107.34
ACC100488,ACC100853,1,3085.19,3085.19
ACC100488,ACC100857,1,4094.54,4094.54
ACC100488,ACC100888,1,329.04,329.04
ACC100488,ACC100947,1,1162.76,1162.76
ACC100488,ACC100972,1,1265.15,1265.15
ACC100489,ACC100119,1,3824.15,3824.15
ACC100489,ACC100130,1,302.57,302.57
ACC100489,ACC100138,1,676.91,676.91
ACC100489,ACC100205,1,2223.89,2223.89
ACC100489,ACC100490,1,929.21,929.21
ACC100489,ACC100641,1,1984.4,1984.4
ACC100489,ACC100646,1,7145.85,7145.85
ACC100489,ACC100716,1,657.84,657.84
ACC100489,ACC100760,1,607.39,607.39
ACC100489,ACC100882,1,1870.2,1870.2
ACC100489,ACC100962,1,252.16,252.16
ACC100490,ACC100043,1,4023.58,4023.58
ACC100490,ACC100158,1,900.27,900.27
ACC100490,ACC100161,1,3324.92,3324.92
ACC100490,ACC100180,1,1025.83,1025.83
ACC100490,ACC100215,2,637.5699999999999,318.78499999999997
ACC100490,ACC100223,1,319.86,319.86
ACC100490,ACC100334,1,924.7,924.7
ACC100490,ACC100404,1,3802.56,3802.56
ACC100490,ACC100547,1,408.36,408.36
ACC100490,ACC100618,1,17945.66,17945.66
ACC100490,ACC100672,1,365.89,365.89
ACC100490,ACC100798,1,3451.11,3451.11
ACC100490,ACC100946,1,164.79,164.79
ACC100491,ACC100037,1,1446.06,1446.06
ACC100491,ACC100179,1,6651.55,6651.55
ACC100491,ACC100296,1,183.65,183.65
ACC100491,ACC100390,1,601.41,601.41
ACC100491,ACC100459,1,319.35,319.35
ACC100491,ACC100470,1,487.05,487.05
ACC100491,ACC100478,1,3422.61,3422.61
ACC100491,ACC100556,1,464.06,464.06
ACC100491,ACC100570,1,503.11,503.11
ACC100491,ACC100685,1,161.22,161.22
ACC100491,ACC100743,1,1965.0,1965.0
ACC100491,ACC100795,1,7090.4,7090.4
ACC100491,ACC100849,1,3676.39,3676.39
ACC100491,ACC100920,1,4407.58,4407.58
ACC100491,ACC100922,1,148.66,148.66
ACC100491,ACC100997,1,11747.63,11747.63
ACC100492,ACC100019,1,33554.72,33554.72
ACC100492,ACC100087,1,152.81,152.81
ACC100492,ACC100237,1,6004.08,6004.08
ACC100492,ACC100393,1,2345.28,2345.28
ACC100492,ACC100525,1,5258.3,5258.3
ACC100492,ACC100547,1,3087.18,3087.18
ACC100492,ACC100572,1,5802.1,5802.1
ACC100492,ACC100605,1,1359.37,1359.37
ACC100492,ACC100653,1,3153.78,3153.78
ACC100492,ACC100660,1,517.86,517.86
ACC100492,ACC100664,1,4412.81,4412.81
ACC100492,ACC100689,1,1233.6,1233.6
ACC100492,ACC100742,1,1011.44,1011.44
ACC100492,ACC100862,1,243.72,243.72
ACC100492,ACC100972,1,3097.39,3097.39
ACC100493,ACC100065,1,5658.1,5658.1
ACC100493,ACC100105,1,862.57,862.57
ACC100493,ACC100179,1,577.57,577.57
ACC100493,ACC100184,1,872.82,872.82
ACC100493,ACC100214,1,2766.95,2766.95
ACC100493,ACC100281,1,13844.0,13844.0
ACC100493,ACC100497,1,4134.35,4134.35
ACC100493,ACC100552,1,1565.17,1565.17
ACC100493,ACC100675,1,1315.07,1315.07
ACC100493,ACC100676,1,569.46,569.46
ACC100493,ACC100731,1,1800.52,1800.52
ACC100493,ACC100818,1,3404.86,3404.86
ACC100493,ACC100828,1,699.41,699.41
ACC100493,ACC100871,1,2269.3,2269.3
ACC100493,ACC100899,1,616.99,616.99
ACC100493,ACC100952,1,66.69,66.69
ACC100493,ACC100984,1,808.76,808.76
ACC100494,ACC100173,1,5449.24,5449.24
ACC100494,ACC100183,1,1605.78,1605.78
ACC100494,ACC100259,1,355.18,355.18
ACC100494,ACC100278,1,1909.15,1909.15
ACC100494,ACC100284,1,173.39,173.39
ACC100494,ACC100643,1,835.0,835.0
ACC100494,ACC100666,1,1452.08,1452.08
ACC100494,ACC100831,1,834.51,834.51
ACC100494,ACC100943,1,1713.02,1713.02
ACC100494,ACC100997,1,865.32,865.32
ACC100495,ACC100036,1,92.51,92.51
ACC100495,ACC100083,1,589.87,589.87
ACC100495,ACC100121,1,274.74,274.74
ACC100495,ACC100557,1,489.55,489.55
ACC100495,ACC100816,1,1632.47,1632.47
ACC100495,ACC100878,1,1588.69,1588.69
ACC100496,ACC100022,1,4264.01,4264.01
ACC100496,ACC100032,1,12669.0,12669.0
ACC100496,ACC100055,1,56.7,56.7
ACC100496,ACC100084,1,278.51,278.51
ACC100496,ACC100185,1,21198.01,21198.01
ACC100496,ACC100346,1,904.04,904.04
ACC100496,ACC100472,1,2901.1,2901.1
ACC100496,ACC100814,1,1799.72,1799.72
ACC100496,ACC100876,1,1151.33,1151.33
ACC100496,ACC100928,1,95.69,95.69
ACC100496,ACC100939,1,1620.03,1620.03
ACC100496,ACC100965,1,255.41,255.41
ACC100497,ACC100005,1,303.71,303.71
ACC100497,ACC100138,1,1781.73,1781.73
ACC100497,ACC100566,1,605.12,605.12
ACC100497,ACC100573,1,3049.1,3049.1
ACC100497,ACC100753,1,3263.97,3263.97
ACC100497,ACC100817,1,91.26,91.26
ACC100497,ACC100826,1,716.96,716.96
ACC100497,ACC100832,1,2678.41,2678.41
ACC100497,ACC100853,1,171.03,171.03
ACC100498,ACC100044,1,45.75,45.75
ACC100498,ACC100064,1,223.77,223.77
ACC100498,ACC100076,1,1240.97,1240.97
ACC100498,ACC100276,1,28514.82,28514.82
ACC100498,ACC100281,1,7673.0,7673.0
ACC100498,ACC100408,1,995.58,995.58
ACC100498,ACC100414,1,4882.91,4882.91
ACC100498,ACC100429,1,1436.18,1436.18
ACC100498,ACC100608,1,335.71,335.71
ACC100498,ACC100684,1,717.37,717.37
ACC100498,ACC100737,1,628.77,628.77
ACC100498,ACC100900,1,338.95,338.95
ACC100499,ACC100043,1,2823.61,2823.61
ACC100499,ACC100059,1,988.14,988.14
ACC100499,ACC100366,1,4980.16,4980.16
ACC100499,ACC100845,1,1202.24,1202.24
ACC100500,ACC100055,1,573.59,573.59
ACC100500,ACC100288,1,1192.3,1192.3
ACC100500,ACC100354,1,1602.04,1602.04
ACC100500,ACC100542,1,1208.31,1208.31
ACC100500,ACC100563,1,717.11,717.11
ACC100500,ACC100656,1,404.32,404.32
ACC100500,ACC100711,1,3016.86,3016.86
ACC100500,ACC100782,1,144.42,144.42
ACC100500,ACC100852,1,1059.5,1059.5
ACC100500,ACC100882,1,638.98,638.98
ACC100500,ACC100916,1,547.86,547.86
ACC100500,ACC100971,1,744.84,744.84
ACC100501,ACC100146,1,1349.5,1349.5
ACC100501,ACC100315,1,318.76,318.76
ACC100501,ACC100446,1,1386.98,1386.98
ACC100501,ACC100451,1,211.65,211.65
ACC100501,ACC100456,1,2648.83,2648.83
ACC100501,ACC100509,1,1029.23,1029.23
ACC100501,ACC100681,1,2611.54,2611.54
ACC100501,ACC100714,1,4088.64,4088.64
ACC100501,ACC100804,1,218.93,218.93
ACC100502,ACC100013,1,681.23,681.23
ACC100502,ACC100143,1,716.2,716.2
ACC100502,ACC100177,1,302.4,302.4
ACC100502,ACC100261,1,501.85,501.85
ACC100502,ACC100335,1,2186.63,2186.63
ACC100502,ACC100418,1,162.52,162.52
ACC100502,ACC100473,1,2091.76,2091.76
ACC100502,ACC100493,1,94.66,94.66
ACC100502,ACC100516,1,2974.87,2974.87
ACC100502,ACC100814,1,3887.8,3887.8
ACC100502,ACC100820,1,8189.9,8189.9
ACC100502,ACC100843,1,3224.99,3224.99
ACC100503,ACC100414,1,1879.08,1879.08
ACC100503,ACC100441,1,1445.12,1445.12
ACC100503,ACC100678,1,308.34,308.34
ACC100503,ACC100882,1,979.53,979.53
ACC100504,ACC100369,1,916.75,916.75
ACC100504,ACC100394,1,4146.53,4146.53
ACC100504,ACC100460,1,696.35,696.35
ACC100504,ACC100649,1,287.15,287.15
ACC100504,ACC100723,1,1278.0,1278.0
ACC100504,ACC100766,1,4093.48,4093.48
ACC100505,ACC100008,1,552.94,552.94
ACC100505,ACC100074,1,421.34,421.34
ACC100505,ACC100118,1,129.75,129.75
ACC100505,ACC100217,1,2396.14,2396.14
ACC100505,ACC100655,1,2563.03,2563.03
ACC100505,ACC100692,1,2099.86,2099.86
ACC100506,ACC100037,1,543.32,543.32
ACC100506,ACC100226,1,890.71,890.71
ACC100506,ACC100229,1,506.62,506.62
ACC100506,ACC100359,1,10480.44,10480.44
ACC100506,ACC100360,1,10070.82,10070.82
ACC100506,ACC100434,1,1210.51,1210.51
ACC100506,ACC100560,1,894.99,894.99
ACC100506,ACC100568,1,1926.28,1926.28
ACC100506,ACC100605,1,81.55,81.55
ACC100506,ACC100622,1,3007.64,3007.64
ACC100506,ACC100647,1,6398.12,6398.12
ACC100506,ACC100778,1,4149.98,4149.98
ACC100507,ACC100019,1,6102.27,6102.27
ACC100507,ACC100036,1,205.4,205.4
ACC100507,ACC100099,1,348.06,348.06
ACC100507,ACC100145,1,470.63,470.63
ACC100507,ACC100193,1,481.8,481.8
ACC100507,ACC100211,1,469.4,469.4
ACC100507,ACC100224,1,949.71,949.71
ACC100507,ACC100513,1,495.64,495.64
ACC100507,ACC100647,1,1717.54,1717.54
ACC100507,ACC100848,1,2044.43,2044.43
ACC100507,ACC100874,1,1610.27,1610.27
ACC100508,ACC100030,1,78.1,78.1
ACC100508,ACC100145,1,624.52,624.52
ACC100508,ACC100181,1,11176.3,11176.3
ACC100508,ACC100194,1,1505.09,1505.09
ACC100508,ACC100204,1,417.15,417.15
ACC100508,ACC100375,1,497.73,497.73
ACC100508,ACC100479,1,586.41,586.41
ACC100508,ACC100514,1,149.74,149.74
ACC100508,ACC100586,1,7310.82,7310.82
ACC100508,ACC100594,1,1970.8,1970.8
ACC100508,ACC100621,1,3914.63,3914.63
ACC100508,ACC100623,1,305.08,305.08
ACC100508,ACC100732,1,565.86,565.86
ACC100508,ACC100828,1,4191.45,4191.45
ACC100508,ACC100850,1,1799.64,1799.64
ACC100508,ACC100904,1,2413.07,2413.07
ACC100508,ACC100945,1,5772.86,5772.86
ACC100509,ACC100061,1,1575.56,1575.56
ACC100509,ACC100316,1,1121.12,1121.12
ACC100509,ACC100605,1,498.69,498.69
ACC100510,ACC100047,1,708.07,708.07
ACC100510,ACC100093,1,1912.97,1912.97
ACC100510,ACC100140,1,7898.77,7898.77
ACC100510,ACC100236,1,1061.3,1061.3
ACC100510,ACC100421,1,652.01,652.01
ACC100510,ACC100470,1,1343.3,1343.3
ACC100510,ACC100488,1,3745.7,3745.7
ACC100510,ACC100489,1,615.4,615.4
ACC100510,ACC100531,1,1016.51,1016.51
ACC100510,ACC100541,1,58.13,58.13
ACC100510,ACC100634,1,440.08,440.08
ACC100510,ACC100741,1,1612.91,1612.91
ACC100510,ACC100742,1,2891.03,2891.03
ACC100510,ACC100949,1,1977.86,1977.86
ACC100511,ACC100123,1,3181.8,3181.8
ACC100511,ACC100327,1,1693.32,1693.32
ACC100511,ACC100338,1,1483.72,1483.72
ACC100511,ACC100493,1,368.77,368.77
ACC100511,ACC100519,1,2487.82,2487.82
ACC100511,ACC100520,1,668.57,668.57
ACC100511,ACC100587,1,1047.24,1047.24
ACC100511,ACC100673,1,3467.99,3467.99
ACC100511,ACC100727,1,2499.14,2499.14
ACC100511,ACC100764,1,1153.08,1153.08
ACC100511,ACC100814,1,8200.23,8200.23
ACC100511,ACC100956,1,877.86,877.86
ACC100511,ACC100969,1,949.25,949.25
ACC100512,ACC100007,1,2721.24,2721.24
ACC100512,ACC100114,1,4827.0,4827.0
ACC100512,ACC100153,1,426.12,426.12
ACC100512,ACC100364,1,4444.86,4444.86
ACC100512,ACC100491,1,2805.28,2805.28
ACC100512,ACC100541,1,1313.94,1313.94
ACC100512,ACC100672,1,1277.82,1277.82
ACC100512,ACC100681,1,2741.09,2741.09
ACC100512,ACC100895,1,289.26,289.26
ACC100513,ACC100282,1,109.68,109.68
ACC100513,ACC100312,1,1863.35,1863.35
ACC100513,ACC100522,1,2035.16,2035.16
ACC100513,ACC100557,1,313.1,313.1
ACC100513,ACC100654,1,1753.88,1753.88
ACC100513,ACC100771,1,1576.29,1576.29
ACC100513,ACC100843,1,737.29,737.29
ACC100513,ACC100903,1,2490.66,2490.66
ACC100513,ACC100916,1,150.44,150.44
ACC100513,ACC100966,1,177.43,177.43
ACC100514,ACC100131,1,2780.47,2780.47
ACC100514,ACC100293,1,4089.2,4089.2
ACC100514,ACC100349,1,3840.94,3840.94
ACC100514,ACC100394,1,1135.6,1135.6
ACC100514,ACC100838,1,4221.25,4221.25
ACC100514,ACC100947,1,1222.11,1222.11
ACC100515,ACC100049,1,2094.07,2094.07
ACC100515,ACC100164,1,459.36,459.36
ACC100515,ACC100230,1,815.22,815.22
ACC100515,ACC100301,1,264.41,264.41
ACC100515,ACC100318,1,10104.54,10104.54
ACC100515,ACC100409,1,1668.59,1668.59
ACC100515,ACC100595,1,16881.94,16881.94
ACC100515,ACC100696,1,700.23,700.23
ACC100515,ACC100932,1,1948.26,1948.26
ACC100516,ACC100033,1,222.29,222.29
ACC100516,ACC100092,1,70.68,70.68
ACC100516,ACC100161,1,179.92,179.92
ACC100516,ACC100739,1,3483.85,3483.85
ACC100516,ACC100759,1,236.1,236.1
ACC100516,ACC100776,1,484.83,484.83
ACC100516,ACC100902,1,5122.71,5122.71
ACC100516,ACC100916,1,98.68,98.68
ACC100517,ACC100050,1,1250.14,1250.14
ACC100517,ACC100098,1,80905.3,80905.3
ACC100517,ACC100117,1,518.42,518.42
ACC100517,ACC100558,1,833.31,833.31
ACC100517,ACC100682,1,1160.25,1160.25
ACC100517,ACC100906,1,3837.06,3837.06
ACC100517,ACC100938,1,377.2,377.2
ACC100518,ACC100094,1,2764.31,2764.31
ACC100518,ACC100100,1,1013.74,1013.74
ACC100518,ACC100132,1,5400.85,5400.85
ACC100518,ACC100176,1,1780.35,1780.35
ACC100518,ACC100188,1,3954.81,3954.81
ACC100518,ACC100357,1,987.59,987.59
ACC100518,ACC100499,1,1347.37,1347.37
ACC100518,ACC100563,1,3234.95,3234.95
ACC100518,ACC100583,1,291.17,291.17
ACC100518,ACC100875,1,8529.98,8529.98
ACC100518,ACC100884,1,260.84,260.84
ACC100518,ACC100940,1,801.3,801.3
ACC100519,ACC100152,1,1627.03,1627.03
ACC100519,ACC100167,1,7485.9,7485.9
ACC100519,ACC100224,1,804.26,804.26
ACC100519,ACC100250,1,14757.0,14757.0
ACC100519,ACC100343,1,5604.32,5604.32
ACC100519,ACC100358,1,1593.11,1593.11
ACC100519,ACC100468,1,591.76,591.76
ACC100519,ACC100514,1,360.27,360.27
ACC100519,ACC100733,1,11564.0,11564.0
ACC100519,ACC100774,1,3041.16,3041.16
ACC100519,ACC100936,1,2331.75,2331.75
ACC100519,ACC100941,1,1328.56,1328.56
ACC100520,ACC100025,1,5060.0,5060.0
ACC100520,ACC100048,1,2926.27,2926.27
ACC100520,ACC100326,1,652.07,652.07
ACC100520,ACC100361,1,3757.42,3757.42
ACC100520,ACC100530,1,306.37,306.37
ACC100520,ACC100547,1,1150.12,1150.12
ACC100520,ACC100716,1,946.04,946.04
ACC100520,ACC100726,1,6940.53,6940.53
ACC100520,ACC100861,1,1563.24,1563.24
ACC100520,ACC100864,1,42.85,42.85
ACC100520,ACC100928,1,1986.59,1986.59
ACC100521,ACC100055,1,803.46,803.46
ACC100521,ACC100223,1,308.44,308.44
ACC100521,ACC100375,1,4110.97,4110.97
ACC100521,ACC100423,1,122.2,122.2
ACC100521,ACC100424,1,369.69,369.69
ACC100521,ACC100507,1,271.86,271.86
ACC100521,ACC100628,1,2684.92,2684.92
ACC100521,ACC100997,1,707.46,707.46
ACC100522,ACC100022,1,322.49,322.49
ACC100522,ACC100086,1,1405.78,1405.78
ACC100522,ACC100170,1,623.75,623.75
ACC100522,ACC100316,1,190.16,190.16
ACC100522,ACC100339,1,468.37,468.37
ACC100522,ACC100545,1,622.47,622.47
ACC100522,ACC100585,1,1555.56,1555.56
ACC100522,ACC100707,1,5885.0,5885.0
ACC100522,ACC100783,1,837.17,837.17
ACC100523,ACC100029,1,788.53,788.53
ACC100523,ACC100079,1,3910.33,3910.33
ACC100523,ACC100232,1,507.25,507.25
ACC100523,ACC100476,1,1437.84,1437.84
ACC100523,ACC100499,1,330.34,330.34
ACC100523,ACC100569,1,1134.92,1134.92
ACC100523,ACC100678,1,213.52,213.52
ACC100523,ACC100753,1,1124.82,1124.82
ACC100523,ACC100759,1,3689.67,3689.67
ACC100523,ACC100767,1,1923.48,1923.48
ACC100523,ACC100803,1,870.15,870.15
ACC100523,ACC100884,1,1790.77,1790.77
ACC100524,ACC100016,1,2090.4,2090.4
ACC100524,ACC100142,1,6143.0,6143.0
ACC100524,ACC100337,1,765.01,765.01
ACC100524,ACC100382,1,1303.63,1303.63
ACC100524,ACC100440,1,389.13,389.13
ACC100524,ACC100560,1,3080.5,3080.5
ACC100524,ACC100658,1,3565.26,3565.26
ACC100524,ACC100807,1,4569.68,4569.68
ACC100524,ACC100823,1,645.11,645.11
ACC100524,ACC100992,1,403.78,403.78
ACC100525,ACC100074,1,1026.04,1026.04
ACC100525,ACC100103,1,1950.89,1950.89
ACC100525,ACC100157,1,3591.22,3591.22
ACC100525,ACC100160,1,100.69,100.69
ACC100525,ACC100374,1,6612.75,6612.75
ACC100525,ACC100791,1,9735.82,9735.82
ACC100525,ACC100920,1,916.77,916.77
ACC100525,ACC100983,1,211.7,211.7
ACC100526,ACC100084,1,2631.87,2631.87
ACC100526,ACC100104,1,154.96,154.96
ACC100526,ACC100233,1,435.75,435.75
ACC100526,ACC100351,1,1363.65,1363.65
ACC100526,ACC100442,1,657.42,657.42
ACC100526,ACC100477,1,1363.48,1363.48
ACC100526,ACC100757,1,1087.0,1087.0
ACC100527,ACC100059,1,500.2,500.2
ACC100527,ACC100070,1,2163.48,2163.48
ACC100527,ACC100132,1,1148.21,1148.21
ACC100527,ACC100310,1,8968.27,8968.27
ACC100527,ACC100351,1,1682.08,1682.08
ACC100527,ACC100423,1,2152.69,2152.69
ACC100527,ACC100475,1,738.96,738.96
ACC100527,ACC100543,1,881.83,881.83
ACC100527,ACC100554,1,1290.56,1290.56
ACC100527,ACC100593,1,163.96,163.96
ACC100527,ACC100665,1,246.32,246.32
ACC100527,ACC100845,1,205.56,205.56
ACC100528,ACC100003,1,3561.97,3561.97
ACC100528,ACC100521,1,2249.01,2249.01
ACC100528,ACC100596,1,1729.94,1729.94
ACC100528,ACC100953,1,649.73,649.73
ACC100528,ACC100985,1,329.3,329.3
ACC100529,ACC100283,1,1552.76,1552.76
ACC100529,ACC100318,1,1374.63,1374.63
ACC100529,ACC100320,1,1893.37,1893.37
ACC100529,ACC100591,1,1345.66,1345.66
ACC100529,ACC100606,1,2895.2,2895.2
ACC100529,ACC100759,1,8413.0,8413.0
ACC100529,ACC100777,1,696.66,696.66
ACC100529,ACC100783,1,1440.45,1440.45
ACC100529,ACC100861,1,2071.04,2071.04
ACC100529,ACC100887,1,1299.66,1299.66
ACC100529,ACC100991,1,296.73,296.73
ACC100530,ACC100015,1,1319.87,1319.87
ACC100530,ACC100138,1,5775.21,5775.21
ACC100530,ACC100151,1,7759.7,7759.7
ACC100530,ACC100184,1,6922.71,6922.71
ACC100530,ACC100203,1,2063.01,2063.01
ACC100530,ACC100268,1,2681.0,2681.0
ACC100530,ACC100600,1,2171.63,2171.63
ACC100531,ACC100133,1,464.62,464.62
ACC100531,ACC100135,1,100.46,100.46
ACC100531,ACC100173,1,74.74,74.74
ACC100531,ACC100263,1,143.77,143.77
ACC100531,ACC100318,1,7121.39,7121.39
ACC100531,ACC100443,1,890.48,890.48
ACC100531,ACC100507,1,4865.24,4865.24
ACC100531,ACC100616,1,1415.41,1415.41
ACC100531,ACC100619,1,11133.65,11133.65
ACC100531,ACC100797,1,475.17,475.17
ACC100531,ACC100857,1,1734.04,1734.04
ACC100532,ACC100068,1,378.56,378.56
ACC100532,ACC100099,1,5539.65,5539.65
ACC100532,ACC100101,1,522.9,522.9
ACC100532,ACC100256,1,1565.7,1565.7
ACC100532,ACC100345,1,8157.84,8157.84
ACC100532,ACC100504,1,2884.61,2884.61
ACC100532,ACC100553,1,412.42,412.42
ACC100532,ACC100762,1,1165.9,1165.9
ACC100533,ACC100287,1,2379.76,2379.76
ACC100533,ACC100329,1,733.28,733.28
ACC100533,ACC100335,1,174.9,174.9
ACC100533,ACC100387,1,181.12,181.12
ACC100533,ACC100458,1,714.72,714.72
ACC100533,ACC100585,1,364.28,364.28
ACC100533,ACC100628,1,55.32,55.32
ACC100533,ACC100677,1,185.22,185.22
ACC100534,ACC100193,1,167.54,167.54
ACC100534,ACC100208,1,471.45,471.45
ACC100534,ACC100269,1,225.58,225.58
ACC100534,ACC100386,1,2331.95,2331.95
ACC100534,ACC100450,1,1863.41,1863.41
ACC100534,ACC100451,1,1371.53,1371.53
ACC100534,ACC100585,1,563.17,563.17
ACC100534,ACC100696,1,4388.03,4388.03
ACC100534,ACC100913,1,4524.0,4524.0
ACC100535,ACC100105,1,3635.78,3635.78
ACC100535,ACC100120,1,1183.63,1183.63
ACC100535,ACC100124,1,1251.94,1251.94
ACC100535,ACC100156,1,941.47,941.47
ACC100535,ACC100167,1,488.26,488.26
ACC100535,ACC100206,1,639.83,639.83
ACC100535,ACC100310,1,1418.68,1418.68
ACC100535,ACC100400,1,296.43,296.43
ACC100535,ACC100446,1,2358.07,2358.07
ACC100535,ACC100666,1,6272.55,6272.55
ACC100535,ACC100704,1,1286.3,1286.3
ACC100535,ACC100800,1,557.51,557.51
ACC100535,ACC100911,1,6711.62,6711.62
ACC100535,ACC100972,1,5113.23,5113.23
ACC100535,ACC100973,1,808.5,808.5
ACC100535,ACC100989,1,1348.06,1348.06
ACC100535,ACC100997,1,2503.79,2503.79
ACC100536,ACC100042,1,377.72,377.72
ACC100536,ACC100064,1,3473.58,3473.58
ACC100536,ACC100089,1,3534.0,3534.0
ACC100536,ACC100177,1,1046.5,1046.5
ACC100536,ACC100263,1,2196.91,2196.91
ACC100536,ACC100280,1,1942.53,1942.53
ACC100536,ACC100655,1,139.58,139.58
ACC100536,ACC100724,1,1224.35,1224.35
ACC100536,ACC100875,1,1184.36,1184.36
ACC100536,ACC100884,1,285.77,285.77
ACC100536,ACC100959,1,333.18,333.18
ACC100537,ACC100203,1,13534.0,13534.0
ACC100537,ACC100219,1,1076.23,1076.23
ACC100537,ACC100489,1,546.3,546.3
ACC100537,ACC100515,1,713.13,713.13
ACC100537,ACC100851,1,1357.42,1357.42
ACC100537,ACC100954,1,218.11,218.11
ACC100538,ACC100121,1,266.85,266.85
ACC100538,ACC100199,1,710.44,710.44
ACC100538,ACC100223,1,78.5,78.5
ACC100538,ACC100225,1,1032.62,1032.62
ACC100538,ACC100272,1,2018.44,2018.44
ACC100538,ACC100275,1,8372.64,8372.64
ACC100538,ACC100336,1,5413.98,5413.98
ACC100538,ACC100348,1,132.4,132.4
ACC100538,ACC100438,1,1136.06,1136.06
ACC100538,ACC100477,1,141.2,141.2
ACC100538,ACC100529,1,2195.06,2195.06
ACC100538,ACC100638,1,2176.41,2176.41
ACC100538,ACC100660,1,733.42,733.42
ACC100538,ACC100702,1,1051.03,1051.03
ACC100538,ACC100711,1,176.65,176.65
ACC100538,ACC100990,1,603.01,603.01
ACC100539,ACC100098,1,5022.9,5022.9
ACC100539,ACC100169,1,1031.81,1031.81
ACC100539,ACC100358,1,669.35,669.35
ACC100539,ACC100423,1,118.97,118.97
ACC100539,ACC100456,1,3003.38,3003.38
ACC100539,ACC100499,1,996.98,996.98
ACC100539,ACC100566,1,3734.09,3734.09
ACC100539,ACC100571,1,2735.51,2735.51
ACC100539,ACC100627,1,1148.55,1148.55
ACC100539,ACC100858,1,1603.13,1603.13
ACC100539,ACC100960,1,1615.6,1615.6
ACC100540,ACC100102,1,5749.7,5749.7
ACC100540,ACC100116,1,7313.25,7313.25
ACC100541,ACC100041,1,227.36,227.36
ACC100541,ACC100234,1,558.97,558.97
ACC100541,ACC100257,1,652.98,652.98
ACC100541,ACC100304,1,7723.77,7723.77
ACC100541,ACC100306,1,2286.28,2286.28
ACC100541,ACC100357,1,1667.38,1667.38
ACC100541,ACC100415,1,4346.74,4346.74
ACC100541,ACC100526,1,673.34,673.34
ACC100541,ACC100544,1,1083.28,1083.28
ACC100541,ACC100692,1,1292.93,1292.93
ACC100541,ACC100732,1,198.56,198.56
ACC100541,ACC100818,1,3015.13,3015.13
ACC100541,ACC100825,1,423.46,423.46
ACC100542,ACC100061,1,211.53,211.53
ACC100542,ACC100063,1,1274.03,1274.03
ACC100542,ACC100097,1,173.51,173.51
ACC100542,ACC100216,1,1212.99,1212.99
ACC100542,ACC100305,1,1339.03,1339.03
ACC100542,ACC100493,1,661.53,661.53
ACC100542,ACC100512,1,679.57,679.57
ACC100542,ACC100613,1,1930.98,1930.98
ACC100543,ACC100217,1,1178.21,1178.21
ACC100543,ACC100273,1,7234.75,7234.75
ACC100543,ACC100334,1,1655.54,1655.54
ACC100543,ACC100342,1,2033.03,2033.03
ACC100543,ACC100354,1,485.48,485.48
ACC100543,ACC100400,1,591.71,591.71
ACC100543,ACC100405,1,132.66,132.66
ACC100543,ACC100468,1,25789.65,25789.65
ACC100543,ACC100520,1,508.19,508.19
ACC100543,ACC100521,1,1963.58,1963.58
ACC100543,ACC100672,1,207.81,207.81
ACC100543,ACC100812,1,2656.09,2656.09
ACC100543,ACC100836,1,977.27,977.27
ACC100543,ACC100874,1,2154.07,2154.07
ACC100544,ACC100030,1,10484.0,10484.0
ACC100544,ACC100104,1,11540.0,11540.0
ACC100544,ACC100241,1,237.23,237.23
ACC100544,ACC100288,1,862.65,862.65
ACC100544,ACC100331,1,210.75,210.75
ACC100544,ACC100335,1,829.98,829.98
ACC100544,ACC100874,1,996.57,996.57
ACC100545,ACC100448,1,168.14,168.14
ACC100545,ACC100529,1,761.76,761.76
ACC100545,ACC100713,1,713.5,713.5
ACC100545,ACC100769,1,200.61,200.61
ACC100545,ACC100779,1,71.61,71.61
ACC100545,ACC100780,1,358.4,358.4
ACC100546,ACC100046,1,2695.03,2695.03
ACC100546,ACC100079,1,559.95,559.95
ACC100546,ACC100187,1,800.2,800.2
ACC100546,ACC100292,1,4162.64,4162.64
ACC100546,ACC100458,1,382.37,382.37
ACC100546,ACC100551,1,623.81,623.81
ACC100546,ACC100596,1,472.75,472.75
ACC100546,ACC100816,1,487.2,487.2
ACC100546,ACC100932,1,2736.9,2736.9
ACC100546,ACC100954,1,99.93,99.93
ACC100547,ACC100008,1,266.81,266.81
ACC100547,ACC100017,1,464.69,464.69
ACC100547,ACC100018,1,1072.79,1072.79
ACC100547,ACC100059,1,772.59,772.59
ACC100547,ACC100230,1,1516.63,1516.63
ACC100547,ACC100346,1,956.04,956.04
ACC100547,ACC100395,1,21619.71,21619.71
ACC100547,ACC100470,1,2505.58,2505.58
ACC100547,ACC100515,1,5044.47,5044.47
ACC100547,ACC100545,1,13943.52,13943.52
ACC100547,ACC100655,1,535.56,535.56
ACC100547,ACC100797,1,2518.05,2518.05
ACC100547,ACC100887,1,1844.1,1844.1
ACC100548,ACC100163,1,951.68,951.68
ACC100548,ACC100203,1,509.47,509.47
ACC100548,ACC100208,1,3703.1,3703.1
ACC100548,ACC100279,1,2332.64,2332.64
ACC100548,ACC100545,1,1143.85,1143.85
ACC100548,ACC100558,1,5485.0,5485.0
ACC100548,ACC100673,1,1388.82,1388.82
ACC100548,ACC100815,1,1062.43,1062.43
ACC100548,ACC100910,1,163.13,163.13
ACC100548,ACC100957,1,2339.17,2339.17
ACC100549,ACC100121,1,3841.36,3841.36
ACC100549,ACC100293,1,1608.86,1608.86
ACC100549,ACC100513,1,3111.75,3111.75
ACC100549,ACC100831,1,2209.02,2209.02
ACC100549,ACC100841,2,4082.3100000000004,2041.1550000000002
ACC100549,ACC100900,1,6752.98,6752.98
ACC100549,ACC100902,1,1869.72,1869.72
ACC100550,ACC100095,1,5107.12,5107.12
ACC100550,ACC100260,1,3571.38,3571.38
ACC100550,ACC100282,1,1206.88,1206.88
ACC100550,ACC100392,1,383.97,383.97
ACC100550,ACC100405,1,575.89,575.89
ACC100550,ACC100608,1,2415.91,2415.91
ACC100550,ACC100703,1,157.62,157.62
ACC100550,ACC100709,1,1794.5,1794.5
ACC100550,ACC100725,1,4847.75,4847.75
ACC100550,ACC100900,1,2654.56,2654.56
ACC100550,ACC100901,1,812.13,812.13
ACC100550,ACC100992,1,5348.01,5348.01
ACC100551,ACC100087,1,689.26,689.26
ACC100551,ACC100181,1,3397.22,3397.22
ACC100551,ACC100241,1,476.28,476.28
ACC100551,ACC100250,1,4891.0,4891.0
ACC100551,ACC100331,1,1341.91,1341.91
ACC100551,ACC100374,1,468.83,468.83
ACC100551,ACC100383,1,5699.23,5699.23
ACC100551,ACC100452,1,422.82,422.82
ACC100551,ACC100475,1,4966.4,4966.4
ACC100551,ACC100568,1,190.83,190.83
ACC100551,ACC100578,1,2972.99,2972.99
ACC100552,ACC100032,1,11115.0,11115.0
ACC100552,ACC100116,1,2413.96,2413.96
ACC100552,ACC100176,1,922.17,922.17
ACC100552,ACC100386,1,465.6,465.6
ACC100552,ACC100733,1,2550.27,2550.27
ACC100552,ACC100978,1,604.82,604.82
ACC100553,ACC100007,1,868.38,868.38
ACC100553,ACC100012,1,133.73,133.73
ACC100553,ACC100048,1,626.44,626.44
ACC100553,ACC100303,1,12425.52,12425.52
ACC100553,ACC100356,1,300.12,300.12
ACC100553,ACC100359,1,4453.82,4453.82
ACC100553,ACC100450,1,1145.28,1145.28
ACC100553,ACC100559,1,1049.6,1049.6
ACC100553,ACC100639,1,1428.1,1428.1
ACC100553,ACC100647,1,8289.94,8289.94
ACC100553,ACC100837,1,939.71,939.71
ACC100553,ACC100881,1,3074.12,3074.12
ACC100553,ACC100933,1,308.28,308.28
ACC100553,ACC100973,1,2001.23,2001.23
ACC100554,ACC100225,1,560.81,560.81
ACC100554,ACC100375,1,8289.77,8289.77
ACC100554,ACC100570,1,538.45,538.45
ACC100554,ACC100647,1,838.99,838.99
ACC100554,ACC100689,1,399.08,399.08
ACC100554,ACC100743,1,4664.69,4664.69
ACC100554,ACC100783,1,992.2,992.2
ACC100554,ACC100875,1,1707.78,1707.78
ACC100555,ACC100085,1,8011.0,8011.0
ACC100555,ACC100446,1,2248.23,2248.23
ACC100555,ACC100673,1,325.78,325.78
ACC100555,ACC100726,1,83.16,83.16
ACC100555,ACC100818,1,132.34,132.34
ACC100555,ACC100829,1,442.61,442.61
ACC100555,ACC100924,1,374.05,374.05
ACC100556,ACC100094,1,13326.68,13326.68
ACC100556,ACC100253,1,311.56,311.56
ACC100556,ACC100330,1,4661.59,4661.59
ACC100556,ACC100492,1,372.12,372.12
ACC100556,ACC100667,1,377.09,377.09
ACC100556,ACC100699,1,754.74,754.74
ACC100556,ACC100709,1,584.19,584.19
ACC100556,ACC100715,1,664.3,664.3
ACC100556,ACC100865,1,188.67,188.67
ACC100557,ACC100032,1,8383.0,8383.0
ACC100557,ACC100290,1,14701.74,14701.74
ACC100557,ACC100294,1,525.0,525.0
ACC100557,ACC100303,1,541.86,541.86
ACC100557,ACC100406,1,223.18,223.18
ACC100557,ACC100449,1,328.27,328.27
ACC100557,ACC100516,1,4213.34,4213.34
ACC100557,ACC100538,1,3104.91,3104.91
ACC100557,ACC100564,1,1188.11,1188.11
ACC100557,ACC100616,1,270.54,270.54
ACC100557,ACC100688,1,694.14,694.14
ACC100557,ACC100692,1,311.88,311.88
ACC100558,ACC100075,1,1865.61,1865.61
ACC100558,ACC100087,1,91040.53,91040.53
ACC100558,ACC100216,1,922.77,922.77
ACC100558,ACC100236,1,3410.25,3410.25
ACC100558,ACC100263,1,2556.61,2556.61
ACC100558,ACC100398,1,225.29,225.29
ACC100558,ACC100682,1,364.77,364.77
ACC100558,ACC100889,1,1596.18,1596.18
ACC100559,ACC100018,1,1060.82,1060.82
ACC100559,ACC100050,1,1211.46,1211.46
ACC100559,ACC100053,1,477.8,477.8
ACC100559,ACC100400,1,1305.44,1305.44
ACC100559,ACC100535,1,9643.41,9643.41
ACC100559,ACC100659,1,709.61,709.61
ACC100559,ACC100708,1,1558.09,1558.09
ACC100559,ACC100956,1,579.78,579.78
ACC100559,ACC100983,1,3990.47,3990.47
ACC100559,ACC100995,1,5594.44,5594.44
ACC100560,ACC100010,1,3319.33,3319.33
ACC100560,ACC100015,1,5333.31,5333.31
ACC100560,ACC100016,1,1344.89,1344.89
ACC100560,ACC100056,1,13630.4,13630.4
ACC100560,ACC100104,1,1183.46,1183.46
ACC100560,ACC100258,1,440.73,440.73
ACC100560,ACC100298,1,12226.85,12226.85
ACC100560,ACC100384,1,4049.85,4049.85
ACC100560,ACC100683,1,528.73,528.73
ACC100560,ACC100727,1,771.62,771.62
ACC100560,ACC100971,1,2224.35,2224.35
ACC100560,ACC100974,1,353.51,353.51
ACC100561,ACC100066,1,2748.46,2748.46
ACC100561,ACC100424,1,3685.75,3685.75
ACC100561,ACC100529,1,1770.72,1770.72
ACC100561,ACC100754,1,11375.0,11375.0
ACC100562,ACC100118,1,1269.89,1269.89
ACC100562,ACC100509,1,787.91,787.91
ACC100562,ACC100517,1,14953.0,14953.0
ACC100562,ACC100609,1,134.47,134.47
ACC100563,ACC100037,1,2698.1,2698.1
ACC100563,ACC100069,1,2353.09,2353.09
ACC100563,ACC100082,1,972.19,972.19
ACC100563,ACC100352,1,320.6,320.6
ACC100563,ACC100408,1,1231.22,1231.22
ACC100563,ACC100411,1,668.63,668.63
ACC100563,ACC100524,1,4253.87,4253.87
ACC100563,ACC100658,1,139.29,139.29
ACC100563,ACC100700,1,98.66,98.66
ACC100563,ACC100703,1,142.56,142.56
ACC100563,ACC100729,1,3356.82,3356.82
ACC100563,ACC100735,1,4462.99,4462.99
ACC100563,ACC100877,1,421.23,421.23
ACC100563,ACC100899,1,667.6,667.6
ACC100563,ACC100968,1,4921.26,4921.26
ACC100563,ACC100971,1,9670.7,9670.7
ACC100563,ACC100992,1,2330.09,2330.09
ACC100564,ACC100326,1,1193.43,1193.43
ACC100564,ACC100360,1,1735.87,1735.87
ACC100564,ACC100444,1,1414.38,1414.38
ACC100564,ACC100596,1,845.64,845.64
ACC100564,ACC100608,1,384.9,384.9
ACC100564,ACC100664,1,1077.73,1077.73
ACC100564,ACC100982,1,3265.46,3265.46
ACC100565,ACC100018,1,529.0,529.0
ACC100565,ACC100028,1,2071.67,2071.67
ACC100565,ACC100073,1,1384.18,1384.18
ACC100565,ACC100119,1,3855.72,3855.72
ACC100565,ACC100133,1,1549.8,1549.8
ACC100565,ACC100284,1,1288.67,1288.67
ACC100565,ACC100319,1,84.8,84.8
ACC100565,ACC100345,1,361.71,361.71
ACC100565,ACC100393,1,391.61,391.61
ACC100565,ACC100654,1,3794.03,3794.03
ACC100565,ACC100706,1,4023.29,4023.29
ACC100565,ACC100920,1,687.1,687.1
ACC100566,ACC100032,1,4225.0,4225.0
ACC100566,ACC100116,1,1651.6,1651.6
ACC100566,ACC100238,1,3509.6,3509.6
ACC100566,ACC100564,1,160.7,160.7
ACC100566,ACC100598,1,2015.38,2015.38
ACC100566,ACC100616,1,152.15,152.15
ACC100566,ACC100621,1,3518.08,3518.08
ACC100566,ACC100648,1,778.39,778.39
ACC100566,ACC100777,1,1201.89,1201.89
ACC100566,ACC100909,1,3473.67,3473.67
ACC100566,ACC100957,1,3685.53,3685.53
ACC100566,ACC100984,1,93.65,93.65
ACC100567,ACC100075,1,5679.51,5679.51
ACC100567,ACC100157,1,479.07,479.07
ACC100567,ACC100204,1,2656.72,2656.72
ACC100567,ACC100277,1,1444.25,1444.25
ACC100567,ACC100288,1,871.94,871.94
ACC100567,ACC100728,1,4879.83,4879.83
ACC100567,ACC100759,1,4790.0,4790.0
ACC100567,ACC100887,1,1354.69,1354.69
ACC100567,ACC100986,1,389.82,389.82
ACC100568,ACC100194,1,1405.62,1405.62
ACC100568,ACC100238,1,12726.0,12726.0
ACC100568,ACC100368,1,2392.33,2392.33
ACC100568,ACC100836,1,450.87,450.87
ACC100568,ACC100885,1,113.33,113.33
ACC100568,ACC100887,1,664.61,664.61
ACC100568,ACC100962,1,4308.63,4308.63
ACC100569,ACC100218,1,875.09,875.09
ACC100569,ACC100266,1,2407.32,2407.32
ACC100569,ACC100319,1,3016.34,3016.34
ACC100569,ACC100357,1,421.6,421.6
ACC100569,ACC100415,1,5511.74,5511.74
ACC100569,ACC100464,1,1397.86,1397.86
ACC100569,ACC100474,1,315.54,315.54
ACC100569,ACC100529,1,6177.7,6177.7
ACC100569,ACC100558,1,9561.06,9561.06
ACC100569,ACC100576,1,668.76,668.76
ACC100569,ACC100766,1,2561.94,2561.94
ACC100569,ACC100788,1,765.27,765.27
ACC100569,ACC100916,1,633.69,633.69
ACC100569,ACC100939,1,532.0,532.0
ACC100570,ACC100048,1,401.3,401.3
ACC100570,ACC100202,1,7467.91,7467.91
ACC100570,ACC100446,1,812.58,812.58
ACC100570,ACC100586,1,192.3,192.3
ACC100570,ACC100604,1,915.47,915.47
ACC100570,ACC100925,1,7414.11,7414.11
ACC100570,ACC100948,1,609.46,609.46
ACC100570,ACC100954,1,2509.49,2509.49
ACC100570,ACC100992,1,5974.58,5974.58
ACC100571,ACC100072,1,2366.3,2366.3
ACC100571,ACC100267,1,2409.48,2409.48
ACC100571,ACC100331,1,2555.19,2555.19
ACC100571,ACC100447,1,589.88,589.88
ACC100571,ACC100484,1,451.39,451.39
ACC100571,ACC100485,1,566.18,566.18
ACC100571,ACC100541,1,79.84,79.84
ACC100571,ACC100568,1,745.17,745.17
ACC100571,ACC100665,1,8731.0,8731.0
ACC100571,ACC100710,1,610.99,610.99
ACC100571,ACC100761,1,994.04,994.04
ACC100571,ACC100901,1,4452.12,4452.12
ACC100571,ACC100921,1,688.69,688.69
ACC100572,ACC100377,1,119.88,119.88
ACC100572,ACC100587,1,1520.91,1520.91
ACC100572,ACC100672,1,1317.47,1317.47
ACC100572,ACC100757,1,606.36,606.36
ACC100572,ACC100935,1,344.63,344.63
ACC100573,ACC100035,1,3601.66,3601.66
ACC100573,ACC100104,1,7499.0,7499.0
ACC100573,ACC100452,1,1642.7,1642.7
ACC100573,ACC100459,1,249.75,249.75
ACC100573,ACC100517,1,620.79,620.79
ACC100573,ACC100667,1,1269.65,1269.65
ACC100573,ACC100670,1,575.2,575.2
ACC100573,ACC100775,1,2594.77,2594.77
ACC100573,ACC100785,1,312.59,312.59
ACC100573,ACC100884,1,14269.09,14269.09
ACC100574,ACC100060,1,1717.04,1717.04
ACC100574,ACC100228,1,6728.0,6728.0
ACC100574,ACC100284,1,2413.97,2413.97
ACC100574,ACC100353,1,2677.54,2677.54
ACC100574,ACC100493,1,5484.71,5484.71
ACC100574,ACC100554,1,3763.98,3763.98
ACC100574,ACC100594,1,14159.26,14159.26
ACC100574,ACC100726,1,1575.04,1575.04
ACC100574,ACC100833,1,2327.96,2327.96
ACC100574,ACC100843,1,111.56,111.56
ACC100574,ACC100855,1,3788.1,3788.1
ACC100574,ACC100930,1,232.93,232.93
ACC100574,ACC100990,1,58843.73,58843.73
ACC100575,ACC100149,1,460.89,460.89
ACC100575,ACC100211,1,86.21,86.21
ACC100575,ACC100222,1,1787.66,1787.66
ACC100575,ACC100223,1,3992.0,3992.0
ACC100575,ACC100229,1,302.43,302.43
ACC100575,ACC100248,1,2082.03,2082.03
ACC100575,ACC100262,1,3483.2,3483.2
ACC100575,ACC100408,1,810.04,810.04
ACC100575,ACC100511,1,12282.79,12282.79
ACC100575,ACC100616,1,6485.0,6485.0
ACC100575,ACC100641,1,6680.73,6680.73
ACC100575,ACC100674,1,1440.83,1440.83
ACC100575,ACC100759,1,1277.46,1277.46
ACC100575,ACC100767,1,418.48,418.48
ACC100575,ACC100813,1,2206.78,2206.78
ACC100575,ACC100922,1,2712.45,2712.45
ACC100575,ACC100947,1,12091.17,12091.17
ACC100576,ACC100071,1,655.49,655.49
ACC100576,ACC100312,1,401.98,401.98
ACC100576,ACC100495,1,2764.21,2764.21
ACC100576,ACC100588,1,3037.57,3037.57
ACC100576,ACC100702,1,969.78,969.78
ACC100576,ACC100727,1,1264.06,1264.06
ACC100576,ACC100798,1,714.91,714.91
ACC100576,ACC100814,1,3059.61,3059.61
ACC100576,ACC100833,1,430.18,430.18
ACC100576,ACC100880,1,382.84,382.84
ACC100577,ACC100066,1,108.35,108.35
ACC100577,ACC100199,1,11771.64,11771.64
ACC100577,ACC100250,1,14526.0,14526.0
ACC100577,ACC100280,1,1113.52,1113.52
ACC100577,ACC100333,1,1491.35,1491.35
ACC100577,ACC100365,1,719.18,719.18
ACC100577,ACC100416,1,623.16,623.16
ACC100577,ACC100454,1,341.07,341.07
ACC100577,ACC100761,1,2156.29,2156.29
ACC100577,ACC100853,1,354.04,354.04
ACC100577,ACC100936,1,3208.11,3208.11
ACC100577,ACC100954,1,1308.7,1308.7
ACC100578,ACC100112,1,1070.4,1070.4
ACC100578,ACC100441,1,267.32,267.32
ACC100578,ACC100445,1,377.6,377.6
ACC100578,ACC100459,1,2047.15,2047.15
ACC100578,ACC100526,1,1184.89,1184.89
ACC100578,ACC100636,1,4590.05,4590.05
ACC100578,ACC100667,1,3312.53,3312.53
ACC100578,ACC100884,1,297.31,297.31
ACC100578,ACC100914,1,2157.49,2157.49
ACC100578,ACC100917,1,234.44,234.44
ACC100579,ACC100042,1,679.46,679.46
ACC100579,ACC100238,1,5159.0,5159.0
ACC100579,ACC100494,1,1183.13,1183.13
ACC100579,ACC100533,1,1976.61,1976.61
ACC100579,ACC100548,1,7944.26,7944.26
ACC100579,ACC100580,1,1164.87,1164.87
ACC100579,ACC100628,1,6443.35,6443.35
ACC100579,ACC100768,1,789.32,789.32
ACC100579,ACC100892,1,1267.38,1267.38
ACC100579,ACC100978,1,1968.01,1968.01
ACC100579,ACC100984,1,2406.08,2406.08
ACC100580,ACC100027,1,6524.0,6524.0
ACC100580,ACC100030,1,12370.0,12370.0
ACC100580,ACC100046,1,2941.12,2941.12
ACC100580,ACC100055,1,522.32,522.32
ACC100580,ACC100070,1,752.12,752.12
ACC100580,ACC100642,1,9203.59,9203.59
ACC100580,ACC100652,1,4139.11,4139.11
ACC100580,ACC100928,1,501.13,501.13
ACC100580,ACC100949,1,4312.87,4312.87
ACC100581,ACC100114,1,11085.0,11085.0
ACC100581,ACC100251,1,414.05,414.05
ACC100581,ACC100340,1,3514.33,3514.33
ACC100581,ACC100349,1,457.5,457.5
ACC100581,ACC100403,1,3942.49,3942.49
ACC100581,ACC100494,1,2664.31,2664.31
ACC100581,ACC100511,1,4720.81,4720.81
ACC100581,ACC100559,1,3060.04,3060.04
ACC100581,ACC100605,1,1563.37,1563.37
ACC100581,ACC100656,1,905.93,905.93
ACC100581,ACC100856,1,6553.26,6553.26
ACC100582,ACC100039,1,925.19,925.19
ACC100582,ACC100235,1,1369.34,1369.34
ACC100582,ACC100512,1,2030.82,2030.82
ACC100582,ACC100584,1,452.87,452.87
ACC100582,ACC100676,1,8430.06,8430.06
ACC100582,ACC100690,1,199.58,199.58
ACC100582,ACC100706,1,616.91,616.91
ACC100582,ACC100712,1,1359.51,1359.51
ACC100582,ACC100851,1,478.21,478.21
ACC100582,ACC100881,1,8927.14,8927.14
ACC100582,ACC100948,1,1468.3,1468.3
ACC100583,ACC100069,1,4785.29,4785.29
ACC100583,ACC100112,1,484.36,484.36
ACC100583,ACC100170,1,1777.14,1777.14
ACC100583,ACC100253,1,10769.6,10769.6
ACC100583,ACC100402,1,86.98,86.98
ACC100583,ACC100408,1,1725.5,1725.5
ACC100583,ACC100578,1,1360.57,1360.57
ACC100583,ACC100691,1,3662.3,3662.3
ACC100583,ACC100737,1,4118.47,4118.47
ACC100583,ACC100779,1,1100.14,1100.14
ACC100583,ACC100907,1,1046.23,1046.23
ACC100583,ACC100963,1,2157.35,2157.35
ACC100583,ACC100985,1,471.73,471.73
ACC100584,ACC100082,1,470.6,470.6
ACC100584,ACC100239,1,576.39,576.39
ACC100584,ACC100363,1,4374.44,4374.44
ACC100584,ACC100405,1,529.73,529.73
ACC100584,ACC100438,1,2450.01,2450.01
ACC100584,ACC100450,1,9060.11,9060.11
ACC100584,ACC100475,1,581.37,581.37
ACC100584,ACC100682,1,3528.07,3528.07
ACC100584,ACC100758,1,1303.16,1303.16
ACC100584,ACC100965,1,692.99,692.99
ACC100584,ACC100996,1,634.08,634.08
ACC100585,ACC100134,1,716.55,716.55
ACC100585,ACC100199,1,1254.66,1254.66
ACC100585,ACC100223,1,1794.66,1794.66
ACC100585,ACC100324,1,2522.09,2522.09
ACC100585,ACC100341,1,729.67,729.67
ACC100585,ACC100348,1,7406.19,7406.19
ACC100585,ACC100353,1,275.17,275.17
ACC100585,ACC100646,1,270.69,270.69
ACC100585,ACC100734,1,7715.99,7715.99
ACC100585,ACC100745,1,321.53,321.53
ACC100585,ACC100914,1,1608.41,1608.41
ACC100585,ACC100994,2,2072.55,1036.275
ACC100586,ACC100333,1,1374.02,1374.02
ACC100586,ACC100366,1,923.85,923.85
ACC100586,ACC100559,1,1343.06,1343.06
ACC100586,ACC100610,1,765.34,765.34
ACC100586,ACC100692,1,1171.59,1171.59
ACC100586,ACC100754,1,2895.01,2895.01
ACC100587,ACC100003,1,5571.0,5571.0
ACC100587,ACC100110,1,125.87,125.87
ACC100587,ACC100204,1,681.99,681.99
ACC100587,ACC100484,1,558.96,558.96
ACC100587,ACC100801,1,3899.61,3899.61
ACC100587,ACC100804,1,348.63,348.63
ACC100587,ACC100859,1,577.65,577.65
ACC100587,ACC100884,1,1283.96,1283.96
ACC100587,ACC100929,1,3750.08,3750.08
ACC100587,ACC100963,1,179.25,179.25
ACC100588,ACC100119,1,210.79,210.79
ACC100588,ACC100224,1,1861.14,1861.14
ACC100588,ACC100272,1,3136.81,3136.81
ACC100588,ACC100341,1,4058.31,4058.31
ACC100588,ACC100452,1,5619.78,5619.78
ACC100588,ACC100474,1,1005.16,1005.16
ACC100588,ACC100599,1,371.25,371.25
ACC100588,ACC100664,1,2086.03,2086.03
ACC100588,ACC100743,1,739.87,739.87
ACC100588,ACC100829,1,1316.14,1316.14
ACC100589,ACC100040,1,1386.38,1386.38
ACC100589,ACC100209,1,1437.94,1437.94
ACC100589,ACC100247,1,1148.8,1148.8
ACC100589,ACC100272,1,387.72,387.72
ACC100589,ACC100427,1,207.96,207.96
ACC100589,ACC100515,1,387.44,387.44
ACC100589,ACC100529,1,661.09,661.09
ACC100589,ACC100665,1,23786.41,23786.41
ACC100589,ACC100692,1,3475.0,3475.0
ACC100589,ACC100743,1,589.28,589.28
ACC100589,ACC100813,1,18.8,18.8
ACC100589,ACC100842,1,457.94,457.94
ACC100589,ACC100916,1,219.64,219.64
ACC100590,ACC100086,1,319.4,319.4
ACC100590,ACC100200,1,986.05,986.05
ACC100590,ACC100217,1,1104.93,1104.93
ACC100590,ACC100251,1,2027.53,2027.53
ACC100590,ACC100267,1,3143.02,3143.02
ACC100590,ACC100323,1,2819.64,2819.64
ACC100590,ACC100475,1,2687.16,2687.16
ACC100590,ACC100483,1,6149.41,6149.41
ACC100590,ACC100890,1,1120.15,1120.15
ACC100590,ACC100998,1,2160.26,2160.26
ACC100591,ACC100229,1,2391.77,2391.77
ACC100591,ACC100251,1,687.0,687.0
ACC100591,ACC100472,1,751.98,751.98
ACC100591,ACC100510,1,307.58,307.58
ACC100591,ACC100689,1,586.7,586.7
ACC100591,ACC100812,1,1693.89,1693.89
ACC100591,ACC100882,1,1053.86,1053.86
ACC100591,ACC100894,1,54.48,54.48
ACC100591,ACC100941,1,1136.82,1136.82
ACC100591,ACC100987,1,4017.52,4017.52
ACC100592,ACC100018,1,953.29,953.29
ACC100592,ACC100372,1,687.15,687.15
ACC100592,ACC100557,1,1092.68,1092.68
ACC100592,ACC100698,1,2328.8,2328.8
ACC100592,ACC100814,1,218.6,218.6
ACC100593,ACC100244,1,1794.84,1794.84
ACC100593,ACC100360,1,3757.03,3757.03
ACC100593,ACC100393,1,547.89,547.89
ACC100593,ACC100556,1,3219.68,3219.68
ACC100593,ACC100644,1,1733.97,1733.97
ACC100593,ACC100678,1,2359.83,2359.83
ACC100593,ACC100753,1,141.29,141.29
ACC100593,ACC100754,1,9547.0,9547.0
ACC100593,ACC100882,1,2559.35,2559.35
ACC100593,ACC100884,1,1835.26,1835.26
ACC100594,ACC100081,1,1443.15,1443.15
ACC100594,ACC100183,1,730.24,730.24
ACC100594,ACC100411,1,2002.32,2002.32
ACC100594,ACC100430,1,1389.28,1389.28
ACC100594,ACC100552,1,2666.84,2666.84
ACC100594,ACC100618,1,2538.86,2538.86
ACC100594,ACC100724,1,905.78,905.78
ACC100594,ACC100767,1,1583.28,1583.28
ACC100594,ACC100811,1,440.64,440.64
ACC100594,ACC100817,1,134.29,134.29
ACC100595,ACC100120,1,1475.22,1475.22
ACC100595,ACC100194,1,643.67,643.67
ACC100595,ACC100303,1,13061.98,13061.98
ACC100595,ACC100317,1,571.94,571.94
ACC100595,ACC100410,1,1363.63,1363.63
ACC100595,ACC100492,1,1083.4,1083.4
ACC100595,ACC100911,1,1985.59,1985.59
ACC100595,ACC100940,1,531.91,531.91
ACC100595,ACC100944,1,769.89,769.89
ACC100596,ACC100152,1,1429.82,1429.82
ACC100596,ACC100379,1,378.95,378.95
ACC100596,ACC100421,1,978.41,978.41
ACC100596,ACC100582,1,10411.7,10411.7
ACC100596,ACC100646,2,1604.81,802.405
ACC100596,ACC100737,1,7580.53,7580.53
ACC100596,ACC100846,1,90.94,90.94
ACC100596,ACC100876,1,1344.88,1344.88
ACC100597,ACC100001,1,393.58,393.58
ACC100597,ACC100031,1,776.45,776.45
ACC100597,ACC100105,1,428.48,428.48
ACC100597,ACC100184,1,3831.6,3831.6
ACC100597,ACC100200,1,2131.85,2131.85
ACC100597,ACC100237,1,802.77,802.77
ACC100597,ACC100253,1,436.81,436.81
ACC100597,ACC100329,1,821.56,821.56
ACC100597,ACC100469,1,879.23,879.23
ACC100597,ACC100539,1,1730.96,1730.96
ACC100597,ACC100570,1,3203.35,3203.35
ACC100597,ACC100702,1,220.44,220.44
ACC100597,ACC100725,1,596.5,596.5
ACC100597,ACC100840,1,87.52,87.52
ACC100597,ACC100906,1,3655.02,3655.02
ACC100597,ACC100926,1,1389.63,1389.63
ACC100597,ACC100994,1,227.32,227.32
ACC100598,ACC100012,1,2250.88,2250.88
ACC100598,ACC100028,1,392.73,392.73
ACC100598,ACC100052,1,837.77,837.77
ACC100598,ACC100104,1,2506.41,2506.41
ACC100598,ACC100127,1,55.35,55.35
ACC100598,ACC100446,1,3170.68,3170.68
ACC100598,ACC100690,1,303.97,303.97
ACC100598,ACC100796,1,410.71,410.71
ACC100599,ACC100092,1,961.65,961.65
ACC100599,ACC100126,1,4641.01,4641.01
ACC100599,ACC100172,1,2672.0,2672.0
ACC100599,ACC100212,1,557.76,557.76
ACC100599,ACC100348,1,173.2,173.2
ACC100599,ACC100356,1,1140.24,1140.24
ACC100599,ACC100500,1,1993.25,1993.25
ACC100599,ACC100543,1,1541.19,1541.19
ACC100599,ACC100570,1,2290.43,2290.43
ACC100599,ACC100702,1,8807.33,8807.33
ACC100599,ACC100779,1,3508.09,3508.09
ACC100599,ACC100940,1,1428.61,1428.61
ACC100600,ACC100093,1,6598.57,6598.57
ACC100600,ACC100135,1,530.07,530.07
ACC100600,ACC100204,1,328.2,328.2
ACC100600,ACC100446,1,3373.4,3373.4
ACC100600,ACC100465,1,92.03,92.03
ACC100600,ACC100517,1,8553.0,8553.0
ACC100600,ACC100540,1,1080.85,1080.85
ACC100600,ACC100586,1,964.96,964.96
ACC100600,ACC100616,1,14813.0,14813.0
ACC100600,ACC100830,1,306.15,306.15
ACC100600,ACC100880,1,1884.73,1884.73
ACC100600,ACC100940,1,2427.45,2427.45
ACC100601,ACC100019,1,9529.6,9529.6
ACC100601,ACC100238,1,7941.0,7941.0
ACC100601,ACC100322,1,308.86,308.86
ACC100601,ACC100466,1,276.51,276.51
ACC100601,ACC100747,1,2238.2,2238.2
ACC100601,ACC100873,1,687.46,687.46
ACC100601,ACC100922,1,1057.71,1057.71
ACC100602,ACC100010,1,460.49,460.49
ACC100602,ACC100048,1,167.01,167.01
ACC100602,ACC100103,1,2497.78,2497.78
ACC100602,ACC100380,1,135.68,135.68
ACC100602,ACC100409,1,396.02,396.02
ACC100602,ACC100528,1,3322.97,3322.97
ACC100602,ACC100624,1,5138.94,5138.94
ACC100602,ACC100626,1,827.53,827.53
ACC100602,ACC100627,1,3780.9,3780.9
ACC100602,ACC100752,1,981.36,981.36
ACC100602,ACC100759,1,3993.0,3993.0
ACC100602,ACC100936,1,2400.18,2400.18
ACC100602,ACC100954,2,3234.58,1617.29
ACC100603,ACC100024,1,1251.86,1251.86
ACC100603,ACC100089,1,5037.0,5037.0
ACC100603,ACC100417,1,384.91,384.91
ACC100603,ACC100554,1,365.63,365.63
ACC100603,ACC100654,1,3711.0,3711.0
ACC100603,ACC100757,1,722.97,722.97
ACC100603,ACC100769,1,1362.74,1362.74
ACC100603,ACC100831,1,1745.23,1745.23
ACC100603,ACC100944,1,184.28,184.28
ACC100604,ACC100157,1,311.95,311.95
ACC100604,ACC100203,2,6714.2,3357.1
ACC100604,ACC100311,1,3559.39,3559.39
ACC100604,ACC100448,1,123825.13,123825.13
ACC100604,ACC100449,1,748.18,748.18
ACC100604,ACC100515,1,499.47,499.47
ACC100604,ACC100980,1,6582.49,6582.49
ACC100605,ACC100278,1,1294.85,1294.85
ACC100605,ACC100405,1,1321.39,1321.39
ACC100605,ACC100752,1,784.11,784.11
ACC100605,ACC100780,1,512.47,512.47
ACC100605,ACC100900,1,179.16,179.16
ACC100606,ACC100134,1,362.46,362.46
ACC100606,ACC100145,1,1022.25,1022.25
ACC100606,ACC100156,1,1610.46,1610.46
ACC100606,ACC100272,1,317.03,317.03
ACC100606,ACC100376,1,6139.14,6139.14
ACC100606,ACC100786,1,2795.6,2795.6
ACC100606,ACC100816,1,380.93,380.93
ACC100606,ACC100909,1,619.54,619.54
ACC100607,ACC100025,1,1426.51,1426.51
ACC100607,ACC100113,1,307.9,307.9
ACC100607,ACC100162,1,862.56,862.56
ACC100607,ACC100182,1,2421.43,2421.43
ACC100607,ACC100321,1,306.01,306.01
ACC100607,ACC100403,1,939.08,939.08
ACC100607,ACC100541,1,379.7,379.7
ACC100607,ACC100563,1,1732.39,1732.39
ACC100607,ACC100571,1,202.3,202.3
ACC100607,ACC100598,1,712.76,712.76
ACC100607,ACC100681,1,534.75,534.75
ACC100607,ACC100719,1,1942.48,1942.48
ACC100607,ACC100754,1,853.47,853.47
ACC100607,ACC100837,1,1840.31,1840.31
ACC100607,ACC100856,1,1065.67,1065.67
ACC100607,ACC100968,1,336.73,336.73
ACC100608,ACC100036,1,1318.34,1318.34
ACC100608,ACC100049,2,5824.16,2912.08
ACC100608,ACC100099,1,4902.38,4902.38
ACC100608,ACC100157,1,760.58,760.58
ACC100608,ACC100354,1,2118.45,2118.45
ACC100608,ACC100401,1,870.35,870.35
ACC100608,ACC100413,1,698.27,698.27
ACC100608,ACC100549,1,618.18,618.18
ACC100608,ACC100673,1,1016.43,1016.43
ACC100608,ACC100720,1,623.46,623.46
ACC100608,ACC100733,1,7059.0,7059.0
ACC100609,ACC100074,1,1339.91,1339.91
ACC100609,ACC100077,1,667.31,667.31
ACC100609,ACC100250,1,5253.38,5253.38
ACC100609,ACC100518,1,3250.38,3250.38
ACC100609,ACC100657,1,7204.43,7204.43
ACC100609,ACC100730,1,1075.26,1075.26
ACC100609,ACC100795,1,492.78,492.78
ACC100609,ACC100826,1,3727.59,3727.59
ACC100610,ACC100104,1,6841.0,6841.0
ACC100610,ACC100383,1,593.38,593.38
ACC100610,ACC100658,1,631.74,631.74
ACC100610,ACC100748,1,294.61,294.61
ACC100610,ACC100762,1,113.93,113.93
ACC100610,ACC100765,1,33.72,33.72
ACC100610,ACC100874,1,1254.23,1254.23
ACC100610,ACC100900,1,2257.66,2257.66
ACC100611,ACC100015,1,618.65,618.65
ACC100611,ACC100052,1,98.07,98.07
ACC100611,ACC100055,1,1415.36,1415.36
ACC100611,ACC100089,1,12988.0,12988.0
ACC100611,ACC100137,1,112.9,112.9
ACC100611,ACC100142,1,9311.0,9311.0
ACC100611,ACC100292,1,1175.36,1175.36
ACC100611,ACC100328,1,205.53,205.53
ACC100611,ACC100354,1,494.15,494.15
ACC100611,ACC100388,1,6698.75,6698.75
ACC100611,ACC100721,1,2801.41,2801.41
ACC100611,ACC100787,1,160.26,160.26
ACC100612,ACC100014,1,7669.55,7669.55
ACC100612,ACC100091,1,1194.63,1194.63
ACC100612,ACC100254,1,667.91,667.91
ACC100612,ACC100268,1,1689.63,1689.63
ACC100612,ACC100301,1,1534.76,1534.76
ACC100612,ACC100302,1,398.81,398.81
ACC100612,ACC100341,1,1789.43,1789.43
ACC100612,ACC100376,1,2045.62,2045.62
ACC100612,ACC100729,1,973.25,973.25
ACC100612,ACC100808,1,662.2,662.2
ACC100612,ACC100868,1,21279.44,21279.44
ACC100612,ACC100956,1,5563.58,5563.58
ACC100612,ACC100978,1,1291.6,1291.6
ACC100613,ACC100040,1,42.61,42.61
ACC100613,ACC100041,1,313.86,313.86
ACC100613,ACC100094,1,437.32,437.32
ACC100613,ACC100132,1,1100.34,1100.34
ACC100613,ACC100307,1,479.98,479.98
ACC100613,ACC100533,1,2277.69,2277.69
ACC100613,ACC100543,1,643.88,643.88
ACC100613,ACC100604,1,11502.0,11502.0
ACC100613,ACC100621,1,595.8,595.8
ACC100613,ACC100703,1,802.07,802.07
ACC100613,ACC100716,1,87.93,87.93
ACC100613,ACC100855,1,311.73,311.73
ACC100613,ACC100924,1,95.56,95.56
ACC100613,ACC100992,1,861.9,861.9
ACC100614,ACC100012,1,1226.12,1226.12
ACC100614,ACC100031,1,1709.58,1709.58
ACC100614,ACC100142,1,294.34,294.34
ACC100614,ACC100186,1,858.68,858.68
ACC100614,ACC100220,1,265.88,265.88
ACC100614,ACC100275,1,4122.16,4122.16
ACC100614,ACC100383,1,635.65,635.65
ACC100614,ACC100400,1,1915.55,1915.55
ACC100614,ACC100433,1,544.52,544.52
ACC100614,ACC100453,1,201.47,201.47
ACC100614,ACC100629,2,3818.34,1909.17
ACC100615,ACC100081,1,9342.3,9342.3
ACC100615,ACC100194,1,465.57,465.57
ACC100615,ACC100195,1,2039.26,2039.26
ACC100615,ACC100212,1,194.03,194.03
ACC100615,ACC100290,1,2732.38,2732.38
ACC100615,ACC100365,1,165.59,165.59
ACC100615,ACC100422,1,132.47,132.47
ACC100615,ACC100447,1,845.83,845.83
ACC100615,ACC100753,1,615.39,615.39
ACC100615,ACC100931,1,189.72,189.72
ACC100616,ACC100110,1,10128.19,10128.19
ACC100616,ACC100125,1,590.23,590.23
ACC100616,ACC100339,1,1154.57,1154.57
ACC100616,ACC100362,1,218.75,218.75
ACC100616,ACC100575,1,3181.16,3181.16
ACC100616,ACC100594,1,2178.43,2178.43
ACC100616,ACC100746,1,1456.38,1456.38
ACC100616,ACC100771,1,1118.07,1118.07
ACC100616,ACC100813,1,413.28,413.28
ACC100616,ACC100850,1,674.44,674.44
ACC100616,ACC100944,1,48557.67,48557.67
ACC100617,ACC100049,1,1810.04,1810.04
ACC100617,ACC100167,1,279.32,279.32
ACC100617,ACC100193,1,12.04,12.04
ACC100617,ACC100197,1,645.48,645.48
ACC100617,ACC100248,1,1790.95,1790.95
ACC100617,ACC100313,1,3636.95,3636.95
ACC100617,ACC100467,1,2330.42,2330.42
ACC100617,ACC100569,1,4018.59,4018.59
ACC100617,ACC100613,1,411.27,411.27
ACC100617,ACC100655,1,137.08,137.08
ACC100617,ACC100665,1,3618.0,3618.0
ACC100617,ACC100797,1,11962.15,11962.15
ACC100617,ACC100837,1,812.11,812.11
ACC100617,ACC100850,1,576.29,576.29
ACC100617,ACC100982,1,5342.1,5342.1
ACC100618,ACC100214,1,989.37,989.37
ACC100618,ACC100348,1,549.99,549.99
ACC100618,ACC100439,1,301.78,301.78
ACC100618,ACC100588,2,751.23,375.615
ACC100618,ACC100592,1,5029.97,5029.97
ACC100618,ACC100597,1,170.11,170.11
ACC100618,ACC100681,1,554.06,554.06
ACC100618,ACC100685,1,7747.98,7747.98
ACC100618,ACC100736,1,600.82,600.82
ACC100618,ACC100773,1,6014.03,6014.03
ACC100618,ACC100781,1,2262.54,2262.54
ACC100618,ACC100826,1,7760.49,7760.49
ACC100618,ACC100915,1,10564.17,10564.17
ACC100618,ACC100946,1,2115.29,2115.29
ACC100619,ACC100215,1,2521.88,2521.88
ACC100619,ACC100235,1,2141.68,2141.68
ACC100619,ACC100320,1,1282.18,1282.18
ACC100619,ACC100604,1,3601.0,3601.0
ACC100619,ACC100605,1,362.14,362.14
ACC100619,ACC100613,1,311.71,311.71
ACC100619,ACC100661,1,80.71,80.71
ACC100619,ACC100788,1,689.15,689.15
ACC100619,ACC100821,1,265.17,265.17
ACC100619,ACC100904,1,493.81,493.81
ACC100620,ACC100030,1,1924.32,1924.32
ACC100620,ACC100075,1,8325.27,8325.27
ACC100620,ACC100098,1,1155.08,1155.08
ACC100620,ACC100141,1,5610.91,5610.91
ACC100620,ACC100266,1,1225.43,1225.43
ACC100620,ACC100369,1,91.63,91.63
ACC100620,ACC100537,1,3671.18,3671.18
ACC100620,ACC100605,1,2153.78,2153.78
ACC100620,ACC100674,1,650.95,650.95
ACC100620,ACC100789,1,214.06,214.06
ACC100620,ACC100841,1,685.55,685.55
ACC100620,ACC100856,1,2748.94,2748.94
ACC100620,ACC100861,1,2074.94,2074.94
ACC100621,ACC100089,1,8003.0,8003.0
ACC100621,ACC100142,1,14423.0,14423.0
ACC100621,ACC100180,1,3948.27,3948.27
ACC100621,ACC100225,1,892.42,892.42
ACC100621,ACC100226,1,701.7,701.7
ACC100621,ACC100278,1,399.06,399.06
ACC100621,ACC100279,1,741.67,741.67
ACC100621,ACC100392,1,12093.71,12093.71
ACC100621,ACC100447,1,3436.26,3436.26
ACC100621,ACC100455,1,681.14,681.14
ACC100621,ACC100459,1,4831.22,4831.22
ACC100621,ACC100464,1,558.08,558.08
ACC100621,ACC100496,1,2103.57,2103.57
ACC100621,ACC100509,1,452.52,452.52
ACC100621,ACC100516,1,573.68,573.68
ACC100621,ACC100575,1,5859.77,5859.77
ACC100621,ACC100600,1,2633.04,2633.04
ACC100621,ACC100625,2,8280.66,4140.33
ACC100621,ACC100653,1,485.85,485.85
ACC100621,ACC100654,1,350.86,350.86
ACC100621,ACC100754,1,4746.0,4746.0
ACC100621,ACC100777,1,1273.66,1273.66
ACC100621,ACC100808,1,282.13,282.13
ACC100621,ACC100830,1,346.23,346.23
ACC100621,ACC100970,1,652.87,652.87
ACC100622,ACC100046,1,406.66,406.66
ACC100622,ACC100095,1,13293.0,13293.0
ACC100622,ACC100170,1,168.57,168.57
ACC100622,ACC100244,1,1934.91,1934.91
ACC100622,ACC100428,1,18455.21,18455.21
ACC100622,ACC100561,1,1075.81,1075.81
ACC100622,ACC100621,1,4974.76,4974.76
ACC100622,ACC100714,1,752.35,752.35
ACC100622,ACC100752,1,1311.61,1311.61
ACC100622,ACC100810,1,2027.49,2027.49
ACC100622,ACC100903,1,2881.98,2881.98
ACC100623,ACC100000,1,10670.57,10670.57
ACC100623,ACC100008,1,1063.86,1063.86
ACC100623,ACC100246,1,662.57,662.57
ACC100623,ACC100484,1,554.87,554.87
ACC100623,ACC100741,1,2532.03,2532.03
ACC100623,ACC100825,1,497.74,497.74
ACC100624,ACC100025,1,12007.0,12007.0
ACC100624,ACC100144,1,131.53,131.53
ACC100624,ACC100169,1,2105.54,2105.54
ACC100624,ACC100182,1,356.79,356.79
ACC100624,ACC100239,1,12988.58,12988.58
ACC100624,ACC100255,1,2860.94,2860.94
ACC100624,ACC100276,1,139.21,139.21
ACC100624,ACC100328,1,1397.99,1397.99
ACC100624,ACC100432,1,13612.0,13612.0
ACC100624,ACC100648,1,2621.28,2621.28
ACC100624,ACC100678,1,6571.0,6571.0
ACC100624,ACC100752,1,6602.53,6602.53
ACC100624,ACC100811,2,1067.17,533.585
ACC100624,ACC100849,1,206.39,206.39
ACC100624,ACC100865,1,1702.34,1702.34
ACC100624,ACC100970,1,8498.09,8498.09
ACC100624,ACC100991,1,58.86,58.86
ACC100625,ACC100058,1,25835.62,25835.62
ACC100625,ACC100144,1,3815.11,3815.11
ACC100625,ACC100268,1,2060.56,2060.56
ACC100625,ACC100516,1,4023.13,4023.13
ACC100625,ACC100540,1,459.47,459.47
ACC100625,ACC100544,1,315.54,315.54
ACC100625,ACC100593,1,712.31,712.31
ACC100625,ACC100611,1,115.02,115.02
ACC100625,ACC100676,1,1532.78,1532.78
ACC100625,ACC100697,1,6455.0,6455.0
ACC100625,ACC100718,1,11410.0,11410.0
ACC100625,ACC100761,1,441.94,441.94
ACC100625,ACC100831,1,4145.95,4145.95
ACC100625,ACC100897,1,147.08,147.08
ACC100625,ACC100898,1,859.14,859.14
ACC100625,ACC100913,1,1836.62,1836.62
ACC100626,ACC100294,1,1189.86,1189.86
ACC100626,ACC100402,1,1490.69,1490.69
ACC100626,ACC100489,1,5778.72,5778.72
ACC100626,ACC100663,1,566.7,566.7
ACC100626,ACC100784,1,30314.09,30314.09
ACC100626,ACC100802,1,3576.98,3576.98
ACC100626,ACC100837,1,1210.92,1210.92
ACC100626,ACC100870,1,2540.72,2540.72
ACC100627,ACC100124,1,1342.69,1342.69
ACC100627,ACC100236,1,2562.28,2562.28
ACC100627,ACC100289,1,18812.39,18812.39
ACC100627,ACC100757,1,18746.76,18746.76
ACC100627,ACC100766,1,2190.81,2190.81
ACC100627,ACC100821,1,974.37,974.37
ACC100627,ACC100913,1,1533.93,1533.93
ACC100627,ACC100942,1,617.52,617.52
ACC100628,ACC100165,1,63.22,63.22
ACC100628,ACC100171,1,20955.16,20955.16
ACC100628,ACC100258,1,1097.03,1097.03
ACC100628,ACC100307,1,285.03,285.03
ACC100628,ACC100420,1,4861.27,4861.27
ACC100628,ACC100433,1,4709.35,4709.35
ACC100628,ACC100602,1,1360.35,1360.35
ACC100628,ACC100699,1,1950.93,1950.93
ACC100628,ACC100937,1,1217.57,1217.57
ACC100628,ACC100943,1,457.85,457.85
ACC100629,ACC100016,1,1443.37,1443.37
ACC100629,ACC100086,1,2080.67,2080.67
ACC100629,ACC100173,1,814.1,814.1
ACC100629,ACC100216,1,911.12,911.12
ACC100629,ACC100314,1,331.83,331.83
ACC100629,ACC100344,1,2578.61,2578.61
ACC100629,ACC100459,1,1619.33,1619.33
ACC100629,ACC100576,1,2872.58,2872.58
ACC100629,ACC100698,1,1395.26,1395.26
ACC100629,ACC100733,1,11266.0,11266.0
ACC100629,ACC100910,1,5775.42,5775.42
ACC100629,ACC100993,1,844.8,844.8
ACC100630,ACC100024,1,3719.24,3719.24
ACC100630,ACC100039,1,3519.24,3519.24
ACC100630,ACC100331,1,543.66,543.66
ACC100630,ACC100418,1,678.19,678.19
ACC100630,ACC100526,1,184.07,184.07
ACC100630,ACC100586,1,2067.13,2067.13
ACC100630,ACC100591,1,1182.99,1182.99
ACC100630,ACC100683,1,2810.32,2810.32
ACC100630,ACC100712,1,573.46,573.46
ACC100630,ACC100935,1,49.8,49.8
ACC100631,ACC100023,2,4315.02,2157.51
ACC100631,ACC100148,1,918.34,918.34
ACC100631,ACC100190,1,139.11,139.11
ACC100631,ACC100193,1,1213.23,1213.23
ACC100631,ACC100348,1,2620.33,2620.33
ACC100631,ACC100427,1,1498.28,1498.28
ACC100631,ACC100569,1,1924.87,1924.87
ACC100631,ACC100675,1,1523.56,1523.56
ACC100631,ACC100909,1,13235.85,13235.85
ACC100632,ACC100132,1,26034.31,26034.31
ACC100632,ACC100177,1,435.78,435.78
ACC100632,ACC100200,1,587.12,587.12
ACC100632,ACC100354,1,433.07,433.07
ACC100632,ACC100416,1,1430.77,1430.77
ACC100632,ACC100424,1,10008.42,10008.42
ACC100632,ACC100457,1,1306.27,1306.27
ACC100632,ACC100529,1,4341.33,4341.33
ACC100632,ACC100725,1,656.46,656.46
ACC100632,ACC100738,1,611.39,611.39
ACC100632,ACC100824,1,2119.76,2119.76
ACC100633,ACC100229,1,895.17,895.17
ACC100633,ACC100515,1,334.48,334.48
ACC100633,ACC100641,1,7427.47,7427.47
ACC100633,ACC100647,1,4429.61,4429.61
ACC100633,ACC100712,1,870.65,870.65
ACC100633,ACC100848,1,420.57,420.57
ACC100634,ACC100021,1,408.29,408.29
ACC100634,ACC100033,1,205.82,205.82
ACC100634,ACC100088,1,2420.66,2420.66
ACC100634,ACC100089,1,6929.0,6929.0
ACC100634,ACC100181,1,552.03,552.03
ACC100634,ACC100211,1,2057.6,2057.6
ACC100634,ACC100551,1,2648.0,2648.0
ACC100634,ACC100773,1,633.67,633.67
ACC100634,ACC100797,1,304.12,304.12
ACC100634,ACC100866,1,1125.55,1125.55
ACC100634,ACC100941,1,585.43,585.43
ACC100635,ACC100223,1,14309.0,14309.0
ACC100635,ACC100322,1,4289.5,4289.5
ACC100635,ACC100329,1,1076.38,1076.38
ACC100635,ACC100367,1,469.51,469.51
ACC100635,ACC100405,1,4509.24,4509.24
ACC100635,ACC100659,1,355.21,355.21
ACC100635,ACC100661,1,295.33,295.33
ACC100635,ACC100684,1,12924.31,12924.31
ACC100636,ACC100095,1,10894.0,10894.0
ACC100636,ACC100311,1,2623.92,2623.92
ACC100636,ACC100328,1,761.06,761.06
ACC100636,ACC100334,1,2458.06,2458.06
ACC100636,ACC100344,1,6115.64,6115.64
ACC100636,ACC100379,1,541.46,541.46
ACC100636,ACC100483,1,221.62,221.62
ACC100636,ACC100494,1,1853.68,1853.68
ACC100636,ACC100509,1,2390.06,2390.06
ACC100636,ACC100602,1,2878.22,2878.22
ACC100636,ACC100757,1,1515.77,1515.77
ACC100636,ACC100852,1,4090.3,4090.3
ACC100636,ACC100946,1,310.76,310.76
ACC100636,ACC100992,1,678.84,678.84
ACC100637,ACC100079,1,497.33,497.33
ACC100637,ACC100153,1,881.65,881.65
ACC100637,ACC100197,1,303.18,303.18
ACC100637,ACC100250,1,7669.0,7669.0
ACC100637,ACC100442,1,722.89,722.89
ACC100637,ACC100488,1,2186.0,2186.0
ACC100637,ACC100496,1,156.73,156.73
ACC100637,ACC100698,1,903.74,903.74
ACC100637,ACC100882,1,362.73,362.73
ACC100637,ACC100887,1,1303.13,1303.13
ACC100637,ACC100965,1,3777.08,3777.08
ACC100638,ACC100288,1,1240.26,1240.26
ACC100638,ACC100353,1,530.12,530.12
ACC100638,ACC100512,1,6218.71,6218.71
ACC100638,ACC100550,1,748.32,748.32
ACC100638,ACC100663,1,826.05,826.05
ACC100638,ACC100733,1,729.73,729.73
ACC100638,ACC100868,1,463.66,463.66
ACC100638,ACC100996,1,1363.44,1363.44
ACC100639,ACC100052,1,172.91,172.91
ACC100639,ACC100113,1,1844.24,1844.24
ACC100639,ACC100167,1,1919.15,1919.15
ACC100639,ACC100304,1,4599.92,4599.92
ACC100639,ACC100596,1,526.98,526.98
ACC100639,ACC100785,1,235.1,235.1
ACC100639,ACC100996,1,1228.02,1228.02
ACC100640,ACC100325,1,2067.28,2067.28
ACC100640,ACC100368,1,1849.84,1849.84
ACC100640,ACC100457,1,695.62,695.62
ACC100640,ACC100481,1,570.13,570.13
ACC100640,ACC100517,1,13726.0,13726.0
ACC100640,ACC100559,1,995.38,995.38
ACC100640,ACC100601,1,1835.77,1835.77
ACC100640,ACC100827,1,4892.45,4892.45
ACC100640,ACC100835,1,59.72,59.72
ACC100640,ACC100970,1,44929.9,44929.9
ACC100641,ACC100025,1,12813.0,12813.0
ACC100641,ACC100101,1,100.3,100.3
ACC100641,ACC100238,1,318.54,318.54
ACC100641,ACC100344,1,697.02,697.02
ACC100641,ACC100385,1,1153.81,1153.81
ACC100641,ACC100547,1,189.72,189.72
ACC100641,ACC100648,1,328.36,328.36
ACC100641,ACC100687,1,50.27,50.27
ACC100641,ACC100709,1,665.55,665.55
ACC100641,ACC100751,1,7668.85,7668.85
ACC100641,ACC100756,1,2863.41,2863.41
ACC100641,ACC100908,1,1183.6,1183.6
ACC100641,ACC100920,1,2938.77,2938.77
ACC100642,ACC100078,1,979.05,979.05
ACC100642,ACC100156,1,525.15,525.15
ACC100642,ACC100192,1,864.65,864.65
ACC100642,ACC100471,1,747.35,747.35
ACC100642,ACC100486,1,601.81,601.81
ACC100642,ACC100495,1,134.39,134.39
ACC100642,ACC100508,1,1146.76,1146.76
ACC100642,ACC100544,1,1220.68,1220.68
ACC100642,ACC100556,1,1714.03,1714.03
ACC100642,ACC100646,1,715.46,715.46
ACC100642,ACC100653,1,419.1,419.1
ACC100642,ACC100686,1,991.96,991.96
ACC100642,ACC100739,1,124.23,124.23
ACC100642,ACC100768,1,1006.66,1006.66
ACC100642,ACC100994,1,777.48,777.48
ACC100643,ACC100198,1,1142.26,1142.26
ACC100643,ACC100264,1,2075.13,2075.13
ACC100643,ACC100312,1,4237.12,4237.12
ACC100643,ACC100318,1,10006.35,10006.35
ACC100643,ACC100532,1,285.48,285.48
ACC100643,ACC100609,1,255.51,255.51
ACC100643,ACC100632,1,1407.42,1407.42
ACC100643,ACC100651,1,1976.53,1976.53
ACC100643,ACC100742,1,528.4,528.4
ACC100643,ACC100890,1,1057.12,1057.12
ACC100643,ACC100995,1,1023.45,1023.45
ACC100644,ACC100152,1,10923.4,10923.4
ACC100644,ACC100274,1,1844.09,1844.09
ACC100644,ACC100367,1,282.71,282.71
ACC100644,ACC100379,1,531.83,531.83
ACC100644,ACC100566,1,393.04,393.04
ACC100644,ACC100665,1,948.47,948.47
ACC100644,ACC100716,1,1729.39,1729.39
ACC100644,ACC100732,1,3971.62,3971.62
ACC100644,ACC100734,1,2261.86,2261.86
ACC100644,ACC100913,1,236.31,236.31
ACC100645,ACC100021,1,162.92,162.92
ACC100645,ACC100042,1,7454.29,7454.29
ACC100645,ACC100120,1,1718.7,1718.7
ACC100645,ACC100221,1,963.0,963.0
ACC100645,ACC100305,1,2284.97,2284.97
ACC100645,ACC100318,1,797.17,797.17
ACC100645,ACC100460,1,1850.66,1850.66
ACC100645,ACC100561,1,186.09,186.09
ACC100645,ACC100666,1,288.42,288.42
ACC100645,ACC100705,1,874.02,874.02
ACC100645,ACC100759,1,392.0,392.0
ACC100645,ACC100961,1,290.91,290.91
ACC100646,ACC100098,1,313.77,313.77
ACC100646,ACC100180,1,695.19,695.19
ACC100646,ACC100181,1,1636.59,1636.59
ACC100646,ACC100432,1,6681.0,6681.0
ACC100646,ACC100524,1,2284.87,2284.87
ACC100646,ACC100590,1,2061.47,2061.47
ACC100646,ACC100597,1,2270.41,2270.41
ACC100646,ACC100627,1,264.02,264.02
ACC100646,ACC100696,1,6104.29,6104.29
ACC100646,ACC100730,1,284.53,284.53
ACC100646,ACC100979,1,906.52,906.52
ACC100647,ACC100049,1,677.71,677.71
ACC100647,ACC100107,1,175.8,175.8
ACC100647,ACC100126,1,753.16,753.16
ACC100647,ACC100130,1,3387.33,3387.33
ACC100647,ACC100150,1,324.73,324.73
ACC100647,ACC100197,1,7912.67,7912.67
ACC100647,ACC100307,1,1888.61,1888.61
ACC100647,ACC100342,1,321.33,321.33
ACC100647,ACC100367,1,69.91,69.91
ACC100647,ACC100413,1,1704.52,1704.52
ACC100647,ACC100425,1,6403.36,6403.36
ACC100647,ACC100641,1,37.43,37.43
ACC100647,ACC100702,1,11662.87,11662.87
ACC100647,ACC100870,1,1057.9,1057.9
ACC100647,ACC100984,1,4996.64,4996.64
ACC100648,ACC100003,1,4590.78,4590.78
ACC100648,ACC100106,1,2781.58,2781.58
ACC100648,ACC100109,1,1809.41,1809.41
ACC100648,ACC100154,1,7866.98,7866.98
ACC100648,ACC100316,1,2684.32,2684.32
ACC100648,ACC100363,1,493.26,493.26
ACC100648,ACC100368,1,3729.05,3729.05
ACC100648,ACC100396,1,407.14,407.14
ACC100648,ACC100439,1,8448.25,8448.25
ACC100648,ACC100454,1,987.53,987.53
ACC100648,ACC100505,1,1668.81,1668.81
ACC100648,ACC100603,1,1299.44,1299.44
ACC100648,ACC100830,1,2547.99,2547.99
ACC100648,ACC100845,1,3883.53,3883.53
ACC100648,ACC100952,1,6151.38,6151.38
ACC100648,ACC100993,1,1225.92,1225.92
ACC100649,ACC100027,1,9785.0,9785.0
ACC100649,ACC100034,1,845.47,845.47
ACC100649,ACC100146,1,589.77,589.77
ACC100649,ACC100514,1,2034.95,2034.95
ACC100649,ACC100517,1,10046.0,10046.0
ACC100649,ACC100673,1,823.92,823.92
ACC100649,ACC100796,1,1857.83,1857.83
ACC100649,ACC100913,1,1326.9,1326.9
ACC100649,ACC100937,1,138.88,138.88
ACC100649,ACC100979,1,620.06,620.06
ACC100649,ACC100998,1,464.45,464.45
ACC100650,ACC100103,1,1043.69,1043.69
ACC100650,ACC100311,1,663.22,663.22
ACC100650,ACC100327,1,929.31,929.31
ACC100650,ACC100375,1,243.6,243.6
ACC100650,ACC100609,1,196.87,196.87
ACC100650,ACC100629,1,1535.28,1535.28
ACC100650,ACC100700,1,2369.05,2369.05
ACC100650,ACC100913,1,7022.0,7022.0
ACC100650,ACC100920,1,2366.31,2366.31
ACC100650,ACC100945,1,251.09,251.09
ACC100651,ACC100022,1,2199.67,2199.67
ACC100651,ACC100135,1,90.83,90.83
ACC100651,ACC100294,1,1059.14,1059.14
ACC100651,ACC100433,1,439.77,439.77
ACC100651,ACC100471,1,3364.96,3364.96
ACC100651,ACC100568,1,1454.19,1454.19
ACC100651,ACC100602,1,1680.17,1680.17
ACC100651,ACC100782,1,835.05,835.05
ACC100651,ACC100907,1,1180.22,1180.22
ACC100651,ACC100992,1,437.52,437.52
ACC100652,ACC100095,1,5165.0,5165.0
ACC100652,ACC100106,1,147.45,147.45
ACC100652,ACC100120,1,148.66,148.66
ACC100652,ACC100457,1,423.59,423.59
ACC100652,ACC100466,1,187.35,187.35
ACC100652,ACC100467,1,855.91,855.91
ACC100652,ACC100748,1,708.78,708.78
ACC100652,ACC100766,1,766.23,766.23
ACC100652,ACC100778,1,3519.72,3519.72
ACC100652,ACC100782,1,3129.18,3129.18
ACC100652,ACC100994,1,1132.69,1132.69
ACC100653,ACC100063,1,5978.09,5978.09
ACC100653,ACC100067,1,222.68,222.68
ACC100653,ACC100098,1,249.4,249.4
ACC100653,ACC100257,1,152.19,152.19
ACC100653,ACC100354,1,2298.69,2298.69
ACC100653,ACC100696,1,641.29,641.29
ACC100653,ACC100890,1,2110.83,2110.83
ACC100653,ACC100951,1,4985.66,4985.66
ACC100654,ACC100014,1,640.53,640.53
ACC100654,ACC100070,1,501.19,501.19
ACC100654,ACC100151,1,404.92,404.92
ACC100654,ACC100223,1,14486.0,14486.0
ACC100654,ACC100229,1,1484.42,1484.42
ACC100654,ACC100234,1,115036.61,115036.61
ACC100654,ACC100261,1,4074.2,4074.2
ACC100654,ACC100290,1,4713.94,4713.94
ACC100654,ACC100350,1,1601.04,1601.04
ACC100654,ACC100450,1,704.51,704.51
ACC100654,ACC100717,1,7078.03,7078.03
ACC100654,ACC100775,1,343.45,343.45
ACC100654,ACC100780,1,1017.19,1017.19
ACC100654,ACC100952,1,235.82,235.82
ACC100654,ACC100996,1,503.59,503.59
ACC100655,ACC100025,1,4403.0,4403.0
ACC100655,ACC100174,1,11996.41,11996.41
ACC100655,ACC100260,1,420.43,420.43
ACC100655,ACC100467,1,3822.31,3822.31
ACC100655,ACC100498,1,550.79,550.79
ACC100655,ACC100520,1,10559.73,10559.73
ACC100655,ACC100627,1,1606.06,1606.06
ACC100655,ACC100654,1,33158.81,33158.81
ACC100655,ACC100711,1,1411.53,1411.53
ACC100655,ACC100789,1,484.34,484.34
ACC100655,ACC100807,1,465.11,465.11
ACC100655,ACC100875,1,258.91,258.91
ACC100655,ACC100919,1,3834.04,3834.04
ACC100656,ACC100133,1,546.45,546.45
ACC100656,ACC100141,1,2903.39,2903.39
ACC100656,ACC100468,1,7762.87,7762.87
ACC100656,ACC100524,1,1551.15,1551.15
ACC100656,ACC100640,1,224.93,224.93
ACC100656,ACC100648,1,3910.31,3910.31
ACC100656,ACC100737,1,563.25,563.25
ACC100656,ACC100770,1,1902.02,1902.02
ACC100657,ACC100173,1,22899.38,22899.38
ACC100657,ACC100254,1,1734.9,1734.9
ACC100657,ACC100402,1,4381.11,4381.11
ACC100657,ACC100619,1,818.76,818.76
ACC100657,ACC100625,1,1827.27,1827.27
ACC100657,ACC100690,1,667.17,667.17
ACC100657,ACC100710,1,3380.8,3380.8
ACC100658,ACC100140,1,2286.2,2286.2
ACC100658,ACC100167,1,1345.6,1345.6
ACC100658,ACC100204,1,2424.52,2424.52
ACC100658,ACC100372,1,326.91,326.91
ACC100658,ACC100602,1,217.97,217.97
ACC100658,ACC100793,1,5632.92,5632.92
ACC100658,ACC100898,1,399.58,399.58
ACC100658,ACC100956,1,1033.01,1033.01
ACC100659,ACC100210,1,3406.32,3406.32
ACC100659,ACC100289,1,518.68,518.68
ACC100659,ACC100351,1,2159.81,2159.81
ACC100659,ACC100396,1,1873.06,1873.06
ACC100659,ACC100406,1,709.47,709.47
ACC100659,ACC100862,1,9786.17,9786.17
ACC100659,ACC100980,1,1694.51,1694.51
ACC100660,ACC100016,1,439.67,439.67
ACC100660,ACC100126,1,251.0,251.0
ACC100660,ACC100236,1,2565.21,2565.21
ACC100660,ACC100320,1,2087.89,2087.89
ACC100660,ACC100395,1,1378.65,1378.65
ACC100660,ACC100534,1,387.67,387.67
ACC100660,ACC100656,1,1194.01,1194.01
ACC100660,ACC100699,1,4156.46,4156.46
ACC100660,ACC100714,1,740.42,740.42
ACC100660,ACC100733,1,12081.0,12081.0
ACC100660,ACC100754,1,7267.51,7267.51
ACC100660,ACC100784,1,8529.31,8529.31
ACC100660,ACC100980,1,3396.47,3396.47
ACC100661,ACC100027,1,225.31,225.31
ACC100661,ACC100313,1,2230.69,2230.69
ACC100661,ACC100331,1,345.1,345.1
ACC100661,ACC100407,1,3187.14,3187.14
ACC100661,ACC100695,1,373.86,373.86
ACC100661,ACC100702,1,312.43,312.43
ACC100661,ACC100847,1,1342.47,1342.47
ACC100662,ACC100086,1,3220.56,3220.56
ACC100662,ACC100306,1,299.06,299.06
ACC100662,ACC100309,1,2516.89,2516.89
ACC100662,ACC100369,1,439.62,439.62
ACC100662,ACC100372,1,607.67,607.67
ACC100662,ACC100436,1,645.26,645.26
ACC100662,ACC100455,1,110.31,110.31
ACC100662,ACC100524,1,497.08,497.08
ACC100662,ACC100608,1,1920.11,1920.11
ACC100662,ACC100648,1,92.5,92.5
ACC100662,ACC100651,1,179.68,179.68
ACC100662,ACC100770,1,2595.64,2595.64
ACC100662,ACC100899,1,696.54,696.54
ACC100663,ACC100123,1,406.98,406.98
ACC100663,ACC100207,1,2642.74,2642.74
ACC100663,ACC100313,1,583.03,583.03
ACC100663,ACC100319,1,2028.39,2028.39
ACC100663,ACC100437,1,1430.61,1430.61
ACC100663,ACC100457,1,3746.28,3746.28
ACC100663,ACC100471,1,317.4,317.4
ACC100663,ACC100497,1,1240.13,1240.13
ACC100663,ACC100517,1,697.2,697.2
ACC100663,ACC100832,1,889.3,889.3
ACC100663,ACC100851,1,818.24,818.24
ACC100663,ACC100992,1,191.46,191.46
ACC100664,ACC100069,1,669.58,669.58
ACC100664,ACC100108,1,1061.97,1061.97
ACC100664,ACC100355,1,417.89,417.89
ACC100664,ACC100391,1,20068.1,20068.1
ACC100664,ACC100513,1,249.51,249.51
ACC100664,ACC100665,1,139.86,139.86
ACC100664,ACC100760,1,743.95,743.95
ACC100664,ACC100779,1,1722.3,1722.3
ACC100664,ACC100797,1,722.35,722.35
ACC100664,ACC100809,1,17434.33,17434.33
ACC100664,ACC100812,1,458.89,458.89
ACC100664,ACC100960,1,3252.53,3252.53
ACC100665,ACC100016,1,1590.58,1590.58
ACC100665,ACC100032,1,1000.61,1000.61
ACC100665,ACC100045,1,244.18,244.18
ACC100665,ACC100185,1,94940.13,94940.13
ACC100665,ACC100234,1,1711.13,1711.13
ACC100665,ACC100235,1,78177.77,78177.77
ACC100665,ACC100249,2,2917.5099999999998,1458.7549999999999
ACC100665,ACC100308,1,1898.35,1898.35
ACC100665,ACC100341,1,175.24,175.24
ACC100665,ACC100597,1,325.41,325.41
ACC100665,ACC100782,1,14565.33,14565.33
ACC100665,ACC100800,1,5492.86,5492.86
ACC100665,ACC100967,1,13645.63,13645.63
ACC100666,ACC100195,1,989.94,989.94
ACC100666,ACC100263,1,1488.14,1488.14
ACC100666,ACC100281,1,2088.41,2088.41
ACC100666,ACC100391,1,10255.76,10255.76
ACC100666,ACC100394,1,1638.27,1638.27
ACC100666,ACC100445,1,254.7,254.7
ACC100666,ACC100727,1,346.17,346.17
ACC100666,ACC100908,1,1479.17,1479.17
ACC100666,ACC100913,1,9046.0,9046.0
ACC100667,ACC100005,1,972.95,972.95
ACC100667,ACC100043,1,5744.73,5744.73
ACC100667,ACC100215,1,2186.46,2186.46
ACC100667,ACC100419,1,1180.72,1180.72
ACC100667,ACC100463,1,1127.77,1127.77
ACC100667,ACC100649,1,1190.04,1190.04
ACC100667,ACC100659,1,890.75,890.75
ACC100667,ACC100676,1,330.77,330.77
ACC100667,ACC100880,1,4611.3,4611.3
ACC100667,ACC100941,1,1042.57,1042.57
ACC100667,ACC100958,1,438.62,438.62
ACC100668,ACC100012,1,944.28,944.28
ACC100668,ACC100015,1,1216.9,1216.9
ACC100668,ACC100020,1,504.01,504.01
ACC100668,ACC100227,1,1733.04,1733.04
ACC100668,ACC100428,1,493.23,493.23
ACC100668,ACC100474,1,1086.02,1086.02
ACC100668,ACC100592,1,912.71,912.71
ACC100668,ACC100639,1,366.97,366.97
ACC100668,ACC100763,1,2671.78,2671.78
ACC100668,ACC100964,1,4555.22,4555.22
ACC100669,ACC100142,1,6188.99,6188.99
ACC100669,ACC100323,1,1449.29,1449.29
ACC100669,ACC100377,1,4132.9,4132.9
ACC100669,ACC100380,1,350.64,350.64
ACC100669,ACC100550,1,1411.61,1411.61
ACC100669,ACC100609,1,1476.46,1476.46
ACC100669,ACC100623,1,1221.32,1221.32
ACC100669,ACC100646,1,488.57,488.57
ACC100669,ACC100681,1,2029.23,2029.23
ACC100669,ACC100722,1,72.43,72.43
ACC100669,ACC100741,1,1260.97,1260.97
ACC100669,ACC100936,1,934.44,934.44
ACC100670,ACC100000,1,537.07,537.07
ACC100670,ACC100133,1,926.73,926.73
ACC100670,ACC100216,1,2520.16,2520.16
ACC100670,ACC100220,1,2859.22,2859.22
ACC100670,ACC100321,1,1842.3,1842.3
ACC100670,ACC100631,1,528.09,528.09
ACC100670,ACC100672,1,1434.1,1434.1
ACC100670,ACC100743,1,3208.41,3208.41
ACC100670,ACC100752,1,4605.11,4605.11
ACC100670,ACC100754,1,14401.0,14401.0
ACC100670,ACC100911,1,470.25,470.25
ACC100671,ACC100042,1,1748.28,1748.28
ACC100671,ACC100049,1,1172.57,1172.57
ACC100671,ACC100050,1,1158.05,1158.05
ACC100671,ACC100176,1,175.37,175.37
ACC100671,ACC100177,1,155.36,155.36
ACC100671,ACC100251,1,128.52,128.52
ACC100671,ACC100258,1,355.09,355.09
ACC100671,ACC100503,1,558.03,558.03
ACC100671,ACC100759,1,5572.07,5572.07
ACC100672,ACC100114,1,14169.0,14169.0
ACC100672,ACC100117,1,694.65,694.65
ACC100672,ACC100147,1,737.84,737.84
ACC100672,ACC100189,1,2051.17,2051.17
ACC100672,ACC100196,1,1130.93,1130.93
ACC100672,ACC100203,1,220.11,220.11
ACC100672,ACC100275,1,382.66,382.66
ACC100672,ACC100361,1,1006.7,1006.7
ACC100672,ACC100414,1,3151.78,3151.78
ACC100672,ACC100670,1,1563.79,1563.79
ACC100672,ACC100750,1,6365.79,6365.79
ACC100672,ACC100839,1,1598.02,1598.02
ACC100673,ACC100026,1,1452.53,1452.53
ACC100673,ACC100066,1,4533.98,4533.98
ACC100673,ACC100105,1,1884.24,1884.24
ACC100673,ACC100213,1,283.92,283.92
ACC100673,ACC100304,1,959.85,959.85
ACC100673,ACC100412,1,1415.32,1415.32
ACC100673,ACC100665,1,10967.0,10967.0
ACC100673,ACC100704,1,711.9,711.9
ACC100673,ACC100804,1,3657.92,3657.92
ACC100674,ACC100027,1,8585.0,8585.0
ACC100674,ACC100304,1,94.92,94.92
ACC100674,ACC100373,1,249.17,249.17
ACC100674,ACC100457,1,711.51,711.51
ACC100674,ACC100563,1,1469.62,1469.62
ACC100674,ACC100567,1,1041.53,1041.53
ACC100674,ACC100593,1,291.48,291.48
ACC100674,ACC100823,1,1922.27,1922.27
ACC100674,ACC100860,1,252.69,252.69
ACC100674,ACC100866,1,668.46,668.46
ACC100674,ACC100958,1,5204.64,5204.64
ACC100674,ACC100960,1,487.71,487.71
ACC100675,ACC100082,1,247.28,247.28
ACC100675,ACC100137,1,4990.5,4990.5
ACC100675,ACC100300,1,1225.23,1225.23
ACC100675,ACC100503,1,1602.55,1602.55
ACC100675,ACC100559,1,22.48,22.48
ACC100675,ACC100662,1,750.04,750.04
ACC100675,ACC100756,1,1835.73,1835.73
ACC100675,ACC100877,1,6388.22,6388.22
ACC100675,ACC100893,1,181.31,181.31
ACC100675,ACC100989,1,2165.67,2165.67
ACC100676,ACC100152,1,307.86,307.86
ACC100676,ACC100195,1,215.14,215.14
ACC100676,ACC100277,1,155.79,155.79
ACC100676,ACC100327,1,2690.75,2690.75
ACC100676,ACC100529,1,12592.83,12592.83
ACC100676,ACC100854,1,258.03,258.03
ACC100676,ACC100857,1,101.21,101.21
ACC100676,ACC100944,1,844.48,844.48
ACC100677,ACC100081,1,997.85,997.85
ACC100677,ACC100103,1,1009.51,1009.51
ACC100677,ACC100135,1,42.7,42.7
ACC100677,ACC100257,1,903.29,903.29
ACC100677,ACC100267,1,575.9,575.9
ACC100677,ACC100329,1,1095.38,1095.38
ACC100677,ACC100464,1,1020.14,1020.14
ACC100677,ACC100511,1,929.23,929.23
ACC100677,ACC100543,1,1706.47,1706.47
ACC100677,ACC100591,1,851.79,851.79
ACC100677,ACC100659,1,1086.77,1086.77
ACC100677,ACC100744,1,2046.42,2046.42
ACC100677,ACC100760,1,8930.48,8930.48
ACC100677,ACC100838,1,1205.5,1205.5
ACC100677,ACC100944,1,298.17,298.17
ACC100677,ACC100969,1,1759.68,1759.68
ACC100678,ACC100104,1,820.69,820.69
ACC100678,ACC100365,1,1300.02,1300.02
ACC100678,ACC100408,1,244.15,244.15
ACC100678,ACC100430,1,5856.97,5856.97
ACC100678,ACC100584,1,367.86,367.86
ACC100678,ACC100706,1,1795.46,1795.46
ACC100678,ACC100764,1,2311.1,2311.1
ACC100678,ACC100952,1,1791.22,1791.22
ACC100678,ACC100958,1,5609.41,5609.41
ACC100679,ACC100043,1,749.41,749.41
ACC100679,ACC100073,1,10272.69,10272.69
ACC100679,ACC100206,1,29758.43,29758.43
ACC100679,ACC100227,1,2661.26,2661.26
ACC100679,ACC100255,1,1000.72,1000.72
ACC100679,ACC100408,1,1421.62,1421.62
ACC100679,ACC100534,1,526.35,526.35
ACC100679,ACC100573,1,3775.77,3775.77
ACC100679,ACC100616,1,476.92,476.92
ACC100679,ACC100662,1,744.03,744.03
ACC100679,ACC100670,1,284.92,284.92
ACC100679,ACC100965,1,1132.93,1132.93
ACC100679,ACC100982,1,1280.9,1280.9
ACC100680,ACC100185,1,1828.26,1828.26
ACC100680,ACC100256,1,1441.06,1441.06
ACC100680,ACC100308,1,2868.35,2868.35
ACC100680,ACC100350,1,10976.85,10976.85
ACC100680,ACC100436,1,969.85,969.85
ACC100680,ACC100480,1,2291.67,2291.67
ACC100680,ACC100709,1,361.31,361.31
ACC100680,ACC100790,1,1846.33,1846.33
ACC100680,ACC100812,1,1284.85,1284.85
ACC100680,ACC100858,1,1538.25,1538.25
ACC100680,ACC100864,1,2510.71,2510.71
ACC100680,ACC100937,1,7510.31,7510.31
ACC100681,ACC100071,1,2852.36,2852.36
ACC100681,ACC100139,1,265.17,265.17
ACC100681,ACC100408,1,631.68,631.68
ACC100681,ACC100415,1,2243.16,2243.16
ACC100681,ACC100517,1,434.68,434.68
ACC100681,ACC100526,1,2847.93,2847.93
ACC100681,ACC100549,1,4733.38,4733.38
ACC100681,ACC100625,1,224.6,224.6
ACC100681,ACC100651,1,679.14,679.14
ACC100681,ACC100685,1,2543.59,2543.59
ACC100681,ACC100690,1,243.89,243.89
ACC100681,ACC100843,1,1952.01,1952.01
ACC100682,ACC100034,1,361.09,361.09
ACC100682,ACC100078,1,415.65,415.65
ACC100682,ACC100172,1,35.79,35.79
ACC100682,ACC100285,1,59.37,59.37
ACC100682,ACC100334,1,357.02,357.02
ACC100682,ACC100382,1,2399.67,2399.67
ACC100682,ACC100423,1,13123.01,13123.01
ACC100682,ACC100478,1,4169.05,4169.05
ACC100682,ACC100617,1,381.25,381.25
ACC100682,ACC100653,1,479.46,479.46
ACC100682,ACC100758,1,798.11,798.11
ACC100682,ACC100764,1,5239.62,5239.62
ACC100682,ACC100840,1,476.01,476.01
ACC100683,ACC100010,1,3538.22,3538.22
ACC100683,ACC100112,1,1563.67,1563.67
ACC100683,ACC100127,1,3459.59,3459.59
ACC100683,ACC100130,1,2490.92,2490.92
ACC100683,ACC100228,1,9745.0,9745.0
ACC100683,ACC100426,1,2170.76,2170.76
ACC100683,ACC100591,1,1339.6,1339.6
ACC100683,ACC100667,1,270.69,270.69
ACC100683,ACC100747,1,432.75,432.75
ACC100683,ACC100827,1,3796.26,3796.26
ACC100684,ACC100021,1,1035.98,1035.98
ACC100684,ACC100086,1,1403.54,1403.54
ACC100684,ACC100104,1,10373.0,10373.0
ACC100684,ACC100266,1,701.29,701.29
ACC100684,ACC100385,1,417.35,417.35
ACC100684,ACC100390,1,4198.71,4198.71
ACC100684,ACC100496,1,6240.63,6240.63
ACC100684,ACC100696,1,11728.31,11728.31
ACC100684,ACC100744,1,1624.87,1624.87
ACC100684,ACC100960,1,5238.06,5238.06
ACC100685,ACC100067,1,1412.56,1412.56
ACC100685,ACC100095,1,4219.35,4219.35
ACC100685,ACC100374,1,2411.57,2411.57
ACC100685,ACC100570,1,1350.01,1350.01
ACC100685,ACC100664,1,602.45,602.45
ACC100685,ACC100674,1,4598.46,4598.46
ACC100685,ACC100795,1,5024.36,5024.36
ACC100685,ACC100837,1,336.61,336.61
ACC100685,ACC100887,1,1461.65,1461.65
ACC100685,ACC100888,1,993.67,993.67
ACC100685,ACC100929,1,672.52,672.52
ACC100686,ACC100006,1,1571.56,1571.56
ACC100686,ACC100462,1,234.71,234.71
ACC100686,ACC100727,1,1362.3,1362.3
ACC100686,ACC100804,1,707.49,707.49
ACC100687,ACC100098,1,868.57,868.57
ACC100687,ACC100254,1,518.61,518.61
ACC100687,ACC100519,1,1711.78,1711.78
ACC100687,ACC100616,1,9022.0,9022.0
ACC100687,ACC100671,1,503.58,503.58
ACC100687,ACC100832,1,1632.95,1632.95
ACC100688,ACC100107,1,463.6,463.6
ACC100688,ACC100128,1,5458.45,5458.45
ACC100688,ACC100280,1,1858.05,1858.05
ACC100688,ACC100711,1,338.82,338.82
ACC100688,ACC100757,1,500.94,500.94
ACC100688,ACC100778,1,1275.25,1275.25
ACC100688,ACC100870,1,1490.47,1490.47
ACC100689,ACC100017,1,2879.15,2879.15
ACC100689,ACC100049,1,4175.88,4175.88
ACC100689,ACC100154,1,305.1,305.1
ACC100689,ACC100158,1,59.79,59.79
ACC100689,ACC100327,1,1067.99,1067.99
ACC100689,ACC100352,1,263.13,263.13
ACC100689,ACC100404,1,288.82,288.82
ACC100689,ACC100652,1,350.55,350.55
ACC100689,ACC100704,1,565.74,565.74
ACC100689,ACC100738,1,2235.26,2235.26
ACC100689,ACC100749,1,489.32,489.32
ACC100689,ACC100808,1,260.64,260.64
ACC100690,ACC100057,1,226.02,226.02
ACC100690,ACC100082,1,858.74,858.74
ACC100690,ACC100192,1,1949.42,1949.42
ACC100690,ACC100207,1,702.25,702.25
ACC100690,ACC100215,1,571.85,571.85
ACC100690,ACC100546,1,1787.42,1787.42
ACC100690,ACC100607,1,2363.99,2363.99
ACC100691,ACC100212,1,400.09,400.09
ACC100691,ACC100297,1,775.86,775.86
ACC100691,ACC100334,1,359.74,359.74
ACC100691,ACC100604,1,7375.0,7375.0
ACC100691,ACC100663,1,552.45,552.45
ACC100691,ACC100782,1,1799.31,1799.31
ACC100691,ACC100812,1,1621.94,1621.94
ACC100691,ACC100911,1,9349.52,9349.52
ACC100692,ACC100135,1,1883.54,1883.54
ACC100692,ACC100223,1,10432.0,10432.0
ACC100692,ACC100363,1,2296.02,2296.02
ACC100692,ACC100368,1,6790.37,6790.37
ACC100692,ACC100421,1,978.14,978.14
ACC100692,ACC100718,1,11641.0,11641.0
ACC100692,ACC100888,1,63209.17,63209.17
ACC100693,ACC100162,1,2282.37,2282.37
ACC100693,ACC100520,1,2330.8,2330.8
ACC100693,ACC100524,1,760.1,760.1
ACC100693,ACC100573,1,324.83,324.83
ACC100693,ACC100908,1,89.81,89.81
ACC100693,ACC100994,1,1636.66,1636.66
ACC100694,ACC100081,1,203.78,203.78
ACC100694,ACC100359,1,326.95,326.95
ACC100694,ACC100386,1,1300.03,1300.03
ACC100694,ACC100590,1,1696.56,1696.56
ACC100694,ACC100795,1,431.73,431.73
ACC100694,ACC100849,1,436.86,436.86
ACC100694,ACC100865,1,347.49,347.49
ACC100694,ACC100966,1,42704.24,42704.24
ACC100695,ACC100095,1,6696.0,6696.0
ACC100695,ACC100237,1,1771.35,1771.35
ACC100695,ACC100290,1,627.82,627.82
ACC100695,ACC100340,1,9509.97,9509.97
ACC100695,ACC100353,1,1091.41,1091.41
ACC100695,ACC100389,1,3906.29,3906.29
ACC100695,ACC100475,1,3707.72,3707.72
ACC100695,ACC100494,1,305.65,305.65
ACC100695,ACC100623,1,798.0,798.0
ACC100695,ACC100665,1,5112.0,5112.0
ACC100695,ACC100682,1,672.86,672.86
ACC100695,ACC100764,1,682.46,682.46
ACC100695,ACC100778,1,5861.83,5861.83
ACC100695,ACC100851,1,76.69,76.69
ACC100696,ACC100247,1,1860.94,1860.94
ACC100696,ACC100406,1,350.58,350.58
ACC100696,ACC100612,1,1300.84,1300.84
ACC100696,ACC100939,1,1175.72,1175.72
ACC100697,ACC100028,1,1995.11,1995.11
ACC100697,ACC100031,1,1302.26,1302.26
ACC100697,ACC100071,1,298.7,298.7
ACC100697,ACC100461,1,1502.91,1502.91
ACC100697,ACC100536,1,1283.15,1283.15
ACC100697,ACC100573,1,362.22,362.22
ACC100697,ACC100660,1,3397.19,3397.19
ACC100697,ACC100673,1,1302.5,1302.5
ACC100697,ACC100715,1,1866.7,1866.7
ACC100697,ACC100734,1,5015.54,5015.54
ACC100697,ACC100745,1,166.14,166.14
ACC100697,ACC100848,1,3072.69,3072.69
ACC100697,ACC100861,1,580.72,580.72
ACC100697,ACC100929,1,4522.06,4522.06
ACC100697,ACC100999,1,1294.34,1294.34
ACC100698,ACC100090,1,2078.04,2078.04
ACC100698,ACC100406,1,93.35,93.35
ACC100698,ACC100423,1,280.18,280.18
ACC100698,ACC100529,1,1463.39,1463.39
ACC100698,ACC100700,1,10364.04,10364.04
ACC100698,ACC100733,1,48.92,48.92
ACC100698,ACC100885,1,1005.21,1005.21
ACC100698,ACC100962,1,351.65,351.65
ACC100699,ACC100030,1,14456.0,14456.0
ACC100699,ACC100054,1,386.01,386.01
ACC100699,ACC100058,1,263.54,263.54
ACC100699,ACC100228,1,5532.0,5532.0
ACC100699,ACC100271,1,1102.75,1102.75
ACC100699,ACC100389,1,956.72,956.72
ACC100699,ACC100445,1,3819.94,3819.94
ACC100699,ACC100709,1,152.32,152.32
ACC100699,ACC100729,1,748.72,748.72
ACC100699,ACC100940,1,297.04,297.04
ACC100699,ACC100978,1,568.78,568.78
ACC100700,ACC100246,1,1299.26,1299.26
ACC100700,ACC100293,1,366.5,366.5
ACC100700,ACC100532,1,1237.58,1237.58
ACC100700,ACC100635,1,1283.48,1283.48
ACC100700,ACC100648,1,1750.85,1750.85
ACC100700,ACC100662,1,9419.97,9419.97
ACC100700,ACC100718,1,360.29,360.29
ACC100700,ACC100726,1,998.36,998.36
ACC100700,ACC100863,1,893.94,893.94
ACC100701,ACC100159,1,9253.93,9253.93
ACC100701,ACC100187,1,3404.34,3404.34
ACC100701,ACC100239,1,475.49,475.49
ACC100701,ACC100307,1,1098.56,1098.56
ACC100701,ACC100449,1,2128.96,2128.96
ACC100701,ACC100461,1,422.2,422.2
ACC100701,ACC100506,1,5065.01,5065.01
ACC100701,ACC100545,1,1204.74,1204.74
ACC100701,ACC100552,1,823.66,823.66
ACC100701,ACC100629,1,785.49,785.49
ACC100701,ACC100693,1,270.64,270.64
ACC100701,ACC100714,1,758.61,758.61
ACC100701,ACC100804,1,772.92,772.92
ACC100701,ACC100838,1,1116.1,1116.1
ACC100702,ACC100033,1,8543.33,8543.33
ACC100702,ACC100217,1,561.95,561.95
ACC100702,ACC100465,1,994.26,994.26
ACC100702,ACC100531,1,1300.39,1300.39
ACC100702,ACC100547,1,738.63,738.63
ACC100702,ACC100580,1,375.62,375.62
ACC100702,ACC100694,1,3191.39,3191.39
ACC100702,ACC100738,1,4874.57,4874.57
ACC100702,ACC100750,1,123.73,123.73
ACC100702,ACC100838,1,1319.05,1319.05
ACC100702,ACC100952,1,2645.94,2645.94
ACC100703,ACC100128,1,427.5,427.5
ACC100703,ACC100218,1,35.25,35.25
ACC100703,ACC100240,1,82.44,82.44
ACC100703,ACC100271,1,2554.28,2554.28
ACC100703,ACC100288,1,1707.63,1707.63
ACC100703,ACC100454,1,7481.56,7481.56
ACC100703,ACC100493,1,330.06,330.06
ACC100703,ACC100615,1,130.7,130.7
ACC100703,ACC100719,1,1295.14,1295.14
ACC100703,ACC100751,1,142.88,142.88
ACC100703,ACC100887,1,85.72,85.72
ACC100703,ACC100976,1,679.93,679.93
ACC100703,ACC100978,1,1142.99,1142.99
ACC100703,ACC100999,1,4945.52,4945.52
ACC100704,ACC100011,1,4236.28,4236.28
ACC100704,ACC100030,1,816.23,816.23
ACC100704,ACC100101,1,1205.68,1205.68
ACC100704,ACC100232,1,59.26,59.26
ACC100704,ACC100548,1,1383.4,1383.4
ACC100704,ACC100566,1,13041.56,13041.56
ACC100704,ACC100570,1,138.24,138.24
ACC100704,ACC100575,1,1313.82,1313.82
ACC100704,ACC100823,1,510.08,510.08
ACC100704,ACC100851,1,291.98,291.98
ACC100704,ACC100955,1,505.0,505.0
ACC100704,ACC100982,1,244.28,244.28
ACC100705,ACC100332,1,174.34,174.34
ACC100705,ACC100471,1,2277.7,2277.7
ACC100705,ACC100517,1,980.11,980.11
ACC100705,ACC100568,1,1046.34,1046.34
ACC100705,ACC100578,1,1148.12,1148.12
ACC100705,ACC100601,1,283.06,283.06
ACC100705,ACC100616,1,6175.75,6175.75
ACC100705,ACC100632,1,1060.58,1060.58
ACC100705,ACC100802,1,3799.79,3799.79
ACC100706,ACC100118,1,1276.85,1276.85
ACC100706,ACC100170,1,3053.56,3053.56
ACC100706,ACC100214,1,6619.09,6619.09
ACC100706,ACC100288,1,427.34,427.34
ACC100706,ACC100543,1,883.41,883.41
ACC100706,ACC100607,1,1913.15,1913.15
ACC100706,ACC100630,1,689.68,689.68
ACC100706,ACC100734,1,1856.4,1856.4
ACC100706,ACC100868,1,2988.64,2988.64
ACC100706,ACC100996,1,1148.49,1148.49
ACC100707,ACC100131,1,2911.02,2911.02
ACC100707,ACC100361,1,382.87,382.87
ACC100707,ACC100430,1,2815.88,2815.88
ACC100707,ACC100456,1,1875.02,1875.02
ACC100707,ACC100539,1,256.68,256.68
ACC100707,ACC100559,1,570.76,570.76
ACC100707,ACC100767,1,2135.5,2135.5
ACC100707,ACC100770,1,1122.87,1122.87
ACC100707,ACC100902,1,2554.81,2554.81
ACC100707,ACC100940,1,5166.83,5166.83
ACC100708,ACC100041,1,182.05,182.05
ACC100708,ACC100180,1,221.32,221.32
ACC100708,ACC100447,1,1599.18,1599.18
ACC100708,ACC100519,1,4953.93,4953.93
ACC100708,ACC100541,1,503.66,503.66
ACC100708,ACC100625,1,219.97,219.97
ACC100708,ACC100679,1,1974.17,1974.17
ACC100708,ACC100726,1,957.68,957.68
ACC100708,ACC100967,1,4413.19,4413.19
ACC100708,ACC100997,1,2679.08,2679.08
ACC100709,ACC100199,1,1112.17,1112.17
ACC100709,ACC100757,1,8533.83,8533.83
ACC100709,ACC100955,1,891.11,891.11
ACC100710,ACC100096,1,1767.58,1767.58
ACC100710,ACC100126,1,4671.61,4671.61
ACC100710,ACC100211,2,2577.1800000000003,1288.5900000000001
ACC100710,ACC100292,1,1289.65,1289.65
ACC100710,ACC100572,1,1312.78,1312.78
ACC100710,ACC100811,1,1254.17,1254.17
ACC100710,ACC100823,1,7571.0,7571.0
ACC100711,ACC100047,1,2193.15,2193.15
ACC100711,ACC100113,1,245.64,245.64
ACC100711,ACC100158,1,792.97,792.97
ACC100711,ACC100217,1,4671.33,4671.33
ACC100711,ACC100241,1,173.89,173.89
ACC100711,ACC100244,1,2599.57,2599.57
ACC100711,ACC100275,1,855.29,855.29
ACC100711,ACC100361,1,39267.49,39267.49
ACC100711,ACC100445,1,292.55,292.55
ACC100711,ACC100495,1,3089.78,3089.78
ACC100711,ACC100668,1,1182.46,1182.46
ACC100711,ACC100687,1,161.06,161.06
ACC100711,ACC100696,1,305.52,305.52
ACC100711,ACC100702,1,1092.23,1092.23
ACC100711,ACC100715,1,3170.59,3170.59
ACC100711,ACC100774,1,159.58,159.58
ACC100711,ACC100797,1,1716.64,1716.64
ACC100711,ACC100945,1,2172.76,2172.76
ACC100711,ACC100974,1,707.19,707.19
ACC100712,ACC100494,1,1423.19,1423.19
ACC100713,ACC100013,1,257.81,257.81
ACC100713,ACC100194,1,502.21,502.21
ACC100713,ACC100388,1,7094.92,7094.92
ACC100713,ACC100409,1,704.0,704.0
ACC100713,ACC100567,1,1871.47,1871.47
ACC100713,ACC100570,1,3638.02,3638.02
ACC100713,ACC100597,1,2537.06,2537.06
ACC100713,ACC100633,1,6903.59,6903.59
ACC100713,ACC100691,1,5396.77,5396.77
ACC100713,ACC100802,1,148.71,148.71
ACC100713,ACC100806,1,2260.03,2260.03
ACC100713,ACC100899,1,1343.06,1343.06
ACC100713,ACC100990,1,446.28,446.28
ACC100714,ACC100048,1,1737.81,1737.81
ACC100714,ACC100077,1,4567.13,4567.13
ACC100714,ACC100150,1,464.62,464.62
ACC100714,ACC100250,1,875.89,875.89
ACC100714,ACC100353,1,479.59,479.59
ACC100714,ACC100422,1,606.67,606.67
ACC100714,ACC100450,1,674.84,674.84
ACC100714,ACC100529,1,145.24,145.24
ACC100714,ACC100615,1,5788.16,5788.16
ACC100714,ACC100697,1,1235.07,1235.07
ACC100714,ACC100720,1,764.55,764.55
ACC100714,ACC100740,1,179.94,179.94
ACC100714,ACC100786,1,2723.88,2723.88
ACC100714,ACC100828,1,3588.99,3588.99
ACC100715,ACC100005,1,497.63,497.63
ACC100715,ACC100032,1,3349.09,3349.09
ACC100715,ACC100203,1,1835.29,1835.29
ACC100715,ACC100246,1,5925.91,5925.91
ACC100715,ACC100267,1,1446.82,1446.82
ACC100715,ACC100530,1,4443.05,4443.05
ACC100715,ACC100654,1,12980.0,12980.0
ACC100715,ACC100734,1,3106.3,3106.3
ACC100715,ACC100899,1,586.64,586.64
ACC100715,ACC100910,2,1978.99,989.495
ACC100715,ACC100963,1,1275.64,1275.64
ACC100715,ACC100974,1,1557.34,1557.34
ACC100716,ACC100039,1,145.51,145.51
ACC100716,ACC100264,1,343.5,343.5
ACC100716,ACC100354,1,6521.05,6521.05
ACC100716,ACC100407,1,509.23,509.23
ACC100716,ACC100417,1,1788.17,1788.17
ACC100716,ACC100501,1,824.6,824.6
ACC100716,ACC100849,1,493.37,493.37
ACC100716,ACC100991,1,149.52,149.52
ACC100717,ACC100010,1,838.71,838.71
ACC100717,ACC100109,1,361.13,361.13
ACC100717,ACC100180,1,1806.87,1806.87
ACC100717,ACC100507,1,3439.17,3439.17
ACC100717,ACC100747,1,7104.75,7104.75
ACC100717,ACC100753,1,88.46,88.46
ACC100717,ACC100800,1,410.89,410.89
ACC100717,ACC100852,1,2703.45,2703.45
ACC100717,ACC100862,1,3608.16,3608.16
ACC100717,ACC100868,1,159.73,159.73
ACC100717,ACC100914,1,2772.11,2772.11
ACC100718,ACC100082,1,950.4,950.4
ACC100718,ACC100086,1,315.17,315.17
ACC100718,ACC100209,1,36608.17,36608.17
ACC100718,ACC100400,1,1195.97,1195.97
ACC100718,ACC100424,1,531.31,531.31
ACC100718,ACC100432,1,398.35,398.35
ACC100718,ACC100437,1,1545.08,1545.08
ACC100718,ACC100495,1,2324.77,2324.77
ACC100718,ACC100635,1,439.65,439.65
ACC100718,ACC100638,1,264.27,264.27
ACC100718,ACC100712,1,118745.13,118745.13
ACC100718,ACC100727,1,1411.85,1411.85
ACC100718,ACC100831,1,5457.79,5457.79
ACC100718,ACC100915,1,3411.52,3411.52
ACC100718,ACC100975,1,681.06,681.06
ACC100719,ACC100071,1,1756.58,1756.58
ACC100719,ACC100234,1,4788.03,4788.03
ACC100719,ACC100253,1,1426.67,1426.67
ACC100719,ACC100356,1,581.98,581.98
ACC100719,ACC100388,1,420.02,420.02
ACC100719,ACC100661,1,316.06,316.06
ACC100719,ACC100681,1,440.74,440.74
ACC100719,ACC100779,1,1407.48,1407.48
ACC100719,ACC100962,1,795.56,795.56
ACC100720,ACC100102,1,27490.28,27490.28
ACC100720,ACC100137,1,294.32,294.32
ACC100720,ACC100158,1,71.53,71.53
ACC100720,ACC100206,1,3243.26,3243.26
ACC100720,ACC100250,1,324.62,324.62
ACC100720,ACC100434,1,1289.9,1289.9
ACC100720,ACC100558,1,6138.0,6138.0
ACC100720,ACC100648,1,420.13,420.13
ACC100720,ACC100777,1,117.22,117.22
ACC100720,ACC100786,1,270.62,270.62
ACC100720,ACC100956,1,705.85,705.85
ACC100720,ACC100969,1,396.43,396.43
ACC100720,ACC100991,1,1344.24,1344.24
ACC100721,ACC100007,1,862.1,862.1
ACC100721,ACC100013,1,2144.2,2144.2
ACC100721,ACC100118,1,159.96,159.96
ACC100721,ACC100131,1,1587.5,1587.5
ACC100721,ACC100190,1,144.34,144.34
ACC100721,ACC100295,1,301.27,301.27
ACC100721,ACC100553,1,3779.67,3779.67
ACC100721,ACC100801,1,1753.34,1753.34
ACC100721,ACC100905,1,663.6,663.6
ACC100721,ACC100913,1,476.57,476.57
ACC100721,ACC100948,1,641.73,641.73
ACC100722,ACC100008,1,972.45,972.45
ACC100722,ACC100108,1,12.8,12.8
ACC100722,ACC100245,1,602.21,602.21
ACC100722,ACC100312,1,7530.08,7530.08
ACC100722,ACC100317,1,3360.01,3360.01
ACC100722,ACC100598,1,4229.0,4229.0
ACC100722,ACC100651,1,192.05,192.05
ACC100722,ACC100926,1,1546.39,1546.39
ACC100722,ACC100955,1,367.2,367.2
ACC100722,ACC100969,1,358.78,358.78
ACC100723,ACC100232,1,583.42,583.42
ACC100723,ACC100354,1,1166.11,1166.11
ACC100723,ACC100448,1,14574.98,14574.98
ACC100723,ACC100468,1,118.27,118.27
ACC100723,ACC100600,1,6751.8,6751.8
ACC100723,ACC100704,1,823.08,823.08
ACC100723,ACC100760,1,847.82,847.82
ACC100723,ACC100777,1,326.2,326.2
ACC100724,ACC100025,1,3928.64,3928.64
ACC100724,ACC100035,1,455.04,455.04
ACC100724,ACC100115,1,3505.93,3505.93
ACC100724,ACC100338,1,58.85,58.85
ACC100724,ACC100706,1,2348.99,2348.99
ACC100724,ACC100796,1,1928.29,1928.29
ACC100724,ACC100913,1,7232.0,7232.0
ACC100724,ACC100916,1,340.04,340.04
ACC100725,ACC100209,1,235.36,235.36
ACC100725,ACC100452,1,1143.88,1143.88
ACC100725,ACC100459,1,1058.27,1058.27
ACC100725,ACC100487,1,815.58,815.58
ACC100725,ACC100494,1,1732.6,1732.6
ACC100725,ACC100546,1,466.34,466.34
ACC100725,ACC100564,1,410.88,410.88
ACC100725,ACC100569,1,2450.68,2450.68
ACC100725,ACC100838,1,328.07,328.07
ACC100725,ACC100891,1,1089.94,1089.94
ACC100725,ACC100926,1,803.67,803.67
ACC100725,ACC100960,1,2948.11,2948.11
ACC100726,ACC100102,1,828.12,828.12
ACC100726,ACC100129,1,784.55,784.55
ACC100726,ACC100232,1,408.29,408.29
ACC100726,ACC100256,1,3164.46,3164.46
ACC100726,ACC100500,1,65.4,65.4
ACC100726,ACC100518,1,23996.11,23996.11
ACC100726,ACC100574,1,1708.71,1708.71
ACC100726,ACC100576,1,3234.8,3234.8
ACC100726,ACC100624,1,2002.66,2002.66
ACC100726,ACC100629,1,407.15,407.15
ACC100727,ACC100031,1,18280.75,18280.75
ACC100727,ACC100038,1,1233.94,1233.94
ACC100727,ACC100118,1,1304.96,1304.96
ACC100727,ACC100167,1,562.05,562.05
ACC100727,ACC100182,1,2150.99,2150.99
ACC100727,ACC100209,1,355.04,355.04
ACC100727,ACC100273,1,1127.74,1127.74
ACC100727,ACC100432,1,5369.0,5369.0
ACC100727,ACC100535,1,6646.08,6646.08
ACC100727,ACC100543,1,1186.44,1186.44
ACC100727,ACC100586,1,466.7,466.7
ACC100727,ACC100665,1,3768.27,3768.27
ACC100727,ACC100743,1,2331.65,2331.65
ACC100727,ACC100814,1,669.29,669.29
ACC100727,ACC100997,1,1229.5,1229.5
ACC100728,ACC100217,1,330.14,330.14
ACC100728,ACC100390,1,4483.74,4483.74
ACC100728,ACC100428,1,1409.35,1409.35
ACC100728,ACC100468,1,588.7,588.7
ACC100728,ACC100487,1,3332.65,3332.65
ACC100728,ACC100612,1,1436.29,1436.29
ACC100728,ACC100638,1,874.66,874.66
ACC100728,ACC100749,1,6123.29,6123.29
ACC100728,ACC100811,1,1437.75,1437.75
ACC100728,ACC100986,1,1655.29,1655.29
ACC100729,ACC100342,1,6357.66,6357.66
ACC100729,ACC100343,1,20005.25,20005.25
ACC100729,ACC100359,1,202.77,202.77
ACC100729,ACC100564,1,695.26,695.26
ACC100729,ACC100676,1,12657.37,12657.37
ACC100729,ACC100824,1,1966.85,1966.85
ACC100730,ACC100232,1,80.68,80.68
ACC100730,ACC100359,1,664.97,664.97
ACC100730,ACC100392,1,842.45,842.45
ACC100730,ACC100450,1,1229.28,1229.28
ACC100730,ACC100455,1,1024.71,1024.71
ACC100730,ACC100507,1,1962.7,1962.7
ACC100730,ACC100517,1,8120.0,8120.0
ACC100730,ACC100612,1,677.63,677.63
ACC100730,ACC100813,1,258.39,258.39
ACC100730,ACC100930,1,269.82,269.82
ACC100730,ACC100972,1,2084.34,2084.34
ACC100731,ACC100024,1,764.14,764.14
ACC100731,ACC100381,1,1413.7,1413.7
ACC100731,ACC100386,1,7325.47,7325.47
ACC100731,ACC100417,1,13669.52,13669.52
ACC100731,ACC100612,1,2507.28,2507.28
ACC100731,ACC100620,1,488.53,488.53
ACC100731,ACC100876,1,3714.34,3714.34
ACC100732,ACC100094,1,850.62,850.62
ACC100732,ACC100147,1,1476.17,1476.17
ACC100732,ACC100265,1,252.98,252.98
ACC100732,ACC100278,1,867.28,867.28
ACC100732,ACC100383,1,618.66,618.66
ACC100732,ACC100395,1,178.05,178.05
ACC100732,ACC100431,1,351.38,351.38
ACC100732,ACC100448,1,496.29,496.29
ACC100732,ACC100472,1,2716.76,2716.76
ACC100732,ACC100534,1,289.14,289.14
ACC100732,ACC100625,1,16757.78,16757.78
ACC100732,ACC100682,1,1669.06,1669.06
ACC100732,ACC100735,1,22104.91,22104.91
ACC100732,ACC100754,1,2671.78,2671.78
ACC100732,ACC100760,1,98.22,98.22
ACC100732,ACC100812,1,1815.62,1815.62
ACC100732,ACC100854,1,3026.89,3026.89
ACC100733,ACC100346,1,757.98,757.98
ACC100733,ACC100348,1,1963.64,1963.64
ACC100733,ACC100437,1,988.21,988.21
ACC100733,ACC100463,1,129.45,129.45
ACC100733,ACC100547,1,1205.86,1205.86
ACC100733,ACC100701,1,3054.76,3054.76
ACC100733,ACC100707,1,130.45,130.45
ACC100733,ACC100711,1,1043.09,1043.09
ACC100733,ACC100809,1,78162.9,78162.9
ACC100733,ACC100852,1,6847.23,6847.23
ACC100733,ACC100874,1,1811.39,1811.39
ACC100734,ACC100125,1,1329.26,1329.26
ACC100734,ACC100177,1,269.26,269.26
ACC100734,ACC100233,1,2095.9,2095.9
ACC100734,ACC100237,1,1346.14,1346.14
ACC100734,ACC100413,1,1759.29,1759.29
ACC100734,ACC100423,1,8110.07,8110.07
ACC100734,ACC100511,1,483.75,483.75
ACC100734,ACC100514,1,1150.63,1150.63
ACC100734,ACC100623,1,7706.4,7706.4
ACC100734,ACC100635,1,1080.12,1080.12
ACC100734,ACC100835,1,620.47,620.47
ACC100734,ACC100864,1,1452.39,1452.39
ACC100734,ACC100944,1,3664.63,3664.63
ACC100735,ACC100150,1,382.55,382.55
ACC100735,ACC100168,1,613.64,613.64
ACC100735,ACC100279,1,1125.96,1125.96
ACC100735,ACC100299,1,786.95,786.95
ACC100735,ACC100306,1,1236.33,1236.33
ACC100735,ACC100339,1,13558.62,13558.62
ACC100735,ACC100362,1,2669.77,2669.77
ACC100735,ACC100418,1,731.96,731.96
ACC100735,ACC100472,1,1493.85,1493.85
ACC100735,ACC100512,1,122.47,122.47
ACC100735,ACC100561,1,1610.85,1610.85
ACC100735,ACC100624,1,1081.69,1081.69
ACC100735,ACC100847,1,2387.59,2387.59
ACC100735,ACC100865,1,1652.9,1652.9
ACC100735,ACC100911,1,340.46,340.46
ACC100735,ACC100927,1,313.69,313.69
ACC100735,ACC100980,1,26609.23,26609.23
ACC100736,ACC100114,1,12771.0,12771.0
ACC100736,ACC100178,1,6858.67,6858.67
ACC100736,ACC100325,1,1301.78,1301.78
ACC100736,ACC100417,1,806.37,806.37
ACC100736,ACC100490,2,2271.09,1135.545
ACC100736,ACC100651,1,2844.36,2844.36
ACC100736,ACC100726,1,3976.94,3976.94
ACC100736,ACC100975,1,2460.63,2460.63
ACC100737,ACC100143,1,1271.73,1271.73
ACC100737,ACC100155,1,3274.15,3274.15
ACC100737,ACC100271,1,2014.09,2014.09
ACC100737,ACC100323,1,359.53,359.53
ACC100737,ACC100340,1,560.26,560.26
ACC100737,ACC100356,1,624.98,624.98
ACC100737,ACC100462,1,415.35,415.35
ACC100737,ACC100535,1,30992.66,30992.66
ACC100737,ACC100607,1,581.5,581.5
ACC100737,ACC100718,1,12906.0,12906.0
ACC100737,ACC100790,1,1097.18,1097.18
ACC100737,ACC100860,1,1001.36,1001.36
ACC100737,ACC100884,1,406.34,406.34
ACC100737,ACC100907,1,1384.43,1384.43
ACC100738,ACC100051,1,531.51,531.51
ACC100738,ACC100276,1,119.57,119.57
ACC100738,ACC100371,1,2410.85,2410.85
ACC100738,ACC100384,1,1723.81,1723.81
ACC100738,ACC100389,1,1883.5,1883.5
ACC100738,ACC100418,1,1170.28,1170.28
ACC100738,ACC100420,1,4050.4,4050.4
ACC100738,ACC100621,1,1520.39,1520.39
ACC100738,ACC100641,1,1493.43,1493.43
ACC100738,ACC100649,1,314.65,314.65
ACC100738,ACC100676,1,2178.55,2178.55
ACC100738,ACC100760,1,7779.0,7779.0
ACC100739,ACC100003,1,228.36,228.36
ACC100739,ACC100046,1,3887.8,3887.8
ACC100739,ACC100095,1,3228.0,3228.0
ACC100739,ACC100154,1,147.0,147.0
ACC100739,ACC100269,1,325.36,325.36
ACC100739,ACC100410,1,5000.85,5000.85
ACC100739,ACC100516,1,28.29,28.29
ACC100739,ACC100519,1,1488.46,1488.46
ACC100739,ACC100558,1,4680.0,4680.0
ACC100739,ACC100604,1,1737.91,1737.91
ACC100739,ACC100763,1,1004.62,1004.62
ACC100739,ACC100790,1,375.66,375.66
ACC100739,ACC100966,1,1142.48,1142.48
ACC100739,ACC100985,1,179.74,179.74
ACC100740,ACC100253,1,621.19,621.19
ACC100740,ACC100308,1,881.72,881.72
ACC100740,ACC100382,1,276.17,276.17
ACC100740,ACC100895,1,7957.38,7957.38
ACC100740,ACC100915,1,2114.91,2114.91
ACC100740,ACC100946,1,390.75,390.75
ACC100740,ACC100959,1,2813.76,2813.76
ACC100741,ACC100037,1,1051.9,1051.9
ACC100741,ACC100067,1,7522.68,7522.68
ACC100741,ACC100132,1,2084.02,2084.02
ACC100741,ACC100321,1,4254.88,4254.88
ACC100741,ACC100390,1,638.74,638.74
ACC100741,ACC100393,1,7192.32,7192.32
ACC100741,ACC100411,1,28286.89,28286.89
ACC100741,ACC100578,1,2098.97,2098.97
ACC100741,ACC100663,1,206.26,206.26
ACC100741,ACC100668,1,3721.39,3721.39
ACC100741,ACC100705,1,1653.94,1653.94
ACC100741,ACC100722,1,1944.38,1944.38
ACC100742,ACC100047,1,306.14,306.14
ACC100742,ACC100080,1,507.88,507.88
ACC100742,ACC100111,1,21232.51,21232.51
ACC100742,ACC100297,1,198.22,198.22
ACC100742,ACC100448,1,1484.13,1484.13
ACC100742,ACC100488,1,594.44,594.44
ACC100742,ACC100551,1,1104.18,1104.18
ACC100742,ACC100660,1,1742.72,1742.72
ACC100742,ACC100665,1,11331.0,11331.0
ACC100742,ACC100694,1,3552.87,3552.87
ACC100742,ACC100757,1,782.73,782.73
ACC100742,ACC100835,1,22664.61,22664.61
ACC100743,ACC100002,1,2479.78,2479.78
ACC100743,ACC100068,1,6203.91,6203.91
ACC100743,ACC100086,1,524.51,524.51
ACC100743,ACC100196,1,1294.27,1294.27
ACC100743,ACC100222,1,2384.61,2384.61
ACC100743,ACC100285,1,1522.0,1522.0
ACC100743,ACC100594,1,380.02,380.02
ACC100743,ACC100735,1,16192.61,16192.61
ACC100743,ACC100757,1,528.72,528.72
ACC100743,ACC100759,1,1916.63,1916.63
ACC100743,ACC100876,2,1262.75,631.375
ACC100744,ACC100083,1,251.86,251.86
ACC100744,ACC100432,1,342.76,342.76
ACC100744,ACC100561,1,965.89,965.89
ACC100744,ACC100768,1,6005.63,6005.63
ACC100744,ACC100991,1,5638.02,5638.02
ACC100745,ACC100054,1,2708.42,2708.42
ACC100745,ACC100078,1,600.51,600.51
ACC100745,ACC100177,1,5616.43,5616.43
ACC100745,ACC100191,1,4182.29,4182.29
ACC100745,ACC100224,1,91.02,91.02
ACC100745,ACC100470,1,1669.74,1669.74
ACC100745,ACC100532,1,313.13,313.13
ACC100745,ACC100683,1,2583.66,2583.66
ACC100745,ACC100753,1,896.45,896.45
ACC100745,ACC100851,1,5223.74,5223.74
ACC100745,ACC100945,1,2563.24,2563.24
ACC100746,ACC100010,1,174.88,174.88
ACC100746,ACC100072,1,1678.7,1678.7
ACC100746,ACC100177,1,2526.6,2526.6
ACC100746,ACC100236,1,3008.09,3008.09
ACC100746,ACC100249,1,229.01,229.01
ACC100746,ACC100290,1,5056.4,5056.4
ACC100746,ACC100313,1,2589.3,2589.3
ACC100746,ACC100580,1,1037.99,1037.99
ACC100746,ACC100581,1,1795.85,1795.85
ACC100746,ACC100677,1,613.35,613.35
ACC100746,ACC100699,1,3919.23,3919.23
ACC100746,ACC100739,1,1134.74,1134.74
ACC100746,ACC100844,1,430.55,430.55
ACC100746,ACC100928,1,3141.62,3141.62
ACC100747,ACC100035,1,1326.65,1326.65
ACC100747,ACC100058,1,2315.07,2315.07
ACC100747,ACC100142,1,8967.0,8967.0
ACC100747,ACC100165,1,8038.93,8038.93
ACC100747,ACC100184,1,518.62,518.62
ACC100747,ACC100226,1,1614.61,1614.61
ACC100747,ACC100251,1,687.39,687.39
ACC100747,ACC100377,1,795.88,795.88
ACC100747,ACC100391,1,540.25,540.25
ACC100747,ACC100504,1,7801.09,7801.09
ACC100747,ACC100562,1,407.63,407.63
ACC100747,ACC100569,1,272.28,272.28
ACC100747,ACC100762,1,802.69,802.69
ACC100747,ACC100787,1,656.72,656.72
ACC100747,ACC100794,1,3157.06,3157.06
ACC100748,ACC100115,1,922.85,922.85
ACC100748,ACC100162,1,3433.86,3433.86
ACC100748,ACC100543,1,499.25,499.25
ACC100748,ACC100551,1,617.21,617.21
ACC100748,ACC100599,1,344.38,344.38
ACC100748,ACC100708,1,845.8,845.8
ACC100748,ACC100792,1,2474.83,2474.83
ACC100748,ACC100834,1,1157.16,1157.16
ACC100748,ACC100958,1,2177.91,2177.91
ACC100748,ACC100994,1,5237.17,5237.17
ACC100749,ACC100038,1,1460.49,1460.49
ACC100749,ACC100056,1,1526.65,1526.65
ACC100749,ACC100061,1,3940.38,3940.38
ACC100749,ACC100110,1,914.43,914.43
ACC100749,ACC100479,1,971.67,971.67
ACC100749,ACC100761,1,76.18,76.18
ACC100749,ACC100856,1,985.4,985.4
ACC100750,ACC100390,1,3682.27,3682.27
ACC100750,ACC100441,1,643.97,643.97
ACC100750,ACC100566,1,699.9,699.9
ACC100750,ACC100575,1,662.67,662.67
ACC100750,ACC100618,1,19545.06,19545.06
ACC100750,ACC100758,1,532.24,532.24
ACC100750,ACC100806,1,400.49,400.49
ACC100750,ACC100980,1,1026.83,1026.83
ACC100751,ACC100003,1,4139.74,4139.74
ACC100751,ACC100031,1,237.42,237.42
ACC100751,ACC100137,1,10400.93,10400.93
ACC100751,ACC100187,1,54862.72,54862.72
ACC100751,ACC100189,1,631.21,631.21
ACC100751,ACC100233,1,7481.2,7481.2
ACC100751,ACC100296,1,2215.51,2215.51
ACC100751,ACC100421,1,1811.34,1811.34
ACC100751,ACC100518,1,2322.28,2322.28
ACC100751,ACC100686,1,3749.86,3749.86
ACC100751,ACC100787,1,1266.83,1266.83
ACC100751,ACC100805,1,38.13,38.13
ACC100751,ACC100907,1,736.64,736.64
ACC100751,ACC100913,1,13582.0,13582.0
ACC100751,ACC100981,1,624.2,624.2
ACC100752,ACC100040,1,1546.36,1546.36
ACC100752,ACC100194,1,923.14,923.14
ACC100752,ACC100229,1,1496.51,1496.51
ACC100752,ACC100356,1,3357.83,3357.83
ACC100752,ACC100395,1,639.83,639.83
ACC100752,ACC100490,1,583.6,583.6
ACC100752,ACC100499,1,641.86,641.86
ACC100752,ACC100512,1,829.26,829.26
ACC100752,ACC100539,1,1108.7,1108.7
ACC100752,ACC100643,1,1307.63,1307.63
ACC100752,ACC100947,1,3715.19,3715.19
ACC100753,ACC100131,1,290.99,290.99
ACC100753,ACC100144,1,1725.99,1725.99
ACC100753,ACC100539,1,1409.15,1409.15
ACC100753,ACC100602,1,2124.27,2124.27
ACC100753,ACC100604,1,5634.0,5634.0
ACC100753,ACC100670,1,206.66,206.66
ACC100753,ACC100826,1,1523.39,1523.39
ACC100753,ACC100902,1,173.05,173.05
ACC100753,ACC100954,1,963.29,963.29
ACC100754,ACC100044,1,95.7,95.7
ACC100754,ACC100138,1,334.18,334.18
ACC100754,ACC100233,1,1501.51,1501.51
ACC100754,ACC100276,1,627.87,627.87
ACC100754,ACC100278,1,103.35,103.35
ACC100754,ACC100431,1,2491.09,2491.09
ACC100754,ACC100570,1,87958.37,87958.37
ACC100754,ACC100614,1,22411.43,22411.43
ACC100754,ACC100843,1,520.68,520.68
ACC100755,ACC100174,1,54.4,54.4
ACC100755,ACC100186,1,1409.89,1409.89
ACC100755,ACC100219,1,582.14,582.14
ACC100755,ACC100231,1,6307.83,6307.83
ACC100755,ACC100441,1,1181.11,1181.11
ACC100755,ACC100635,1,457.76,457.76
ACC100755,ACC100704,1,4106.45,4106.45
ACC100755,ACC100814,1,896.89,896.89
ACC100756,ACC100049,1,682.69,682.69
ACC100756,ACC100099,1,3258.89,3258.89
ACC100756,ACC100113,1,3160.33,3160.33
ACC100756,ACC100118,1,846.56,846.56
ACC100756,ACC100312,1,369.18,369.18
ACC100756,ACC100520,1,2624.11,2624.11
ACC100756,ACC100530,1,2225.69,2225.69
ACC100756,ACC100617,1,5585.67,5585.67
ACC100756,ACC100674,1,3025.88,3025.88
ACC100756,ACC100728,1,2119.07,2119.07
ACC100756,ACC100873,1,620.18,620.18
ACC100757,ACC100103,1,2437.44,2437.44
ACC100757,ACC100181,1,6954.46,6954.46
ACC100757,ACC100201,1,302.47,302.47
ACC100757,ACC100202,1,627.34,627.34
ACC100757,ACC100317,1,1056.78,1056.78
ACC100757,ACC100327,2,2874.88,1437.44
ACC100757,ACC100342,1,753.69,753.69
ACC100757,ACC100499,1,1988.17,1988.17
ACC100757,ACC100547,1,192.34,192.34
ACC100757,ACC100589,1,60.67,60.67
ACC100757,ACC100637,1,1253.16,1253.16
ACC100757,ACC100753,1,775.05,775.05
ACC100757,ACC100848,1,1824.83,1824.83
ACC100757,ACC100929,1,567.6,567.6
ACC100758,ACC100053,1,828.72,828.72
ACC100758,ACC100255,1,10872.53,10872.53
ACC100758,ACC100667,1,6645.32,6645.32
ACC100758,ACC100714,1,318.89,318.89
ACC100758,ACC100870,1,99699.43,99699.43
ACC100758,ACC100954,1,4330.6,4330.6
ACC100759,ACC100027,1,13845.0,13845.0
ACC100759,ACC100426,1,209.14,209.14
ACC100759,ACC100479,1,348.81,348.81
ACC100759,ACC100773,1,322.51,322.51
ACC100759,ACC100859,1,1268.3,1268.3
ACC100759,ACC100863,1,659.82,659.82
ACC100759,ACC100947,1,396.4,396.4
ACC100759,ACC100966,1,232.77,232.77
ACC100759,ACC100993,1,96914.02,96914.02
ACC100760,ACC100020,1,428.01,428.01
ACC100760,ACC100103,1,542.95,542.95
ACC100760,ACC100239,1,7373.69,7373.69
ACC100760,ACC100335,1,819.33,819.33
ACC100760,ACC100581,1,698.21,698.21
ACC100760,ACC100850,1,92.43,92.43
ACC100760,ACC100955,1,2455.94,2455.94
ACC100761,ACC100038,1,3045.73,3045.73
ACC100761,ACC100143,1,283.76,283.76
ACC100761,ACC100282,1,535.59,535.59
ACC100761,ACC100292,1,621.32,621.32
ACC100761,ACC100322,1,430.98,430.98
ACC100761,ACC100370,1,602.93,602.93
ACC100761,ACC100502,1,301.34,301.34
ACC100761,ACC100558,1,4213.0,4213.0
ACC100762,ACC100194,1,1536.81,1536.81
ACC100762,ACC100286,1,3030.68,3030.68
ACC100762,ACC100342,1,1778.14,1778.14
ACC100762,ACC100403,1,3277.91,3277.91
ACC100762,ACC100481,1,1592.25,1592.25
ACC100762,ACC100516,1,912.82,912.82
ACC100762,ACC100640,1,1293.09,1293.09
ACC100762,ACC100690,1,1171.0,1171.0
ACC100762,ACC100696,1,553.69,553.69
ACC100762,ACC100712,1,768.91,768.91
ACC100762,ACC100959,1,1411.89,1411.89
ACC100762,ACC100964,1,311.62,311.62
ACC100763,ACC100013,1,2542.19,2542.19
ACC100763,ACC100038,1,546.23,546.23
ACC100763,ACC100050,1,2314.77,2314.77
ACC100763,ACC100055,1,4787.51,4787.51
ACC100763,ACC100163,1,109.39,109.39
ACC100763,ACC100444,1,4808.3,4808.3
ACC100763,ACC100468,1,2151.19,2151.19
ACC100763,ACC100486,1,3314.17,3314.17
ACC100763,ACC100696,1,2376.56,2376.56
ACC100763,ACC100835,1,358.86,358.86
ACC100763,ACC100954,1,173.33,173.33
ACC100764,ACC100006,1,1593.62,1593.62
ACC100764,ACC100108,1,888.27,888.27
ACC100764,ACC100131,1,668.08,668.08
ACC100764,ACC100403,1,5673.84,5673.84
ACC100764,ACC100423,1,1612.68,1612.68
ACC100764,ACC100499,1,2258.9,2258.9
ACC100764,ACC100506,1,665.52,665.52
ACC100764,ACC100612,1,1059.77,1059.77
ACC100764,ACC100618,1,747.84,747.84
ACC100764,ACC100702,1,1491.29,1491.29
ACC100764,ACC100805,1,2146.6,2146.6
ACC100764,ACC100990,1,2901.5,2901.5
ACC100765,ACC100190,1,397.5,397.5
ACC100765,ACC100452,1,3787.38,3787.38
ACC100765,ACC100597,1,590.22,590.22
ACC100765,ACC100609,1,496.61,496.61
ACC100765,ACC100714,1,1769.47,1769.47
ACC100765,ACC100756,1,767.97,767.97
ACC100765,ACC100921,1,6467.0,6467.0
ACC100765,ACC100986,1,664.64,664.64
ACC100766,ACC100051,1,696.8,696.8
ACC100766,ACC100316,1,331.55,331.55
ACC100766,ACC100469,1,5551.39,5551.39
ACC100766,ACC100553,1,2366.75,2366.75
ACC100766,ACC100588,1,8841.29,8841.29
ACC100766,ACC100670,1,1459.98,1459.98
ACC100766,ACC100734,1,701.37,701.37
ACC100766,ACC100812,1,447.14,447.14
ACC100766,ACC100984,1,608.81,608.81
ACC100767,ACC100000,1,3588.51,3588.51
ACC100767,ACC100097,1,2290.85,2290.85
ACC100767,ACC100203,1,1515.98,1515.98
ACC100767,ACC100221,1,781.26,781.26
ACC100767,ACC100324,2,1217.87,608.935
ACC100767,ACC100353,1,3560.22,3560.22
ACC100767,ACC100417,1,4688.32,4688.32
ACC100767,ACC100695,1,4970.21,4970.21
ACC100767,ACC100718,1,9126.0,9126.0
ACC100767,ACC100769,1,1058.57,1058.57
ACC100767,ACC100775,1,711.48,711.48
ACC100767,ACC100978,1,1865.46,1865.46
ACC100768,ACC100083,1,419.34,419.34
ACC100768,ACC100151,1,3600.58,3600.58
ACC100768,ACC100192,1,1566.77,1566.77
ACC100768,ACC100235,1,2382.11,2382.11
ACC100768,ACC100432,1,2596.52,2596.52
ACC100768,ACC100458,1,3014.5,3014.5
ACC100768,ACC100464,1,256.94,256.94
ACC100768,ACC100503,1,755.31,755.31
ACC100768,ACC100521,1,563.49,563.49
ACC100768,ACC100590,1,957.58,957.58
ACC100768,ACC100706,1,129.04,129.04
ACC100768,ACC100886,1,3582.48,3582.48
ACC100769,ACC100052,1,144.91,144.91
ACC100769,ACC100074,1,1392.92,1392.92
ACC100769,ACC100222,1,317.96,317.96
ACC100769,ACC100289,1,2826.39,2826.39
ACC100769,ACC100332,1,504.04,504.04
ACC100769,ACC100400,1,622.52,622.52
ACC100769,ACC100612,1,305.15,305.15
ACC100769,ACC100782,1,2927.27,2927.27
ACC100769,ACC100855,1,594.53,594.53
ACC100769,ACC100978,1,1078.11,1078.11
ACC100770,ACC100156,1,661.92,661.92
ACC100770,ACC100229,1,1158.34,1158.34
ACC100770,ACC100299,1,885.78,885.78
ACC100770,ACC100329,1,296.83,296.83
ACC100770,ACC100516,1,1043.97,1043.97
ACC100770,ACC100611,1,308.2,308.2
ACC100770,ACC100713,1,5539.42,5539.42
ACC100770,ACC100724,1,2654.76,2654.76
ACC100770,ACC100969,1,2051.27,2051.27
ACC100771,ACC100058,1,4199.83,4199.83
ACC100771,ACC100099,1,43945.37,43945.37
ACC100771,ACC100299,1,1598.7,1598.7
ACC100771,ACC100356,1,368.15,368.15
ACC100771,ACC100422,1,9453.4,9453.4
ACC100771,ACC100463,1,629.73,629.73
ACC100771,ACC100542,1,14890.61,14890.61
ACC100771,ACC100552,1,2065.33,2065.33
ACC100771,ACC100713,1,455.6,455.6
ACC100771,ACC100718,1,9797.0,9797.0
ACC100771,ACC100758,1,9498.0,9498.0
ACC100771,ACC100762,1,1300.44,1300.44
ACC100771,ACC100776,1,739.11,739.11
ACC100771,ACC100788,1,2184.69,2184.69
ACC100771,ACC100847,1,3426.25,3426.25
ACC100771,ACC100989,1,276.88,276.88
ACC100772,ACC100050,1,4826.23,4826.23
ACC100772,ACC100057,1,568.96,568.96
ACC100772,ACC100064,1,854.73,854.73
ACC100772,ACC100173,1,643.65,643.65
ACC100772,ACC100213,1,2921.74,2921.74
ACC100772,ACC100218,1,95.02,95.02
ACC100772,ACC100243,1,192.1,192.1
ACC100772,ACC100393,1,1864.59,1864.59
ACC100772,ACC100409,1,354.84,354.84
ACC100772,ACC100482,1,6304.29,6304.29
ACC100772,ACC100532,1,2505.72,2505.72
ACC100772,ACC100897,1,572.05,572.05
ACC100773,ACC100048,1,668.99,668.99
ACC100773,ACC100069,1,918.4,918.4
ACC100773,ACC100071,1,2001.0,2001.0
ACC100773,ACC100143,1,59.02,59.02
ACC100773,ACC100239,1,161.67,161.67
ACC100773,ACC100385,1,3420.79,3420.79
ACC100773,ACC100399,1,1248.38,1248.38
ACC100773,ACC100644,1,2880.52,2880.52
ACC100773,ACC100962,1,7434.05,7434.05
ACC100773,ACC100996,1,2245.6,2245.6
ACC100774,ACC100005,1,2636.88,2636.88
ACC100774,ACC100095,1,12131.0,12131.0
ACC100774,ACC100104,1,14573.0,14573.0
ACC100774,ACC100152,1,1009.56,1009.56
ACC100774,ACC100175,1,617.05,617.05
ACC100774,ACC100233,1,7869.35,7869.35
ACC100774,ACC100352,1,2884.47,2884.47
ACC100774,ACC100475,1,289.8,289.8
ACC100774,ACC100493,1,6085.55,6085.55
ACC100774,ACC100808,1,390.08,390.08
ACC100774,ACC100844,1,629.51,629.51
ACC100774,ACC100931,1,2757.89,2757.89
ACC100774,ACC100951,1,1080.2,1080.2
ACC100775,ACC100028,1,901.94,901.94
ACC100775,ACC100051,1,53.23,53.23
ACC100775,ACC100191,1,1890.57,1890.57
ACC100775,ACC100266,1,716.28,716.28
ACC100775,ACC100400,1,710.54,710.54
ACC100775,ACC100429,1,13332.75,13332.75
ACC100775,ACC100559,1,966.53,966.53
ACC100775,ACC100671,1,518.88,518.88
ACC100775,ACC100745,1,375.16,375.16
ACC100775,ACC100904,1,369.56,369.56
ACC100776,ACC100076,1,203.67,203.67
ACC100776,ACC100208,1,291.75,291.75
ACC100776,ACC100212,1,517.52,517.52
ACC100776,ACC100301,1,157.66,157.66
ACC100776,ACC100339,1,261.69,261.69
ACC100776,ACC100354,1,2345.0,2345.0
ACC100776,ACC100399,1,1629.59,1629.59
ACC100776,ACC100558,1,1657.21,1657.21
ACC100776,ACC100635,1,7603.0,7603.0
ACC100776,ACC100658,1,184.44,184.44
ACC100776,ACC100868,1,327.99,327.99
ACC100776,ACC100934,1,5902.6,5902.6
ACC100777,ACC100011,1,5456.77,5456.77
ACC100777,ACC100065,1,82.89,82.89
ACC100777,ACC100301,1,1912.69,1912.69
ACC100777,ACC100429,1,566.3,566.3
ACC100777,ACC100496,1,847.14,847.14
ACC100777,ACC100539,1,5025.83,5025.83
ACC100777,ACC100576,1,2458.89,2458.89
ACC100777,ACC100611,1,1481.29,1481.29
ACC100777,ACC100660,1,1326.87,1326.87
ACC100777,ACC100781,1,948.05,948.05
ACC100777,ACC100877,1,1528.5,1528.5
ACC100777,ACC100931,1,2484.85,2484.85
ACC100777,ACC100961,1,2425.8,2425.8
ACC100777,ACC100965,1,2133.06,2133.06
ACC100778,ACC100120,1,3976.09,3976.09
ACC100778,ACC100199,1,2544.77,2544.77
ACC100778,ACC100238,1,425.0,425.0
ACC100778,ACC100309,1,2130.39,2130.39
ACC100778,ACC100351,1,9219.31,9219.31
ACC100778,ACC100552,1,3097.85,3097.85
ACC100778,ACC100654,1,9227.0,9227.0
ACC100778,ACC100738,1,186.99,186.99
ACC100778,ACC100774,1,2022.09,2022.09
ACC100778,ACC100967,1,3792.41,3792.41
ACC100779,ACC100122,1,1280.72,1280.72
ACC100779,ACC100156,1,5797.45,5797.45
ACC100779,ACC100439,1,2056.02,2056.02
ACC100779,ACC100486,1,2291.48,2291.48
ACC100779,ACC100506,1,315.56,315.56
ACC100779,ACC100649,1,4869.99,4869.99
ACC100779,ACC100780,1,2871.52,2871.52
ACC100780,ACC100053,1,2958.37,2958.37
ACC100780,ACC100355,1,4181.25,4181.25
ACC100780,ACC100390,1,1898.23,1898.23
ACC100780,ACC100626,1,82.71,82.71
ACC100780,ACC100649,1,4971.0,4971.0
ACC100780,ACC100667,1,945.8,945.8
ACC100780,ACC100758,1,12240.0,12240.0
ACC100780,ACC100846,1,320.68,320.68
ACC100780,ACC100909,1,420.75,420.75
ACC100780,ACC100947,2,5315.23,2657.615
ACC100781,ACC100034,1,413.72,413.72
ACC100781,ACC100166,1,3283.35,3283.35
ACC100781,ACC100233,1,2289.08,2289.08
ACC100781,ACC100354,1,2542.32,2542.32
ACC100781,ACC100389,1,451.41,451.41
ACC100781,ACC100414,1,1042.5,1042.5
ACC100781,ACC100568,1,1696.39,1696.39
ACC100781,ACC100574,1,4973.88,4973.88
ACC100781,ACC100630,1,604.84,604.84
ACC100781,ACC100826,1,256.6,256.6
ACC100781,ACC100883,1,22127.04,22127.04
ACC100781,ACC100887,1,438.67,438.67
ACC100781,ACC100897,1,490.29,490.29
ACC100781,ACC100934,1,3710.14,3710.14
ACC100782,ACC100002,1,3547.66,3547.66
ACC100782,ACC100032,1,13211.0,13211.0
ACC100782,ACC100112,1,368.72,368.72
ACC100782,ACC100415,1,308.57,308.57
ACC100782,ACC100427,1,3099.96,3099.96
ACC100782,ACC100747,1,1768.22,1768.22
ACC100782,ACC100819,1,3026.66,3026.66
ACC100782,ACC100877,1,5764.57,5764.57
ACC100782,ACC100902,1,1796.76,1796.76
ACC100782,ACC100918,1,935.21,935.21
ACC100782,ACC100972,1,411.2,411.2
ACC100783,ACC100011,1,133.63,133.63
ACC100783,ACC100200,1,3780.01,3780.01
ACC100783,ACC100249,1,233.64,233.64
ACC100783,ACC100283,1,439.36,439.36
ACC100783,ACC100328,1,916.21,916.21
ACC100783,ACC100462,1,2494.42,2494.42
ACC100783,ACC100574,1,12394.0,12394.0
ACC100783,ACC100645,1,8594.75,8594.75
ACC100783,ACC100678,1,5553.46,5553.46
ACC100783,ACC100761,1,100.11,100.11
ACC100783,ACC100832,1,503.57,503.57
ACC100783,ACC100889,1,780.41,780.41
ACC100784,ACC100119,1,4572.75,4572.75
ACC100784,ACC100238,1,10802.0,10802.0
ACC100784,ACC100287,1,1559.18,1559.18
ACC100784,ACC100303,1,1224.9,1224.9
ACC100784,ACC100357,1,14089.77,14089.77
ACC100784,ACC100371,1,2155.84,2155.84
ACC100784,ACC100442,1,6237.38,6237.38
ACC100784,ACC100490,1,6006.42,6006.42
ACC100784,ACC100552,1,528.13,528.13
ACC100784,ACC100563,1,4262.04,4262.04
ACC100784,ACC100572,1,1229.34,1229.34
ACC100784,ACC100665,1,482.78,482.78
ACC100784,ACC100692,1,6595.0,6595.0
ACC100784,ACC100805,1,1566.43,1566.43
ACC100784,ACC100891,1,14068.91,14068.91
ACC100784,ACC100940,1,166.48,166.48
ACC100784,ACC100978,1,283.65,283.65
ACC100785,ACC100280,1,321.91,321.91
ACC100785,ACC100504,1,1011.69,1011.69
ACC100785,ACC100552,1,10933.45,10933.45
ACC100785,ACC100586,1,202.9,202.9
ACC100785,ACC100639,1,2537.22,2537.22
ACC100785,ACC100796,1,4102.09,4102.09
ACC100785,ACC100928,1,2454.08,2454.08
ACC100786,ACC100004,1,1814.35,1814.35
ACC100786,ACC100005,1,6372.59,6372.59
ACC100786,ACC100151,1,1998.84,1998.84
ACC100786,ACC100215,1,255.0,255.0
ACC100786,ACC100564,1,326.1,326.1
ACC100786,ACC100574,1,3693.0,3693.0
ACC100786,ACC100648,1,18369.87,18369.87
ACC100786,ACC100734,1,564.74,564.74
ACC100786,ACC100964,1,400.54,400.54
ACC100787,ACC100047,1,529.1,529.1
ACC100787,ACC100262,1,2276.56,2276.56
ACC100787,ACC100437,1,1483.09,1483.09
ACC100787,ACC100441,1,195.47,195.47
ACC100787,ACC100462,1,1413.6,1413.6
ACC100787,ACC100735,1,2351.66,2351.66
ACC100787,ACC100796,1,1595.71,1595.71
ACC100787,ACC100856,1,445.98,445.98
ACC100788,ACC100078,1,1435.44,1435.44
ACC100788,ACC100185,1,407.09,407.09
ACC100788,ACC100226,1,474.12,474.12
ACC100788,ACC100277,1,3991.06,3991.06
ACC100788,ACC100371,1,4171.51,4171.51
ACC100788,ACC100392,1,568.51,568.51
ACC100788,ACC100427,1,2032.68,2032.68
ACC100788,ACC100466,1,494.58,494.58
ACC100788,ACC100474,1,463.41,463.41
ACC100788,ACC100841,1,1697.96,1697.96
ACC100788,ACC100865,1,3057.5,3057.5
ACC100788,ACC100964,1,867.52,867.52
ACC100789,ACC100009,1,435.65,435.65
ACC100789,ACC100044,1,786.22,786.22
ACC100789,ACC100055,1,2104.97,2104.97
ACC100789,ACC100228,1,1536.32,1536.32
ACC100789,ACC100468,1,609.67,609.67
ACC100789,ACC100555,1,2532.97,2532.97
ACC100789,ACC100910,1,1139.99,1139.99
ACC100789,ACC100917,1,295.42,295.42
ACC100789,ACC100998,1,2128.19,2128.19
ACC100790,ACC100020,1,741.67,741.67
ACC100790,ACC100025,1,533.61,533.61
ACC100790,ACC100038,1,1375.55,1375.55
ACC100790,ACC100168,1,294.59,294.59
ACC100790,ACC100190,1,235.05,235.05
ACC100790,ACC100277,1,209.99,209.99
ACC100790,ACC100555,1,215.88,215.88
ACC100790,ACC100573,1,1121.23,1121.23
ACC100790,ACC100643,1,511.04,511.04
ACC100790,ACC100756,1,1482.07,1482.07
ACC100790,ACC100788,1,238.23,238.23
ACC100790,ACC100813,1,5037.84,5037.84
ACC100790,ACC100827,1,196.8,196.8
ACC100790,ACC100882,1,358.59,358.59
ACC100790,ACC100913,1,497.36,497.36
ACC100791,ACC100103,1,3543.19,3543.19
ACC100791,ACC100155,1,723.35,723.35
ACC100791,ACC100164,1,86.11,86.11
ACC100791,ACC100385,1,15854.72,15854.72
ACC100791,ACC100446,1,495.58,495.58
ACC100791,ACC100451,2,48326.9,24163.45
ACC100791,ACC100473,1,305.07,305.07
ACC100791,ACC100548,1,4806.18,4806.18
ACC100791,ACC100692,1,1137.58,1137.58
ACC100791,ACC100738,1,6615.95,6615.95
ACC100791,ACC100826,1,1475.03,1475.03
ACC100791,ACC100930,1,291.37,291.37
ACC100791,ACC100969,1,1214.29,1214.29
ACC100792,ACC100170,1,17098.35,17098.35
ACC100792,ACC100181,1,4842.9,4842.9
ACC100792,ACC100248,1,1228.17,1228.17
ACC100792,ACC100266,1,175.69,175.69
ACC100792,ACC100276,1,539.42,539.42
ACC100792,ACC100394,1,837.31,837.31
ACC100792,ACC100507,1,1081.12,1081.12
ACC100792,ACC100540,1,3405.17,3405.17
ACC100792,ACC100713,1,401.08,401.08
ACC100793,ACC100072,1,5762.75,5762.75
ACC100793,ACC100171,1,2744.28,2744.28
ACC100793,ACC100434,1,1108.33,1108.33
ACC100793,ACC100495,1,179.23,179.23
ACC100793,ACC100574,1,666.78,666.78
ACC100793,ACC100679,1,268.81,268.81
ACC100793,ACC100777,1,2456.78,2456.78
ACC100793,ACC100850,1,605.27,605.27
ACC100793,ACC100855,1,470.13,470.13
ACC100794,ACC100017,1,4845.89,4845.89
ACC100794,ACC100162,1,9513.64,9513.64
ACC100794,ACC100220,1,190.19,190.19
ACC100794,ACC100240,1,142.46,142.46
ACC100794,ACC100400,1,757.87,757.87
ACC100794,ACC100473,1,288.61,288.61
ACC100794,ACC100489,1,3331.85,3331.85
ACC100794,ACC100509,1,490.48,490.48
ACC100794,ACC100550,1,2994.02,2994.02
ACC100794,ACC100661,1,755.9,755.9
ACC100794,ACC100696,1,1352.4,1352.4
ACC100794,ACC100735,1,3562.72,3562.72
ACC100794,ACC100738,1,97.69,97.69
ACC100794,ACC100931,1,6541.24,6541.24
ACC100794,ACC100965,1,2707.04,2707.04
ACC100795,ACC100089,1,14294.0,14294.0
ACC100795,ACC100734,1,1618.87,1618.87
ACC100795,ACC100768,1,204.64,204.64
ACC100795,ACC100838,1,1453.42,1453.42
ACC100795,ACC100842,1,1831.04,1831.04
ACC100795,ACC100854,1,708.86,708.86
ACC100795,ACC100873,1,1645.8,1645.8
ACC100795,ACC100878,1,5836.01,5836.01
ACC100796,ACC100269,1,1598.86,1598.86
ACC100796,ACC100279,1,1376.29,1376.29
ACC100796,ACC100493,1,2065.11,2065.11
ACC100796,ACC100495,1,4295.32,4295.32
ACC100796,ACC100712,1,438.41,438.41
ACC100796,ACC100827,1,4500.92,4500.92
ACC100797,ACC100109,1,141.73,141.73
ACC100797,ACC100192,1,2007.37,2007.37
ACC100797,ACC100331,1,2106.78,2106.78
ACC100797,ACC100405,1,434.16,434.16
ACC100797,ACC100473,1,801.66,801.66
ACC100797,ACC100519,1,574.18,574.18
ACC100797,ACC100530,1,415.55,415.55
ACC100797,ACC100711,1,500.96,500.96
ACC100797,ACC100745,1,135.22,135.22
ACC100797,ACC100949,1,1098.92,1098.92
ACC100798,ACC100000,1,640.89,640.89
ACC100798,ACC100055,1,756.82,756.82
ACC100798,ACC100079,1,2726.87,2726.87
ACC100798,ACC100081,1,520.27,520.27
ACC100798,ACC100115,1,209.83,209.83
ACC100798,ACC100118,1,18656.2,18656.2
ACC100798,ACC100150,1,921.23,921.23
ACC100798,ACC100198,1,403.28,403.28
ACC100798,ACC100285,1,1474.41,1474.41
ACC100798,ACC100301,1,178.44,178.44
ACC100798,ACC100519,1,1690.58,1690.58
ACC100798,ACC100564,1,3674.54,3674.54
ACC100798,ACC100811,1,500.72,500.72
ACC100798,ACC100951,1,800.35,800.35
ACC100798,ACC100984,1,3603.25,3603.25
ACC100799,ACC100144,1,1952.21,1952.21
ACC100799,ACC100228,1,6269.0,6269.0
ACC100799,ACC100240,1,2681.12,2681.12
ACC100799,ACC100245,1,515.36,515.36
ACC100799,ACC100368,1,10814.41,10814.41
ACC100799,ACC100646,1,403.2,403.2
ACC100799,ACC100709,1,785.15,785.15
ACC100799,ACC100733,1,2963.91,2963.91
ACC100799,ACC100746,1,701.01,701.01
ACC100799,ACC100846,1,2272.8,2272.8
ACC100799,ACC100865,1,1218.97,1218.97
ACC100799,ACC100943,1,386.71,386.71
ACC100800,ACC100027,1,1612.0,1612.0
ACC100800,ACC100162,1,319.65,319.65
ACC100800,ACC100174,1,146.12,146.12
ACC100800,ACC100229,1,1268.23,1268.23
ACC100800,ACC100234,1,4036.28,4036.28
ACC100800,ACC100251,1,584.76,584.76
ACC100800,ACC100613,1,454.33,454.33
ACC100800,ACC100709,1,207.95,207.95
ACC100800,ACC100820,1,1582.95,1582.95
ACC100801,ACC100020,1,3649.49,3649.49
ACC100801,ACC100367,1,187.61,187.61
ACC100801,ACC100591,1,3778.75,3778.75
ACC100801,ACC100668,1,286.8,286.8
ACC100801,ACC100716,1,906.5,906.5
ACC100801,ACC100746,1,2544.24,2544.24
ACC100801,ACC100915,1,1894.56,1894.56
ACC100801,ACC100991,1,1529.16,1529.16
ACC100801,ACC100994,1,1952.56,1952.56
ACC100802,ACC100098,1,162.3,162.3
ACC100802,ACC100360,1,299.6,299.6
ACC100802,ACC100458,1,654.12,654.12
ACC100802,ACC100563,1,412.65,412.65
ACC100802,ACC100595,1,701.87,701.87
ACC100802,ACC100603,1,582.46,582.46
ACC100802,ACC100604,1,285.62,285.62
ACC100802,ACC100707,1,892.19,892.19
ACC100802,ACC100859,1,5556.33,5556.33
ACC100802,ACC100915,1,364.74,364.74
ACC100803,ACC100015,1,917.04,917.04
ACC100803,ACC100176,1,197.43,197.43
ACC100803,ACC100249,1,8187.83,8187.83
ACC100803,ACC100281,1,9484.0,9484.0
ACC100803,ACC100331,1,7235.04,7235.04
ACC100803,ACC100349,1,665.14,665.14
ACC100803,ACC100445,1,1531.08,1531.08
ACC100803,ACC100590,1,4777.66,4777.66
ACC100803,ACC100702,1,3942.14,3942.14
ACC100803,ACC100718,1,9142.0,9142.0
ACC100803,ACC100877,1,224.41,224.41
ACC100804,ACC100029,1,1879.6,1879.6
ACC100804,ACC100085,1,526.62,526.62
ACC100804,ACC100599,1,233.49,233.49
ACC100804,ACC100741,1,538.48,538.48
ACC100804,ACC100791,1,7019.59,7019.59
ACC100804,ACC100818,1,1224.03,1224.03
ACC100804,ACC100875,1,834.6,834.6
ACC100804,ACC100907,1,1512.01,1512.01
ACC100805,ACC100017,1,1179.82,1179.82
ACC100805,ACC100185,1,1953.28,1953.28
ACC100805,ACC100210,1,23211.46,23211.46
ACC100805,ACC100299,1,345.92,345.92
ACC100805,ACC100329,1,1674.73,1674.73
ACC100805,ACC100420,1,327.86,327.86
ACC100805,ACC100473,1,1388.8,1388.8
ACC100805,ACC100593,1,1819.25,1819.25
ACC100805,ACC100639,1,5192.54,5192.54
ACC100805,ACC100646,1,563.93,563.93
ACC100805,ACC100656,1,385.22,385.22
ACC100805,ACC100704,1,3318.08,3318.08
ACC100805,ACC100754,1,6185.0,6185.0
ACC100805,ACC100780,1,1697.88,1697.88
ACC100805,ACC100855,1,841.69,841.69
ACC100806,ACC100013,1,1218.45,1218.45
ACC100806,ACC100070,1,149.38,149.38
ACC100806,ACC100124,1,157.98,157.98
ACC100806,ACC100142,1,13209.0,13209.0
ACC100806,ACC100146,1,8242.91,8242.91
ACC100806,ACC100186,1,2002.86,2002.86
ACC100806,ACC100231,1,3374.47,3374.47
ACC100806,ACC100238,1,7106.0,7106.0
ACC100806,ACC100258,1,880.93,880.93
ACC100806,ACC100318,1,2556.54,2556.54
ACC100806,ACC100434,1,3441.29,3441.29
ACC100806,ACC100444,1,1030.18,1030.18
ACC100806,ACC100461,1,588.0,588.0
ACC100806,ACC100492,1,492.25,492.25
ACC100806,ACC100575,1,2302.23,2302.23
ACC100806,ACC100639,1,2624.46,2624.46
ACC100806,ACC100645,1,2650.83,2650.83
ACC100806,ACC100651,1,3194.99,3194.99
ACC100806,ACC100673,1,3554.63,3554.63
ACC100806,ACC100781,1,4068.0,4068.0
ACC100806,ACC100919,1,321.1,321.1
ACC100807,ACC100070,1,680.97,680.97
ACC100807,ACC100260,1,2275.63,2275.63
ACC100807,ACC100324,1,494.81,494.81
ACC100807,ACC100434,1,11510.93,11510.93
ACC100807,ACC100921,1,1862.32,1862.32
ACC100807,ACC100982,1,11941.45,11941.45
ACC100808,ACC100152,1,1675.84,1675.84
ACC100808,ACC100172,1,2605.74,2605.74
ACC100808,ACC100218,1,114.43,114.43
ACC100808,ACC100226,1,1561.2,1561.2
ACC100808,ACC100266,1,468.27,468.27
ACC100808,ACC100376,1,651.44,651.44
ACC100808,ACC100586,1,3724.41,3724.41
ACC100808,ACC100591,1,522.58,522.58
ACC100808,ACC100633,1,3026.8,3026.8
ACC100808,ACC100635,1,512.54,512.54
ACC100808,ACC100690,1,368.75,368.75
ACC100808,ACC100728,1,5331.12,5331.12
ACC100808,ACC100813,1,1498.65,1498.65
ACC100808,ACC100896,1,23.92,23.92
ACC100808,ACC100982,1,851.41,851.41
ACC100808,ACC100999,1,1773.24,1773.24
ACC100809,ACC100257,1,3685.62,3685.62
ACC100809,ACC100296,1,495.86,495.86
ACC100809,ACC100391,1,5937.43,5937.43
ACC100809,ACC100466,1,4596.63,4596.63
ACC100809,ACC100644,1,113.16,113.16
ACC100809,ACC100933,1,2850.82,2850.82
ACC100810,ACC100089,1,7335.0,7335.0
ACC100810,ACC100112,1,120.74,120.74
ACC100810,ACC100169,1,939.66,939.66
ACC100810,ACC100202,1,351.27,351.27
ACC100810,ACC100237,1,1695.65,1695.65
ACC100810,ACC100496,1,626.49,626.49
ACC100810,ACC100612,1,444.16,444.16
ACC100810,ACC100656,1,2856.53,2856.53
ACC100810,ACC100679,1,1013.84,1013.84
ACC100810,ACC100705,1,5949.21,5949.21
ACC100810,ACC100867,1,2910.14,2910.14
ACC100810,ACC100899,1,196.87,196.87
ACC100811,ACC100086,1,300.61,300.61
ACC100811,ACC100286,1,317.04,317.04
ACC100811,ACC100309,1,1751.95,1751.95
ACC100811,ACC100553,1,105.49,105.49
ACC100811,ACC100718,1,766.63,766.63
ACC100811,ACC100770,1,203.37,203.37
ACC100811,ACC100961,1,965.58,965.58
ACC100811,ACC100989,1,4355.99,4355.99
ACC100812,ACC100030,1,7497.0,7497.0
ACC100812,ACC100118,1,495.04,495.04
ACC100812,ACC100208,1,110.42,110.42
ACC100812,ACC100425,1,18521.66,18521.66
ACC100812,ACC100520,1,501.34,501.34
ACC100812,ACC100784,1,1087.2,1087.2
ACC100813,ACC100102,1,249.05,249.05
ACC100813,ACC100194,1,2847.18,2847.18
ACC100813,ACC100216,1,1694.34,1694.34
ACC100813,ACC100397,1,4305.01,4305.01
ACC100813,ACC100444,1,1299.12,1299.12
ACC100813,ACC100596,1,826.71,826.71
ACC100813,ACC100607,1,3450.19,3450.19
ACC100813,ACC100747,1,3288.26,3288.26
ACC100813,ACC100848,1,1485.2,1485.2
ACC100813,ACC100908,1,314.4,314.4
ACC100813,ACC100948,1,220.95,220.95
ACC100813,ACC100993,1,2109.68,2109.68
ACC100814,ACC100059,1,433.61,433.61
ACC100814,ACC100329,1,789.63,789.63
ACC100814,ACC100341,1,4085.73,4085.73
ACC100814,ACC100494,1,2587.47,2587.47
ACC100814,ACC100551,1,7169.16,7169.16
ACC100814,ACC100708,1,586.23,586.23
ACC100814,ACC100918,1,864.92,864.92
ACC100814,ACC100995,1,3844.4,3844.4
ACC100815,ACC100007,1,7650.78,7650.78
ACC100815,ACC100089,1,287.83,287.83
ACC100815,ACC100150,1,2153.77,2153.77
ACC100815,ACC100298,1,6947.11,6947.11
ACC100815,ACC100440,1,409.89,409.89
ACC100815,ACC100483,1,1968.12,1968.12
ACC100815,ACC100514,1,251.46,251.46
ACC100815,ACC100661,1,115.52,115.52
ACC100815,ACC100769,1,2292.0,2292.0
ACC100815,ACC100816,1,1547.46,1547.46
ACC100815,ACC100887,1,340.13,340.13
ACC100816,ACC100008,1,342.29,342.29
ACC100816,ACC100030,1,5785.0,5785.0
ACC100816,ACC100036,1,2706.61,2706.61
ACC100816,ACC100045,1,280.85,280.85
ACC100816,ACC100098,1,1933.92,1933.92
ACC100816,ACC100220,1,717.04,717.04
ACC100816,ACC100241,1,1433.08,1433.08
ACC100816,ACC100418,1,1599.57,1599.57
ACC100816,ACC100707,1,1153.29,1153.29
ACC100816,ACC100710,1,5194.21,5194.21
ACC100816,ACC100738,1,1067.18,1067.18
ACC100816,ACC100757,1,1510.65,1510.65
ACC100816,ACC100802,1,3325.22,3325.22
ACC100816,ACC100873,1,93.55,93.55
ACC100816,ACC100956,1,676.95,676.95
ACC100817,ACC100034,1,782.68,782.68
ACC100817,ACC100052,1,282.11,282.11
ACC100817,ACC100180,1,248.53,248.53
ACC100817,ACC100371,1,1445.2,1445.2
ACC100817,ACC100472,1,2065.27,2065.27
ACC100817,ACC100525,1,329.07,329.07
ACC100817,ACC100593,1,307.98,307.98
ACC100817,ACC100616,1,654.06,654.06
ACC100817,ACC100618,1,1793.2,1793.2
ACC100817,ACC100644,1,1808.71,1808.71
ACC100817,ACC100658,1,842.81,842.81
ACC100817,ACC100790,1,625.49,625.49
ACC100817,ACC100857,1,880.43,880.43
ACC100818,ACC100196,1,10395.53,10395.53
ACC100818,ACC100206,1,153.1,153.1
ACC100818,ACC100444,1,1535.42,1535.42
ACC100818,ACC100519,1,598.61,598.61
ACC100818,ACC100630,1,596.32,596.32
ACC100818,ACC100688,1,335.59,335.59
ACC100818,ACC100733,1,5593.64,5593.64
ACC100818,ACC100825,1,365.29,365.29
ACC100818,ACC100889,1,2524.83,2524.83
ACC100818,ACC100910,1,4429.27,4429.27
ACC100818,ACC100946,1,258.29,258.29
ACC100819,ACC100079,1,57.97,57.97
ACC100819,ACC100088,1,181.58,181.58
ACC100819,ACC100110,1,547.48,547.48
ACC100819,ACC100371,1,3033.15,3033.15
ACC100819,ACC100432,1,11337.0,11337.0
ACC100819,ACC100490,1,1962.17,1962.17
ACC100819,ACC100549,1,61.92,61.92
ACC100819,ACC100599,1,1993.85,1993.85
ACC100819,ACC100757,1,650.61,650.61
ACC100820,ACC100175,1,1276.12,1276.12
ACC100820,ACC100283,1,920.54,920.54
ACC100820,ACC100289,1,1258.22,1258.22
ACC100820,ACC100314,1,804.65,804.65
ACC100820,ACC100354,1,2071.14,2071.14
ACC100820,ACC100448,1,1718.76,1718.76
ACC100820,ACC100652,1,711.72,711.72
ACC100820,ACC100659,1,2109.37,2109.37
ACC100820,ACC100703,1,3856.56,3856.56
ACC100820,ACC100727,1,2590.31,2590.31
ACC100820,ACC100748,1,4976.93,4976.93
ACC100820,ACC100847,1,1644.93,1644.93
ACC100820,ACC100868,1,99.08,99.08
ACC100820,ACC100883,1,8714.68,8714.68
ACC100820,ACC100906,1,540.52,540.52
ACC100820,ACC100954,1,2727.84,2727.84
ACC100821,ACC100006,1,657.02,657.02
ACC100821,ACC100029,1,283.58,283.58
ACC100821,ACC100104,1,13037.0,13037.0
ACC100821,ACC100108,1,507.64,507.64
ACC100821,ACC100427,1,134.61,134.61
ACC100821,ACC100511,1,1340.69,1340.69
ACC100822,ACC100080,1,2112.77,2112.77
ACC100822,ACC100095,1,8061.0,8061.0
ACC100822,ACC100235,1,361.41,361.41
ACC100822,ACC100361,1,2559.81,2559.81
ACC100822,ACC100411,1,210.24,210.24
ACC100822,ACC100430,1,94.89,94.89
ACC100822,ACC100453,1,687.25,687.25
ACC100822,ACC100618,1,5813.55,5813.55
ACC100822,ACC100670,1,294.13,294.13
ACC100823,ACC100122,1,375.28,375.28
ACC100823,ACC100170,1,945.56,945.56
ACC100823,ACC100207,1,66.51,66.51
ACC100823,ACC100307,1,405.79,405.79
ACC100823,ACC100396,1,5530.67,5530.67
ACC100823,ACC100546,1,3615.02,3615.02
ACC100823,ACC100601,1,329.61,329.61
ACC100823,ACC100648,1,1147.55,1147.55
ACC100823,ACC100709,1,1922.84,1922.84
ACC100823,ACC100766,1,723.46,723.46
ACC100823,ACC100793,1,838.29,838.29
ACC100824,ACC100021,1,355.8,355.8
ACC100824,ACC100137,1,2988.87,2988.87
ACC100824,ACC100318,1,1823.33,1823.33
ACC100824,ACC100417,1,810.58,810.58
ACC100824,ACC100461,1,3972.59,3972.59
ACC100824,ACC100470,1,206.14,206.14
ACC100824,ACC100682,1,1201.69,1201.69
ACC100824,ACC100763,1,340.75,340.75
ACC100824,ACC100913,1,13889.76,13889.76
ACC100825,ACC100002,1,1448.83,1448.83
ACC100825,ACC100104,1,1076.69,1076.69
ACC100825,ACC100307,1,3778.66,3778.66
ACC100825,ACC100333,1,1360.43,1360.43
ACC100825,ACC100373,1,1860.74,1860.74
ACC100825,ACC100403,1,83.69,83.69
ACC100825,ACC100498,1,2104.76,2104.76
ACC100825,ACC100608,1,2694.19,2694.19
ACC100825,ACC100765,1,2519.37,2519.37
ACC100825,ACC100766,1,2094.27,2094.27
ACC100825,ACC100815,1,12398.33,12398.33
ACC100825,ACC100881,1,120.56,120.56
ACC100825,ACC100952,1,252.44,252.44
ACC100826,ACC100002,1,1370.98,1370.98
ACC100826,ACC100162,1,886.08,886.08
ACC100826,ACC100169,1,213.69,213.69
ACC100826,ACC100254,1,100.46,100.46
ACC100826,ACC100268,1,811.37,811.37
ACC100826,ACC100322,1,2703.32,2703.32
ACC100826,ACC100541,1,638.58,638.58
ACC100826,ACC100546,1,1365.63,1365.63
ACC100826,ACC100594,1,1148.46,1148.46
ACC100826,ACC100636,1,621.54,621.54
ACC100826,ACC100654,2,6378.78,3189.39
ACC100826,ACC100669,1,1331.06,1331.06
ACC100826,ACC100705,1,7292.05,7292.05
ACC100826,ACC100756,1,462.53,462.53
ACC100826,ACC100757,1,1215.62,1215.62
ACC100826,ACC100926,1,2181.38,2181.38
ACC100827,ACC100184,1,679.95,679.95
ACC100827,ACC100197,1,4446.18,4446.18
ACC100827,ACC100238,1,2571.9,2571.9
ACC100827,ACC100402,1,1033.27,1033.27
ACC100827,ACC100554,1,738.38,738.38
ACC100827,ACC100814,1,3689.8,3689.8
ACC100827,ACC100892,1,879.88,879.88
ACC100827,ACC100930,1,381.96,381.96
ACC100828,ACC100122,1,185.34,185.34
ACC100828,ACC100135,1,2155.37,2155.37
ACC100828,ACC100278,1,362.71,362.71
ACC100828,ACC100381,1,16374.23,16374.23
ACC100828,ACC100387,1,86.18,86.18
ACC100828,ACC100576,1,83.65,83.65
ACC100828,ACC100591,1,2570.17,2570.17
ACC100828,ACC100826,1,1207.17,1207.17
ACC100828,ACC100844,1,1590.08,1590.08
ACC100828,ACC100984,1,2102.45,2102.45
ACC100829,ACC100098,1,549.03,549.03
ACC100829,ACC100184,1,824.27,824.27
ACC100829,ACC100463,1,6488.71,6488.71
ACC100829,ACC100477,1,865.12,865.12
ACC100829,ACC100654,1,13299.0,13299.0
ACC100829,ACC100674,1,174.18,174.18
ACC100829,ACC100799,1,414.16,414.16
ACC100829,ACC100821,1,1814.67,1814.67
ACC100830,ACC100125,1,1188.23,1188.23
ACC100830,ACC100131,1,883.81,883.81
ACC100830,ACC100185,1,578.27,578.27
ACC100830,ACC100251,1,870.55,870.55
ACC100830,ACC100307,1,37626.18,37626.18
ACC100830,ACC100362,1,1619.68,1619.68
ACC100830,ACC100378,1,128.1,128.1
ACC100830,ACC100399,1,3287.96,3287.96
ACC100830,ACC100483,1,888.88,888.88
ACC100830,ACC100531,1,4534.41,4534.41
ACC100830,ACC100716,1,990.8,990.8
ACC100830,ACC100723,1,530.09,530.09
ACC100830,ACC100724,1,233.13,233.13
ACC100830,ACC100744,1,963.97,963.97
ACC100830,ACC100790,1,4217.58,4217.58
ACC100830,ACC100883,1,6576.75,6576.75
ACC100831,ACC100062,1,1732.03,1732.03
ACC100831,ACC100144,1,659.94,659.94
ACC100831,ACC100155,1,703.6,703.6
ACC100831,ACC100397,1,921.87,921.87
ACC100831,ACC100407,1,32.63,32.63
ACC100831,ACC100420,1,2691.94,2691.94
ACC100831,ACC100472,1,644.7,644.7
ACC100831,ACC100550,1,496.02,496.02
ACC100831,ACC100709,1,1540.18,1540.18
ACC100831,ACC100767,1,1970.1,1970.1
ACC100831,ACC100830,1,5003.94,5003.94
ACC100832,ACC100151,1,2046.4,2046.4
ACC100832,ACC100224,1,2262.15,2262.15
ACC100832,ACC100227,1,830.94,830.94
ACC100832,ACC100327,1,388.41,388.41
ACC100832,ACC100335,1,291.17,291.17
ACC100832,ACC100629,1,1328.7,1328.7
ACC100832,ACC100821,1,792.57,792.57
ACC100832,ACC100839,1,1399.11,1399.11
ACC100832,ACC100890,1,1269.62,1269.62
ACC100832,ACC100909,1,77.9,77.9
ACC100833,ACC100015,1,830.12,830.12
ACC100833,ACC100146,1,131.53,131.53
ACC100833,ACC100155,1,277.69,277.69
ACC100833,ACC100238,1,14241.0,14241.0
ACC100833,ACC100340,1,10536.2,10536.2
ACC100833,ACC100405,1,847.85,847.85
ACC100833,ACC100449,1,2570.88,2570.88
ACC100833,ACC100588,1,1191.83,1191.83
ACC100834,ACC100080,1,1883.69,1883.69
ACC100834,ACC100349,1,3523.92,3523.92
ACC100834,ACC100382,1,3118.5,3118.5
ACC100834,ACC100397,1,232.03,232.03
ACC100834,ACC100403,1,2698.18,2698.18
ACC100834,ACC100480,1,4283.85,4283.85
ACC100834,ACC100569,1,6430.06,6430.06
ACC100834,ACC100572,1,1659.35,1659.35
ACC100834,ACC100840,1,1097.57,1097.57
ACC100835,ACC100016,1,1471.94,1471.94
ACC100835,ACC100119,1,1834.83,1834.83
ACC100835,ACC100204,1,1439.69,1439.69
ACC100835,ACC100334,1,599.28,599.28
ACC100835,ACC100380,1,308.99,308.99
ACC100835,ACC100388,1,801.71,801.71
ACC100835,ACC100404,1,2440.95,2440.95
ACC100835,ACC100454,1,12829.34,12829.34
ACC100835,ACC100459,1,416.41,416.41
ACC100835,ACC100528,1,1399.04,1399.04
ACC100835,ACC100678,1,403.36,403.36
ACC100835,ACC100827,1,356.73,356.73
ACC100835,ACC100956,1,801.16,801.16
ACC100836,ACC100245,1,1629.14,1629.14
ACC100836,ACC100390,1,3304.91,3304.91
ACC100836,ACC100442,1,317.7,317.7
ACC100836,ACC100486,1,2251.0,2251.0
ACC100836,ACC100506,1,1090.8,1090.8
ACC100836,ACC100529,1,250.92,250.92
ACC100836,ACC100673,1,111.72,111.72
ACC100836,ACC100709,1,9184.89,9184.89
ACC100836,ACC100797,1,1555.22,1555.22
ACC100836,ACC100860,1,2156.26,2156.26
ACC100836,ACC100872,1,745.6,745.6
ACC100836,ACC100888,1,5732.63,5732.63
ACC100837,ACC100195,1,1306.95,1306.95
ACC100837,ACC100258,1,4449.72,4449.72
ACC100837,ACC100302,1,419.36,419.36
ACC100837,ACC100334,1,4674.59,4674.59
ACC100837,ACC100527,1,809.04,809.04
ACC100837,ACC100614,1,2100.38,2100.38
ACC100837,ACC100711,1,3096.84,3096.84
ACC100837,ACC100731,1,978.19,978.19
ACC100837,ACC100758,1,487.08,487.08
ACC100837,ACC100812,1,1183.65,1183.65
ACC100838,ACC100248,1,3237.29,3237.29
ACC100838,ACC100284,1,256.51,256.51
ACC100838,ACC100597,1,253.24,253.24
ACC100838,ACC100788,1,4144.27,4144.27
ACC100838,ACC100938,1,1886.47,1886.47
ACC100839,ACC100074,1,2199.79,2199.79
ACC100839,ACC100240,1,1816.48,1816.48
ACC100839,ACC100270,1,240.5,240.5
ACC100839,ACC100577,1,4908.72,4908.72
ACC100839,ACC100649,1,1749.64,1749.64
ACC100839,ACC100690,1,243.13,243.13
ACC100839,ACC100845,1,1388.39,1388.39
ACC100839,ACC100925,1,2864.85,2864.85
ACC100839,ACC100982,1,191.99,191.99
ACC100840,ACC100057,1,518.62,518.62
ACC100840,ACC100384,1,45.96,45.96
ACC100840,ACC100411,1,517.31,517.31
ACC100840,ACC100609,1,1204.94,1204.94
ACC100840,ACC100727,1,243.43,243.43
ACC100840,ACC100801,1,303.9,303.9
ACC100841,ACC100126,1,214.51,214.51
ACC100841,ACC100232,1,4912.0,4912.0
ACC100841,ACC100248,1,232.23,232.23
ACC100841,ACC100348,1,452.33,452.33
ACC100841,ACC100396,1,695.92,695.92
ACC100841,ACC100399,1,751.73,751.73
ACC100841,ACC100421,1,589.5,589.5
ACC100841,ACC100425,1,704.67,704.67
ACC100841,ACC100788,1,2990.73,2990.73
ACC100841,ACC100944,1,1016.33,1016.33
ACC100842,ACC100164,1,546.21,546.21
ACC100842,ACC100279,1,509.78,509.78
ACC100842,ACC100357,1,1605.1,1605.1
ACC100842,ACC100468,1,11105.51,11105.51
ACC100842,ACC100588,1,564.04,564.04
ACC100842,ACC100746,1,1190.96,1190.96
ACC100842,ACC100846,1,3368.71,3368.71
ACC100842,ACC100981,1,2545.05,2545.05
ACC100843,ACC100146,1,1201.19,1201.19
ACC100843,ACC100166,1,177.8,177.8
ACC100843,ACC100175,1,202.8,202.8
ACC100843,ACC100223,1,6626.0,6626.0
ACC100843,ACC100426,1,109.36,109.36
ACC100843,ACC100575,1,539.92,539.92
ACC100843,ACC100641,1,3392.17,3392.17
ACC100843,ACC100793,1,1331.77,1331.77
ACC100843,ACC100969,1,2802.1,2802.1
ACC100844,ACC100014,1,17975.75,17975.75
ACC100844,ACC100266,1,526.12,526.12
ACC100844,ACC100327,1,69.24,69.24
ACC100844,ACC100431,1,560.37,560.37
ACC100844,ACC100540,1,4810.98,4810.98
ACC100844,ACC100709,1,1652.49,1652.49
ACC100844,ACC100917,1,1800.37,1800.37
ACC100845,ACC100006,1,546.74,546.74
ACC100845,ACC100093,1,311.5,311.5
ACC100845,ACC100334,1,264.7,264.7
ACC100845,ACC100514,1,1748.65,1748.65
ACC100845,ACC100659,1,606.04,606.04
ACC100845,ACC100884,1,4054.21,4054.21
ACC100845,ACC100989,1,5353.87,5353.87
ACC100846,ACC100042,1,476.3,476.3
ACC100846,ACC100143,1,3080.96,3080.96
ACC100846,ACC100197,1,3218.74,3218.74
ACC100846,ACC100292,1,3914.31,3914.31
ACC100846,ACC100312,1,2612.12,2612.12
ACC100846,ACC100541,1,2596.82,2596.82
ACC100846,ACC100705,1,1268.18,1268.18
ACC100846,ACC100944,1,869.38,869.38
ACC100847,ACC100070,1,9898.36,9898.36
ACC100847,ACC100099,1,905.16,905.16
ACC100847,ACC100139,1,122.49,122.49
ACC100847,ACC100144,1,3466.78,3466.78
ACC100847,ACC100229,1,645.25,645.25
ACC100847,ACC100241,1,3066.61,3066.61
ACC100847,ACC100346,1,4024.88,4024.88
ACC100847,ACC100389,1,9948.01,9948.01
ACC100847,ACC100568,1,480.04,480.04
ACC100847,ACC100669,1,473.02,473.02
ACC100847,ACC100760,1,1146.38,1146.38
ACC100847,ACC100953,1,763.43,763.43
ACC100848,ACC100273,1,421.51,421.51
ACC100848,ACC100276,1,391.15,391.15
ACC100848,ACC100366,1,1429.97,1429.97
ACC100848,ACC100417,1,126.36,126.36
ACC100848,ACC100590,1,217.93,217.93
ACC100848,ACC100755,1,421.81,421.81
ACC100848,ACC100862,1,179.78,179.78
ACC100848,ACC100913,1,8511.0,8511.0
ACC100848,ACC100930,1,727.12,727.12
ACC100849,ACC100096,1,898.69,898.69
ACC100849,ACC100125,1,1163.12,1163.12
ACC100849,ACC100148,1,2114.49,2114.49
ACC100849,ACC100230,1,712.43,712.43
ACC100849,ACC100393,1,407.02,407.02
ACC100849,ACC100564,1,319.04,319.04
ACC100849,ACC100646,1,3875.29,3875.29
ACC100849,ACC100899,1,8368.76,8368.76
ACC100850,ACC100104,1,2047.67,2047.67
ACC100850,ACC100123,1,23205.75,23205.75
ACC100850,ACC100143,1,222.84,222.84
ACC100850,ACC100238,1,11619.0,11619.0
ACC100850,ACC100282,1,709.59,709.59
ACC100850,ACC100440,1,403.84,403.84
ACC100850,ACC100476,1,599.02,599.02
ACC100850,ACC100588,1,813.1,813.1
ACC100850,ACC100617,1,9030.52,9030.52
ACC100850,ACC100651,1,565.4,565.4
ACC100850,ACC100874,1,2304.8,2304.8
ACC100850,ACC100893,1,5350.89,5350.89
ACC100850,ACC100958,1,3635.14,3635.14
ACC100851,ACC100028,1,638.17,638.17
ACC100851,ACC100042,1,867.13,867.13
ACC100851,ACC100068,1,2738.62,2738.62
ACC100851,ACC100104,1,684.68,684.68
ACC100851,ACC100262,1,909.09,909.09
ACC100851,ACC100323,1,1706.74,1706.74
ACC100851,ACC100525,1,372.13,372.13
ACC100851,ACC100658,1,724.42,724.42
ACC100851,ACC100693,1,2844.83,2844.83
ACC100851,ACC100758,1,1630.75,1630.75
ACC100851,ACC100800,1,351.77,351.77
ACC100851,ACC100814,1,4194.87,4194.87
ACC100851,ACC100940,1,706.95,706.95
ACC100852,ACC100006,1,2024.77,2024.77
ACC100852,ACC100317,1,827.68,827.68
ACC100852,ACC100390,1,261.83,261.83
ACC100852,ACC100517,1,83.04,83.04
ACC100852,ACC100610,1,969.8,969.8
ACC100852,ACC100687,1,1378.17,1378.17
ACC100852,ACC100706,1,293.28,293.28
ACC100852,ACC100758,1,12272.0,12272.0
ACC100852,ACC100792,1,1279.39,1279.39
ACC100853,ACC100107,1,1376.48,1376.48
ACC100853,ACC100115,1,1537.9,1537.9
ACC100853,ACC100202,1,720.66,720.66
ACC100853,ACC100307,1,1258.12,1258.12
ACC100853,ACC100397,1,4369.65,4369.65
ACC100853,ACC100493,1,3235.05,3235.05
ACC100853,ACC100722,1,278.52,278.52
ACC100853,ACC100781,1,1872.89,1872.89
ACC100853,ACC100794,1,1278.29,1278.29
ACC100853,ACC100828,1,1096.04,1096.04
ACC100853,ACC100892,1,1539.88,1539.88
ACC100853,ACC100948,1,3559.68,3559.68
ACC100853,ACC100988,1,755.88,755.88
ACC100853,ACC100996,1,1339.6,1339.6
ACC100854,ACC100006,1,2506.9,2506.9
ACC100854,ACC100066,1,370.51,370.51
ACC100854,ACC100137,1,2036.7,2036.7
ACC100854,ACC100185,1,491.55,491.55
ACC100854,ACC100206,1,343.19,343.19
ACC100854,ACC100549,1,2410.69,2410.69
ACC100854,ACC100627,1,770.81,770.81
ACC100854,ACC100737,1,414.28,414.28
ACC100854,ACC100754,1,13794.0,13794.0
ACC100854,ACC100868,1,2732.41,2732.41
ACC100854,ACC100959,1,3978.55,3978.55
ACC100855,ACC100106,1,3622.9,3622.9
ACC100855,ACC100185,1,78.8,78.8
ACC100855,ACC100224,1,3045.44,3045.44
ACC100855,ACC100394,1,6284.95,6284.95
ACC100855,ACC100425,1,626.41,626.41
ACC100855,ACC100435,1,93.19,93.19
ACC100855,ACC100469,1,1178.64,1178.64
ACC100855,ACC100574,1,1468.18,1468.18
ACC100855,ACC100624,1,356.6,356.6
ACC100855,ACC100636,2,1304.1799999999998,652.0899999999999
ACC100855,ACC100817,1,217.75,217.75
ACC100855,ACC100854,1,741.57,741.57
ACC100855,ACC100873,1,739.34,739.34
ACC100855,ACC100908,1,1353.9,1353.9
ACC100856,ACC100034,1,339.31,339.31
ACC100856,ACC100247,1,883.13,883.13
ACC100856,ACC100325,1,644.41,644.41
ACC100856,ACC100479,1,948.47,948.47
ACC100856,ACC100500,1,865.28,865.28
ACC100856,ACC100511,1,1362.42,1362.42
ACC100856,ACC100536,1,1867.07,1867.07
ACC100856,ACC100548,1,249.26,249.26
ACC100856,ACC100757,1,464.41,464.41
ACC100856,ACC100838,1,677.27,677.27
ACC100856,ACC100880,1,4234.09,4234.09
ACC100857,ACC100100,1,1356.82,1356.82
ACC100857,ACC100209,1,852.06,852.06
ACC100857,ACC100224,1,1893.29,1893.29
ACC100857,ACC100294,1,941.08,941.08
ACC100857,ACC100375,1,593.63,593.63
ACC100857,ACC100542,1,1052.64,1052.64
ACC100857,ACC100611,1,675.84,675.84
ACC100857,ACC100871,1,2224.29,2224.29
ACC100857,ACC100968,1,1589.48,1589.48
ACC100858,ACC100227,1,97.55,97.55
ACC100858,ACC100408,1,2448.69,2448.69
ACC100858,ACC100434,1,1472.74,1472.74
ACC100858,ACC100520,1,3550.02,3550.02
ACC100858,ACC100534,1,7712.22,7712.22
ACC100858,ACC100640,1,395.55,395.55
ACC100858,ACC100671,1,688.05,688.05
ACC100858,ACC100821,1,243.6,243.6
ACC100858,ACC100866,1,431.71,431.71
ACC100858,ACC100912,1,2185.59,2185.59
ACC100858,ACC100997,1,2515.09,2515.09
ACC100859,ACC100054,1,3154.42,3154.42
ACC100859,ACC100063,1,784.15,784.15
ACC100859,ACC100219,1,4241.98,4241.98
ACC100859,ACC100236,1,1115.81,1115.81
ACC100859,ACC100354,1,1094.21,1094.21
ACC100859,ACC100423,1,1745.95,1745.95
ACC100859,ACC100425,1,926.83,926.83
ACC100859,ACC100504,1,1656.67,1656.67
ACC100859,ACC100630,1,6562.48,6562.48
ACC100859,ACC100640,1,4414.25,4414.25
ACC100859,ACC100693,1,234.4,234.4
ACC100859,ACC100696,1,826.75,826.75
ACC100859,ACC100908,1,2166.89,2166.89
ACC100860,ACC100017,1,2903.48,2903.48
ACC100860,ACC100251,1,308.29,308.29
ACC100860,ACC100256,1,1572.13,1572.13
ACC100860,ACC100308,1,766.18,766.18
ACC100860,ACC100368,1,3339.97,3339.97
ACC100860,ACC100447,1,6627.57,6627.57
ACC100860,ACC100489,1,1436.48,1436.48
ACC100860,ACC100502,1,16847.91,16847.91
ACC100860,ACC100522,1,1545.62,1545.62
ACC100860,ACC100870,1,2267.99,2267.99
ACC100860,ACC100921,1,142.67,142.67
ACC100861,ACC100003,1,3386.38,3386.38
ACC100861,ACC100009,1,1281.17,1281.17
ACC100861,ACC100108,1,2457.16,2457.16
ACC100861,ACC100165,1,2928.83,2928.83
ACC100861,ACC100587,1,6234.3,6234.3
ACC100861,ACC100745,1,5935.77,5935.77
ACC100861,ACC100757,1,4104.69,4104.69
ACC100861,ACC100805,1,1167.14,1167.14
ACC100861,ACC100906,1,108.02,108.02
ACC100861,ACC100992,1,1254.48,1254.48
ACC100862,ACC100025,1,3949.0,3949.0
ACC100862,ACC100040,1,536.67,536.67
ACC100862,ACC100165,1,3894.89,3894.89
ACC100862,ACC100305,1,518.26,518.26
ACC100862,ACC100437,1,11000.85,11000.85
ACC100862,ACC100641,1,822.91,822.91
ACC100862,ACC100755,1,1695.86,1695.86
ACC100862,ACC100829,1,883.46,883.46
ACC100862,ACC100973,1,1503.72,1503.72
ACC100863,ACC100112,1,2796.42,2796.42
ACC100863,ACC100119,1,2975.79,2975.79
ACC100863,ACC100181,1,863.98,863.98
ACC100863,ACC100258,1,380.09,380.09
ACC100863,ACC100260,1,111.23,111.23
ACC100863,ACC100341,1,1949.16,1949.16
ACC100863,ACC100382,1,913.57,913.57
ACC100863,ACC100402,1,723.93,723.93
ACC100863,ACC100552,1,1948.38,1948.38
ACC100863,ACC100646,1,1306.42,1306.42
ACC100863,ACC100718,1,5662.28,5662.28
ACC100863,ACC100952,1,1290.11,1290.11
ACC100864,ACC100129,1,11162.73,11162.73
ACC100864,ACC100132,1,3616.29,3616.29
ACC100864,ACC100260,1,474.01,474.01
ACC100864,ACC100319,1,2176.32,2176.32
ACC100864,ACC100445,1,1045.57,1045.57
ACC100864,ACC100474,1,350.67,350.67
ACC100864,ACC100501,1,1977.09,1977.09
ACC100864,ACC100569,1,530.44,530.44
ACC100864,ACC100696,1,824.29,824.29
ACC100864,ACC100745,1,1387.7,1387.7
ACC100865,ACC100092,1,464.47,464.47
ACC100865,ACC100203,1,11355.0,11355.0
ACC100865,ACC100310,1,126.95,126.95
ACC100865,ACC100380,1,1956.14,1956.14
ACC100865,ACC100445,1,162.14,162.14
ACC100865,ACC100451,1,1530.01,1530.01
ACC100865,ACC100625,1,2097.71,2097.71
ACC100865,ACC100651,1,4133.03,4133.03
ACC100865,ACC100703,1,515.94,515.94
ACC100865,ACC100770,1,1828.02,1828.02
ACC100865,ACC100901,1,297.69,297.69
ACC100866,ACC100020,1,822.85,822.85
ACC100866,ACC100088,1,264.27,264.27
ACC100866,ACC100422,1,340.87,340.87
ACC100866,ACC100509,1,1804.57,1804.57
ACC100866,ACC100599,1,1244.52,1244.52
ACC100866,ACC100619,1,4079.54,4079.54
ACC100866,ACC100737,1,1691.5,1691.5
ACC100866,ACC100753,1,170.2,170.2
ACC100867,ACC100130,1,545.94,545.94
ACC100867,ACC100176,1,199.03,199.03
ACC100867,ACC100309,1,293.78,293.78
ACC100867,ACC100327,1,254.51,254.51
ACC100867,ACC100351,1,2389.75,2389.75
ACC100867,ACC100473,1,4178.29,4178.29
ACC100867,ACC100525,1,1216.97,1216.97
ACC100867,ACC100811,1,336.92,336.92
ACC100867,ACC100970,1,1006.22,1006.22
ACC100868,ACC100022,1,1975.93,1975.93
ACC100868,ACC100235,1,391.5,391.5
ACC100868,ACC100295,1,196.63,196.63
ACC100868,ACC100311,1,237.46,237.46
ACC100868,ACC100532,1,241.68,241.68
ACC100868,ACC100796,1,305.32,305.32
ACC100868,ACC100851,1,367.19,367.19
ACC100869,ACC100033,1,922.69,922.69
ACC100869,ACC100051,1,2194.99,2194.99
ACC100869,ACC100055,1,1470.37,1470.37
ACC100869,ACC100519,1,2302.54,2302.54
ACC100869,ACC100537,1,16081.41,16081.41
ACC100869,ACC100757,1,236.28,236.28
ACC100869,ACC100841,1,248.44,248.44
ACC100869,ACC100883,1,1282.81,1282.81
ACC100869,ACC100958,1,2001.81,2001.81
ACC100869,ACC100986,1,645.22,645.22
ACC100870,ACC100011,1,25279.74,25279.74
ACC100870,ACC100021,1,329.64,329.64
ACC100870,ACC100184,1,4678.13,4678.13
ACC100870,ACC100368,1,2413.19,2413.19
ACC100870,ACC100392,1,3041.49,3041.49
ACC100870,ACC100755,1,937.33,937.33
ACC100870,ACC100858,1,2018.84,2018.84
ACC100870,ACC100936,1,1453.75,1453.75
ACC100871,ACC100086,1,3378.94,3378.94
ACC100871,ACC100258,1,196.85,196.85
ACC100871,ACC100269,1,3187.98,3187.98
ACC100871,ACC100284,1,7538.0,7538.0
ACC100871,ACC100352,1,437.14,437.14
ACC100871,ACC100389,1,692.79,692.79
ACC100871,ACC100404,1,1169.1,1169.1
ACC100871,ACC100480,1,291.67,291.67
ACC100871,ACC100769,1,2354.2,2354.2
ACC100871,ACC100784,1,441.84,441.84
ACC100871,ACC100814,1,673.01,673.01
ACC100872,ACC100046,1,6307.1,6307.1
ACC100872,ACC100213,1,210.18,210.18
ACC100872,ACC100297,1,30119.09,30119.09
ACC100872,ACC100317,1,302.26,302.26
ACC100872,ACC100396,1,903.75,903.75
ACC100872,ACC100429,1,280.26,280.26
ACC100872,ACC100488,1,274.74,274.74
ACC100872,ACC100592,1,694.75,694.75
ACC100873,ACC100070,1,1161.1,1161.1
ACC100873,ACC100084,1,1479.56,1479.56
ACC100873,ACC100139,1,530.04,530.04
ACC100873,ACC100255,1,232.09,232.09
ACC100873,ACC100298,1,218.62,218.62
ACC100873,ACC100320,1,259.5,259.5
ACC100873,ACC100398,1,924.61,924.61
ACC100873,ACC100546,1,937.5,937.5
ACC100873,ACC100665,1,8060.0,8060.0
ACC100873,ACC100670,1,456.03,456.03
ACC100873,ACC100724,1,2181.48,2181.48
ACC100873,ACC100983,1,294.61,294.61
ACC100873,ACC100996,1,3519.0,3519.0
ACC100874,ACC100074,1,230.32,230.32
ACC100874,ACC100160,1,430.6,430.6
ACC100874,ACC100166,1,92.05,92.05
ACC100874,ACC100585,1,1081.06,1081.06
ACC100874,ACC100961,1,2007.37,2007.37
ACC100875,ACC100175,1,948.31,948.31
ACC100875,ACC100349,1,3053.59,3053.59
ACC100875,ACC100414,1,435.63,435.63
ACC100875,ACC100420,1,484.48,484.48
ACC100875,ACC100548,1,628.03,628.03
ACC100875,ACC100605,1,2137.65,2137.65
ACC100875,ACC100770,1,1675.47,1675.47
ACC100875,ACC100813,1,185.28,185.28
ACC100875,ACC100856,1,1534.93,1534.93
ACC100875,ACC100884,1,1385.51,1385.51
ACC100876,ACC100006,1,1621.42,1621.42
ACC100876,ACC100132,1,297.7,297.7
ACC100876,ACC100191,1,13833.04,13833.04
ACC100876,ACC100225,1,233.23,233.23
ACC100876,ACC100474,1,573.51,573.51
ACC100876,ACC100619,1,151.58,151.58
ACC100876,ACC100635,1,1089.56,1089.56
ACC100876,ACC100669,1,89.6,89.6
ACC100876,ACC100723,1,763.63,763.63
ACC100876,ACC100733,1,11214.0,11214.0
ACC100876,ACC100737,1,910.18,910.18
ACC100876,ACC100884,1,738.65,738.65
ACC100876,ACC100922,1,762.81,762.81
ACC100876,ACC100973,1,1378.18,1378.18
ACC100877,ACC100092,1,875.33,875.33
ACC100877,ACC100165,1,2532.87,2532.87
ACC100877,ACC100226,1,1113.88,1113.88
ACC100877,ACC100228,1,1116.31,1116.31
ACC100877,ACC100277,1,1622.18,1622.18
ACC100877,ACC100572,1,1679.19,1679.19
ACC100877,ACC100586,1,948.72,948.72
ACC100877,ACC100638,1,3464.98,3464.98
ACC100877,ACC100805,1,301.51,301.51
ACC100877,ACC100825,1,18466.45,18466.45
ACC100878,ACC100155,1,296.66,296.66
ACC100878,ACC100207,1,148.1,148.1
ACC100878,ACC100254,1,9409.9,9409.9
ACC100878,ACC100338,1,175.47,175.47
ACC100878,ACC100348,1,363.79,363.79
ACC100878,ACC100557,1,1912.95,1912.95
ACC100878,ACC100692,1,7892.0,7892.0
ACC100878,ACC100712,1,3435.15,3435.15
ACC100878,ACC100755,1,1791.16,1791.16
ACC100878,ACC100956,1,221.32,221.32
ACC100879,ACC100038,1,175.86,175.86
ACC100879,ACC100044,1,519.93,519.93
ACC100879,ACC100112,1,10535.0,10535.0
ACC100879,ACC100234,1,913.32,913.32
ACC100879,ACC100402,1,899.64,899.64
ACC100879,ACC100581,1,429.94,429.94
ACC100879,ACC100672,1,6429.81,6429.81
ACC100879,ACC100673,1,762.39,762.39
ACC100879,ACC100768,1,1603.73,1603.73
ACC100879,ACC100823,1,1275.63,1275.63
ACC100879,ACC100846,1,4297.57,4297.57
ACC100880,ACC100082,1,21769.57,21769.57
ACC100880,ACC100203,1,6763.96,6763.96
ACC100880,ACC100369,1,16406.67,16406.67
ACC100880,ACC100415,1,115.6,115.6
ACC100880,ACC100572,1,12103.16,12103.16
ACC100880,ACC100673,1,166.69,166.69
ACC100880,ACC100690,1,1512.32,1512.32
ACC100880,ACC100765,1,372.46,372.46
ACC100880,ACC100949,1,1402.6,1402.6
ACC100881,ACC100089,1,12749.0,12749.0
ACC100881,ACC100148,1,2734.5,2734.5
ACC100881,ACC100184,1,597.72,597.72
ACC100881,ACC100229,1,2754.52,2754.52
ACC100881,ACC100257,1,727.91,727.91
ACC100881,ACC100288,1,555.49,555.49
ACC100881,ACC100340,1,219.37,219.37
ACC100881,ACC100414,1,1410.13,1410.13
ACC100881,ACC100435,1,774.74,774.74
ACC100881,ACC100450,1,11595.93,11595.93
ACC100881,ACC100614,1,310.35,310.35
ACC100881,ACC100816,1,1302.46,1302.46
ACC100881,ACC100859,1,7144.73,7144.73
ACC100881,ACC100937,1,1869.8,1869.8
ACC100882,ACC100031,1,294.09,294.09
ACC100882,ACC100169,1,758.86,758.86
ACC100882,ACC100292,1,1359.72,1359.72
ACC100882,ACC100531,1,4612.98,4612.98
ACC100882,ACC100627,1,3114.57,3114.57
ACC100882,ACC100704,1,4120.61,4120.61
ACC100882,ACC100849,1,5980.5,5980.5
ACC100882,ACC100862,1,353.44,353.44
ACC100883,ACC100030,1,4142.6,4142.6
ACC100883,ACC100137,1,202.32,202.32
ACC100883,ACC100141,1,1259.14,1259.14
ACC100883,ACC100191,1,1572.2,1572.2
ACC100883,ACC100222,1,7661.0,7661.0
ACC100883,ACC100683,1,2463.5,2463.5
ACC100883,ACC100700,1,4670.92,4670.92
ACC100883,ACC100800,1,359.68,359.68
ACC100883,ACC100990,1,445.57,445.57
ACC100884,ACC100077,1,2467.19,2467.19
ACC100884,ACC100303,1,1218.31,1218.31
ACC100884,ACC100463,1,1323.43,1323.43
ACC100884,ACC100655,1,4701.32,4701.32
ACC100884,ACC100682,1,6444.77,6444.77
ACC100885,ACC100062,1,1169.94,1169.94
ACC100885,ACC100120,1,696.07,696.07
ACC100885,ACC100140,1,2894.8,2894.8
ACC100885,ACC100229,1,542.01,542.01
ACC100885,ACC100372,1,1776.91,1776.91
ACC100885,ACC100411,1,3773.11,3773.11
ACC100885,ACC100444,1,998.03,998.03
ACC100885,ACC100592,1,938.1,938.1
ACC100885,ACC100662,1,248.97,248.97
ACC100885,ACC100733,1,13679.0,13679.0
ACC100885,ACC100837,1,1373.21,1373.21
ACC100885,ACC100863,1,2133.89,2133.89
ACC100885,ACC100878,1,1434.61,1434.61
ACC100885,ACC100930,1,529.27,529.27
ACC100886,ACC100227,1,855.08,855.08
ACC100886,ACC100242,1,3751.6,3751.6
ACC100886,ACC100281,1,11883.0,11883.0
ACC100886,ACC100394,1,737.7,737.7
ACC100886,ACC100401,1,893.16,893.16
ACC100886,ACC100407,1,170.97,170.97
ACC100886,ACC100607,1,295.78,295.78
ACC100886,ACC100635,1,334.44,334.44
ACC100886,ACC100697,1,387.47,387.47
ACC100886,ACC100720,1,979.85,979.85
ACC100886,ACC100737,1,995.64,995.64
ACC100886,ACC100763,1,439.2,439.2
ACC100886,ACC100808,1,10832.62,10832.62
ACC100886,ACC100835,1,3636.31,3636.31
ACC100887,ACC100032,1,14427.0,14427.0
ACC100887,ACC100065,1,1402.53,1402.53
ACC100887,ACC100105,1,6522.69,6522.69
ACC100887,ACC100130,1,7389.77,7389.77
ACC100887,ACC100288,1,1466.59,1466.59
ACC100887,ACC100398,1,2528.22,2528.22
ACC100887,ACC100400,1,192.5,192.5
ACC100887,ACC100468,1,638.29,638.29
ACC100887,ACC100532,1,592.95,592.95
ACC100887,ACC100602,1,1294.6,1294.6
ACC100887,ACC100634,1,1010.59,1010.59
ACC100887,ACC100745,1,3864.49,3864.49
ACC100887,ACC100955,1,2940.41,2940.41
ACC100887,ACC100998,1,374.01,374.01
ACC100888,ACC100016,1,10119.89,10119.89
ACC100888,ACC100298,1,4715.07,4715.07
ACC100888,ACC100317,1,11881.83,11881.83
ACC100888,ACC100431,1,1099.15,1099.15
ACC100888,ACC100447,1,17588.11,17588.11
ACC100888,ACC100493,1,3532.71,3532.71
ACC100888,ACC100613,1,868.65,868.65
ACC100888,ACC100716,1,860.16,860.16
ACC100888,ACC100864,1,1504.82,1504.82
ACC100888,ACC100979,1,478.74,478.74
ACC100889,ACC100060,1,977.49,977.49
ACC100889,ACC100103,1,264.08,264.08
ACC100889,ACC100141,1,1599.58,1599.58
ACC100889,ACC100178,1,11099.23,11099.23
ACC100889,ACC100574,1,1179.04,1179.04
ACC100889,ACC100711,1,4864.26,4864.26
ACC100889,ACC100801,1,3851.84,3851.84
ACC100889,ACC100828,1,491.15,491.15
ACC100889,ACC100909,1,1720.58,1720.58
ACC100889,ACC100983,1,3597.34,3597.34
ACC100890,ACC100169,1,286.31,286.31
ACC100890,ACC100445,1,1813.84,1813.84
ACC100890,ACC100503,1,451.98,451.98
ACC100890,ACC100587,1,229.79,229.79
ACC100890,ACC100660,1,1128.1,1128.1
ACC100890,ACC100752,1,1891.76,1891.76
ACC100890,ACC100907,1,304.62,304.62
ACC100890,ACC100919,1,2684.67,2684.67
ACC100890,ACC100995,1,589.16,589.16
ACC100891,ACC100032,2,13706.04,6853.02
ACC100891,ACC100115,1,1305.72,1305.72
ACC100891,ACC100168,1,4468.48,4468.48
ACC100891,ACC100210,1,218.88,218.88
ACC100891,ACC100304,1,2072.86,2072.86
ACC100891,ACC100312,1,177.48,177.48
ACC100891,ACC100371,1,1337.07,1337.07
ACC100891,ACC100428,1,543.82,543.82
ACC100891,ACC100654,1,6150.0,6150.0
ACC100891,ACC100758,1,3202.75,3202.75
ACC100891,ACC100871,1,987.68,987.68
ACC100891,ACC100907,1,880.47,880.47
ACC100892,ACC100025,1,5646.0,5646.0
ACC100892,ACC100094,1,1013.72,1013.72
ACC100892,ACC100131,1,1979.53,1979.53
ACC100892,ACC100203,1,7500.0,7500.0
ACC100892,ACC100297,1,758.92,758.92
ACC100892,ACC100425,1,194.06,194.06
ACC100892,ACC100451,1,5831.64,5831.64
ACC100892,ACC100658,1,724.75,724.75
ACC100892,ACC100849,1,350.01,350.01
ACC100892,ACC100948,1,173.65,173.65
ACC100892,ACC100998,1,140.99,140.99
ACC100893,ACC100104,1,323.5,323.5
ACC100893,ACC100129,1,5835.95,5835.95
ACC100893,ACC100628,1,412.71,412.71
ACC100893,ACC100654,1,1188.1,1188.1
ACC100893,ACC100798,1,108.08,108.08
ACC100893,ACC100907,1,9333.27,9333.27
ACC100893,ACC100919,1,2085.09,2085.09
ACC100894,ACC100068,1,107.88,107.88
ACC100894,ACC100184,1,177.44,177.44
ACC100894,ACC100409,1,1124.2,1124.2
ACC100894,ACC100796,1,168.44,168.44
ACC100894,ACC100815,1,717.7,717.7
ACC100894,ACC100817,1,640.05,640.05
ACC100894,ACC100954,1,949.09,949.09
ACC100895,ACC100056,1,2813.4,2813.4
ACC100895,ACC100081,1,684.22,684.22
ACC100895,ACC100136,1,8782.15,8782.15
ACC100895,ACC100140,1,538.61,538.61
ACC100895,ACC100209,1,1531.49,1531.49
ACC100895,ACC100256,1,236.69,236.69
ACC100895,ACC100338,1,1058.96,1058.96
ACC100895,ACC100408,1,717.26,717.26
ACC100895,ACC100477,1,91.76,91.76
ACC100895,ACC100568,1,117.49,117.49
ACC100895,ACC100574,1,555.22,555.22
ACC100895,ACC100664,1,179.69,179.69
ACC100895,ACC100665,1,12785.0,12785.0
ACC100895,ACC100720,1,3354.75,3354.75
ACC100895,ACC100763,1,1723.76,1723.76
ACC100895,ACC100884,1,1251.63,1251.63
ACC100895,ACC100996,1,165.08,165.08
ACC100896,ACC100120,1,261.84,261.84
ACC100896,ACC100228,1,7573.0,7573.0
ACC100896,ACC100267,1,376.55,376.55
ACC100896,ACC100289,1,1003.3,1003.3
ACC100896,ACC100390,1,1692.81,1692.81
ACC100896,ACC100562,1,466.78,466.78
ACC100896,ACC100741,1,171.87,171.87
ACC100897,ACC100117,1,499.07,499.07
ACC100897,ACC100223,1,623.4,623.4
ACC100897,ACC100386,1,1104.36,1104.36
ACC100897,ACC100550,1,679.48,679.48
ACC100897,ACC100655,1,2095.37,2095.37
ACC100897,ACC100803,1,1325.34,1325.34
ACC100898,ACC100027,1,717.17,717.17
ACC100898,ACC100049,1,73.45,73.45
ACC100898,ACC100079,1,960.29,960.29
ACC100898,ACC100114,1,5504.0,5504.0
ACC100898,ACC100142,1,126.56,126.56
ACC100898,ACC100300,1,679.27,679.27
ACC100898,ACC100364,1,2414.53,2414.53
ACC100898,ACC100420,2,8145.19,4072.595
ACC100898,ACC100543,1,443.66,443.66
ACC100898,ACC100691,1,400.4,400.4
ACC100898,ACC100802,1,3776.56,3776.56
ACC100898,ACC100838,1,10637.81,10637.81
ACC100898,ACC100867,1,1241.62,1241.62
ACC100898,ACC100920,1,3800.99,3800.99
ACC100898,ACC100926,1,4458.7,4458.7
ACC100898,ACC100971,1,147.95,147.95
ACC100899,ACC100064,1,1141.32,1141.32
ACC100899,ACC100232,1,396.28,396.28
ACC100899,ACC100419,1,704.87,704.87
ACC100899,ACC100484,1,4009.38,4009.38
ACC100899,ACC100503,1,2224.82,2224.82
ACC100899,ACC100567,1,1083.74,1083.74
ACC100899,ACC100728,1,598.37,598.37
ACC100899,ACC100861,1,568.08,568.08
ACC100899,ACC100915,1,807.63,807.63
ACC100900,ACC100138,1,8729.1,8729.1
ACC100900,ACC100246,1,9378.57,9378.57
ACC100900,ACC100370,1,1700.67,1700.67
ACC100900,ACC100681,1,311.57,311.57
ACC100900,ACC100689,1,1469.97,1469.97
ACC100900,ACC100947,1,419.16,419.16
ACC100901,ACC100006,1,2649.88,2649.88
ACC100901,ACC100144,1,3223.11,3223.11
ACC100901,ACC100240,1,2394.92,2394.92
ACC100901,ACC100250,1,11938.0,11938.0
ACC100901,ACC100401,1,1898.0,1898.0
ACC100901,ACC100414,1,356.37,356.37
ACC100901,ACC100446,1,7685.65,7685.65
ACC100901,ACC100734,1,2697.25,2697.25
ACC100901,ACC100758,1,9043.0,9043.0
ACC100901,ACC100965,1,2714.04,2714.04
ACC100902,ACC100047,1,141.1,141.1
ACC100902,ACC100175,1,1328.35,1328.35
ACC100902,ACC100358,1,201.5,201.5
ACC100902,ACC100458,1,892.3,892.3
ACC100902,ACC100692,1,11947.0,11947.0
ACC100902,ACC100712,1,279.75,279.75
ACC100902,ACC100743,1,2618.6,2618.6
ACC100902,ACC100831,1,725.05,725.05
ACC100903,ACC100095,1,9427.07,9427.07
ACC100903,ACC100172,1,890.38,890.38
ACC100903,ACC100250,1,12038.0,12038.0
ACC100903,ACC100257,1,2291.66,2291.66
ACC100903,ACC100507,1,4465.93,4465.93
ACC100903,ACC100574,1,4713.5,4713.5
ACC100903,ACC100629,1,357.01,357.01
ACC100903,ACC100635,1,12261.15,12261.15
ACC100903,ACC100637,1,505.84,505.84
ACC100903,ACC100643,1,468.15,468.15
ACC100903,ACC100650,1,447.58,447.58
ACC100903,ACC100790,1,247.78,247.78
ACC100903,ACC100944,1,1309.04,1309.04
ACC100903,ACC100993,1,484.8,484.8
ACC100904,ACC100150,1,547.4,547.4
ACC100904,ACC100456,1,1852.66,1852.66
ACC100904,ACC100523,1,967.14,967.14
ACC100904,ACC100625,1,1800.61,1800.61
ACC100904,ACC100646,1,829.33,829.33
ACC100904,ACC100891,1,1785.23,1785.23
ACC100904,ACC100928,1,672.95,672.95
ACC100905,ACC100000,1,464.61,464.61
ACC100905,ACC100143,1,6639.42,6639.42
ACC100905,ACC100159,1,183.2,183.2
ACC100905,ACC100175,1,750.85,750.85
ACC100905,ACC100645,1,326.12,326.12
ACC100905,ACC100693,1,586.44,586.44
ACC100905,ACC100991,1,1445.14,1445.14
ACC100906,ACC100039,1,911.09,911.09
ACC100906,ACC100066,1,2802.27,2802.27
ACC100906,ACC100140,1,512.48,512.48
ACC100906,ACC100150,1,791.93,791.93
ACC100906,ACC100223,1,10285.0,10285.0
ACC100906,ACC100228,1,9528.0,9528.0
ACC100906,ACC100333,1,6006.0,6006.0
ACC100906,ACC100347,1,465.25,465.25
ACC100906,ACC100423,1,5400.76,5400.76
ACC100906,ACC100640,1,1313.12,1313.12
ACC100906,ACC100798,1,3956.58,3956.58
ACC100906,ACC100904,1,2960.03,2960.03
ACC100906,ACC100949,1,330.35,330.35
ACC100907,ACC100034,1,3452.16,3452.16
ACC100907,ACC100230,1,472.93,472.93
ACC100907,ACC100310,1,6420.0,6420.0
ACC100907,ACC100361,1,4569.47,4569.47
ACC100907,ACC100463,1,3381.18,3381.18
ACC100907,ACC100866,1,704.46,704.46
ACC100908,ACC100000,1,4697.0,4697.0
ACC100908,ACC100047,1,491.98,491.98
ACC100908,ACC100222,1,1782.36,1782.36
ACC100908,ACC100317,1,1391.91,1391.91
ACC100908,ACC100336,1,3161.05,3161.05
ACC100908,ACC100407,1,814.6,814.6
ACC100908,ACC100421,1,1446.04,1446.04
ACC100908,ACC100445,1,225.03,225.03
ACC100908,ACC100455,1,502.72,502.72
ACC100908,ACC100507,1,413.71,413.71
ACC100908,ACC100564,1,1752.35,1752.35
ACC100908,ACC100599,1,27.73,27.73
ACC100908,ACC100679,1,911.01,911.01
ACC100908,ACC100797,1,423.18,423.18
ACC100908,ACC100867,1,4171.14,4171.14
ACC100908,ACC100884,1,1352.35,1352.35
ACC100909,ACC100159,1,903.1,903.1
ACC100909,ACC100201,1,220.03,220.03
ACC100909,ACC100251,1,9276.35,9276.35
ACC100909,ACC100271,1,3826.04,3826.04
ACC100909,ACC100311,1,1046.39,1046.39
ACC100909,ACC100339,1,205.53,205.53
ACC100909,ACC100344,1,7788.79,7788.79
ACC100909,ACC100384,1,463.14,463.14
ACC100909,ACC100703,1,839.77,839.77
ACC100909,ACC100715,1,1681.86,1681.86
ACC100909,ACC100758,1,808.29,808.29
ACC100909,ACC100850,1,618.52,618.52
ACC100909,ACC100878,1,1667.47,1667.47
ACC100909,ACC100923,1,196.1,196.1
ACC100910,ACC100002,1,2282.62,2282.62
ACC100910,ACC100034,1,1466.05,1466.05
ACC100910,ACC100080,1,1319.62,1319.62
ACC100910,ACC100179,1,373.95,373.95
ACC100910,ACC100239,1,249.03,249.03
ACC100910,ACC100292,1,643.29,643.29
ACC100910,ACC100300,1,77.48,77.48
ACC100910,ACC100316,1,3676.53,3676.53
ACC100910,ACC100384,1,313.81,313.81
ACC100910,ACC100416,1,271.03,271.03
ACC100910,ACC100481,1,1466.43,1466.43
ACC100910,ACC100484,1,376.4,376.4
ACC100910,ACC100534,1,1117.04,1117.04
ACC100910,ACC100711,1,972.27,972.27
ACC100910,ACC100922,1,1290.47,1290.47
ACC100911,ACC100019,1,1317.84,1317.84
ACC100911,ACC100043,1,11026.38,11026.38
ACC100911,ACC100140,1,9804.97,9804.97
ACC100911,ACC100194,1,4700.11,4700.11
ACC100911,ACC100219,1,560.37,560.37
ACC100911,ACC100250,1,1176.51,1176.51
ACC100911,ACC100272,1,617.55,617.55
ACC100911,ACC100321,1,2112.92,2112.92
ACC100911,ACC100338,1,2143.86,2143.86
ACC100911,ACC100355,1,462.05,462.05
ACC100911,ACC100395,1,2350.67,2350.67
ACC100911,ACC100604,1,4494.0,4494.0
ACC100911,ACC100611,1,2221.28,2221.28
ACC100911,ACC100748,1,948.25,948.25
ACC100911,ACC100834,1,498.04,498.04
ACC100911,ACC100905,1,342.1,342.1
ACC100912,ACC100165,1,957.58,957.58
ACC100912,ACC100445,1,3362.03,3362.03
ACC100912,ACC100524,1,2040.46,2040.46
ACC100912,ACC100560,1,7509.15,7509.15
ACC100912,ACC100676,1,3130.7,3130.7
ACC100912,ACC100836,1,2019.09,2019.09
ACC100912,ACC100840,1,1003.49,1003.49
ACC100912,ACC100898,1,2367.29,2367.29
ACC100912,ACC100909,1,4226.22,4226.22
ACC100912,ACC100913,1,6995.0,6995.0
ACC100912,ACC100944,1,491.7,491.7
ACC100913,ACC100029,1,888.36,888.36
ACC100913,ACC100104,1,9678.0,9678.0
ACC100913,ACC100190,1,866.45,866.45
ACC100913,ACC100262,1,1272.43,1272.43
ACC100913,ACC100294,1,1413.56,1413.56
ACC100913,ACC100329,1,422.77,422.77
ACC100913,ACC100352,1,106862.83,106862.83
ACC100913,ACC100527,1,77.83,77.83
ACC100913,ACC100640,1,674.64,674.64
ACC100913,ACC100687,1,98.33,98.33
ACC100913,ACC100905,1,227.07,227.07
ACC100913,ACC100971,1,3107.82,3107.82
ACC100914,ACC100076,1,3680.39,3680.39
ACC100914,ACC100084,1,703.03,703.03
ACC100914,ACC100103,1,319.96,319.96
ACC100914,ACC100125,1,1098.39,1098.39
ACC100914,ACC100158,1,366.06,366.06
ACC100914,ACC100273,1,98.76,98.76
ACC100914,ACC100307,1,2846.48,2846.48
ACC100914,ACC100441,1,497.26,497.26
ACC100914,ACC100661,1,1862.56,1862.56
ACC100914,ACC100683,1,2225.34,2225.34
ACC100914,ACC100707,1,1672.14,1672.14
ACC100914,ACC100800,1,802.23,802.23
ACC100914,ACC100805,1,10593.48,10593.48
ACC100915,ACC100020,1,1851.22,1851.22
ACC100915,ACC100156,1,927.66,927.66
ACC100915,ACC100167,1,1908.71,1908.71
ACC100915,ACC100206,1,1449.05,1449.05
ACC100915,ACC100411,1,2123.99,2123.99
ACC100915,ACC100440,1,4656.69,4656.69
ACC100915,ACC100471,1,1034.25,1034.25
ACC100915,ACC100530,1,276.33,276.33
ACC100915,ACC100643,1,2517.97,2517.97
ACC100915,ACC100714,1,192.16,192.16
ACC100915,ACC100754,1,7963.34,7963.34
ACC100915,ACC100807,1,16326.51,16326.51
ACC100915,ACC100978,1,1853.8,1853.8
ACC100916,ACC100240,1,580.21,580.21
ACC100916,ACC100307,1,1570.43,1570.43
ACC100916,ACC100385,1,1446.83,1446.83
ACC100916,ACC100564,1,883.17,883.17
ACC100916,ACC100805,1,5589.49,5589.49
ACC100916,ACC100813,1,1072.55,1072.55
ACC100916,ACC100949,1,69.07,69.07
ACC100917,ACC100007,1,1029.19,1029.19
ACC100917,ACC100014,1,6357.66,6357.66
ACC100917,ACC100044,1,755.28,755.28
ACC100917,ACC100113,1,3846.36,3846.36
ACC100917,ACC100143,1,249.02,249.02
ACC100917,ACC100214,1,1217.53,1217.53
ACC100917,ACC100271,1,1048.8,1048.8
ACC100917,ACC100296,1,1826.93,1826.93
ACC100917,ACC100370,1,504.13,504.13
ACC100917,ACC100467,1,264.57,264.57
ACC100917,ACC100660,1,1949.03,1949.03
ACC100917,ACC100687,1,659.44,659.44
ACC100917,ACC100993,1,1683.96,1683.96
ACC100918,ACC100045,1,327.3,327.3
ACC100918,ACC100068,1,6386.8,6386.8
ACC100918,ACC100080,1,780.82,780.82
ACC100918,ACC100197,1,227.52,227.52
ACC100918,ACC100398,1,301.34,301.34
ACC100918,ACC100532,1,2159.47,2159.47
ACC100918,ACC100600,1,2470.37,2470.37
ACC100918,ACC100655,1,511.69,511.69
ACC100918,ACC100664,1,880.55,880.55
ACC100918,ACC100746,1,320.77,320.77
ACC100918,ACC100844,1,825.1,825.1
ACC100918,ACC100910,1,1153.75,1153.75
ACC100918,ACC100960,1,3088.24,3088.24
ACC100919,ACC100005,1,2577.89,2577.89
ACC100919,ACC100183,1,168.14,168.14
ACC100919,ACC100222,1,4729.75,4729.75
ACC100919,ACC100233,1,678.0,678.0
ACC100919,ACC100388,1,2012.49,2012.49
ACC100919,ACC100495,1,1200.63,1200.63
ACC100919,ACC100542,1,31205.51,31205.51
ACC100919,ACC100572,1,24422.73,24422.73
ACC100919,ACC100701,1,714.76,714.76
ACC100919,ACC100710,1,684.77,684.77
ACC100919,ACC100732,1,2356.61,2356.61
ACC100919,ACC100868,1,8193.9,8193.9
ACC100919,ACC100937,1,3450.69,3450.69
ACC100920,ACC100048,1,607.26,607.26
ACC100920,ACC100083,1,701.36,701.36
ACC100920,ACC100122,1,271.97,271.97
ACC100920,ACC100134,1,461.76,461.76
ACC100920,ACC100332,1,4352.54,4352.54
ACC100920,ACC100339,1,1242.43,1242.43
ACC100920,ACC100400,1,225.23,225.23
ACC100920,ACC100426,1,200.12,200.12
ACC100920,ACC100652,1,2169.93,2169.93
ACC100921,ACC100041,1,2460.89,2460.89
ACC100921,ACC100042,1,171.5,171.5
ACC100921,ACC100102,1,2544.15,2544.15
ACC100921,ACC100198,1,2870.46,2870.46
ACC100921,ACC100288,1,1008.49,1008.49
ACC100921,ACC100414,1,2094.3,2094.3
ACC100921,ACC100474,1,474.64,474.64
ACC100921,ACC100540,1,801.84,801.84
ACC100921,ACC100673,1,777.94,777.94
ACC100921,ACC100674,1,5957.41,5957.41
ACC100921,ACC100764,1,415.22,415.22
ACC100921,ACC100836,1,1196.86,1196.86
ACC100921,ACC100837,1,2040.71,2040.71
ACC100921,ACC100930,1,995.59,995.59
ACC100921,ACC100937,1,7434.93,7434.93
ACC100922,ACC100001,1,1648.64,1648.64
ACC100922,ACC100168,1,6551.79,6551.79
ACC100922,ACC100256,1,757.0,757.0
ACC100922,ACC100321,1,160.05,160.05
ACC100922,ACC100326,1,217.3,217.3
ACC100922,ACC100529,1,6364.35,6364.35
ACC100922,ACC100759,1,3964.0,3964.0
ACC100922,ACC100792,1,2267.77,2267.77
ACC100923,ACC100305,1,1299.82,1299.82
ACC100923,ACC100431,1,2684.97,2684.97
ACC100924,ACC100167,1,798.41,798.41
ACC100924,ACC100295,1,3723.54,3723.54
ACC100924,ACC100351,1,342.41,342.41
ACC100924,ACC100654,1,1308.14,1308.14
ACC100924,ACC100801,1,340.14,340.14
ACC100924,ACC100878,1,100.3,100.3
ACC100924,ACC100903,1,1127.16,1127.16
ACC100925,ACC100086,1,2551.76,2551.76
ACC100925,ACC100237,1,372.34,372.34
ACC100925,ACC100281,1,11238.0,11238.0
ACC100925,ACC100515,1,5478.86,5478.86
ACC100925,ACC100516,1,2629.4,2629.4
ACC100925,ACC100562,1,1885.94,1885.94
ACC100925,ACC100720,1,281.73,281.73
ACC100925,ACC100766,1,466.96,466.96
ACC100925,ACC100869,1,208.65,208.65
ACC100925,ACC100937,1,888.08,888.08
ACC100926,ACC100158,1,549.86,549.86
ACC100926,ACC100197,1,307.38,307.38
ACC100926,ACC100262,1,2575.88,2575.88
ACC100926,ACC100346,1,478.56,478.56
ACC100926,ACC100455,1,4295.69,4295.69
ACC100926,ACC100720,1,12306.15,12306.15
ACC100926,ACC100791,1,959.18,959.18
ACC100926,ACC100809,1,1910.19,1910.19
ACC100927,ACC100440,1,247.86,247.86
ACC100927,ACC100480,1,1898.94,1898.94
ACC100927,ACC100649,1,84.74,84.74
ACC100927,ACC100679,1,1513.02,1513.02
ACC100927,ACC100848,1,3862.45,3862.45
ACC100928,ACC100014,1,2105.36,2105.36
ACC100928,ACC100034,1,702.36,702.36
ACC100928,ACC100258,1,2454.97,2454.97
ACC100928,ACC100397,1,5789.77,5789.77
ACC100928,ACC100549,1,110.39,110.39
ACC100928,ACC100629,1,1815.04,1815.04
ACC100928,ACC100704,1,207.36,207.36
ACC100928,ACC100889,1,2593.07,2593.07
ACC100928,ACC100940,1,487.27,487.27
ACC100929,ACC100050,1,1659.45,1659.45
ACC100929,ACC100051,1,492.37,492.37
ACC100929,ACC100058,1,2068.23,2068.23
ACC100929,ACC100084,1,582.04,582.04
ACC100929,ACC100159,1,1551.92,1551.92
ACC100929,ACC100270,1,7206.68,7206.68
ACC100929,ACC100515,1,2616.98,2616.98
ACC100929,ACC100634,1,1615.25,1615.25
ACC100929,ACC100665,1,11317.0,11317.0
ACC100929,ACC100713,1,258.06,258.06
ACC100929,ACC100719,1,807.7,807.7
ACC100929,ACC100807,1,7871.87,7871.87
ACC100929,ACC100810,1,1249.38,1249.38
ACC100929,ACC100827,1,432.59,432.59
ACC100929,ACC100840,1,1724.96,1724.96
ACC100929,ACC100905,1,219.71,219.71
ACC100930,ACC100077,1,1018.21,1018.21
ACC100930,ACC100244,1,1257.28,1257.28
ACC100930,ACC100292,1,1258.74,1258.74
ACC100930,ACC100475,1,2160.62,2160.62
ACC100930,ACC100505,1,1656.75,1656.75
ACC100930,ACC100660,1,404.48,404.48
ACC100930,ACC100773,1,2517.24,2517.24
ACC100930,ACC100989,1,8086.8,8086.8
ACC100931,ACC100089,1,9965.0,9965.0
ACC100931,ACC100185,1,3555.01,3555.01
ACC100931,ACC100197,1,5182.39,5182.39
ACC100931,ACC100240,1,579.25,579.25
ACC100931,ACC100258,1,562.26,562.26
ACC100931,ACC100264,1,3028.09,3028.09
ACC100931,ACC100344,1,496.72,496.72
ACC100931,ACC100500,1,856.26,856.26
ACC100931,ACC100619,1,277.49,277.49
ACC100931,ACC100879,1,2358.0,2358.0
ACC100931,ACC100966,1,72.15,72.15
ACC100931,ACC100983,2,6330.42,3165.21
ACC100932,ACC100061,1,1135.55,1135.55
ACC100932,ACC100093,1,233.89,233.89
ACC100932,ACC100249,1,3200.64,3200.64
ACC100932,ACC100251,1,588.56,588.56
ACC100932,ACC100353,1,351.87,351.87
ACC100932,ACC100360,1,2826.97,2826.97
ACC100932,ACC100877,1,755.3,755.3
ACC100932,ACC100935,1,4509.19,4509.19
ACC100933,ACC100104,1,1289.57,1289.57
ACC100933,ACC100135,1,143.75,143.75
ACC100933,ACC100216,1,166.69,166.69
ACC100933,ACC100383,1,2000.05,2000.05
ACC100933,ACC100398,1,3300.73,3300.73
ACC100933,ACC100662,1,569.53,569.53
ACC100933,ACC100699,1,4360.72,4360.72
ACC100933,ACC100735,1,578.47,578.47
ACC100933,ACC100947,1,7762.67,7762.67
ACC100933,ACC100991,1,1009.12,1009.12
ACC100934,ACC100080,1,1047.9,1047.9
ACC100934,ACC100494,1,123.97,123.97
ACC100934,ACC100514,1,6305.88,6305.88
ACC100934,ACC100547,1,3035.67,3035.67
ACC100934,ACC100640,1,3047.65,3047.65
ACC100934,ACC100668,1,245.04,245.04
ACC100934,ACC100709,1,427.17,427.17
ACC100934,ACC100801,1,647.19,647.19
ACC100935,ACC100035,1,537.08,537.08
ACC100935,ACC100074,1,702.46,702.46
ACC100935,ACC100127,1,4043.83,4043.83
ACC100935,ACC100236,1,1299.49,1299.49
ACC100935,ACC100407,1,4153.73,4153.73
ACC100935,ACC100426,1,2324.4,2324.4
ACC100935,ACC100492,1,4094.2,4094.2
ACC100935,ACC100545,1,578.24,578.24
ACC100935,ACC100593,1,1311.4,1311.4
ACC100935,ACC100708,1,1192.41,1192.41
ACC100935,ACC100843,1,435.01,435.01
ACC100936,ACC100079,1,1770.08,1770.08
ACC100936,ACC100114,1,12577.0,12577.0
ACC100936,ACC100159,1,418.79,418.79
ACC100936,ACC100162,1,4460.36,4460.36
ACC100936,ACC100187,1,636.41,636.41
ACC100936,ACC100255,1,2743.96,2743.96
ACC100936,ACC100381,1,2375.33,2375.33
ACC100936,ACC100504,1,745.0,745.0
ACC100936,ACC100756,1,287.37,287.37
ACC100936,ACC100853,1,1716.63,1716.63
ACC100936,ACC100870,1,4500.93,4500.93
ACC100936,ACC100931,1,676.88,676.88
ACC100937,ACC100013,1,2383.71,2383.71
ACC100937,ACC100131,1,1834.73,1834.73
ACC100937,ACC100191,1,2338.96,2338.96
ACC100937,ACC100212,1,1263.07,1263.07
ACC100937,ACC100229,1,44896.51,44896.51
ACC100937,ACC100411,1,389.42,389.42
ACC100937,ACC100449,1,6529.57,6529.57
ACC100937,ACC100541,1,306.33,306.33
ACC100937,ACC100682,1,2663.02,2663.02
ACC100937,ACC100746,1,360.54,360.54
ACC100937,ACC100765,1,739.07,739.07
ACC100937,ACC100854,1,9147.89,9147.89
ACC100937,ACC100970,1,2897.84,2897.84
ACC100938,ACC100034,1,279.67,279.67
ACC100938,ACC100053,1,27746.2,27746.2
ACC100938,ACC100078,1,987.16,987.16
ACC100938,ACC100194,1,44559.75,44559.75
ACC100938,ACC100300,1,1381.06,1381.06
ACC100938,ACC100537,1,719.23,719.23
ACC100938,ACC100710,1,1531.73,1531.73
ACC100938,ACC100761,1,721.4,721.4
ACC100938,ACC100800,1,998.94,998.94
ACC100938,ACC100836,1,1126.08,1126.08
ACC100938,ACC100851,1,429.98,429.98
ACC100938,ACC100943,1,381.36,381.36
ACC100939,ACC100003,1,281.11,281.11
ACC100939,ACC100046,1,6085.34,6085.34
ACC100939,ACC100222,1,670.92,670.92
ACC100939,ACC100441,1,4420.72,4420.72
ACC100939,ACC100519,1,1297.23,1297.23
ACC100939,ACC100583,1,17800.0,17800.0
ACC100939,ACC100601,1,4695.41,4695.41
ACC100939,ACC100703,1,2912.77,2912.77
ACC100939,ACC100894,1,11380.76,11380.76
ACC100939,ACC100901,1,729.78,729.78
ACC100940,ACC100061,1,3095.25,3095.25
ACC100940,ACC100258,1,749.46,749.46
ACC100940,ACC100274,1,12814.82,12814.82
ACC100940,ACC100397,1,687.74,687.74
ACC100940,ACC100423,1,4753.51,4753.51
ACC100940,ACC100430,1,536.94,536.94
ACC100940,ACC100555,1,1168.13,1168.13
ACC100940,ACC100655,1,136.17,136.17
ACC100940,ACC100704,1,376.49,376.49
ACC100940,ACC100706,1,1082.26,1082.26
ACC100940,ACC100768,1,173.92,173.92
ACC100940,ACC100899,1,1268.39,1268.39
ACC100940,ACC100933,1,110.85,110.85
ACC100940,ACC100958,1,197.94,197.94
ACC100941,ACC100167,1,3800.48,3800.48
ACC100941,ACC100171,1,83.16,83.16
ACC100941,ACC100377,1,1837.97,1837.97
ACC100941,ACC100545,1,4572.31,4572.31
ACC100941,ACC100760,1,112.62,112.62
ACC100941,ACC100769,1,192.33,192.33
ACC100941,ACC100885,1,1027.82,1027.82
ACC100941,ACC100906,1,2854.5,2854.5
ACC100941,ACC100913,1,1597.57,1597.57
ACC100942,ACC100092,1,688.78,688.78
ACC100942,ACC100249,1,21942.52,21942.52
ACC100942,ACC100262,1,2385.36,2385.36
ACC100942,ACC100514,1,10579.23,10579.23
ACC100942,ACC100556,1,681.58,681.58
ACC100942,ACC100694,1,3549.16,3549.16
ACC100942,ACC100765,1,116.45,116.45
ACC100943,ACC100009,1,76.94,76.94
ACC100943,ACC100047,1,565.01,565.01
ACC100943,ACC100123,1,694.65,694.65
ACC100943,ACC100191,1,809.95,809.95
ACC100943,ACC100221,1,2111.92,2111.92
ACC100943,ACC100394,1,243.61,243.61
ACC100943,ACC100399,1,1251.1,1251.1
ACC100943,ACC100611,1,1620.37,1620.37
ACC100943,ACC100645,1,9517.57,9517.57
ACC100943,ACC100756,1,3147.56,3147.56
ACC100943,ACC100829,1,600.1,600.1
ACC100943,ACC100900,1,415.78,415.78
ACC100943,ACC100940,1,1888.43,1888.43
ACC100944,ACC100213,1,413.68,413.68
ACC100944,ACC100286,1,4744.63,4744.63
ACC100944,ACC100393,1,1213.02,1213.02
ACC100944,ACC100688,1,122.8,122.8
ACC100944,ACC100886,1,4331.27,4331.27
ACC100945,ACC100095,1,2380.78,2380.78
ACC100945,ACC100133,1,892.93,892.93
ACC100945,ACC100178,1,828.78,828.78
ACC100945,ACC100201,1,11419.05,11419.05
ACC100945,ACC100242,1,741.19,741.19
ACC100945,ACC100291,1,1983.04,1983.04
ACC100945,ACC100316,1,1089.59,1089.59
ACC100945,ACC100515,1,965.89,965.89
ACC100945,ACC100571,1,7161.56,7161.56
ACC100945,ACC100698,1,824.99,824.99
ACC100945,ACC100724,1,331.72,331.72
ACC100945,ACC100742,1,877.13,877.13
ACC100945,ACC100794,1,1413.68,1413.68
ACC100945,ACC100812,1,7637.65,7637.65
ACC100945,ACC100815,1,287.8,287.8
ACC100945,ACC100894,1,4901.9,4901.9
ACC100946,ACC100024,1,2517.87,2517.87
ACC100946,ACC100164,1,205.68,205.68
ACC100946,ACC100217,1,59.88,59.88
ACC100946,ACC100411,1,1660.29,1660.29
ACC100946,ACC100828,1,1382.38,1382.38
ACC100946,ACC100953,1,3673.9,3673.9
ACC100947,ACC100054,1,548.08,548.08
ACC100947,ACC100101,1,3072.4,3072.4
ACC100947,ACC100176,1,249.35,249.35
ACC100947,ACC100270,1,2718.46,2718.46
ACC100947,ACC100369,1,165.81,165.81
ACC100947,ACC100550,1,146.6,146.6
ACC100947,ACC100637,1,350.74,350.74
ACC100947,ACC100713,1,144.56,144.56
ACC100947,ACC100858,1,6601.25,6601.25
ACC100947,ACC100882,1,2984.16,2984.16
ACC100947,ACC100970,1,346.42,346.42
ACC100948,ACC100070,1,266.97,266.97
ACC100948,ACC100100,1,591.14,591.14
ACC100948,ACC100124,1,105.85,105.85
ACC100948,ACC100344,1,148.92,148.92
ACC100948,ACC100440,1,199.3,199.3
ACC100948,ACC100559,1,1945.09,1945.09
ACC100948,ACC100581,1,361.74,361.74
ACC100948,ACC100624,1,395.58,395.58
ACC100948,ACC100729,1,565.01,565.01
ACC100948,ACC100861,1,25593.75,25593.75
ACC100948,ACC100862,1,6225.71,6225.71
ACC100948,ACC100867,1,3638.58,3638.58
ACC100948,ACC100915,1,171.37,171.37
ACC100949,ACC100022,1,1326.88,1326.88
ACC100949,ACC100069,1,42.77,42.77
ACC100949,ACC100093,1,566.38,566.38
ACC100949,ACC100145,1,2516.3,2516.3
ACC100949,ACC100281,1,13972.0,13972.0
ACC100949,ACC100563,1,884.12,884.12
ACC100949,ACC100897,1,435.39,435.39
ACC100949,ACC100973,1,495.38,495.38
ACC100950,ACC100029,1,3589.48,3589.48
ACC100950,ACC100128,1,11363.65,11363.65
ACC100950,ACC100197,1,4068.37,4068.37
ACC100950,ACC100388,1,880.51,880.51
ACC100950,ACC100510,1,3421.71,3421.71
ACC100950,ACC100546,1,1012.14,1012.14
ACC100950,ACC100561,1,1041.56,1041.56
ACC100950,ACC100565,1,173.03,173.03
ACC100950,ACC100760,1,3421.42,3421.42
ACC100950,ACC100832,1,2177.2,2177.2
ACC100951,ACC100023,1,1786.12,1786.12
ACC100951,ACC100149,1,498.55,498.55
ACC100951,ACC100302,1,743.77,743.77
ACC100951,ACC100435,1,6564.31,6564.31
ACC100951,ACC100452,1,2765.22,2765.22
ACC100951,ACC100624,1,834.45,834.45
ACC100951,ACC100934,1,172.76,172.76
ACC100952,ACC100135,1,1141.7,1141.7
ACC100952,ACC100163,1,2221.3,2221.3
ACC100952,ACC100227,1,16332.79,16332.79
ACC100952,ACC100343,1,491.75,491.75
ACC100952,ACC100347,1,759.28,759.28
ACC100952,ACC100408,1,1048.38,1048.38
ACC100952,ACC100571,1,647.18,647.18
ACC100952,ACC100659,1,587.62,587.62
ACC100952,ACC100769,1,24760.89,24760.89
ACC100952,ACC100787,1,469.55,469.55
ACC100952,ACC100818,1,4006.38,4006.38
ACC100952,ACC100828,1,6448.79,6448.79
ACC100952,ACC100886,1,1503.65,1503.65
ACC100952,ACC100889,1,1938.06,1938.06
ACC100952,ACC100918,1,960.83,960.83
ACC100952,ACC100954,1,756.96,756.96
ACC100953,ACC100036,1,1298.86,1298.86
ACC100953,ACC100097,1,3855.72,3855.72
ACC100953,ACC100362,1,51.03,51.03
ACC100953,ACC100451,1,6588.64,6588.64
ACC100953,ACC100507,1,37.81,37.81
ACC100953,ACC100513,1,491.51,491.51
ACC100953,ACC100780,1,1583.45,1583.45
ACC100953,ACC100801,1,1512.57,1512.57
ACC100953,ACC100939,1,7597.66,7597.66
ACC100954,ACC100194,1,925.27,925.27
ACC100954,ACC100264,1,382.61,382.61
ACC100954,ACC100381,1,1973.19,1973.19
ACC100954,ACC100435,1,3351.46,3351.46
ACC100954,ACC100607,1,2780.23,2780.23
ACC100954,ACC100722,1,10337.55,10337.55
ACC100954,ACC100738,1,370.46,370.46
ACC100954,ACC100850,1,9244.11,9244.11
ACC100954,ACC100871,1,1343.07,1343.07
ACC100954,ACC100961,1,1661.27,1661.27
ACC100955,ACC100138,1,329.52,329.52
ACC100955,ACC100271,1,1238.47,1238.47
ACC100955,ACC100316,1,1248.67,1248.67
ACC100955,ACC100604,1,1004.9,1004.9
ACC100955,ACC100729,1,3898.58,3898.58
ACC100955,ACC100843,1,1010.06,1010.06
ACC100955,ACC100983,1,8947.15,8947.15
ACC100955,ACC100985,1,376.17,376.17
ACC100956,ACC100032,1,6846.0,6846.0
ACC100956,ACC100161,1,11429.62,11429.62
ACC100956,ACC100217,1,1439.37,1439.37
ACC100956,ACC100250,1,3722.0,3722.0
ACC100956,ACC100281,1,287.85,287.85
ACC100956,ACC100371,1,3462.56,3462.56
ACC100956,ACC100897,1,5873.55,5873.55
ACC100957,ACC100047,1,980.59,980.59
ACC100957,ACC100049,1,102.79,102.79
ACC100957,ACC100278,1,332.15,332.15
ACC100957,ACC100338,1,332.81,332.81
ACC100957,ACC100359,1,166.51,166.51
ACC100957,ACC100363,1,1420.81,1420.81
ACC100957,ACC100473,1,4905.2,4905.2
ACC100957,ACC100474,1,1177.87,1177.87
ACC100957,ACC100518,1,471.87,471.87
ACC100957,ACC100550,1,1133.84,1133.84
ACC100957,ACC100579,1,483.57,483.57
ACC100957,ACC100591,1,179.06,179.06
ACC100957,ACC100862,1,961.1,961.1
ACC100958,ACC100038,1,746.7,746.7
ACC100958,ACC100154,1,90.0,90.0
ACC100958,ACC100215,1,2145.21,2145.21
ACC100958,ACC100338,1,970.45,970.45
ACC100958,ACC100448,2,6230.74,3115.37
ACC100958,ACC100476,1,2253.01,2253.01
ACC100958,ACC100531,1,2217.96,2217.96
ACC100958,ACC100723,1,92.0,92.0
ACC100958,ACC100827,1,692.49,692.49
ACC100958,ACC100842,1,335.46,335.46
ACC100958,ACC100843,1,3228.89,3228.89
ACC100958,ACC100951,1,171.47,171.47
ACC100959,ACC100026,1,2311.06,2311.06
ACC100959,ACC100341,1,313.26,313.26
ACC100959,ACC100463,1,9267.03,9267.03
ACC100959,ACC100525,1,200.23,200.23
ACC100959,ACC100529,1,301.33,301.33
ACC100959,ACC100606,1,586.87,586.87
ACC100959,ACC100641,1,769.33,769.33
ACC100959,ACC100687,1,7742.82,7742.82
ACC100959,ACC100726,1,441.89,441.89
ACC100959,ACC100815,1,1618.3,1618.3
ACC100960,ACC100139,1,984.97,984.97
ACC100960,ACC100196,1,1691.14,1691.14
ACC100960,ACC100202,1,3357.11,3357.11
ACC100960,ACC100209,1,896.35,896.35
ACC100961,ACC100021,1,2020.23,2020.23
ACC100961,ACC100077,1,1576.93,1576.93
ACC100961,ACC100082,1,737.94,737.94
ACC100961,ACC100121,1,1790.9,1790.9
ACC100961,ACC100204,1,394.24,394.24
ACC100961,ACC100290,1,764.23,764.23
ACC100961,ACC100301,1,4910.93,4910.93
ACC100961,ACC100399,1,2302.72,2302.72
ACC100961,ACC100597,1,1446.06,1446.06
ACC100961,ACC100695,1,942.82,942.82
ACC100961,ACC100716,1,856.61,856.61
ACC100961,ACC100831,1,1303.1,1303.1
ACC100961,ACC100939,1,418.99,418.99
ACC100961,ACC100950,1,613.19,613.19
ACC100962,ACC100142,1,745.82,745.82
ACC100962,ACC100165,1,312.13,312.13
ACC100962,ACC100257,1,4366.76,4366.76
ACC100962,ACC100315,1,245.52,245.52
ACC100962,ACC100320,1,2869.9,2869.9
ACC100962,ACC100392,1,911.41,911.41
ACC100962,ACC100426,1,3363.49,3363.49
ACC100962,ACC100468,1,773.81,773.81
ACC100962,ACC100562,1,863.36,863.36
ACC100962,ACC100611,1,727.03,727.03
ACC100962,ACC100689,1,7181.94,7181.94
ACC100962,ACC100751,1,2653.87,2653.87
ACC100963,ACC100074,1,253.5,253.5
ACC100963,ACC100131,1,1095.16,1095.16
ACC100963,ACC100206,1,3320.09,3320.09
ACC100963,ACC100223,1,4911.0,4911.0
ACC100963,ACC100429,1,5272.58,5272.58
ACC100963,ACC100670,1,345.01,345.01
ACC100963,ACC100680,1,827.3,827.3
ACC100964,ACC100188,1,416.4,416.4
ACC100964,ACC100220,1,3291.78,3291.78
ACC100964,ACC100289,1,5553.62,5553.62
ACC100964,ACC100738,1,97.69,97.69
ACC100964,ACC100847,1,571.94,571.94
ACC100964,ACC100853,1,848.63,848.63
ACC100964,ACC100970,1,911.89,911.89
ACC100964,ACC100974,1,251.82,251.82
ACC100965,ACC100075,1,1475.13,1475.13
ACC100965,ACC100089,1,1726.21,1726.21
ACC100965,ACC100097,1,1439.18,1439.18
ACC100965,ACC100401,1,1149.25,1149.25
ACC100965,ACC100420,1,178.01,178.01
ACC100965,ACC100447,1,649.27,649.27
ACC100965,ACC100464,1,90.16,90.16
ACC100965,ACC100669,1,489.33,489.33
ACC100965,ACC100686,1,205.0,205.0
ACC100965,ACC100859,1,261.97,261.97
ACC100965,ACC100874,1,1953.26,1953.26
ACC100965,ACC100996,1,816.01,816.01
ACC100966,ACC100017,1,234.32,234.32
ACC100966,ACC100030,1,2125.12,2125.12
ACC100966,ACC100057,1,1002.42,1002.42
ACC100966,ACC100071,1,650.51,650.51
ACC100966,ACC100074,1,2686.17,2686.17
ACC100966,ACC100114,1,8930.0,8930.0
ACC100966,ACC100223,1,14234.0,14234.0
ACC100966,ACC100445,1,2907.74,2907.74
ACC100966,ACC100541,1,277.81,277.81
ACC100966,ACC100572,1,77.88,77.88
ACC100966,ACC100588,1,2279.75,2279.75
ACC100966,ACC100635,1,2844.15,2844.15
ACC100966,ACC100692,1,4375.0,4375.0
ACC100966,ACC100727,1,1008.66,1008.66
ACC100967,ACC100070,1,21996.55,21996.55
ACC100967,ACC100095,1,1641.54,1641.54
ACC100967,ACC100212,1,2480.45,2480.45
ACC100967,ACC100439,1,945.37,945.37
ACC100967,ACC100632,1,1060.39,1060.39
ACC100967,ACC100696,1,572.47,572.47
ACC100967,ACC100791,2,3449.7599999999998,1724.8799999999999
ACC100967,ACC100935,1,646.18,646.18
ACC100968,ACC100190,1,5616.99,5616.99
ACC100968,ACC100317,1,1351.21,1351.21
ACC100968,ACC100359,1,328.84,328.84
ACC100968,ACC100461,1,1039.69,1039.69
ACC100968,ACC100542,1,743.67,743.67
ACC100968,ACC100891,1,862.02,862.02
ACC100968,ACC100936,1,3264.14,3264.14
ACC100969,ACC100087,1,369.72,369.72
ACC100969,ACC100226,1,225.31,225.31
ACC100969,ACC100278,1,260.45,260.45
ACC100969,ACC100280,1,7166.15,7166.15
ACC100969,ACC100325,1,3457.26,3457.26
ACC100969,ACC100359,1,361.1,361.1
ACC100969,ACC100365,1,490.83,490.83
ACC100969,ACC100514,1,11383.07,11383.07
ACC100969,ACC100574,1,11725.0,11725.0
ACC100969,ACC100589,1,1777.26,1777.26
ACC100969,ACC100769,1,839.62,839.62
ACC100969,ACC100836,1,1366.04,1366.04
ACC100969,ACC100901,1,8151.03,8151.03
ACC100970,ACC100113,1,2116.79,2116.79
ACC100970,ACC100229,1,1280.71,1280.71
ACC100970,ACC100233,1,740.49,740.49
ACC100970,ACC100469,1,596.57,596.57
ACC100970,ACC100727,1,5223.64,5223.64
ACC100970,ACC100887,1,377.25,377.25
ACC100971,ACC100112,1,1050.27,1050.27
ACC100971,ACC100156,1,1154.82,1154.82
ACC100971,ACC100294,1,914.44,914.44
ACC100971,ACC100564,1,362.13,362.13
ACC100971,ACC100635,1,927.59,927.59
ACC100971,ACC100689,1,1393.49,1393.49
ACC100971,ACC100950,1,1668.63,1668.63
ACC100971,ACC100953,1,1725.3,1725.3
ACC100972,ACC100038,1,2722.85,2722.85
ACC100972,ACC100050,1,1719.46,1719.46
ACC100972,ACC100075,1,930.61,930.61
ACC100972,ACC100114,1,1528.09,1528.09
ACC100972,ACC100124,1,342.33,342.33
ACC100972,ACC100159,1,1053.11,1053.11
ACC100972,ACC100190,1,5040.63,5040.63
ACC100972,ACC100341,1,877.16,877.16
ACC100972,ACC100453,1,5736.94,5736.94
ACC100972,ACC100834,1,1006.6,1006.6
ACC100972,ACC100854,1,5236.24,5236.24
ACC100973,ACC100058,1,768.6,768.6
ACC100973,ACC100104,1,6788.0,6788.0
ACC100973,ACC100284,1,757.36,757.36
ACC100973,ACC100393,1,1622.18,1622.18
ACC100973,ACC100422,1,17489.4,17489.4
ACC100973,ACC100437,1,997.91,997.91
ACC100973,ACC100448,1,323.61,323.61
ACC100973,ACC100600,1,118.97,118.97
ACC100973,ACC100613,1,587.68,587.68
ACC100973,ACC100711,1,533.44,533.44
ACC100973,ACC100788,1,2966.85,2966.85
ACC100973,ACC100952,1,1683.03,1683.03
ACC100973,ACC100958,1,1783.3,1783.3
ACC100974,ACC100057,1,2864.62,2864.62
ACC100974,ACC100220,1,2253.58,2253.58
ACC100974,ACC100379,1,400.72,400.72
ACC100974,ACC100474,2,911.51,455.755
ACC100974,ACC100578,1,1102.36,1102.36
ACC100974,ACC100650,1,135.11,135.11
ACC100974,ACC100757,1,467.2,467.2
ACC100974,ACC100767,1,4987.32,4987.32
ACC100974,ACC100890,1,5284.12,5284.12
ACC100974,ACC100933,1,1163.8,1163.8
ACC100975,ACC100050,1,542.09,542.09
ACC100975,ACC100052,1,730.07,730.07
ACC100975,ACC100165,1,562.63,562.63
ACC100975,ACC100175,1,740.25,740.25
ACC100975,ACC100213,1,235.58,235.58
ACC100975,ACC100246,1,2078.43,2078.43
ACC100975,ACC100397,1,7395.33,7395.33
ACC100975,ACC100417,1,3656.27,3656.27
ACC100975,ACC100491,1,1884.88,1884.88
ACC100975,ACC100630,1,1208.1,1208.1
ACC100975,ACC100705,1,524.4,524.4
ACC100975,ACC100710,1,893.32,893.32
ACC100975,ACC100738,1,1188.42,1188.42
ACC100975,ACC100758,1,4669.0,4669.0
ACC100975,ACC100787,1,356.07,356.07
ACC100975,ACC100863,1,437.45,437.45
ACC100975,ACC100866,1,559.05,559.05
ACC100975,ACC100884,1,8067.5,8067.5
ACC100975,ACC100905,1,990.24,990.24
ACC100975,ACC100913,1,1840.64,1840.64
ACC100976,ACC100088,1,788.93,788.93
ACC100976,ACC100184,1,4639.69,4639.69
ACC100976,ACC100241,1,869.43,869.43
ACC100976,ACC100245,1,831.21,831.21
ACC100976,ACC100282,1,7536.53,7536.53
ACC100976,ACC100340,1,232.56,232.56
ACC100976,ACC100739,1,2293.96,2293.96
ACC100976,ACC100848,1,205.37,205.37
ACC100977,ACC100007,1,1192.04,1192.04
ACC100977,ACC100032,1,2402.24,2402.24
ACC100977,ACC100044,1,435.16,435.16
ACC100977,ACC100149,1,681.16,681.16
ACC100977,ACC100283,1,1246.93,1246.93
ACC100977,ACC100411,1,244.62,244.62
ACC100977,ACC100430,1,5864.97,5864.97
ACC100977,ACC100750,1,2196.94,2196.94
ACC100977,ACC100823,1,489.36,489.36
ACC100977,ACC100891,1,555.75,555.75
ACC100977,ACC100989,1,78.39,78.39
ACC100978,ACC100083,1,293.94,293.94
ACC100978,ACC100091,1,1203.63,1203.63
ACC100978,ACC100101,1,2604.06,2604.06
ACC100978,ACC100170,1,796.09,796.09
ACC100978,ACC100176,1,648.91,648.91
ACC100978,ACC100226,1,1030.46,1030.46
ACC100978,ACC100332,1,305.57,305.57
ACC100978,ACC100375,1,190.05,190.05
ACC100978,ACC100425,1,992.39,992.39
ACC100978,ACC100482,1,148.46,148.46
ACC100978,ACC100564,1,103.01,103.01
ACC100978,ACC100633,1,1415.58,1415.58
ACC100978,ACC100636,1,4322.89,4322.89
ACC100978,ACC100689,1,1264.11,1264.11
ACC100978,ACC100869,1,3547.34,3547.34
ACC100978,ACC100971,1,509.94,509.94
ACC100978,ACC100986,1,2661.56,2661.56
ACC100979,ACC100077,1,1169.89,1169.89
ACC100979,ACC100200,1,600.37,600.37
ACC100979,ACC100230,1,225.63,225.63
ACC100979,ACC100326,1,777.38,777.38
ACC100979,ACC100502,1,143.84,143.84
ACC100979,ACC100650,1,179.44,179.44
ACC100979,ACC100857,1,3062.18,3062.18
ACC100979,ACC100864,1,1334.47,1334.47
ACC100979,ACC100898,1,4533.35,4533.35
ACC100980,ACC100175,1,2726.65,2726.65
ACC100980,ACC100266,1,15740.98,15740.98
ACC100980,ACC100284,1,3261.7,3261.7
ACC100980,ACC100334,1,1224.4,1224.4
ACC100980,ACC100397,1,1356.27,1356.27
ACC100980,ACC100616,1,8761.0,8761.0
ACC100981,ACC100034,1,887.9,887.9
ACC100981,ACC100040,1,5804.04,5804.04
ACC100981,ACC100113,1,565.22,565.22
ACC100981,ACC100348,1,1538.63,1538.63
ACC100981,ACC100448,1,672.97,672.97
ACC100981,ACC100527,1,1698.24,1698.24
ACC100981,ACC100686,1,39.98,39.98
ACC100981,ACC100878,1,1233.19,1233.19
ACC100981,ACC100897,1,2780.36,2780.36
ACC100981,ACC100903,1,374.12,374.12
ACC100981,ACC100909,1,1626.51,1626.51
ACC100981,ACC100957,1,7793.41,7793.41
ACC100982,ACC100097,1,1885.52,1885.52
ACC100982,ACC100406,1,788.63,788.63
ACC100982,ACC100546,1,5546.45,5546.45
ACC100982,ACC100558,1,906.18,906.18
ACC100982,ACC100573,1,3089.8,3089.8
ACC100982,ACC100639,1,8145.25,8145.25
ACC100982,ACC100640,1,1912.43,1912.43
ACC100982,ACC100756,1,5420.3,5420.3
ACC100982,ACC100912,1,327.73,327.73
ACC100983,ACC100081,1,9618.78,9618.78
ACC100983,ACC100288,1,768.17,768.17
ACC100983,ACC100390,1,374.86,374.86
ACC100983,ACC100406,1,158.47,158.47
ACC100983,ACC100506,1,3139.34,3139.34
ACC100983,ACC100531,1,4619.93,4619.93
ACC100983,ACC100660,1,208.93,208.93
ACC100983,ACC100679,1,471.11,471.11
ACC100983,ACC100817,1,3769.15,3769.15
ACC100983,ACC100960,1,859.87,859.87
ACC100983,ACC100990,1,691.63,691.63
ACC100984,ACC100070,1,477.91,477.91
ACC100984,ACC100108,2,2928.74,1464.37
ACC100984,ACC100421,1,159.71,159.71
ACC100984,ACC100469,1,3562.21,3562.21
ACC100984,ACC100592,1,56.86,56.86
ACC100984,ACC100608,1,1385.88,1385.88
ACC100984,ACC100645,1,1205.99,1205.99
ACC100984,ACC100656,1,1241.74,1241.74
ACC100984,ACC100903,1,1160.36,1160.36
ACC100984,ACC100913,1,13091.0,13091.0
ACC100985,ACC100594,1,2606.85,2606.85
ACC100985,ACC100604,1,13246.0,13246.0
ACC100985,ACC100734,1,93.31,93.31
ACC100985,ACC100779,1,1229.05,1229.05
ACC100985,ACC100861,1,1505.19,1505.19
ACC100986,ACC100433,1,26593.03,26593.03
ACC100986,ACC100541,1,761.65,761.65
ACC100986,ACC100543,1,532.25,532.25
ACC100986,ACC100604,1,6997.04,6997.04
ACC100986,ACC100650,1,4510.29,4510.29
ACC100986,ACC100701,1,555.64,555.64
ACC100986,ACC100835,1,1377.0,1377.0
ACC100986,ACC100870,1,3473.24,3473.24
ACC100986,ACC100892,1,4701.17,4701.17
ACC100986,ACC100902,1,436.7,436.7
ACC100987,ACC100024,1,1276.29,1276.29
ACC100987,ACC100226,1,508.33,508.33
ACC100987,ACC100749,1,1880.95,1880.95
ACC100987,ACC100767,1,1063.9,1063.9
ACC100987,ACC100897,1,799.77,799.77
ACC100988,ACC100119,1,873.69,873.69
ACC100988,ACC100223,1,725.85,725.85
ACC100988,ACC100280,1,134.42,134.42
ACC100988,ACC100304,1,4726.05,4726.05
ACC100988,ACC100329,1,922.65,922.65
ACC100988,ACC100505,1,5119.17,5119.17
ACC100988,ACC100665,1,5538.0,5538.0
ACC100988,ACC100674,1,1333.65,1333.65
ACC100988,ACC100795,1,1258.2,1258.2
ACC100988,ACC100806,1,482.38,482.38
ACC100988,ACC100854,1,515.58,515.58
ACC100989,ACC100018,1,305.81,305.81
ACC100989,ACC100132,1,3815.39,3815.39
ACC100989,ACC100176,1,209.0,209.0
ACC100989,ACC100367,1,2627.16,2627.16
ACC100989,ACC100426,1,267.71,267.71
ACC100989,ACC100492,1,1475.81,1475.81
ACC100989,ACC100817,1,930.46,930.46
ACC100989,ACC100826,1,800.26,800.26
ACC100989,ACC100904,1,1168.53,1168.53
ACC100989,ACC100913,1,14334.0,14334.0
ACC100989,ACC100939,1,512.91,512.91
ACC100989,ACC100964,1,286.03,286.03
ACC100990,ACC100045,1,9305.92,9305.92
ACC100990,ACC100049,1,442.86,442.86
ACC100990,ACC100148,1,113.23,113.23
ACC100990,ACC100245,1,5828.98,5828.98
ACC100990,ACC100381,1,4580.19,4580.19
ACC100990,ACC100416,1,9904.13,9904.13
ACC100990,ACC100545,1,1134.04,1134.04
ACC100990,ACC100587,2,2839.67,1419.835
ACC100990,ACC100687,1,148.73,148.73
ACC100990,ACC100922,1,253.51,253.51
ACC100991,ACC100001,1,971.59,971.59
ACC100991,ACC100048,1,8297.11,8297.11
ACC100991,ACC100054,1,374.42,374.42
ACC100991,ACC100157,1,1039.28,1039.28
ACC100991,ACC100499,1,476.04,476.04
ACC100991,ACC100503,1,3546.09,3546.09
ACC100991,ACC100535,1,10396.78,10396.78
ACC100991,ACC100811,1,1304.42,1304.42
ACC100992,ACC100003,1,2238.61,2238.61
ACC100992,ACC100023,1,5134.71,5134.71
ACC100992,ACC100032,1,2333.48,2333.48
ACC100992,ACC100043,1,306.08,306.08
ACC100992,ACC100140,1,223.58,223.58
ACC100992,ACC100152,1,4151.03,4151.03
ACC100992,ACC100298,1,659.49,659.49
ACC100992,ACC100651,1,1877.74,1877.74
ACC100993,ACC100299,1,2048.32,2048.32
ACC100993,ACC100328,1,5685.45,5685.45
ACC100993,ACC100407,1,2674.22,2674.22
ACC100993,ACC100446,1,190.32,190.32
ACC100993,ACC100454,1,1021.66,1021.66
ACC100993,ACC100566,1,710.76,710.76
ACC100993,ACC100718,1,4680.0,4680.0
ACC100993,ACC100727,1,1911.33,1911.33
ACC100993,ACC100783,1,3043.65,3043.65
ACC100994,ACC100084,1,1910.65,1910.65
ACC100994,ACC100490,1,6647.82,6647.82
ACC100994,ACC100567,1,29970.46,29970.46
ACC100994,ACC100585,1,9037.16,9037.16
ACC100994,ACC100587,1,2403.85,2403.85
ACC100994,ACC100624,1,364.97,364.97
ACC100994,ACC100902,1,629.66,629.66
ACC100994,ACC100927,1,2607.21,2607.21
ACC100995,ACC100183,1,703.02,703.02
ACC100995,ACC100506,1,202.98,202.98
ACC100995,ACC100582,1,2334.7,2334.7
ACC100995,ACC100627,1,204.52,204.52
ACC100995,ACC100675,1,1062.52,1062.52
ACC100995,ACC100699,1,10059.16,10059.16
ACC100995,ACC100826,1,66.41,66.41
ACC100995,ACC100832,1,632.13,632.13
ACC100995,ACC100834,1,872.86,872.86
ACC100995,ACC100894,1,4061.94,4061.94
ACC100996,ACC100018,1,277.83,277.83
ACC100996,ACC100027,1,4864.0,4864.0
ACC100996,ACC100400,1,2084.26,2084.26
ACC100996,ACC100741,1,894.02,894.02
ACC100996,ACC100793,1,661.26,661.26
ACC100996,ACC100887,1,1295.48,1295.48
ACC100996,ACC100897,1,862.27,862.27
ACC100996,ACC100956,1,3611.42,3611.42
ACC100997,ACC100069,1,1114.94,1114.94
ACC100997,ACC100297,1,3493.73,3493.73
ACC100997,ACC100432,1,3224.0,3224.0
ACC100997,ACC100473,1,244.62,244.62
ACC100997,ACC100604,1,6120.79,6120.79
ACC100997,ACC100710,1,15710.83,15710.83
ACC100997,ACC100944,1,9749.16,9749.16
ACC100997,ACC100980,1,719.77,719.77
ACC100998,ACC100139,1,1475.86,1475.86
ACC100998,ACC100228,1,3452.0,3452.0
ACC100998,ACC100270,1,437.79,437.79
ACC100998,ACC100463,1,4703.48,4703.48
ACC100998,ACC100549,1,2315.67,2315.67
ACC100998,ACC100629,1,415.45,415.45
ACC100998,ACC100790,1,116.4,116.4
ACC100998,ACC100887,1,441.33,441.33
ACC100998,ACC100894,1,413.67,413.67
ACC100999,ACC100519,1,3431.13,3431.13
ACC100999,ACC100854,1,557.39,557.39
ACC100999,ACC100986,1,809.13,809.13
