transaction_id,sender_account,receiver_account,amount,transaction_time,transaction_type,device_id
TXN1000000,ACC100909,ACC100384,463.14,2026-02-11 02:33:00,BANK_TRANSFER,DEV1047
TXN1000001,ACC100346,ACC100608,3252.13,2026-06-07 16:28:00,UPI,DEV1220
TXN1000002,ACC100965,ACC100669,489.33,2026-02-12 20:43:00,CARD,DEV1080
TXN1000003,ACC100054,ACC100103,499.63,2026-03-26 07:00:00,IMPS,DEV1209
TXN1000004,ACC100713,ACC100567,1871.47,2026-05-19 09:03:00,NEFT,DEV1152
TXN1000005,ACC100243,ACC100098,1115.5,2026-01-13 13:24:00,BANK_TRANSFER,DEV1281
TXN1000006,ACC100860,ACC100502,16847.91,2026-02-09 01:51:00,NEFT,DEV1001
TXN1000007,ACC100437,ACC100089,155.22,2026-03-17 22:35:00,BANK_TRANSFER,DEV1245
TXN1000008,ACC100204,ACC100099,1251.16,2026-01-07 07:03:00,IMPS,DEV1149
TXN1000009,ACC100083,ACC100484,4253.85,2026-01-30 10:31:00,CARD,DEV1241
TXN1000010,ACC100500,ACC100916,547.86,2026-06-19 09:02:00,UPI,DEV1278
TXN1000011,ACC100396,ACC100189,367.72,2026-04-05 13:01:00,NEFT,DEV1095
TXN1000012,ACC100456,ACC100045,385.66,2026-03-09 15:00:00,CARD,DEV1134
TXN1000013,ACC100231,ACC100857,158.48,2026-03-10 19:15:00,UPI,DEV1077
TXN1000014,ACC100770,ACC100713,5539.42,2026-06-20 03:18:00,UPI,DEV1176
TXN1000015,ACC100827,ACC100554,738.38,2026-04-16 20:07:00,IMPS,DEV1283
TXN1000016,ACC100062,ACC100860,640.58,2026-04-10 17:50:00,CARD,DEV1274
TXN1000017,ACC100703,ACC100887,85.72,2026-05-02 19:32:00,IMPS,DEV1243
TXN1000018,ACC100306,ACC100080,196.28,2026-04-12 01:11:00,BANK_TRANSFER,DEV1292
TXN1000019,ACC100922,ACC100529,6364.35,2026-05-27 23:07:00,BANK_TRANSFER,DEV1075
TXN1000020,ACC100123,ACC100972,1577.71,2026-04-25 05:54:00,IMPS,DEV1108
TXN1000021,ACC100827,ACC100197,4446.18,2026-02-02 01:27:00,CARD,DEV1040
TXN1000022,ACC100699,ACC100445,3819.94,2026-02-21 21:24:00,IMPS,DEV1132
TXN1000023,ACC100327,ACC100932,330.05,2026-01-18 02:58:00,CARD,DEV1284
TXN1000024,ACC100406,ACC100565,20248.12,2026-03-25 09:25:00,BANK_TRANSFER,DEV1234
TXN1000025,ACC100939,ACC100894,11380.76,2026-01-04 23:54:00,BANK_TRANSFER,DEV1300
TXN1000026,ACC100535,ACC100800,557.51,2026-04-18 03:50:00,CARD,DEV1076
TXN1000027,ACC100151,ACC100580,15.15,2026-05-31 19:53:00,UPI,DEV1054
TXN1000028,ACC100576,ACC100798,714.91,2026-01-26 09:45:00,BANK_TRANSFER,DEV1176
TXN1000029,ACC100898,ACC100420,1459.66,2026-03-09 13:04:00,CARD,DEV1292
TXN1000030,ACC100623,ACC100484,554.87,2026-01-10 05:52:00,NEFT,DEV1206
TXN1000031,ACC100147,ACC100633,840.65,2026-06-05 23:14:00,CARD,DEV1019
TXN1000032,ACC100405,ACC100910,405.7,2026-03-26 23:34:00,IMPS,DEV1025
TXN1000033,ACC100763,ACC100486,3314.17,2026-03-10 12:42:00,UPI,DEV1172
TXN1000034,ACC100837,ACC100812,1183.65,2026-03-19 10:36:00,NEFT,DEV1251
TXN1000035,ACC100878,ACC100712,3435.15,2026-06-25 03:21:00,IMPS,DEV1068
TXN1000036,ACC100307,ACC100997,4753.54,2026-04-24 10:57:00,NEFT,DEV1213
TXN1000037,ACC100619,ACC100661,80.71,2026-01-23 06:24:00,CARD,DEV1108
TXN1000038,ACC100935,ACC100843,435.01,2026-04-15 16:32:00,BANK_TRANSFER,DEV1191
TXN1000039,ACC100840,ACC100057,518.62,2026-05-12 05:25:00,UPI,DEV1159
TXN1000040,ACC100726,ACC100518,23996.11,2026-04-14 04:37:00,BANK_TRANSFER,DEV1291
TXN1000041,ACC100029,ACC100177,1311.34,2026-02-19 06:51:00,UPI,DEV1127
TXN1000042,ACC100033,ACC100467,2907.57,2026-01-13 12:18:00,IMPS,DEV1140
TXN1000043,ACC100377,ACC100843,114.8,2026-04-29 17:14:00,CARD,DEV1063
TXN1000044,ACC100697,ACC100031,1302.26,2026-03-03 12:42:00,CARD,DEV1228
TXN1000045,ACC100181,ACC100983,3547.33,2026-05-02 20:01:00,BANK_TRANSFER,DEV1179
TXN1000046,ACC100352,ACC100167,3085.16,2026-03-08 23:30:00,UPI,DEV1145
TXN1000047,ACC100028,ACC100395,2317.12,2026-01-13 05:33:00,BANK_TRANSFER,DEV1109
TXN1000048,ACC100877,ACC100226,1113.88,2026-06-15 07:41:00,IMPS,DEV1137
TXN1000049,ACC100667,ACC100419,1180.72,2026-05-12 00:41:00,UPI,DEV1242
TXN1000050,ACC100933,ACC100135,143.75,2026-06-15 05:54:00,BANK_TRANSFER,DEV1004
TXN1000051,ACC100229,ACC100258,372.17,2026-06-05 10:25:00,NEFT,DEV1216
TXN1000052,ACC100916,ACC100385,1446.83,2026-03-31 15:40:00,NEFT,DEV1111
TXN1000053,ACC100477,ACC100309,464.44,2026-06-23 17:46:00,BANK_TRANSFER,DEV1203
TXN1000054,ACC100598,ACC100104,2506.41,2026-01-02 17:27:00,NEFT,DEV1287
TXN1000055,ACC100662,ACC100608,1920.11,2026-06-05 09:38:00,NEFT,DEV1055
TXN1000056,ACC100493,ACC100065,5658.1,2026-03-28 09:26:00,NEFT,DEV1141
TXN1000057,ACC100267,ACC100671,3463.05,2026-06-16 10:11:00,IMPS,DEV1076
TXN1000058,ACC100529,ACC100783,1440.45,2026-03-03 01:56:00,BANK_TRANSFER,DEV1206
TXN1000059,ACC100676,ACC100327,2690.75,2026-06-24 04:46:00,UPI,DEV1254
TXN1000060,ACC100302,ACC100265,3663.31,2026-04-18 13:48:00,CARD,DEV1018
TXN1000061,ACC100597,ACC100725,596.5,2026-05-27 06:28:00,NEFT,DEV1113
TXN1000062,ACC100702,ACC100547,738.63,2026-06-13 16:14:00,NEFT,DEV1259
TXN1000063,ACC100307,ACC100865,976.34,2026-02-13 22:26:00,BANK_TRANSFER,DEV1092
TXN1000064,ACC100300,ACC100099,619.78,2026-05-01 04:22:00,NEFT,DEV1286
TXN1000065,ACC100781,ACC100934,3710.14,2026-02-16 23:12:00,NEFT,DEV1045
TXN1000066,ACC100227,ACC100363,516.58,2026-02-27 10:28:00,CARD,DEV1169
TXN1000067,ACC100380,ACC100266,4924.52,2026-05-30 10:02:00,CARD,DEV1060
TXN1000068,ACC100481,ACC100054,706.01,2026-06-12 19:55:00,BANK_TRANSFER,DEV1036
TXN1000069,ACC100483,ACC100910,1933.09,2026-02-19 17:04:00,UPI,DEV1195
TXN1000070,ACC100542,ACC100305,1339.03,2026-04-16 01:50:00,IMPS,DEV1070
TXN1000071,ACC100205,ACC100350,339.96,2026-04-15 19:26:00,CARD,DEV1073
TXN1000072,ACC100323,ACC100883,1070.77,2026-02-16 02:45:00,CARD,DEV1170
TXN1000073,ACC100646,ACC100181,1636.59,2026-03-22 21:39:00,UPI,DEV1002
TXN1000074,ACC100462,ACC100280,1015.21,2026-02-23 05:45:00,BANK_TRANSFER,DEV1081
TXN1000075,ACC100501,ACC100804,218.93,2026-01-23 04:25:00,BANK_TRANSFER,DEV1222
TXN1000076,ACC100648,ACC100439,8448.25,2026-04-14 14:38:00,CARD,DEV1196
TXN1000077,ACC100004,ACC100038,1218.33,2026-05-17 06:48:00,NEFT,DEV1007
TXN1000078,ACC100913,ACC100329,422.77,2026-05-16 06:30:00,UPI,DEV1002
TXN1000079,ACC100641,ACC100751,7668.85,2026-03-05 07:43:00,NEFT,DEV1159
TXN1000080,ACC100132,ACC100105,2300.47,2026-04-09 17:10:00,BANK_TRANSFER,DEV1156
TXN1000081,ACC100171,ACC100066,259.77,2026-01-12 10:10:00,NEFT,DEV1233
TXN1000082,ACC100745,ACC100532,313.13,2026-06-02 17:53:00,NEFT,DEV1222
TXN1000083,ACC100909,ACC100703,839.77,2026-02-04 11:41:00,CARD,DEV1183
TXN1000084,ACC100768,ACC100192,1566.77,2026-02-12 13:46:00,UPI,DEV1116
TXN1000085,ACC100229,ACC100744,2315.45,2026-02-03 07:12:00,UPI,DEV1258
TXN1000086,ACC100173,ACC100126,3429.65,2026-04-04 22:12:00,UPI,DEV1192
TXN1000087,ACC100897,ACC100655,2095.37,2026-03-07 18:15:00,BANK_TRANSFER,DEV1024
TXN1000088,ACC100608,ACC100049,5519.79,2026-06-19 03:41:00,UPI,DEV1024
TXN1000089,ACC100706,ACC100118,1276.85,2026-04-17 15:09:00,CARD,DEV1063
TXN1000090,ACC100560,ACC100258,440.73,2026-05-02 23:57:00,IMPS,DEV1105
TXN1000091,ACC100711,ACC100702,1092.23,2026-06-11 00:19:00,NEFT,DEV1215
TXN1000092,ACC100677,ACC100103,1009.51,2026-06-19 17:45:00,NEFT,DEV1070
TXN1000093,ACC100428,ACC100850,49.71,2026-01-27 17:27:00,BANK_TRANSFER,DEV1060
TXN1000094,ACC100289,ACC100116,559.12,2026-01-28 16:59:00,IMPS,DEV1102
TXN1000095,ACC100796,ACC100269,1598.86,2026-05-14 06:53:00,NEFT,DEV1209
TXN1000096,ACC100302,ACC100164,659.14,2026-01-11 18:42:00,CARD,DEV1106
TXN1000097,ACC100704,ACC100955,505.0,2026-05-04 11:17:00,IMPS,DEV1001
TXN1000098,ACC100013,ACC100687,3273.62,2026-01-23 03:46:00,BANK_TRANSFER,DEV1252
TXN1000099,ACC100152,ACC100972,365.09,2026-01-24 17:27:00,UPI,DEV1051
TXN1000100,ACC100926,ACC100262,2575.88,2026-06-14 07:53:00,CARD,DEV1151
TXN1000101,ACC100270,ACC100475,221.56,2026-01-13 03:24:00,IMPS,DEV1020
TXN1000102,ACC100872,ACC100297,30119.09,2026-04-03 23:06:00,NEFT,DEV1218
TXN1000103,ACC100756,ACC100118,846.56,2026-01-25 01:33:00,UPI,DEV1070
TXN1000104,ACC100679,ACC100662,744.03,2026-02-13 11:13:00,NEFT,DEV1224
TXN1000105,ACC100978,ACC100636,4322.89,2026-03-10 03:10:00,NEFT,DEV1175
TXN1000106,ACC100187,ACC100116,663.52,2026-04-13 13:39:00,CARD,DEV1139
TXN1000107,ACC100855,ACC100394,6284.95,2026-06-26 16:19:00,CARD,DEV1085
TXN1000108,ACC100115,ACC100135,1712.85,2026-06-28 02:00:00,IMPS,DEV1053
TXN1000109,ACC100426,ACC100933,951.39,2026-06-01 16:28:00,BANK_TRANSFER,DEV1224
TXN1000110,ACC100185,ACC100625,837.14,2026-04-08 12:14:00,BANK_TRANSFER,DEV1014
TXN1000111,ACC100883,ACC100700,4670.92,2026-02-03 16:29:00,CARD,DEV1057
TXN1000112,ACC100908,ACC100421,1446.04,2026-04-23 01:34:00,UPI,DEV1133
TXN1000113,ACC100670,ACC100321,1842.3,2026-01-04 23:08:00,BANK_TRANSFER,DEV1295
TXN1000114,ACC100741,ACC100578,2098.97,2026-02-27 22:51:00,NEFT,DEV1265
TXN1000115,ACC100535,ACC100704,1286.3,2026-06-29 21:06:00,UPI,DEV1221
TXN1000116,ACC100677,ACC100744,2046.42,2026-03-05 16:26:00,NEFT,DEV1197
TXN1000117,ACC100152,ACC100859,951.47,2026-05-23 20:55:00,UPI,DEV1005
TXN1000118,ACC100658,ACC100956,1033.01,2026-02-10 17:15:00,CARD,DEV1253
TXN1000119,ACC100890,ACC100169,286.31,2026-01-20 16:46:00,NEFT,DEV1123
TXN1000120,ACC100338,ACC100993,1567.62,2026-03-13 01:43:00,BANK_TRANSFER,DEV1114
TXN1000121,ACC100563,ACC100658,139.29,2026-04-07 13:45:00,IMPS,DEV1040
TXN1000122,ACC100470,ACC100454,1541.13,2026-05-27 15:17:00,UPI,DEV1255
TXN1000123,ACC100457,ACC100323,783.1,2026-01-31 16:58:00,UPI,DEV1052
TXN1000124,ACC100413,ACC100422,1719.01,2026-01-10 19:01:00,BANK_TRANSFER,DEV1000
TXN1000125,ACC100845,ACC100093,311.5,2026-06-04 21:07:00,NEFT,DEV1260
TXN1000126,ACC100575,ACC100211,86.21,2026-06-17 22:55:00,CARD,DEV1174
TXN1000127,ACC100372,ACC100845,719.79,2026-01-14 07:36:00,CARD,DEV1169
TXN1000128,ACC100573,ACC100785,312.59,2026-06-08 20:28:00,CARD,DEV1186
TXN1000129,ACC100733,ACC100463,129.45,2026-01-30 03:19:00,IMPS,DEV1001
TXN1000130,ACC100349,ACC100363,2756.12,2026-06-12 09:57:00,BANK_TRANSFER,DEV1267
TXN1000131,ACC100382,ACC100718,7491.21,2026-01-28 01:33:00,IMPS,DEV1252
TXN1000132,ACC100143,ACC100841,421.43,2026-04-15 03:39:00,NEFT,DEV1100
TXN1000133,ACC100192,ACC100123,1001.32,2026-04-11 07:21:00,CARD,DEV1097
TXN1000134,ACC100733,ACC100346,757.98,2026-01-28 14:08:00,UPI,DEV1063
TXN1000135,ACC100790,ACC100913,497.36,2026-04-26 15:36:00,BANK_TRANSFER,DEV1258
TXN1000136,ACC100137,ACC100986,2432.04,2026-05-08 00:08:00,BANK_TRANSFER,DEV1024
TXN1000137,ACC100566,ACC100957,3685.53,2026-04-21 19:58:00,CARD,DEV1260
TXN1000138,ACC100799,ACC100943,386.71,2026-02-15 23:36:00,BANK_TRANSFER,DEV1088
TXN1000139,ACC100748,ACC100834,1157.16,2026-02-02 03:32:00,CARD,DEV1164
TXN1000140,ACC100516,ACC100902,5122.71,2026-04-09 14:17:00,BANK_TRANSFER,DEV1127
TXN1000141,ACC100280,ACC100407,2507.0,2026-03-29 10:02:00,CARD,DEV1068
TXN1000142,ACC100141,ACC100422,2996.61,2026-06-04 23:53:00,BANK_TRANSFER,DEV1153
TXN1000143,ACC100863,ACC100718,5662.28,2026-05-21 10:42:00,BANK_TRANSFER,DEV1111
TXN1000144,ACC100205,ACC100214,5573.7,2026-06-09 09:55:00,NEFT,DEV1067
TXN1000145,ACC100727,ACC100665,3768.27,2026-02-15 17:11:00,BANK_TRANSFER,DEV1165
TXN1000146,ACC100727,ACC100118,1304.96,2026-04-01 19:11:00,CARD,DEV1298
TXN1000147,ACC100584,ACC100965,692.99,2026-06-20 14:14:00,BANK_TRANSFER,DEV1146
TXN1000148,ACC100898,ACC100867,1241.62,2026-04-19 00:26:00,BANK_TRANSFER,DEV1054
TXN1000149,ACC100025,ACC100390,577.5,2026-02-07 01:48:00,UPI,DEV1102
TXN1000150,ACC100273,ACC100768,105.32,2026-02-11 09:46:00,NEFT,DEV1074
TXN1000151,ACC100859,ACC100063,784.15,2026-06-26 10:04:00,IMPS,DEV1277
TXN1000152,ACC100033,ACC100367,1684.18,2026-04-26 03:29:00,BANK_TRANSFER,DEV1287
TXN1000153,ACC100885,ACC100229,542.01,2026-06-15 19:09:00,CARD,DEV1121
TXN1000154,ACC100523,ACC100803,870.15,2026-06-28 09:49:00,UPI,DEV1195
TXN1000155,ACC100396,ACC100426,911.56,2026-06-25 10:40:00,BANK_TRANSFER,DEV1027
TXN1000156,ACC100013,ACC100761,5587.17,2026-03-06 06:55:00,BANK_TRANSFER,DEV1226
TXN1000157,ACC100849,ACC100230,712.43,2026-06-12 22:06:00,NEFT,DEV1279
TXN1000158,ACC100756,ACC100617,5585.67,2026-02-20 06:36:00,NEFT,DEV1229
TXN1000159,ACC100181,ACC100699,42.31,2026-01-20 06:22:00,IMPS,DEV1263
TXN1000160,ACC100122,ACC100386,5527.15,2026-01-11 14:37:00,NEFT,DEV1284
TXN1000161,ACC100270,ACC100133,5202.46,2026-02-11 19:56:00,NEFT,DEV1002
TXN1000162,ACC100338,ACC100477,3237.98,2026-02-09 01:21:00,IMPS,DEV1165
TXN1000163,ACC100611,ACC100052,98.07,2026-06-10 21:00:00,NEFT,DEV1251
TXN1000164,ACC100808,ACC100586,3724.41,2026-05-21 12:13:00,UPI,DEV1162
TXN1000165,ACC100538,ACC100225,1032.62,2026-02-17 17:46:00,UPI,DEV1258
TXN1000166,ACC100163,ACC100425,52.71,2026-05-20 18:19:00,CARD,DEV1047
TXN1000167,ACC100357,ACC100226,5207.28,2026-02-24 22:38:00,NEFT,DEV1169
TXN1000168,ACC100369,ACC100300,6204.36,2026-02-25 21:06:00,BANK_TRANSFER,DEV1243
TXN1000169,ACC100574,ACC100843,111.56,2026-06-16 00:18:00,UPI,DEV1177
TXN1000170,ACC100456,ACC100246,1353.58,2026-06-14 20:56:00,BANK_TRANSFER,DEV1124
TXN1000171,ACC100981,ACC100040,5804.04,2026-06-24 10:57:00,CARD,DEV1058
TXN1000172,ACC100395,ACC100262,4799.15,2026-05-19 09:39:00,UPI,DEV1264
TXN1000173,ACC100841,ACC100788,2990.73,2026-04-06 17:33:00,BANK_TRANSFER,DEV1228
TXN1000174,ACC100498,ACC100044,45.75,2026-03-17 22:14:00,IMPS,DEV1164
TXN1000175,ACC100526,ACC100084,2631.87,2026-01-25 05:42:00,BANK_TRANSFER,DEV1273
TXN1000176,ACC100007,ACC100641,844.1,2026-01-17 07:11:00,IMPS,DEV1217
TXN1000177,ACC100855,ACC100106,3622.9,2026-02-22 18:21:00,CARD,DEV1036
TXN1000178,ACC100764,ACC100702,1491.29,2026-02-09 00:48:00,CARD,DEV1169
TXN1000179,ACC100038,ACC100089,1070.78,2026-01-19 01:51:00,IMPS,DEV1128
TXN1000180,ACC100571,ACC100072,2366.3,2026-05-28 07:46:00,NEFT,DEV1208
TXN1000181,ACC100397,ACC100461,892.21,2026-06-11 13:48:00,CARD,DEV1161
TXN1000182,ACC100017,ACC100398,1065.15,2026-06-22 04:02:00,BANK_TRANSFER,DEV1003
TXN1000183,ACC100656,ACC100737,563.25,2026-06-08 02:09:00,BANK_TRANSFER,DEV1023
TXN1000184,ACC100717,ACC100868,159.73,2026-01-19 12:12:00,BANK_TRANSFER,DEV1054
TXN1000185,ACC100296,ACC100805,2167.7,2026-06-25 10:17:00,BANK_TRANSFER,DEV1044
TXN1000186,ACC100288,ACC100783,416.87,2026-04-23 13:01:00,CARD,DEV1015
TXN1000187,ACC100485,ACC100160,861.82,2026-05-17 07:30:00,IMPS,DEV1200
TXN1000188,ACC100815,ACC100816,1547.46,2026-05-20 10:04:00,IMPS,DEV1152
TXN1000189,ACC100693,ACC100908,89.81,2026-06-15 12:44:00,UPI,DEV1283
TXN1000190,ACC100895,ACC100568,117.49,2026-02-06 04:12:00,UPI,DEV1002
TXN1000191,ACC100586,ACC100610,765.34,2026-04-11 18:20:00,BANK_TRANSFER,DEV1043
TXN1000192,ACC100312,ACC100215,1892.16,2026-03-30 07:13:00,CARD,DEV1262
TXN1000193,ACC100145,ACC100164,2678.05,2026-02-17 07:32:00,BANK_TRANSFER,DEV1129
TXN1000194,ACC100198,ACC100117,162.46,2026-02-16 22:54:00,BANK_TRANSFER,DEV1027
TXN1000195,ACC100871,ACC100769,2354.2,2026-05-21 15:44:00,BANK_TRANSFER,DEV1037
TXN1000196,ACC100297,ACC100687,817.23,2026-01-18 08:33:00,UPI,DEV1101
TXN1000197,ACC100743,ACC100594,380.02,2026-05-05 11:17:00,NEFT,DEV1065
TXN1000198,ACC100687,ACC100671,503.58,2026-03-02 03:24:00,NEFT,DEV1035
TXN1000199,ACC100921,ACC100198,2870.46,2026-03-23 16:35:00,CARD,DEV1168
TXN1000200,ACC100631,ACC100675,1523.56,2026-03-20 23:40:00,BANK_TRANSFER,DEV1078
TXN1000201,ACC100579,ACC100580,1164.87,2026-04-04 10:47:00,CARD,DEV1086
TXN1000202,ACC100004,ACC100320,1468.79,2026-03-05 07:33:00,CARD,DEV1141
TXN1000203,ACC100860,ACC100368,3339.97,2026-02-04 23:11:00,NEFT,DEV1245
TXN1000204,ACC100473,ACC100456,976.02,2026-04-02 10:25:00,CARD,DEV1282
TXN1000205,ACC100111,ACC100179,1170.5,2026-06-15 20:42:00,UPI,DEV1143
TXN1000206,ACC100879,ACC100846,4297.57,2026-02-05 18:23:00,IMPS,DEV1134
TXN1000207,ACC100751,ACC100907,736.64,2026-06-10 02:36:00,UPI,DEV1009
TXN1000208,ACC100869,ACC100519,2302.54,2026-06-11 01:03:00,BANK_TRANSFER,DEV1296
TXN1000209,ACC100414,ACC100787,599.18,2026-06-01 07:15:00,UPI,DEV1282
TXN1000210,ACC100266,ACC100556,665.78,2026-05-19 16:06:00,IMPS,DEV1187
TXN1000211,ACC100401,ACC100228,967.91,2026-05-31 09:55:00,IMPS,DEV1237
TXN1000212,ACC100513,ACC100522,2035.16,2026-01-24 13:32:00,NEFT,DEV1257
TXN1000213,ACC100010,ACC100678,4596.35,2026-03-03 20:57:00,IMPS,DEV1263
TXN1000214,ACC100143,ACC100456,1231.34,2026-02-10 06:06:00,BANK_TRANSFER,DEV1289
TXN1000215,ACC100675,ACC100893,181.31,2026-02-07 16:30:00,NEFT,DEV1020
TXN1000216,ACC100224,ACC100779,2339.6,2026-05-05 07:54:00,UPI,DEV1135
TXN1000217,ACC100378,ACC100239,20839.61,2026-01-11 22:49:00,IMPS,DEV1265
TXN1000218,ACC100929,ACC100810,1249.38,2026-04-03 13:14:00,CARD,DEV1232
TXN1000219,ACC100902,ACC100047,141.1,2026-01-11 22:08:00,NEFT,DEV1052
TXN1000220,ACC100720,ACC100991,1344.24,2026-05-14 21:37:00,NEFT,DEV1134
TXN1000221,ACC100592,ACC100557,1092.68,2026-05-26 05:56:00,CARD,DEV1193
TXN1000222,ACC100374,ACC100601,987.79,2026-06-17 02:39:00,BANK_TRANSFER,DEV1128
TXN1000223,ACC100385,ACC100996,3410.08,2026-02-27 17:37:00,CARD,DEV1180
TXN1000224,ACC100836,ACC100888,5732.63,2026-03-30 16:37:00,CARD,DEV1003
TXN1000225,ACC100513,ACC100903,2490.66,2026-02-05 15:00:00,IMPS,DEV1117
TXN1000226,ACC100078,ACC100526,934.8,2026-06-14 09:35:00,IMPS,DEV1076
TXN1000227,ACC100191,ACC100161,4233.63,2026-04-03 20:32:00,UPI,DEV1117
TXN1000228,ACC100424,ACC100830,182.62,2026-03-26 03:52:00,CARD,DEV1245
TXN1000229,ACC100490,ACC100215,464.39,2026-06-01 05:30:00,CARD,DEV1011
TXN1000230,ACC100249,ACC100044,530.83,2026-02-02 19:34:00,BANK_TRANSFER,DEV1082
TXN1000231,ACC100137,ACC100644,1056.65,2026-05-12 01:20:00,BANK_TRANSFER,DEV1075
TXN1000232,ACC100057,ACC100170,2014.41,2026-03-08 06:08:00,BANK_TRANSFER,DEV1207
TXN1000233,ACC100613,ACC100992,861.9,2026-05-25 21:45:00,UPI,DEV1145
TXN1000234,ACC100969,ACC100087,369.72,2026-02-25 15:19:00,BANK_TRANSFER,DEV1241
TXN1000235,ACC100888,ACC100493,3532.71,2026-02-13 07:29:00,CARD,DEV1073
TXN1000236,ACC100813,ACC100596,826.71,2026-02-16 21:16:00,BANK_TRANSFER,DEV1135
TXN1000237,ACC100171,ACC100741,1239.61,2026-06-25 11:41:00,CARD,DEV1035
TXN1000238,ACC100235,ACC100387,2124.48,2026-04-09 04:30:00,UPI,DEV1008
TXN1000239,ACC100207,ACC100535,1149.01,2026-05-10 23:21:00,CARD,DEV1076
TXN1000240,ACC100620,ACC100098,1155.08,2026-02-15 16:14:00,BANK_TRANSFER,DEV1019
TXN1000241,ACC100898,ACC100802,3776.56,2026-05-17 17:10:00,UPI,DEV1047
TXN1000242,ACC100493,ACC100675,1315.07,2026-02-03 20:35:00,BANK_TRANSFER,DEV1000
TXN1000243,ACC100918,ACC100960,3088.24,2026-06-23 22:09:00,CARD,DEV1267
TXN1000244,ACC100430,ACC100379,2108.22,2026-01-12 23:48:00,BANK_TRANSFER,DEV1219
TXN1000245,ACC100234,ACC100960,12335.85,2026-05-04 13:00:00,NEFT,DEV1294
TXN1000246,ACC100100,ACC100435,1792.37,2026-02-04 08:41:00,CARD,DEV1119
TXN1000247,ACC100931,ACC100879,2358.0,2026-01-22 09:40:00,BANK_TRANSFER,DEV1278
TXN1000248,ACC100418,ACC100263,4113.33,2026-02-18 00:11:00,UPI,DEV1295
TXN1000249,ACC100535,ACC100120,1183.63,2026-05-14 00:14:00,CARD,DEV1105
TXN1000250,ACC100704,ACC100823,510.08,2026-03-22 13:57:00,NEFT,DEV1054
TXN1000251,ACC100158,ACC100436,620.81,2026-06-16 19:58:00,NEFT,DEV1133
TXN1000252,ACC100875,ACC100548,628.03,2026-04-19 19:16:00,NEFT,DEV1141
TXN1000253,ACC100696,ACC100406,350.58,2026-02-22 14:06:00,BANK_TRANSFER,DEV1285
TXN1000254,ACC100494,ACC100183,1605.78,2026-04-05 19:05:00,BANK_TRANSFER,DEV1247
TXN1000255,ACC100259,ACC100314,515.21,2026-05-28 11:45:00,CARD,DEV1070
TXN1000256,ACC100875,ACC100884,1385.51,2026-06-18 04:03:00,IMPS,DEV1228
TXN1000257,ACC100801,ACC100716,906.5,2026-02-11 03:25:00,IMPS,DEV1260
TXN1000258,ACC100410,ACC100804,1043.21,2026-03-28 18:47:00,BANK_TRANSFER,DEV1026
TXN1000259,ACC100164,ACC100398,2137.23,2026-06-12 00:10:00,UPI,DEV1074
TXN1000260,ACC100482,ACC100948,572.33,2026-06-03 14:51:00,UPI,DEV1032
TXN1000261,ACC100269,ACC100227,2360.6,2026-04-05 02:43:00,BANK_TRANSFER,DEV1019
TXN1000262,ACC100741,ACC100393,7192.32,2026-04-13 20:57:00,BANK_TRANSFER,DEV1146
TXN1000263,ACC100728,ACC100986,1655.29,2026-06-02 01:57:00,IMPS,DEV1253
TXN1000264,ACC100449,ACC100010,429.01,2026-02-21 22:25:00,BANK_TRANSFER,DEV1146
TXN1000265,ACC100199,ACC100034,524.26,2026-06-03 17:25:00,BANK_TRANSFER,DEV1118
TXN1000266,ACC100629,ACC100173,814.1,2026-06-22 01:13:00,NEFT,DEV1122
TXN1000267,ACC100670,ACC100000,537.07,2026-02-10 02:57:00,NEFT,DEV1204
TXN1000268,ACC100361,ACC100685,333.81,2026-04-12 13:50:00,BANK_TRANSFER,DEV1102
TXN1000269,ACC100530,ACC100015,1319.87,2026-06-30 02:20:00,UPI,DEV1281
TXN1000270,ACC100291,ACC100743,840.98,2026-05-24 19:53:00,NEFT,DEV1177
TXN1000271,ACC100986,ACC100835,1377.0,2026-03-12 07:43:00,BANK_TRANSFER,DEV1099
TXN1000272,ACC100465,ACC100952,4553.56,2026-04-14 19:37:00,UPI,DEV1133
TXN1000273,ACC100179,ACC100416,825.82,2026-05-10 03:38:00,BANK_TRANSFER,DEV1037
TXN1000274,ACC100515,ACC100301,264.41,2026-03-29 03:59:00,BANK_TRANSFER,DEV1131
TXN1000275,ACC100897,ACC100550,679.48,2026-05-28 08:32:00,CARD,DEV1193
TXN1000276,ACC100576,ACC100495,2764.21,2026-03-04 11:35:00,CARD,DEV1235
TXN1000277,ACC100918,ACC100600,2470.37,2026-01-08 16:27:00,UPI,DEV1132
TXN1000278,ACC100069,ACC100391,2043.39,2026-06-12 07:31:00,IMPS,DEV1161
TXN1000279,ACC100422,ACC100978,518.2,2026-04-01 17:37:00,BANK_TRANSFER,DEV1004
TXN1000280,ACC100717,ACC100852,2703.45,2026-03-09 08:28:00,NEFT,DEV1047
TXN1000281,ACC100408,ACC100689,3541.41,2026-03-29 02:35:00,BANK_TRANSFER,DEV1091
TXN1000282,ACC100487,ACC100321,476.04,2026-04-01 07:27:00,BANK_TRANSFER,DEV1137
TXN1000283,ACC100187,ACC100969,1043.27,2026-06-24 06:29:00,CARD,DEV1102
TXN1000284,ACC100240,ACC100753,12387.99,2026-03-03 09:03:00,IMPS,DEV1117
TXN1000285,ACC100207,ACC100854,451.31,2026-03-05 21:06:00,NEFT,DEV1079
TXN1000286,ACC100797,ACC100109,141.73,2026-01-31 02:40:00,CARD,DEV1003
TXN1000287,ACC100782,ACC100877,5764.57,2026-05-19 01:26:00,CARD,DEV1190
TXN1000288,ACC100635,ACC100322,4289.5,2026-05-07 19:36:00,NEFT,DEV1251
TXN1000289,ACC100187,ACC100782,633.74,2026-05-11 09:33:00,CARD,DEV1113
TXN1000290,ACC100768,ACC100590,957.58,2026-02-02 01:50:00,BANK_TRANSFER,DEV1216
TXN1000291,ACC100489,ACC100962,252.16,2026-05-19 01:06:00,BANK_TRANSFER,DEV1177
TXN1000292,ACC100403,ACC100881,1220.17,2026-06-25 05:57:00,CARD,DEV1061
TXN1000293,ACC100715,ACC100530,4443.05,2026-04-28 10:46:00,UPI,DEV1006
TXN1000294,ACC100690,ACC100215,571.85,2026-04-08 19:49:00,UPI,DEV1166
TXN1000295,ACC100370,ACC100627,3141.71,2026-03-08 06:23:00,BANK_TRANSFER,DEV1134
TXN1000296,ACC100242,ACC100275,1913.08,2026-05-01 20:55:00,NEFT,DEV1187
TXN1000297,ACC100188,ACC100510,2193.78,2026-04-19 07:11:00,CARD,DEV1190
TXN1000298,ACC100373,ACC100874,613.28,2026-04-13 09:32:00,CARD,DEV1092
TXN1000299,ACC100585,ACC100134,716.55,2026-05-28 23:24:00,IMPS,DEV1051
TXN1000300,ACC100738,ACC100276,119.57,2026-03-02 18:57:00,CARD,DEV1195
TXN1000301,ACC100200,ACC100149,555.57,2026-02-08 16:08:00,UPI,DEV1090
TXN1000302,ACC100431,ACC100511,4430.12,2026-02-04 21:31:00,BANK_TRANSFER,DEV1273
TXN1000303,ACC100737,ACC100323,359.53,2026-05-05 10:14:00,NEFT,DEV1287
TXN1000304,ACC100879,ACC100581,429.94,2026-01-13 13:35:00,UPI,DEV1083
TXN1000305,ACC100061,ACC100220,2364.28,2026-03-07 16:15:00,UPI,DEV1230
TXN1000306,ACC100762,ACC100342,1778.14,2026-03-08 12:19:00,NEFT,DEV1286
TXN1000307,ACC100570,ACC100954,2509.49,2026-03-07 11:44:00,UPI,DEV1210
TXN1000308,ACC100124,ACC100359,271.55,2026-06-23 20:40:00,IMPS,DEV1295
TXN1000309,ACC100589,ACC100665,23786.41,2026-06-16 18:22:00,IMPS,DEV1145
TXN1000310,ACC100363,ACC100332,254.96,2026-06-22 17:25:00,CARD,DEV1228
TXN1000311,ACC100910,ACC100080,1319.62,2026-04-08 20:56:00,NEFT,DEV1237
TXN1000312,ACC100646,ACC100979,906.52,2026-02-07 05:43:00,NEFT,DEV1215
TXN1000313,ACC100646,ACC100627,264.02,2026-05-27 13:48:00,UPI,DEV1040
TXN1000314,ACC100165,ACC100351,703.28,2026-02-28 10:42:00,NEFT,DEV1149
TXN1000315,ACC100727,ACC100273,1127.74,2026-06-04 22:00:00,CARD,DEV1138
TXN1000316,ACC100908,ACC100455,502.72,2026-04-03 20:02:00,BANK_TRANSFER,DEV1230
TXN1000317,ACC100423,ACC100171,3376.75,2026-02-17 00:47:00,IMPS,DEV1120
TXN1000318,ACC100677,ACC100257,903.29,2026-06-29 02:43:00,IMPS,DEV1085
TXN1000319,ACC100406,ACC100105,219.31,2026-01-25 02:10:00,CARD,DEV1280
TXN1000320,ACC100055,ACC100026,198.08,2026-04-12 17:53:00,UPI,DEV1053
TXN1000321,ACC100268,ACC100632,2269.69,2026-02-09 02:52:00,CARD,DEV1158
TXN1000322,ACC100234,ACC100253,184.17,2026-03-14 15:07:00,IMPS,DEV1067
TXN1000323,ACC100539,ACC100858,1603.13,2026-02-13 00:58:00,UPI,DEV1182
TXN1000324,ACC100881,ACC100937,1869.8,2026-03-25 16:15:00,CARD,DEV1276
TXN1000325,ACC100957,ACC100278,332.15,2026-05-21 15:11:00,IMPS,DEV1276
TXN1000326,ACC100181,ACC100605,3193.54,2026-06-02 15:35:00,BANK_TRANSFER,DEV1222
TXN1000327,ACC100536,ACC100655,139.58,2026-06-13 18:13:00,NEFT,DEV1177
TXN1000328,ACC100493,ACC100552,1565.17,2026-02-28 03:03:00,CARD,DEV1157
TXN1000329,ACC100374,ACC100422,1044.16,2026-03-08 05:18:00,NEFT,DEV1005
TXN1000330,ACC100000,ACC100535,950.7,2026-02-04 11:44:00,NEFT,DEV1240
TXN1000331,ACC100547,ACC100008,266.81,2026-06-26 16:47:00,CARD,DEV1153
TXN1000332,ACC100009,ACC100784,356.23,2026-04-21 09:59:00,BANK_TRANSFER,DEV1118
TXN1000333,ACC100815,ACC100007,7650.78,2026-05-21 12:45:00,IMPS,DEV1210
TXN1000334,ACC100903,ACC100574,4713.5,2026-04-22 13:28:00,IMPS,DEV1083
TXN1000335,ACC100732,ACC100754,2671.78,2026-06-15 13:18:00,CARD,DEV1112
TXN1000336,ACC100269,ACC100081,3387.4,2026-04-19 21:20:00,IMPS,DEV1264
TXN1000337,ACC100782,ACC100819,3026.66,2026-06-06 23:41:00,NEFT,DEV1145
TXN1000338,ACC100664,ACC100760,743.95,2026-05-17 09:10:00,CARD,DEV1096
TXN1000339,ACC100873,ACC100070,1161.1,2026-02-16 04:39:00,NEFT,DEV1056
TXN1000340,ACC100652,ACC100466,187.35,2026-06-08 15:27:00,NEFT,DEV1251
TXN1000341,ACC100192,ACC100328,984.73,2026-01-05 05:11:00,UPI,DEV1273
TXN1000342,ACC100022,ACC100190,4537.34,2026-01-27 09:37:00,NEFT,DEV1064
TXN1000343,ACC100732,ACC100448,496.29,2026-01-03 07:56:00,UPI,DEV1077
TXN1000344,ACC100015,ACC100505,3743.47,2026-02-25 11:40:00,CARD,DEV1159
TXN1000345,ACC100804,ACC100818,1224.03,2026-05-08 12:40:00,CARD,DEV1016
TXN1000346,ACC100338,ACC100082,208.0,2026-02-07 01:54:00,NEFT,DEV1200
TXN1000347,ACC100073,ACC100556,290.39,2026-05-01 06:11:00,IMPS,DEV1128
TXN1000348,ACC100836,ACC100390,3304.91,2026-01-04 04:09:00,IMPS,DEV1197
TXN1000349,ACC100789,ACC100998,2128.19,2026-04-24 08:26:00,UPI,DEV1101
TXN1000350,ACC100471,ACC100752,1239.07,2026-01-25 17:47:00,IMPS,DEV1242
TXN1000351,ACC100398,ACC100697,789.31,2026-03-21 11:01:00,IMPS,DEV1021
TXN1000352,ACC100762,ACC100959,1411.89,2026-05-21 17:46:00,UPI,DEV1129
TXN1000353,ACC100492,ACC100653,3153.78,2026-03-18 06:46:00,NEFT,DEV1026
TXN1000354,ACC100884,ACC100682,6444.77,2026-02-25 03:51:00,IMPS,DEV1222
TXN1000355,ACC100332,ACC100015,6825.5,2026-02-12 09:25:00,BANK_TRANSFER,DEV1061
TXN1000356,ACC100405,ACC100808,1713.6,2026-03-04 00:18:00,UPI,DEV1297
TXN1000357,ACC100802,ACC100707,892.19,2026-05-02 23:29:00,BANK_TRANSFER,DEV1079
TXN1000358,ACC100380,ACC100789,1307.01,2026-01-23 08:29:00,IMPS,DEV1255
TXN1000359,ACC100093,ACC100702,2051.95,2026-06-08 11:33:00,UPI,DEV1030
TXN1000360,ACC100364,ACC100660,2041.99,2026-02-09 23:56:00,BANK_TRANSFER,DEV1054
TXN1000361,ACC100128,ACC100499,5268.94,2026-03-01 10:48:00,BANK_TRANSFER,DEV1177
TXN1000362,ACC100824,ACC100913,13889.76,2026-04-23 06:35:00,UPI,DEV1193
TXN1000363,ACC100366,ACC100741,857.22,2026-02-04 08:33:00,UPI,DEV1248
TXN1000364,ACC100723,ACC100448,14574.98,2026-05-24 10:03:00,BANK_TRANSFER,DEV1250
TXN1000365,ACC100194,ACC100580,4476.9,2026-02-17 18:33:00,NEFT,DEV1165
TXN1000366,ACC100749,ACC100479,971.67,2026-03-12 20:26:00,BANK_TRANSFER,DEV1082
TXN1000367,ACC100070,ACC100543,6622.83,2026-02-09 15:20:00,NEFT,DEV1134
TXN1000368,ACC100554,ACC100375,8289.77,2026-04-27 00:01:00,BANK_TRANSFER,DEV1194
TXN1000369,ACC100751,ACC100189,631.21,2026-01-05 21:09:00,NEFT,DEV1122
TXN1000370,ACC100328,ACC100738,8766.2,2026-01-17 22:28:00,BANK_TRANSFER,DEV1198
TXN1000371,ACC100194,ACC100536,3984.23,2026-06-24 16:58:00,BANK_TRANSFER,DEV1078
TXN1000372,ACC100627,ACC100289,18812.39,2026-03-24 13:59:00,NEFT,DEV1056
TXN1000373,ACC100098,ACC100535,659.28,2026-06-18 02:16:00,UPI,DEV1066
TXN1000374,ACC100182,ACC100894,717.58,2026-01-09 06:53:00,UPI,DEV1248
TXN1000375,ACC100196,ACC100101,96.35,2026-01-09 19:29:00,CARD,DEV1250
TXN1000376,ACC100538,ACC100638,2176.41,2026-06-29 20:08:00,NEFT,DEV1025
TXN1000377,ACC100375,ACC100226,1720.38,2026-06-05 02:25:00,UPI,DEV1106
TXN1000378,ACC100671,ACC100503,558.03,2026-01-21 15:58:00,UPI,DEV1184
TXN1000379,ACC100571,ACC100761,994.04,2026-04-17 12:35:00,UPI,DEV1136
TXN1000380,ACC100541,ACC100041,227.36,2026-01-19 10:22:00,UPI,DEV1110
TXN1000381,ACC100983,ACC100531,4619.93,2026-01-25 03:27:00,IMPS,DEV1272
TXN1000382,ACC100394,ACC100194,609.33,2026-02-19 17:57:00,IMPS,DEV1291
TXN1000383,ACC100640,ACC100970,44929.9,2026-02-15 19:03:00,BANK_TRANSFER,DEV1212
TXN1000384,ACC100764,ACC100108,888.27,2026-06-13 19:40:00,NEFT,DEV1234
TXN1000385,ACC100719,ACC100681,440.74,2026-04-20 03:33:00,IMPS,DEV1092
TXN1000386,ACC100563,ACC100411,668.63,2026-05-10 11:31:00,IMPS,DEV1273
TXN1000387,ACC100614,ACC100453,201.47,2026-04-01 10:45:00,BANK_TRANSFER,DEV1166
TXN1000388,ACC100865,ACC100380,1956.14,2026-04-16 21:36:00,CARD,DEV1165
TXN1000389,ACC100623,ACC100246,662.57,2026-05-25 18:37:00,IMPS,DEV1192
TXN1000390,ACC100784,ACC100563,4262.04,2026-03-07 12:17:00,CARD,DEV1229
TXN1000391,ACC100982,ACC100406,788.63,2026-01-01 01:10:00,NEFT,DEV1008
TXN1000392,ACC100530,ACC100138,5775.21,2026-03-19 00:13:00,NEFT,DEV1113
TXN1000393,ACC100219,ACC100876,2721.52,2026-03-22 00:44:00,NEFT,DEV1283
TXN1000394,ACC100523,ACC100569,1134.92,2026-05-27 19:30:00,IMPS,DEV1048
TXN1000395,ACC100038,ACC100471,7304.74,2026-04-02 05:19:00,IMPS,DEV1135
TXN1000396,ACC100375,ACC100910,3438.37,2026-05-30 08:31:00,IMPS,DEV1131
TXN1000397,ACC100830,ACC100307,37626.18,2026-01-24 19:28:00,CARD,DEV1291
TXN1000398,ACC100939,ACC100222,670.92,2026-01-20 11:04:00,CARD,DEV1088
TXN1000399,ACC100499,ACC100845,1202.24,2026-06-26 23:59:00,BANK_TRANSFER,DEV1048
TXN1000400,ACC100609,ACC100657,7204.43,2026-03-18 01:16:00,BANK_TRANSFER,DEV1195
TXN1000401,ACC100080,ACC100798,172.04,2026-01-15 11:24:00,NEFT,DEV1222
TXN1000402,ACC100426,ACC100952,5325.87,2026-01-31 07:44:00,BANK_TRANSFER,DEV1005
TXN1000403,ACC100649,ACC100796,1857.83,2026-06-11 13:03:00,UPI,DEV1156
TXN1000404,ACC100536,ACC100042,377.72,2026-03-23 18:25:00,BANK_TRANSFER,DEV1076
TXN1000405,ACC100334,ACC100514,213.65,2026-06-28 07:32:00,IMPS,DEV1025
TXN1000406,ACC100689,ACC100749,489.32,2026-04-11 15:12:00,BANK_TRANSFER,DEV1294
TXN1000407,ACC100516,ACC100092,70.68,2026-02-26 14:44:00,NEFT,DEV1201
TXN1000408,ACC100151,ACC100135,609.45,2026-03-28 02:49:00,CARD,DEV1292
TXN1000409,ACC100763,ACC100050,2314.77,2026-05-21 13:37:00,NEFT,DEV1043
TXN1000410,ACC100408,ACC100513,619.21,2026-04-22 23:49:00,IMPS,DEV1069
TXN1000411,ACC100492,ACC100572,5802.1,2026-02-20 16:39:00,CARD,DEV1292
TXN1000412,ACC100200,ACC100574,8038.01,2026-06-07 17:53:00,IMPS,DEV1124
TXN1000413,ACC100073,ACC100272,5068.36,2026-04-21 11:02:00,BANK_TRANSFER,DEV1045
TXN1000414,ACC100115,ACC100687,1446.31,2026-04-16 14:27:00,NEFT,DEV1178
TXN1000415,ACC100195,ACC100328,67.38,2026-03-30 20:16:00,UPI,DEV1156
TXN1000416,ACC100173,ACC100358,471.33,2026-06-07 15:05:00,BANK_TRANSFER,DEV1074
TXN1000417,ACC100451,ACC100045,924.78,2026-03-01 06:48:00,NEFT,DEV1079
TXN1000418,ACC100775,ACC100745,375.16,2026-01-22 03:50:00,UPI,DEV1124
TXN1000419,ACC100971,ACC100635,927.59,2026-02-07 09:49:00,UPI,DEV1175
TXN1000420,ACC100710,ACC100823,7571.0,2026-01-29 10:24:00,CARD,DEV1241
TXN1000421,ACC100023,ACC100339,152.18,2026-02-23 18:21:00,IMPS,DEV1104
TXN1000422,ACC100559,ACC100535,9643.41,2026-03-08 18:43:00,CARD,DEV1072
TXN1000423,ACC100711,ACC100715,3170.59,2026-06-21 00:37:00,CARD,DEV1298
TXN1000424,ACC100927,ACC100679,1513.02,2026-05-15 01:29:00,NEFT,DEV1087
TXN1000425,ACC100061,ACC100290,465.76,2026-02-21 23:46:00,BANK_TRANSFER,DEV1138
TXN1000426,ACC100054,ACC100476,384.24,2026-06-17 00:17:00,UPI,DEV1198
TXN1000427,ACC100676,ACC100277,155.79,2026-06-19 22:31:00,NEFT,DEV1055
TXN1000428,ACC100019,ACC100299,8605.17,2026-06-16 13:11:00,IMPS,DEV1194
TXN1000429,ACC100520,ACC100726,6940.53,2026-01-26 10:46:00,CARD,DEV1272
TXN1000430,ACC100090,ACC100190,202.85,2026-02-20 17:05:00,CARD,DEV1287
TXN1000431,ACC100948,ACC100729,565.01,2026-01-06 01:21:00,IMPS,DEV1271
TXN1000432,ACC100312,ACC100341,1844.15,2026-05-06 13:25:00,IMPS,DEV1009
TXN1000433,ACC100355,ACC100700,765.55,2026-04-01 12:07:00,NEFT,DEV1120
TXN1000434,ACC100513,ACC100282,109.68,2026-01-16 21:21:00,NEFT,DEV1198
TXN1000435,ACC100911,ACC100834,498.04,2026-01-08 18:56:00,NEFT,DEV1115
TXN1000436,ACC100155,ACC100349,11398.55,2026-04-11 22:25:00,IMPS,DEV1044
TXN1000437,ACC100747,ACC100391,540.25,2026-05-14 23:08:00,BANK_TRANSFER,DEV1116
TXN1000438,ACC100427,ACC100246,901.3,2026-05-27 05:12:00,CARD,DEV1159
TXN1000439,ACC100931,ACC100619,277.49,2026-03-26 15:19:00,BANK_TRANSFER,DEV1067
TXN1000440,ACC100211,ACC100668,2220.12,2026-02-05 19:49:00,BANK_TRANSFER,DEV1103
TXN1000441,ACC100883,ACC100141,1259.14,2026-03-21 23:30:00,BANK_TRANSFER,DEV1069
TXN1000442,ACC100440,ACC100930,450.15,2026-02-07 22:23:00,BANK_TRANSFER,DEV1080
TXN1000443,ACC100325,ACC100069,229.16,2026-05-23 18:11:00,UPI,DEV1094
TXN1000444,ACC100325,ACC100859,5916.21,2026-02-07 01:00:00,NEFT,DEV1211
TXN1000445,ACC100984,ACC100421,159.71,2026-03-19 15:07:00,NEFT,DEV1077
TXN1000446,ACC100797,ACC100192,2007.37,2026-01-28 04:29:00,IMPS,DEV1013
TXN1000447,ACC100780,ACC100626,82.71,2026-06-07 09:06:00,BANK_TRANSFER,DEV1290
TXN1000448,ACC100627,ACC100236,2562.28,2026-06-02 07:55:00,IMPS,DEV1013
TXN1000449,ACC100367,ACC100081,3513.47,2026-06-26 16:16:00,IMPS,DEV1257
TXN1000450,ACC100866,ACC100619,4079.54,2026-05-01 22:10:00,NEFT,DEV1094
TXN1000451,ACC100872,ACC100396,903.75,2026-05-06 16:10:00,IMPS,DEV1083
TXN1000452,ACC100197,ACC100231,7337.87,2026-01-09 13:56:00,UPI,DEV1138
TXN1000453,ACC100973,ACC100422,17489.4,2026-02-26 22:54:00,IMPS,DEV1104
TXN1000454,ACC100067,ACC100181,745.5,2026-04-23 21:03:00,CARD,DEV1166
TXN1000455,ACC100887,ACC100468,638.29,2026-03-05 14:35:00,CARD,DEV1021
TXN1000456,ACC100622,ACC100752,1311.61,2026-04-08 10:40:00,CARD,DEV1292
TXN1000457,ACC100608,ACC100549,618.18,2026-05-15 21:53:00,UPI,DEV1266
TXN1000458,ACC100111,ACC100462,518.72,2026-04-27 01:26:00,IMPS,DEV1265
TXN1000459,ACC100550,ACC100405,575.89,2026-01-11 19:02:00,CARD,DEV1264
TXN1000460,ACC100783,ACC100645,8594.75,2026-01-13 06:28:00,NEFT,DEV1225
TXN1000461,ACC100407,ACC100905,2769.05,2026-03-19 09:45:00,CARD,DEV1085
TXN1000462,ACC100432,ACC100301,615.76,2026-06-06 01:51:00,BANK_TRANSFER,DEV1072
TXN1000463,ACC100474,ACC100849,57.62,2026-06-15 15:25:00,UPI,DEV1256
TXN1000464,ACC100115,ACC100184,171.85,2026-05-30 23:45:00,BANK_TRANSFER,DEV1069
TXN1000465,ACC100402,ACC100423,2006.44,2026-03-24 15:23:00,UPI,DEV1091
TXN1000466,ACC100464,ACC100604,85.98,2026-02-21 15:31:00,UPI,DEV1128
TXN1000467,ACC100331,ACC100708,1558.68,2026-06-16 05:35:00,UPI,DEV1046
TXN1000468,ACC100116,ACC100723,305.31,2026-04-26 21:38:00,NEFT,DEV1043
TXN1000469,ACC100536,ACC100724,1224.35,2026-04-09 17:27:00,BANK_TRANSFER,DEV1081
TXN1000470,ACC100387,ACC100563,1183.97,2026-04-08 01:29:00,IMPS,DEV1171
TXN1000471,ACC100579,ACC100892,1267.38,2026-06-18 05:07:00,IMPS,DEV1074
TXN1000472,ACC100183,ACC100787,683.14,2026-01-14 14:19:00,NEFT,DEV1158
TXN1000473,ACC100747,ACC100787,656.72,2026-04-25 09:51:00,IMPS,DEV1060
TXN1000474,ACC100920,ACC100134,461.76,2026-02-21 00:07:00,BANK_TRANSFER,DEV1129
TXN1000475,ACC100012,ACC100469,1959.94,2026-05-08 17:01:00,BANK_TRANSFER,DEV1002
TXN1000476,ACC100622,ACC100903,2881.98,2026-05-07 08:07:00,IMPS,DEV1243
TXN1000477,ACC100464,ACC100419,253.97,2026-04-24 02:42:00,BANK_TRANSFER,DEV1003
TXN1000478,ACC100250,ACC100903,1030.75,2026-05-21 09:29:00,BANK_TRANSFER,DEV1285
TXN1000479,ACC100839,ACC100845,1388.39,2026-02-23 01:40:00,IMPS,DEV1075
TXN1000480,ACC100056,ACC100668,1367.21,2026-03-31 01:15:00,IMPS,DEV1016
TXN1000481,ACC100683,ACC100591,1339.6,2026-06-04 10:11:00,NEFT,DEV1044
TXN1000482,ACC100050,ACC100111,676.92,2026-04-17 06:05:00,IMPS,DEV1145
TXN1000483,ACC100625,ACC100676,1532.78,2026-06-27 23:53:00,BANK_TRANSFER,DEV1293
TXN1000484,ACC100806,ACC100575,2302.23,2026-02-15 15:32:00,BANK_TRANSFER,DEV1184
TXN1000485,ACC100953,ACC100036,1298.86,2026-01-24 10:12:00,NEFT,DEV1188
TXN1000486,ACC100919,ACC100388,2012.49,2026-01-18 14:35:00,BANK_TRANSFER,DEV1033
TXN1000487,ACC100299,ACC100482,3599.05,2026-02-04 04:09:00,NEFT,DEV1168
TXN1000488,ACC100539,ACC100423,118.97,2026-05-15 07:09:00,IMPS,DEV1029
TXN1000489,ACC100111,ACC100585,3402.13,2026-06-11 18:03:00,UPI,DEV1247
TXN1000490,ACC100741,ACC100705,1653.94,2026-06-04 09:48:00,CARD,DEV1162
TXN1000491,ACC100265,ACC100538,288.89,2026-05-28 21:16:00,NEFT,DEV1066
TXN1000492,ACC100629,ACC100576,2872.58,2026-05-08 17:44:00,CARD,DEV1252
TXN1000493,ACC100827,ACC100184,679.95,2026-06-06 07:56:00,NEFT,DEV1099
TXN1000494,ACC100001,ACC100121,800.82,2026-01-07 15:52:00,UPI,DEV1106
TXN1000495,ACC100818,ACC100630,596.32,2026-04-17 14:07:00,UPI,DEV1170
TXN1000496,ACC100358,ACC100573,1576.37,2026-06-13 07:14:00,UPI,DEV1103
TXN1000497,ACC100706,ACC100288,427.34,2026-03-07 02:18:00,NEFT,DEV1153
TXN1000498,ACC100518,ACC100563,3234.95,2026-03-24 00:12:00,UPI,DEV1170
TXN1000499,ACC100349,ACC100405,928.31,2026-05-26 21:01:00,UPI,DEV1089
TXN1000500,ACC100198,ACC100338,708.36,2026-03-28 22:57:00,CARD,DEV1242
TXN1000501,ACC100816,ACC100036,2706.61,2026-06-15 04:38:00,CARD,DEV1079
TXN1000502,ACC100642,ACC100471,747.35,2026-05-18 11:26:00,CARD,DEV1211
TXN1000503,ACC100950,ACC100760,3421.42,2026-01-15 17:47:00,NEFT,DEV1289
TXN1000504,ACC100742,ACC100694,3552.87,2026-03-22 18:57:00,BANK_TRANSFER,DEV1009
TXN1000505,ACC100213,ACC100591,221.02,2026-06-25 11:19:00,NEFT,DEV1033
TXN1000506,ACC100992,ACC100152,4151.03,2026-03-13 01:03:00,NEFT,DEV1192
TXN1000507,ACC100641,ACC100547,189.72,2026-02-12 19:29:00,BANK_TRANSFER,DEV1199
TXN1000508,ACC100191,ACC100609,4473.37,2026-01-30 10:31:00,NEFT,DEV1016
TXN1000509,ACC100278,ACC100423,12506.81,2026-01-23 16:57:00,IMPS,DEV1190
TXN1000510,ACC100462,ACC100849,3133.17,2026-03-19 07:22:00,BANK_TRANSFER,DEV1154
TXN1000511,ACC100179,ACC100114,82.4,2026-04-06 01:16:00,IMPS,DEV1047
TXN1000512,ACC100454,ACC100518,3929.54,2026-01-07 16:28:00,BANK_TRANSFER,DEV1078
TXN1000513,ACC100194,ACC100348,16241.98,2026-05-04 17:52:00,NEFT,DEV1167
TXN1000514,ACC100146,ACC100787,762.32,2026-01-26 17:37:00,IMPS,DEV1105
TXN1000515,ACC100741,ACC100037,1051.9,2026-04-28 13:13:00,BANK_TRANSFER,DEV1059
TXN1000516,ACC100004,ACC100318,263.44,2026-01-12 23:27:00,BANK_TRANSFER,DEV1044
TXN1000517,ACC100341,ACC100478,1594.79,2026-01-12 03:31:00,BANK_TRANSFER,DEV1159
TXN1000518,ACC100023,ACC100591,5029.18,2026-03-21 21:48:00,IMPS,DEV1164
TXN1000519,ACC100205,ACC100197,2533.32,2026-03-15 09:26:00,BANK_TRANSFER,DEV1163
TXN1000520,ACC100791,ACC100451,47589.16,2026-06-21 04:00:00,NEFT,DEV1076
TXN1000521,ACC100161,ACC100280,1140.97,2026-01-30 00:31:00,BANK_TRANSFER,DEV1286
TXN1000522,ACC100526,ACC100104,154.96,2026-02-22 18:31:00,NEFT,DEV1281
TXN1000523,ACC100326,ACC100277,1346.37,2026-02-06 09:40:00,BANK_TRANSFER,DEV1125
TXN1000524,ACC100175,ACC100072,60.36,2026-03-21 20:55:00,NEFT,DEV1276
TXN1000525,ACC100454,ACC100051,578.41,2026-02-03 00:59:00,CARD,DEV1025
TXN1000526,ACC100108,ACC100392,7702.18,2026-01-14 02:56:00,CARD,DEV1200
TXN1000527,ACC100183,ACC100721,1619.97,2026-06-02 20:13:00,CARD,DEV1182
TXN1000528,ACC100319,ACC100340,1360.08,2026-02-20 22:53:00,BANK_TRANSFER,DEV1040
TXN1000529,ACC100997,ACC100944,9749.16,2026-04-30 19:22:00,IMPS,DEV1047
TXN1000530,ACC100832,ACC100821,792.57,2026-06-28 15:59:00,UPI,DEV1233
TXN1000531,ACC100317,ACC100700,4984.98,2026-06-14 15:53:00,CARD,DEV1118
TXN1000532,ACC100970,ACC100229,1280.71,2026-02-06 21:03:00,NEFT,DEV1186
TXN1000533,ACC100401,ACC100187,1730.31,2026-06-29 22:42:00,NEFT,DEV1166
TXN1000534,ACC100464,ACC100499,254.48,2026-01-08 02:13:00,CARD,DEV1057
TXN1000535,ACC100359,ACC100490,614.95,2026-04-29 05:49:00,NEFT,DEV1178
TXN1000536,ACC100618,ACC100588,204.99,2026-02-02 17:20:00,UPI,DEV1207
TXN1000537,ACC100837,ACC100731,978.19,2026-01-28 11:07:00,BANK_TRANSFER,DEV1036
TXN1000538,ACC100811,ACC100309,1751.95,2026-05-17 15:44:00,CARD,DEV1211
TXN1000539,ACC100244,ACC100635,289.44,2026-03-04 18:42:00,IMPS,DEV1246
TXN1000540,ACC100393,ACC100067,12823.24,2026-03-29 07:06:00,BANK_TRANSFER,DEV1220
TXN1000541,ACC100803,ACC100445,1531.08,2026-05-26 11:40:00,BANK_TRANSFER,DEV1120
TXN1000542,ACC100177,ACC100678,1175.39,2026-06-21 02:39:00,BANK_TRANSFER,DEV1249
TXN1000543,ACC100117,ACC100606,2761.67,2026-06-02 15:48:00,NEFT,DEV1284
TXN1000544,ACC100099,ACC100841,405.57,2026-04-24 06:00:00,NEFT,DEV1207
TXN1000545,ACC100071,ACC100612,1334.31,2026-01-28 23:23:00,BANK_TRANSFER,DEV1194
TXN1000546,ACC100335,ACC100506,463.94,2026-06-15 22:32:00,UPI,DEV1046
TXN1000547,ACC100222,ACC100836,7118.24,2026-02-05 19:49:00,UPI,DEV1075
TXN1000548,ACC100676,ACC100152,307.86,2026-04-26 18:08:00,NEFT,DEV1199
TXN1000549,ACC100630,ACC100591,1182.99,2026-04-25 06:40:00,IMPS,DEV1162
TXN1000550,ACC100306,ACC100583,1628.12,2026-06-23 10:23:00,CARD,DEV1176
TXN1000551,ACC100091,ACC100596,1761.27,2026-01-03 20:52:00,BANK_TRANSFER,DEV1206
TXN1000552,ACC100867,ACC100130,545.94,2026-03-17 02:07:00,NEFT,DEV1281
TXN1000553,ACC100991,ACC100054,374.42,2026-01-01 19:06:00,NEFT,DEV1056
TXN1000554,ACC100881,ACC100288,555.49,2026-01-08 08:01:00,CARD,DEV1201
TXN1000555,ACC100640,ACC100325,2067.28,2026-04-08 13:51:00,CARD,DEV1222
TXN1000556,ACC100558,ACC100216,922.77,2026-06-19 05:55:00,CARD,DEV1071
TXN1000557,ACC100192,ACC100568,2851.07,2026-04-09 12:17:00,CARD,DEV1078
TXN1000558,ACC100295,ACC100893,1943.81,2026-06-21 04:17:00,IMPS,DEV1005
TXN1000559,ACC100073,ACC100663,71.36,2026-01-05 04:54:00,CARD,DEV1223
TXN1000560,ACC100998,ACC100139,1475.86,2026-01-22 04:41:00,CARD,DEV1233
TXN1000561,ACC100915,ACC100807,16326.51,2026-06-28 20:37:00,CARD,DEV1092
TXN1000562,ACC100465,ACC100521,5379.35,2026-04-19 18:50:00,CARD,DEV1196
TXN1000563,ACC100363,ACC100231,1819.68,2026-02-17 14:29:00,BANK_TRANSFER,DEV1003
TXN1000564,ACC100591,ACC100510,307.58,2026-03-02 17:07:00,NEFT,DEV1210
TXN1000565,ACC100948,ACC100559,1945.09,2026-05-28 12:31:00,UPI,DEV1019
TXN1000566,ACC100581,ACC100494,2664.31,2026-06-30 12:34:00,UPI,DEV1297
TXN1000567,ACC100493,ACC100984,808.76,2026-06-26 02:43:00,IMPS,DEV1269
TXN1000568,ACC100879,ACC100768,1603.73,2026-03-13 15:52:00,BANK_TRANSFER,DEV1040
TXN1000569,ACC100535,ACC100911,6711.62,2026-06-06 03:01:00,IMPS,DEV1241
TXN1000570,ACC100645,ACC100759,392.0,2026-06-19 22:49:00,UPI,DEV1276
TXN1000571,ACC100817,ACC100593,307.98,2026-03-21 20:55:00,UPI,DEV1175
TXN1000572,ACC100547,ACC100797,2518.05,2026-01-03 16:00:00,CARD,DEV1262
TXN1000573,ACC100927,ACC100480,1898.94,2026-05-27 11:18:00,CARD,DEV1180
TXN1000574,ACC100983,ACC100817,3769.15,2026-03-17 09:52:00,IMPS,DEV1018
TXN1000575,ACC100711,ACC100945,2172.76,2026-06-02 10:22:00,BANK_TRANSFER,DEV1133
TXN1000576,ACC100062,ACC100644,554.85,2026-05-02 19:44:00,IMPS,DEV1293
TXN1000577,ACC100052,ACC100672,1842.04,2026-03-16 21:18:00,UPI,DEV1146
TXN1000578,ACC100496,ACC100084,278.51,2026-02-02 17:15:00,UPI,DEV1142
TXN1000579,ACC100258,ACC100135,812.1,2026-06-07 09:35:00,NEFT,DEV1131
TXN1000580,ACC100014,ACC100759,2004.92,2026-01-29 20:36:00,IMPS,DEV1077
TXN1000581,ACC100674,ACC100457,711.51,2026-04-05 05:59:00,NEFT,DEV1120
TXN1000582,ACC100496,ACC100185,21198.01,2026-05-16 01:07:00,NEFT,DEV1043
TXN1000583,ACC100990,ACC100148,113.23,2026-06-02 05:15:00,CARD,DEV1211
TXN1000584,ACC100788,ACC100392,568.51,2026-03-02 22:33:00,CARD,DEV1085
TXN1000585,ACC100215,ACC100591,355.91,2026-03-30 01:51:00,NEFT,DEV1059
TXN1000586,ACC100053,ACC100171,473.23,2026-04-29 13:36:00,CARD,DEV1154
TXN1000587,ACC100487,ACC100764,506.94,2026-05-17 07:58:00,CARD,DEV1199
TXN1000588,ACC100485,ACC100268,223.25,2026-02-07 18:06:00,CARD,DEV1006
TXN1000589,ACC100295,ACC100949,2706.04,2026-04-25 13:02:00,NEFT,DEV1271
TXN1000590,ACC100699,ACC100978,568.78,2026-01-11 03:19:00,BANK_TRANSFER,DEV1181
TXN1000591,ACC100979,ACC100864,1334.47,2026-04-21 20:50:00,NEFT,DEV1171
TXN1000592,ACC100276,ACC100273,650.8,2026-01-26 08:42:00,BANK_TRANSFER,DEV1200
TXN1000593,ACC100472,ACC100791,478.64,2026-06-22 08:15:00,BANK_TRANSFER,DEV1099
TXN1000594,ACC100532,ACC100345,8157.84,2026-06-23 23:33:00,IMPS,DEV1160
TXN1000595,ACC100560,ACC100010,3319.33,2026-06-22 00:17:00,UPI,DEV1006
TXN1000596,ACC100421,ACC100100,116.53,2026-05-15 03:32:00,CARD,DEV1179
TXN1000597,ACC100224,ACC100742,102.62,2026-03-14 08:35:00,IMPS,DEV1017
TXN1000598,ACC100024,ACC100634,3831.96,2026-01-24 01:56:00,BANK_TRANSFER,DEV1111
TXN1000599,ACC100973,ACC100613,587.68,2026-06-13 04:09:00,UPI,DEV1044
TXN1000600,ACC100876,ACC100619,151.58,2026-02-03 12:49:00,BANK_TRANSFER,DEV1094
TXN1000601,ACC100917,ACC100113,3846.36,2026-06-28 06:17:00,NEFT,DEV1150
TXN1000602,ACC100478,ACC100676,1343.39,2026-01-20 21:48:00,CARD,DEV1141
TXN1000603,ACC100787,ACC100437,1483.09,2026-06-27 22:47:00,NEFT,DEV1131
TXN1000604,ACC100165,ACC100799,2897.05,2026-01-19 09:27:00,UPI,DEV1195
TXN1000605,ACC100397,ACC100340,227.7,2026-01-16 08:48:00,NEFT,DEV1091
TXN1000606,ACC100451,ACC100071,154.81,2026-05-06 06:50:00,BANK_TRANSFER,DEV1201
TXN1000607,ACC100182,ACC100660,7311.07,2026-05-06 03:42:00,IMPS,DEV1276
TXN1000608,ACC100787,ACC100441,195.47,2026-02-25 20:57:00,UPI,DEV1226
TXN1000609,ACC100732,ACC100265,252.98,2026-01-27 01:11:00,UPI,DEV1036
TXN1000610,ACC100585,ACC100745,321.53,2026-03-06 15:13:00,UPI,DEV1254
TXN1000611,ACC100152,ACC100668,13305.53,2026-06-13 00:01:00,UPI,DEV1199
TXN1000612,ACC100272,ACC100155,1982.39,2026-06-29 11:15:00,CARD,DEV1294
TXN1000613,ACC100003,ACC100527,3492.91,2026-05-06 16:19:00,CARD,DEV1206
TXN1000614,ACC100864,ACC100745,1387.7,2026-01-18 18:26:00,IMPS,DEV1001
TXN1000615,ACC100393,ACC100977,532.58,2026-06-26 16:27:00,UPI,DEV1290
TXN1000616,ACC100548,ACC100957,2339.17,2026-04-02 11:22:00,NEFT,DEV1205
TXN1000617,ACC100056,ACC100647,169.37,2026-06-15 03:05:00,NEFT,DEV1273
TXN1000618,ACC100873,ACC100983,294.61,2026-03-29 02:44:00,CARD,DEV1148
TXN1000619,ACC100663,ACC100207,2642.74,2026-02-15 18:55:00,UPI,DEV1196
TXN1000620,ACC100676,ACC100195,215.14,2026-03-18 23:45:00,CARD,DEV1054
TXN1000621,ACC100645,ACC100705,874.02,2026-04-02 16:36:00,UPI,DEV1224
TXN1000622,ACC100752,ACC100194,923.14,2026-02-05 01:13:00,IMPS,DEV1012
TXN1000623,ACC100737,ACC100607,581.5,2026-03-03 16:41:00,CARD,DEV1032
TXN1000624,ACC100811,ACC100553,105.49,2026-06-14 10:30:00,CARD,DEV1273
TXN1000625,ACC100988,ACC100854,515.58,2026-04-26 00:33:00,UPI,DEV1173
TXN1000626,ACC100057,ACC100345,407.5,2026-01-11 13:50:00,UPI,DEV1108
TXN1000627,ACC100826,ACC100669,1331.06,2026-06-20 17:51:00,CARD,DEV1274
TXN1000628,ACC100152,ACC100758,1252.11,2026-05-29 07:57:00,UPI,DEV1018
TXN1000629,ACC100753,ACC100144,1725.99,2026-05-06 22:19:00,UPI,DEV1241
TXN1000630,ACC100928,ACC100940,487.27,2026-06-08 01:33:00,IMPS,DEV1066
TXN1000631,ACC100014,ACC100176,2053.57,2026-06-11 01:42:00,NEFT,DEV1049
TXN1000632,ACC100467,ACC100625,169.49,2026-02-13 20:10:00,UPI,DEV1054
TXN1000633,ACC100116,ACC100509,123.19,2026-06-02 21:00:00,IMPS,DEV1032
TXN1000634,ACC100823,ACC100207,66.51,2026-04-20 11:30:00,CARD,DEV1166
TXN1000635,ACC100123,ACC100999,602.35,2026-06-25 19:39:00,BANK_TRANSFER,DEV1070
TXN1000636,ACC100329,ACC100856,444.1,2026-02-24 01:33:00,BANK_TRANSFER,DEV1088
TXN1000637,ACC100343,ACC100064,2827.59,2026-01-31 09:20:00,IMPS,DEV1212
TXN1000638,ACC100172,ACC100713,503.51,2026-04-05 18:53:00,IMPS,DEV1224
TXN1000639,ACC100249,ACC100947,1522.41,2026-05-29 01:23:00,IMPS,DEV1051
TXN1000640,ACC100810,ACC100867,2910.14,2026-06-11 20:54:00,CARD,DEV1080
TXN1000641,ACC100016,ACC100900,481.26,2026-05-05 02:45:00,UPI,DEV1003
TXN1000642,ACC100183,ACC100948,1568.17,2026-01-23 22:14:00,BANK_TRANSFER,DEV1145
TXN1000643,ACC100426,ACC100710,3649.38,2026-05-02 23:37:00,IMPS,DEV1105
TXN1000644,ACC100146,ACC100655,248.19,2026-03-11 17:51:00,CARD,DEV1210
TXN1000645,ACC100244,ACC100960,1129.83,2026-02-14 20:50:00,UPI,DEV1092
TXN1000646,ACC100734,ACC100511,483.75,2026-06-06 03:00:00,NEFT,DEV1178
TXN1000647,ACC100428,ACC100004,267.9,2026-05-23 08:02:00,IMPS,DEV1060
TXN1000648,ACC100542,ACC100097,173.51,2026-06-08 12:21:00,BANK_TRANSFER,DEV1259
TXN1000649,ACC100224,ACC100475,262.75,2026-06-10 22:30:00,IMPS,DEV1141
TXN1000650,ACC100054,ACC100198,1178.54,2026-01-29 05:05:00,CARD,DEV1254
TXN1000651,ACC100180,ACC100163,158.7,2026-06-21 01:28:00,UPI,DEV1186
TXN1000652,ACC100291,ACC100214,566.3,2026-04-22 08:34:00,NEFT,DEV1232
TXN1000653,ACC100044,ACC100106,2909.78,2026-01-14 18:20:00,IMPS,DEV1080
TXN1000654,ACC100804,ACC100029,1879.6,2026-05-05 17:34:00,UPI,DEV1036
TXN1000655,ACC100916,ACC100240,580.21,2026-04-24 20:13:00,BANK_TRANSFER,DEV1166
TXN1000656,ACC100429,ACC100203,8330.08,2026-06-23 11:07:00,IMPS,DEV1056
TXN1000657,ACC100333,ACC100233,10632.21,2026-01-26 08:05:00,CARD,DEV1102
TXN1000658,ACC100384,ACC100912,1131.55,2026-02-26 02:30:00,CARD,DEV1299
TXN1000659,ACC100496,ACC100055,56.7,2026-04-22 04:56:00,IMPS,DEV1232
TXN1000660,ACC100182,ACC100396,3177.14,2026-04-06 04:39:00,CARD,DEV1099
TXN1000661,ACC100647,ACC100367,69.91,2026-03-11 06:54:00,NEFT,DEV1065
TXN1000662,ACC100032,ACC100708,6447.03,2026-05-26 02:02:00,NEFT,DEV1069
TXN1000663,ACC100113,ACC100872,4025.09,2026-04-30 15:39:00,CARD,DEV1087
TXN1000664,ACC100778,ACC100351,9219.31,2026-02-26 10:04:00,BANK_TRANSFER,DEV1080
TXN1000665,ACC100808,ACC100813,1498.65,2026-06-13 20:52:00,IMPS,DEV1295
TXN1000666,ACC100993,ACC100566,710.76,2026-02-28 02:57:00,CARD,DEV1267
TXN1000667,ACC100500,ACC100882,638.98,2026-02-25 20:11:00,CARD,DEV1236
TXN1000668,ACC100285,ACC100014,569.35,2026-04-20 08:25:00,IMPS,DEV1167
TXN1000669,ACC100444,ACC100593,3559.17,2026-02-26 20:11:00,IMPS,DEV1293
TXN1000670,ACC100919,ACC100005,2577.89,2026-04-17 01:30:00,UPI,DEV1240
TXN1000671,ACC100751,ACC100787,1266.83,2026-05-10 01:08:00,CARD,DEV1271
TXN1000672,ACC100403,ACC100490,460.99,2026-06-28 03:20:00,CARD,DEV1253
TXN1000673,ACC100246,ACC100085,25720.8,2026-05-23 00:25:00,CARD,DEV1111
TXN1000674,ACC100135,ACC100367,3277.54,2026-03-17 08:09:00,UPI,DEV1008
TXN1000675,ACC100491,ACC100685,161.22,2026-03-20 05:31:00,CARD,DEV1292
TXN1000676,ACC100765,ACC100597,590.22,2026-01-07 15:31:00,CARD,DEV1070
TXN1000677,ACC100895,ACC100720,3354.75,2026-04-14 06:18:00,NEFT,DEV1237
TXN1000678,ACC100720,ACC100648,420.13,2026-01-01 21:24:00,UPI,DEV1197
TXN1000679,ACC100914,ACC100707,1672.14,2026-03-27 18:07:00,UPI,DEV1151
TXN1000680,ACC100436,ACC100770,3432.2,2026-03-11 23:49:00,BANK_TRANSFER,DEV1277
TXN1000681,ACC100589,ACC100813,18.8,2026-02-23 23:22:00,UPI,DEV1171
TXN1000682,ACC100753,ACC100954,963.29,2026-01-15 17:34:00,NEFT,DEV1026
TXN1000683,ACC100113,ACC100392,1009.74,2026-04-04 15:53:00,BANK_TRANSFER,DEV1020
TXN1000684,ACC100374,ACC100375,668.82,2026-02-14 22:07:00,BANK_TRANSFER,DEV1034
TXN1000685,ACC100574,ACC100726,1575.04,2026-02-22 04:43:00,NEFT,DEV1122
TXN1000686,ACC100552,ACC100116,2413.96,2026-06-16 16:19:00,BANK_TRANSFER,DEV1107
TXN1000687,ACC100771,ACC100762,1300.44,2026-02-27 10:56:00,NEFT,DEV1136
TXN1000688,ACC100515,ACC100696,700.23,2026-04-19 09:27:00,UPI,DEV1032
TXN1000689,ACC100381,ACC100353,2342.9,2026-04-26 16:35:00,BANK_TRANSFER,DEV1269
TXN1000690,ACC100849,ACC100125,1163.12,2026-05-01 18:09:00,BANK_TRANSFER,DEV1149
TXN1000691,ACC100462,ACC100635,831.44,2026-04-05 22:58:00,UPI,DEV1096
TXN1000692,ACC100913,ACC100905,227.07,2026-04-28 02:58:00,UPI,DEV1200
TXN1000693,ACC100919,ACC100183,168.14,2026-03-15 02:37:00,UPI,DEV1084
TXN1000694,ACC100282,ACC100114,221.97,2026-06-28 05:03:00,CARD,DEV1077
TXN1000695,ACC100895,ACC100209,1531.49,2026-05-14 21:24:00,UPI,DEV1150
TXN1000696,ACC100426,ACC100992,997.35,2026-06-24 18:28:00,IMPS,DEV1242
TXN1000697,ACC100355,ACC100430,185.61,2026-04-24 22:00:00,UPI,DEV1149
TXN1000698,ACC100193,ACC100064,2380.58,2026-01-06 07:55:00,BANK_TRANSFER,DEV1171
TXN1000699,ACC100421,ACC100592,5705.42,2026-03-29 22:22:00,NEFT,DEV1248
TXN1000700,ACC100607,ACC100681,534.75,2026-06-28 18:05:00,BANK_TRANSFER,DEV1227
TXN1000701,ACC100468,ACC100311,135.75,2026-05-26 04:30:00,NEFT,DEV1087
TXN1000702,ACC100808,ACC100266,468.27,2026-02-28 16:31:00,NEFT,DEV1147
TXN1000703,ACC100788,ACC100865,3057.5,2026-01-13 05:03:00,NEFT,DEV1145
TXN1000704,ACC100466,ACC100979,2118.02,2026-02-12 21:06:00,IMPS,DEV1274
TXN1000705,ACC100292,ACC100186,362.52,2026-02-14 23:38:00,IMPS,DEV1082
TXN1000706,ACC100243,ACC100119,6804.96,2026-01-11 10:48:00,BANK_TRANSFER,DEV1064
TXN1000707,ACC100451,ACC100266,5529.96,2026-04-05 06:17:00,IMPS,DEV1287
TXN1000708,ACC100724,ACC100035,455.04,2026-06-20 10:49:00,NEFT,DEV1075
TXN1000709,ACC100381,ACC100459,449.46,2026-05-19 05:32:00,BANK_TRANSFER,DEV1154
TXN1000710,ACC100124,ACC100942,538.4,2026-01-07 13:48:00,CARD,DEV1074
TXN1000711,ACC100970,ACC100469,596.57,2026-03-23 05:19:00,UPI,DEV1279
TXN1000712,ACC100999,ACC100519,3431.13,2026-03-26 22:05:00,NEFT,DEV1242
TXN1000713,ACC100917,ACC100296,1826.93,2026-05-27 22:45:00,IMPS,DEV1289
TXN1000714,ACC100746,ACC100928,3141.62,2026-04-24 11:33:00,UPI,DEV1245
TXN1000715,ACC100921,ACC100041,2460.89,2026-02-05 23:08:00,BANK_TRANSFER,DEV1059
TXN1000716,ACC100315,ACC100025,8582.09,2026-04-13 21:04:00,IMPS,DEV1228
TXN1000717,ACC100365,ACC100094,307.58,2026-03-25 01:52:00,BANK_TRANSFER,DEV1099
TXN1000718,ACC100597,ACC100539,1730.96,2026-02-26 09:29:00,IMPS,DEV1011
TXN1000719,ACC100085,ACC100551,80.75,2026-04-25 23:06:00,UPI,DEV1262
TXN1000720,ACC100403,ACC100199,225.8,2026-05-06 10:50:00,BANK_TRANSFER,DEV1261
TXN1000721,ACC100966,ACC100057,1002.42,2026-06-20 12:19:00,CARD,DEV1075
TXN1000722,ACC100733,ACC100874,1811.39,2026-04-20 12:37:00,CARD,DEV1190
TXN1000723,ACC100012,ACC100291,970.51,2026-03-30 11:59:00,NEFT,DEV1228
TXN1000724,ACC100895,ACC100574,555.22,2026-01-23 07:21:00,CARD,DEV1212
TXN1000725,ACC100822,ACC100453,687.25,2026-03-15 05:35:00,CARD,DEV1212
TXN1000726,ACC100142,ACC100855,5672.18,2026-05-31 20:24:00,UPI,DEV1073
TXN1000727,ACC100212,ACC100310,691.71,2026-05-02 17:55:00,NEFT,DEV1033
TXN1000728,ACC100955,ACC100983,8947.15,2026-06-01 12:49:00,UPI,DEV1003
TXN1000729,ACC100419,ACC100654,2843.58,2026-03-11 14:08:00,IMPS,DEV1284
TXN1000730,ACC100473,ACC100727,1898.93,2026-05-26 04:40:00,IMPS,DEV1095
TXN1000731,ACC100852,ACC100390,261.83,2026-03-16 18:54:00,CARD,DEV1021
TXN1000732,ACC100842,ACC100846,3368.71,2026-03-19 19:58:00,NEFT,DEV1252
TXN1000733,ACC100572,ACC100757,606.36,2026-04-29 07:39:00,UPI,DEV1001
TXN1000734,ACC100157,ACC100268,261.56,2026-03-18 21:51:00,CARD,DEV1063
TXN1000735,ACC100669,ACC100681,2029.23,2026-03-15 14:14:00,IMPS,DEV1251
TXN1000736,ACC100928,ACC100704,207.36,2026-06-15 08:21:00,UPI,DEV1061
TXN1000737,ACC100783,ACC100283,439.36,2026-05-07 02:16:00,BANK_TRANSFER,DEV1185
TXN1000738,ACC100595,ACC100492,1083.4,2026-05-25 14:53:00,NEFT,DEV1243
TXN1000739,ACC100997,ACC100710,15710.83,2026-01-31 12:44:00,BANK_TRANSFER,DEV1294
TXN1000740,ACC100017,ACC100865,480.92,2026-03-08 05:33:00,BANK_TRANSFER,DEV1029
TXN1000741,ACC100149,ACC100327,632.79,2026-04-29 23:39:00,IMPS,DEV1182
TXN1000742,ACC100167,ACC100054,2640.74,2026-03-11 12:19:00,CARD,DEV1182
TXN1000743,ACC100049,ACC100296,248.15,2026-03-16 18:04:00,UPI,DEV1263
TXN1000744,ACC100198,ACC100784,1865.66,2026-06-10 06:15:00,UPI,DEV1085
TXN1000745,ACC100556,ACC100330,4661.59,2026-03-22 23:22:00,NEFT,DEV1138
TXN1000746,ACC100701,ACC100714,758.61,2026-06-26 12:22:00,UPI,DEV1273
TXN1000747,ACC100593,ACC100360,3757.03,2026-02-06 00:26:00,IMPS,DEV1265
TXN1000748,ACC100288,ACC100381,1555.79,2026-05-05 14:03:00,NEFT,DEV1083
TXN1000749,ACC100104,ACC100223,456.31,2026-02-09 17:10:00,IMPS,DEV1096
TXN1000750,ACC100814,ACC100918,864.92,2026-05-24 20:56:00,BANK_TRANSFER,DEV1272
TXN1000751,ACC100729,ACC100564,695.26,2026-06-29 03:53:00,CARD,DEV1235
TXN1000752,ACC100938,ACC100078,987.16,2026-01-30 04:28:00,UPI,DEV1245
TXN1000753,ACC100356,ACC100319,1317.2,2026-06-26 12:22:00,IMPS,DEV1226
TXN1000754,ACC100911,ACC100611,2221.28,2026-05-14 11:40:00,IMPS,DEV1155
TXN1000755,ACC100029,ACC100762,2019.09,2026-01-31 07:35:00,IMPS,DEV1072
TXN1000756,ACC100704,ACC100232,59.26,2026-03-20 04:16:00,IMPS,DEV1066
TXN1000757,ACC100080,ACC100435,975.77,2026-06-26 03:48:00,UPI,DEV1009
TXN1000758,ACC100793,ACC100495,179.23,2026-04-21 01:27:00,IMPS,DEV1055
TXN1000759,ACC100033,ACC100812,787.71,2026-06-18 17:31:00,BANK_TRANSFER,DEV1030
TXN1000760,ACC100480,ACC100121,945.25,2026-03-06 01:28:00,UPI,DEV1154
TXN1000761,ACC100683,ACC100010,3538.22,2026-01-25 04:13:00,BANK_TRANSFER,DEV1105
TXN1000762,ACC100601,ACC100922,1057.71,2026-02-21 06:18:00,NEFT,DEV1014
TXN1000763,ACC100092,ACC100149,1496.77,2026-03-13 19:47:00,NEFT,DEV1180
TXN1000764,ACC100164,ACC100875,2840.31,2026-05-09 20:55:00,IMPS,DEV1258
TXN1000765,ACC100583,ACC100069,4785.29,2026-01-26 19:44:00,UPI,DEV1270
TXN1000766,ACC100222,ACC100732,946.13,2026-02-19 09:37:00,IMPS,DEV1275
TXN1000767,ACC100004,ACC100996,1227.84,2026-01-26 07:18:00,BANK_TRANSFER,DEV1243
TXN1000768,ACC100375,ACC100714,1109.9,2026-05-31 06:19:00,CARD,DEV1054
TXN1000769,ACC100185,ACC100854,571.85,2026-04-01 12:57:00,CARD,DEV1109
TXN1000770,ACC100526,ACC100233,435.75,2026-04-15 03:51:00,NEFT,DEV1063
TXN1000771,ACC100477,ACC100112,71.79,2026-05-14 04:38:00,CARD,DEV1184
TXN1000772,ACC100721,ACC100295,301.27,2026-05-23 01:23:00,UPI,DEV1167
TXN1000773,ACC100505,ACC100118,129.75,2026-04-09 09:40:00,CARD,DEV1159
TXN1000774,ACC100703,ACC100999,4945.52,2026-04-24 07:42:00,BANK_TRANSFER,DEV1208
TXN1000775,ACC100297,ACC100875,1374.85,2026-04-20 06:26:00,UPI,DEV1243
TXN1000776,ACC100961,ACC100695,942.82,2026-04-05 06:07:00,UPI,DEV1251
TXN1000777,ACC100688,ACC100107,463.6,2026-04-12 14:57:00,BANK_TRANSFER,DEV1043
TXN1000778,ACC100122,ACC100146,1136.53,2026-04-12 13:40:00,BANK_TRANSFER,DEV1052
TXN1000779,ACC100759,ACC100947,396.4,2026-02-13 02:12:00,NEFT,DEV1101
TXN1000780,ACC100346,ACC100205,1351.3,2026-06-02 13:47:00,UPI,DEV1119
TXN1000781,ACC100858,ACC100434,1472.74,2026-05-08 09:30:00,BANK_TRANSFER,DEV1139
TXN1000782,ACC100774,ACC100808,390.08,2026-06-14 13:39:00,NEFT,DEV1243
TXN1000783,ACC100682,ACC100617,381.25,2026-04-14 16:32:00,BANK_TRANSFER,DEV1142
TXN1000784,ACC100150,ACC100786,3479.48,2026-04-27 03:41:00,UPI,DEV1128
TXN1000785,ACC100501,ACC100509,1029.23,2026-03-01 21:26:00,IMPS,DEV1015
TXN1000786,ACC100101,ACC100755,429.57,2026-01-14 02:19:00,CARD,DEV1013
TXN1000787,ACC100995,ACC100183,703.02,2026-04-08 20:38:00,NEFT,DEV1078
TXN1000788,ACC100310,ACC100636,326.13,2026-06-09 03:17:00,UPI,DEV1266
TXN1000789,ACC100785,ACC100504,1011.69,2026-04-30 06:53:00,NEFT,DEV1254
TXN1000790,ACC100502,ACC100516,2974.87,2026-03-08 18:30:00,NEFT,DEV1276
TXN1000791,ACC100559,ACC100018,1060.82,2026-01-09 14:41:00,UPI,DEV1196
TXN1000792,ACC100460,ACC100322,18701.52,2026-04-07 15:06:00,CARD,DEV1018
TXN1000793,ACC100033,ACC100181,1818.25,2026-05-23 22:30:00,NEFT,DEV1084
TXN1000794,ACC100503,ACC100441,1445.12,2026-02-04 10:39:00,CARD,DEV1249
TXN1000795,ACC100782,ACC100112,368.72,2026-05-26 23:02:00,CARD,DEV1283
TXN1000796,ACC100701,ACC100552,823.66,2026-05-27 16:02:00,CARD,DEV1287
TXN1000797,ACC100874,ACC100160,430.6,2026-05-10 01:54:00,CARD,DEV1134
TXN1000798,ACC100506,ACC100605,81.55,2026-04-07 21:03:00,NEFT,DEV1145
TXN1000799,ACC100328,ACC100062,3530.22,2026-01-08 20:09:00,UPI,DEV1065
TXN1000800,ACC100857,ACC100375,593.63,2026-03-31 19:55:00,UPI,DEV1174
TXN1000801,ACC100389,ACC100099,440.33,2026-04-20 11:46:00,NEFT,DEV1210
TXN1000802,ACC100359,ACC100057,1411.89,2026-06-19 08:20:00,IMPS,DEV1120
TXN1000803,ACC100663,ACC100319,2028.39,2026-06-01 02:53:00,UPI,DEV1156
TXN1000804,ACC100117,ACC100345,746.26,2026-02-13 00:40:00,BANK_TRANSFER,DEV1166
TXN1000805,ACC100038,ACC100471,1093.21,2026-06-18 14:25:00,BANK_TRANSFER,DEV1263
TXN1000806,ACC100923,ACC100431,2684.97,2026-03-10 00:41:00,CARD,DEV1011
TXN1000807,ACC100324,ACC100386,711.78,2026-05-27 13:19:00,NEFT,DEV1293
TXN1000808,ACC100100,ACC100827,1576.24,2026-05-06 03:24:00,IMPS,DEV1172
TXN1000809,ACC100508,ACC100514,149.74,2026-06-20 11:35:00,IMPS,DEV1153
TXN1000810,ACC100372,ACC100992,247.25,2026-04-22 06:53:00,CARD,DEV1038
TXN1000811,ACC100860,ACC100870,2267.99,2026-05-18 07:18:00,NEFT,DEV1135
TXN1000812,ACC100048,ACC100304,232.23,2026-05-27 13:43:00,IMPS,DEV1047
TXN1000813,ACC100734,ACC100864,1452.39,2026-05-29 03:14:00,BANK_TRANSFER,DEV1172
TXN1000814,ACC100279,ACC100068,919.29,2026-05-26 18:07:00,CARD,DEV1218
TXN1000815,ACC100214,ACC100355,708.14,2026-01-20 22:14:00,NEFT,DEV1258
TXN1000816,ACC100823,ACC100307,405.79,2026-04-21 22:38:00,BANK_TRANSFER,DEV1160
TXN1000817,ACC100204,ACC100424,3265.63,2026-04-13 08:34:00,BANK_TRANSFER,DEV1263
TXN1000818,ACC100464,ACC100687,8741.78,2026-05-21 06:09:00,UPI,DEV1264
TXN1000819,ACC100883,ACC100191,1572.2,2026-05-28 17:02:00,IMPS,DEV1239
TXN1000820,ACC100274,ACC100959,1614.84,2026-06-13 18:11:00,BANK_TRANSFER,DEV1222
TXN1000821,ACC100957,ACC100579,483.57,2026-06-10 02:02:00,BANK_TRANSFER,DEV1102
TXN1000822,ACC100373,ACC100473,261.04,2026-02-07 08:12:00,IMPS,DEV1153
TXN1000823,ACC100864,ACC100445,1045.57,2026-04-16 10:52:00,UPI,DEV1104
TXN1000824,ACC100866,ACC100422,340.87,2026-03-10 09:47:00,IMPS,DEV1131
TXN1000825,ACC100703,ACC100615,130.7,2026-03-02 13:51:00,IMPS,DEV1058
TXN1000826,ACC100153,ACC100196,2875.94,2026-01-08 08:22:00,NEFT,DEV1237
TXN1000827,ACC100497,ACC100573,3049.1,2026-04-22 14:24:00,UPI,DEV1103
TXN1000828,ACC100163,ACC100279,391.27,2026-02-04 00:59:00,NEFT,DEV1142
TXN1000829,ACC100674,ACC100563,1469.62,2026-02-15 21:59:00,UPI,DEV1248
TXN1000830,ACC100801,ACC100020,3649.49,2026-01-15 02:51:00,NEFT,DEV1152
TXN1000831,ACC100887,ACC100065,1402.53,2026-04-15 12:24:00,UPI,DEV1203
TXN1000832,ACC100965,ACC100859,261.97,2026-02-05 08:03:00,UPI,DEV1292
TXN1000833,ACC100752,ACC100512,829.26,2026-01-31 17:48:00,BANK_TRANSFER,DEV1268
TXN1000834,ACC100257,ACC100508,5389.3,2026-01-24 08:07:00,BANK_TRANSFER,DEV1062
TXN1000835,ACC100791,ACC100826,1475.03,2026-03-22 11:14:00,BANK_TRANSFER,DEV1199
TXN1000836,ACC100825,ACC100766,2094.27,2026-03-02 14:26:00,IMPS,DEV1073
TXN1000837,ACC100109,ACC100179,1652.35,2026-02-24 09:22:00,CARD,DEV1209
TXN1000838,ACC100260,ACC100883,392.83,2026-05-31 01:54:00,CARD,DEV1273
TXN1000839,ACC100383,ACC100716,520.6,2026-01-29 10:48:00,BANK_TRANSFER,DEV1216
TXN1000840,ACC100486,ACC100699,1646.88,2026-03-05 09:28:00,IMPS,DEV1185
TXN1000841,ACC100486,ACC100732,2922.65,2026-04-05 10:31:00,UPI,DEV1017
TXN1000842,ACC100861,ACC100757,4104.69,2026-06-19 01:51:00,IMPS,DEV1129
TXN1000843,ACC100565,ACC100393,391.61,2026-03-21 21:48:00,NEFT,DEV1062
TXN1000844,ACC100547,ACC100887,1844.1,2026-03-02 15:06:00,CARD,DEV1004
TXN1000845,ACC100931,ACC100983,4557.15,2026-04-11 08:43:00,NEFT,DEV1046
TXN1000846,ACC100958,ACC100842,335.46,2026-03-02 10:09:00,IMPS,DEV1082
TXN1000847,ACC100937,ACC100449,6529.57,2026-06-11 10:49:00,CARD,DEV1017
TXN1000848,ACC100280,ACC100887,7837.92,2026-01-21 16:46:00,CARD,DEV1211
TXN1000849,ACC100948,ACC100861,25593.75,2026-03-27 14:25:00,UPI,DEV1082
TXN1000850,ACC100715,ACC100267,1446.82,2026-05-10 02:15:00,NEFT,DEV1215
TXN1000851,ACC100616,ACC100746,1456.38,2026-05-21 11:09:00,CARD,DEV1014
TXN1000852,ACC100780,ACC100053,2958.37,2026-06-14 21:53:00,IMPS,DEV1227
TXN1000853,ACC100810,ACC100656,2856.53,2026-02-04 00:06:00,CARD,DEV1102
TXN1000854,ACC100643,ACC100312,4237.12,2026-03-22 19:39:00,UPI,DEV1056
TXN1000855,ACC100161,ACC100255,2809.72,2026-05-13 22:09:00,IMPS,DEV1210
TXN1000856,ACC100811,ACC100961,965.58,2026-03-23 15:24:00,CARD,DEV1068
TXN1000857,ACC100266,ACC100177,4752.36,2026-06-25 20:14:00,NEFT,DEV1144
TXN1000858,ACC100203,ACC100086,303.23,2026-04-17 12:32:00,IMPS,DEV1201
TXN1000859,ACC100897,ACC100386,1104.36,2026-05-27 07:39:00,UPI,DEV1011
TXN1000860,ACC100945,ACC100571,7161.56,2026-06-15 20:53:00,IMPS,DEV1045
TXN1000861,ACC100997,ACC100473,244.62,2026-02-20 08:56:00,IMPS,DEV1025
TXN1000862,ACC100410,ACC100632,486.4,2026-04-20 20:29:00,NEFT,DEV1076
TXN1000863,ACC100091,ACC100981,2455.53,2026-04-05 05:48:00,BANK_TRANSFER,DEV1060
TXN1000864,ACC100014,ACC100735,1759.34,2026-05-15 14:51:00,CARD,DEV1253
TXN1000865,ACC100121,ACC100229,383.74,2026-02-22 06:30:00,NEFT,DEV1147
TXN1000866,ACC100764,ACC100506,665.52,2026-04-08 04:26:00,CARD,DEV1105
TXN1000867,ACC100614,ACC100220,265.88,2026-03-14 23:06:00,IMPS,DEV1214
TXN1000868,ACC100184,ACC100418,3556.68,2026-02-07 00:58:00,NEFT,DEV1134
TXN1000869,ACC100241,ACC100632,806.69,2026-04-26 08:28:00,NEFT,DEV1298
TXN1000870,ACC100700,ACC100662,9419.97,2026-04-28 02:55:00,UPI,DEV1240
TXN1000871,ACC100136,ACC100892,1208.72,2026-03-24 23:39:00,CARD,DEV1108
TXN1000872,ACC100730,ACC100392,842.45,2026-04-19 20:23:00,NEFT,DEV1037
TXN1000873,ACC100097,ACC100570,749.81,2026-01-16 01:46:00,NEFT,DEV1120
TXN1000874,ACC100482,ACC100930,818.08,2026-04-01 20:41:00,BANK_TRANSFER,DEV1023
TXN1000875,ACC100005,ACC100259,1252.61,2026-05-10 21:09:00,CARD,DEV1154
TXN1000876,ACC100404,ACC100687,22356.87,2026-04-05 04:30:00,BANK_TRANSFER,DEV1021
TXN1000877,ACC100594,ACC100183,730.24,2026-03-08 05:47:00,BANK_TRANSFER,DEV1252
TXN1000878,ACC100952,ACC100347,759.28,2026-04-30 04:30:00,UPI,DEV1162
TXN1000879,ACC100727,ACC100543,1186.44,2026-04-21 04:50:00,NEFT,DEV1059
TXN1000880,ACC100320,ACC100045,4057.53,2026-02-02 17:02:00,NEFT,DEV1184
TXN1000881,ACC100948,ACC100440,199.3,2026-03-14 08:59:00,BANK_TRANSFER,DEV1135
TXN1000882,ACC100529,ACC100320,1893.37,2026-04-22 05:37:00,NEFT,DEV1251
TXN1000883,ACC100782,ACC100972,411.2,2026-02-08 18:58:00,CARD,DEV1027
TXN1000884,ACC100193,ACC100152,2130.11,2026-01-14 07:50:00,IMPS,DEV1018
TXN1000885,ACC100481,ACC100266,606.37,2026-02-11 15:56:00,CARD,DEV1059
TXN1000886,ACC100916,ACC100949,69.07,2026-05-07 01:23:00,CARD,DEV1182
TXN1000887,ACC100726,ACC100574,1708.71,2026-05-05 15:37:00,CARD,DEV1057
TXN1000888,ACC100866,ACC100737,1691.5,2026-02-07 04:13:00,NEFT,DEV1047
TXN1000889,ACC100208,ACC100889,547.36,2026-03-14 06:09:00,IMPS,DEV1260
TXN1000890,ACC100842,ACC100279,509.78,2026-05-25 22:38:00,BANK_TRANSFER,DEV1108
TXN1000891,ACC100597,ACC100994,227.32,2026-01-02 17:57:00,BANK_TRANSFER,DEV1092
TXN1000892,ACC100426,ACC100942,2773.1,2026-01-20 08:24:00,CARD,DEV1048
TXN1000893,ACC100908,ACC100336,3161.05,2026-01-07 09:42:00,UPI,DEV1201
TXN1000894,ACC100382,ACC100604,381.89,2026-01-28 11:02:00,IMPS,DEV1014
TXN1000895,ACC100083,ACC100471,573.68,2026-06-18 16:22:00,CARD,DEV1137
TXN1000896,ACC100608,ACC100673,1016.43,2026-01-02 11:14:00,UPI,DEV1231
TXN1000897,ACC100332,ACC100970,16731.33,2026-05-26 04:24:00,IMPS,DEV1024
TXN1000898,ACC100820,ACC100659,2109.37,2026-03-14 11:01:00,UPI,DEV1036
TXN1000899,ACC100560,ACC100974,353.51,2026-06-04 13:01:00,UPI,DEV1204
TXN1000900,ACC100261,ACC100182,1578.98,2026-03-03 13:36:00,UPI,DEV1010
TXN1000901,ACC100872,ACC100213,210.18,2026-02-11 13:15:00,CARD,DEV1145
TXN1000902,ACC100662,ACC100770,2595.64,2026-06-17 05:15:00,UPI,DEV1152
TXN1000903,ACC100502,ACC100820,8189.9,2026-04-21 10:35:00,BANK_TRANSFER,DEV1067
TXN1000904,ACC100367,ACC100681,8231.72,2026-01-25 12:32:00,BANK_TRANSFER,DEV1102
TXN1000905,ACC100501,ACC100456,2648.83,2026-04-10 16:15:00,NEFT,DEV1288
TXN1000906,ACC100614,ACC100433,544.52,2026-01-24 14:25:00,NEFT,DEV1095
TXN1000907,ACC100444,ACC100645,230.19,2026-04-20 03:10:00,UPI,DEV1262
TXN1000908,ACC100349,ACC100996,204.33,2026-04-29 23:05:00,IMPS,DEV1079
TXN1000909,ACC100953,ACC100507,37.81,2026-05-15 21:29:00,BANK_TRANSFER,DEV1042
TXN1000910,ACC100297,ACC100479,2521.54,2026-04-22 02:42:00,CARD,DEV1153
TXN1000911,ACC100152,ACC100130,969.32,2026-06-25 10:15:00,IMPS,DEV1267
TXN1000912,ACC100437,ACC100302,3265.14,2026-05-26 01:37:00,BANK_TRANSFER,DEV1039
TXN1000913,ACC100939,ACC100046,6085.34,2026-05-12 03:40:00,BANK_TRANSFER,DEV1217
TXN1000914,ACC100422,ACC100096,1236.31,2026-04-29 22:33:00,BANK_TRANSFER,DEV1129
TXN1000915,ACC100363,ACC100260,1306.56,2026-05-30 02:47:00,BANK_TRANSFER,DEV1008
TXN1000916,ACC100116,ACC100758,628.17,2026-06-19 15:47:00,IMPS,DEV1093
TXN1000917,ACC100863,ACC100402,723.93,2026-01-12 02:50:00,CARD,DEV1152
TXN1000918,ACC100321,ACC100601,2628.49,2026-04-27 22:52:00,CARD,DEV1135
TXN1000919,ACC100349,ACC100989,889.58,2026-02-17 07:12:00,IMPS,DEV1040
TXN1000920,ACC100764,ACC100618,747.84,2026-03-08 22:59:00,UPI,DEV1222
TXN1000921,ACC100547,ACC100018,1072.79,2026-01-02 13:28:00,UPI,DEV1006
TXN1000922,ACC100175,ACC100671,3176.69,2026-05-03 15:42:00,CARD,DEV1249
TXN1000923,ACC100310,ACC100633,477.62,2026-06-07 12:18:00,CARD,DEV1154
TXN1000924,ACC100089,ACC100128,1012.49,2026-02-04 00:28:00,IMPS,DEV1057
TXN1000925,ACC100835,ACC100016,1471.94,2026-06-28 06:25:00,UPI,DEV1107
TXN1000926,ACC100492,ACC100664,4412.81,2026-02-07 22:10:00,IMPS,DEV1223
TXN1000927,ACC100862,ACC100641,822.91,2026-05-18 06:30:00,UPI,DEV1154
TXN1000928,ACC100788,ACC100474,463.41,2026-02-07 16:10:00,CARD,DEV1011
TXN1000929,ACC100119,ACC100170,613.25,2026-02-09 23:58:00,CARD,DEV1248
TXN1000930,ACC100482,ACC100020,3880.3,2026-04-26 19:58:00,IMPS,DEV1103
TXN1000931,ACC100301,ACC100583,12581.29,2026-04-11 01:44:00,NEFT,DEV1004
TXN1000932,ACC100105,ACC100645,226.67,2026-04-21 14:11:00,CARD,DEV1296
TXN1000933,ACC100610,ACC100748,294.61,2026-05-22 09:55:00,UPI,DEV1249
TXN1000934,ACC100409,ACC100497,895.56,2026-05-12 20:10:00,BANK_TRANSFER,DEV1249
TXN1000935,ACC100237,ACC100731,1252.81,2026-01-16 18:01:00,UPI,DEV1216
TXN1000936,ACC100590,ACC100323,2819.64,2026-05-22 02:10:00,NEFT,DEV1213
TXN1000937,ACC100910,ACC100484,376.4,2026-01-30 16:53:00,BANK_TRANSFER,DEV1177
TXN1000938,ACC100459,ACC100714,306.21,2026-04-22 00:42:00,IMPS,DEV1147
TXN1000939,ACC100743,ACC100196,1294.27,2026-05-01 11:44:00,CARD,DEV1118
TXN1000940,ACC100519,ACC100224,804.26,2026-05-31 23:22:00,NEFT,DEV1239
TXN1000941,ACC100134,ACC100904,3334.46,2026-03-17 13:19:00,CARD,DEV1184
TXN1000942,ACC100815,ACC100483,1968.12,2026-02-11 21:13:00,IMPS,DEV1144
TXN1000943,ACC100707,ACC100767,2135.5,2026-01-23 22:46:00,CARD,DEV1066
TXN1000944,ACC100177,ACC100204,967.41,2026-02-10 20:40:00,CARD,DEV1051
TXN1000945,ACC100812,ACC100425,18521.66,2026-05-07 10:21:00,IMPS,DEV1107
TXN1000946,ACC100570,ACC100048,401.3,2026-01-05 12:14:00,NEFT,DEV1182
TXN1000947,ACC100693,ACC100162,2282.37,2026-02-14 17:11:00,UPI,DEV1032
TXN1000948,ACC100345,ACC100440,238.98,2026-01-30 21:04:00,IMPS,DEV1061
TXN1000949,ACC100575,ACC100229,302.43,2026-05-05 08:48:00,NEFT,DEV1181
TXN1000950,ACC100787,ACC100047,529.1,2026-05-23 09:07:00,IMPS,DEV1263
TXN1000951,ACC100618,ACC100685,7747.98,2026-01-27 01:43:00,CARD,DEV1234
TXN1000952,ACC100985,ACC100861,1505.19,2026-01-29 03:36:00,BANK_TRANSFER,DEV1052
TXN1000953,ACC100843,ACC100575,539.92,2026-01-11 17:18:00,UPI,DEV1085
TXN1000954,ACC100645,ACC100120,1718.7,2026-02-22 12:20:00,IMPS,DEV1149
TXN1000955,ACC100725,ACC100452,1143.88,2026-05-10 17:00:00,UPI,DEV1078
TXN1000956,ACC100662,ACC100372,607.67,2026-03-27 04:42:00,UPI,DEV1103
TXN1000957,ACC100449,ACC100992,205.21,2026-04-17 00:13:00,IMPS,DEV1242
TXN1000958,ACC100349,ACC100293,6162.58,2026-05-10 05:50:00,UPI,DEV1136
TXN1000959,ACC100381,ACC100732,1410.62,2026-04-17 12:18:00,IMPS,DEV1077
TXN1000960,ACC100771,ACC100542,14890.61,2026-04-18 07:47:00,IMPS,DEV1219
TXN1000961,ACC100423,ACC100940,3389.32,2026-04-15 15:39:00,BANK_TRANSFER,DEV1185
TXN1000962,ACC100966,ACC100030,2125.12,2026-04-24 04:58:00,UPI,DEV1264
TXN1000963,ACC100966,ACC100071,650.51,2026-01-22 11:32:00,NEFT,DEV1205
TXN1000964,ACC100790,ACC100168,294.59,2026-04-22 02:05:00,CARD,DEV1018
TXN1000965,ACC100676,ACC100944,844.48,2026-06-14 05:09:00,BANK_TRANSFER,DEV1029
TXN1000966,ACC100646,ACC100730,284.53,2026-06-19 17:44:00,NEFT,DEV1214
TXN1000967,ACC100411,ACC100907,2392.82,2026-06-24 23:55:00,BANK_TRANSFER,DEV1155
TXN1000968,ACC100738,ACC100760,7779.0,2026-03-22 11:44:00,UPI,DEV1143
TXN1000969,ACC100921,ACC100540,801.84,2026-06-06 05:00:00,CARD,DEV1228
TXN1000970,ACC100659,ACC100210,3406.32,2026-05-20 21:18:00,BANK_TRANSFER,DEV1226
TXN1000971,ACC100714,ACC100353,479.59,2026-06-16 13:48:00,IMPS,DEV1154
TXN1000972,ACC100086,ACC100037,762.83,2026-05-18 11:25:00,CARD,DEV1064
TXN1000973,ACC100532,ACC100553,412.42,2026-03-14 07:17:00,UPI,DEV1261
TXN1000974,ACC100565,ACC100319,84.8,2026-05-14 11:37:00,IMPS,DEV1011
TXN1000975,ACC100028,ACC100911,1049.6,2026-05-19 20:13:00,NEFT,DEV1123
TXN1000976,ACC100852,ACC100792,1279.39,2026-03-19 14:25:00,BANK_TRANSFER,DEV1056
TXN1000977,ACC100749,ACC100061,3940.38,2026-04-06 08:51:00,BANK_TRANSFER,DEV1181
TXN1000978,ACC100126,ACC100048,2848.44,2026-06-16 04:15:00,CARD,DEV1152
TXN1000979,ACC100586,ACC100754,2895.01,2026-01-02 15:28:00,NEFT,DEV1120
TXN1000980,ACC100824,ACC100763,340.75,2026-05-29 19:18:00,BANK_TRANSFER,DEV1119
TXN1000981,ACC100358,ACC100306,1903.4,2026-03-14 22:45:00,BANK_TRANSFER,DEV1071
TXN1000982,ACC100731,ACC100386,7325.47,2026-05-14 08:27:00,UPI,DEV1167
TXN1000983,ACC100528,ACC100596,1729.94,2026-02-19 12:19:00,CARD,DEV1050
TXN1000984,ACC100150,ACC100728,9841.0,2026-04-19 14:03:00,UPI,DEV1047
TXN1000985,ACC100063,ACC100435,12366.66,2026-02-03 16:15:00,IMPS,DEV1228
TXN1000986,ACC100079,ACC100378,794.6,2026-06-23 17:57:00,CARD,DEV1286
TXN1000987,ACC100531,ACC100797,475.17,2026-04-12 09:00:00,BANK_TRANSFER,DEV1255
TXN1000988,ACC100651,ACC100433,439.77,2026-04-23 23:31:00,CARD,DEV1213
TXN1000989,ACC100843,ACC100166,177.8,2026-02-06 17:15:00,IMPS,DEV1248
TXN1000990,ACC100728,ACC100468,588.7,2026-02-03 17:31:00,BANK_TRANSFER,DEV1060
TXN1000991,ACC100711,ACC100217,4671.33,2026-04-27 16:09:00,UPI,DEV1080
TXN1000992,ACC100966,ACC100572,77.88,2026-04-05 04:03:00,BANK_TRANSFER,DEV1209
TXN1000993,ACC100112,ACC100123,315.78,2026-04-05 19:30:00,NEFT,DEV1020
TXN1000994,ACC100535,ACC100156,941.47,2026-01-31 12:40:00,NEFT,DEV1191
TXN1000995,ACC100310,ACC100301,382.75,2026-05-05 00:57:00,IMPS,DEV1072
TXN1000996,ACC100802,ACC100603,582.46,2026-04-18 01:39:00,NEFT,DEV1145
TXN1000997,ACC100220,ACC100187,593.01,2026-05-06 00:04:00,UPI,DEV1280
TXN1000998,ACC100357,ACC100069,805.09,2026-01-12 14:15:00,CARD,DEV1293
TXN1000999,ACC100317,ACC100579,456.99,2026-04-26 11:31:00,CARD,DEV1243
TXN1001000,ACC100854,ACC100737,414.28,2026-06-05 04:31:00,IMPS,DEV1258
TXN1001001,ACC100651,ACC100471,3364.96,2026-04-26 22:46:00,CARD,DEV1076
TXN1001002,ACC100887,ACC100745,3864.49,2026-03-25 03:02:00,BANK_TRANSFER,DEV1209
TXN1001003,ACC100396,ACC100238,209.21,2026-04-12 11:34:00,BANK_TRANSFER,DEV1023
TXN1001004,ACC100981,ACC100686,39.98,2026-04-24 09:28:00,UPI,DEV1084
TXN1001005,ACC100724,ACC100025,3928.64,2026-05-27 21:30:00,NEFT,DEV1287
TXN1001006,ACC100660,ACC100126,251.0,2026-06-14 19:05:00,UPI,DEV1098
TXN1001007,ACC100978,ACC100633,1415.58,2026-05-19 19:41:00,UPI,DEV1291
TXN1001008,ACC100534,ACC100193,167.54,2026-05-02 17:09:00,UPI,DEV1061
TXN1001009,ACC100674,ACC100958,5204.64,2026-05-17 06:08:00,UPI,DEV1140
TXN1001010,ACC100805,ACC100210,23211.46,2026-03-04 19:46:00,CARD,DEV1043
TXN1001011,ACC100826,ACC100546,1365.63,2026-06-05 10:56:00,CARD,DEV1023
TXN1001012,ACC100503,ACC100882,979.53,2026-01-06 11:36:00,CARD,DEV1092
TXN1001013,ACC100424,ACC100024,745.04,2026-05-16 10:49:00,CARD,DEV1131
TXN1001014,ACC100093,ACC100117,2802.2,2026-01-26 18:29:00,IMPS,DEV1146
TXN1001015,ACC100147,ACC100187,2167.27,2026-03-07 03:03:00,IMPS,DEV1157
TXN1001016,ACC100975,ACC100417,3656.27,2026-06-23 05:46:00,UPI,DEV1166
TXN1001017,ACC100185,ACC100027,516.2,2026-01-15 10:10:00,CARD,DEV1050
TXN1001018,ACC100327,ACC100145,1649.36,2026-04-16 11:03:00,NEFT,DEV1192
TXN1001019,ACC100964,ACC100847,571.94,2026-01-31 01:46:00,IMPS,DEV1122
TXN1001020,ACC100770,ACC100611,308.2,2026-05-31 08:04:00,CARD,DEV1260
TXN1001021,ACC100770,ACC100516,1043.97,2026-04-09 03:55:00,NEFT,DEV1031
TXN1001022,ACC100325,ACC100475,362.49,2026-05-22 13:53:00,UPI,DEV1247
TXN1001023,ACC100029,ACC100417,4484.9,2026-06-12 07:58:00,UPI,DEV1137
TXN1001024,ACC100567,ACC100986,389.82,2026-05-31 23:02:00,UPI,DEV1126
TXN1001025,ACC100781,ACC100568,1696.39,2026-06-16 04:17:00,NEFT,DEV1290
TXN1001026,ACC100416,ACC100456,531.6,2026-01-22 21:42:00,BANK_TRANSFER,DEV1104
TXN1001027,ACC100801,ACC100991,1529.16,2026-02-06 12:44:00,BANK_TRANSFER,DEV1086
TXN1001028,ACC100800,ACC100251,584.76,2026-05-18 14:27:00,BANK_TRANSFER,DEV1231
TXN1001029,ACC100042,ACC100001,242.58,2026-04-29 21:11:00,NEFT,DEV1085
TXN1001030,ACC100000,ACC100061,1959.66,2026-05-04 09:19:00,BANK_TRANSFER,DEV1128
TXN1001031,ACC100859,ACC100696,826.75,2026-04-08 11:59:00,IMPS,DEV1299
TXN1001032,ACC100860,ACC100522,1545.62,2026-03-14 01:33:00,IMPS,DEV1273
TXN1001033,ACC100576,ACC100071,655.49,2026-03-18 03:03:00,CARD,DEV1062
TXN1001034,ACC100850,ACC100143,222.84,2026-05-23 09:32:00,CARD,DEV1107
TXN1001035,ACC100625,ACC100516,4023.13,2026-03-23 23:16:00,NEFT,DEV1133
TXN1001036,ACC100770,ACC100724,2654.76,2026-04-26 09:19:00,IMPS,DEV1164
TXN1001037,ACC100349,ACC100215,555.38,2026-04-28 20:27:00,NEFT,DEV1008
TXN1001038,ACC100935,ACC100708,1192.41,2026-02-04 22:03:00,UPI,DEV1243
TXN1001039,ACC100004,ACC100923,3829.25,2026-01-03 22:57:00,IMPS,DEV1211
TXN1001040,ACC100569,ACC100916,633.69,2026-06-28 16:41:00,CARD,DEV1275
TXN1001041,ACC100083,ACC100806,763.37,2026-06-16 22:13:00,UPI,DEV1275
TXN1001042,ACC100031,ACC100913,1469.03,2026-06-21 15:11:00,UPI,DEV1180
TXN1001043,ACC100995,ACC100832,632.13,2026-04-07 20:31:00,NEFT,DEV1198
TXN1001044,ACC100181,ACC100859,3067.17,2026-06-28 00:17:00,UPI,DEV1236
TXN1001045,ACC100379,ACC100958,895.44,2026-02-19 15:10:00,UPI,DEV1113
TXN1001046,ACC100760,ACC100020,428.01,2026-03-13 23:13:00,NEFT,DEV1098
TXN1001047,ACC100092,ACC100835,2276.44,2026-06-07 21:20:00,NEFT,DEV1113
TXN1001048,ACC100239,ACC100505,278.51,2026-04-03 01:15:00,NEFT,DEV1252
TXN1001049,ACC100926,ACC100720,12306.15,2026-06-30 20:41:00,IMPS,DEV1003
TXN1001050,ACC100200,ACC100840,7324.61,2026-06-13 13:31:00,UPI,DEV1142
TXN1001051,ACC100582,ACC100512,2030.82,2026-05-07 05:49:00,BANK_TRANSFER,DEV1099
TXN1001052,ACC100675,ACC100756,1835.73,2026-05-25 22:56:00,BANK_TRANSFER,DEV1289
TXN1001053,ACC100179,ACC100066,1735.29,2026-05-31 04:22:00,UPI,DEV1065
TXN1001054,ACC100265,ACC100955,609.77,2026-05-26 07:46:00,BANK_TRANSFER,DEV1140
TXN1001055,ACC100196,ACC100868,1566.77,2026-06-23 00:47:00,BANK_TRANSFER,DEV1129
TXN1001056,ACC100697,ACC100573,362.22,2026-04-27 00:04:00,CARD,DEV1026
TXN1001057,ACC100874,ACC100961,2007.37,2026-03-24 14:45:00,CARD,DEV1140
TXN1001058,ACC100124,ACC100696,3107.01,2026-05-13 15:55:00,CARD,DEV1185
TXN1001059,ACC100529,ACC100777,696.66,2026-01-12 07:39:00,UPI,DEV1142
TXN1001060,ACC100940,ACC100430,536.94,2026-05-17 15:19:00,NEFT,DEV1002
TXN1001061,ACC100401,ACC100199,255.96,2026-03-27 02:47:00,BANK_TRANSFER,DEV1012
TXN1001062,ACC100755,ACC100231,6307.83,2026-06-26 14:27:00,UPI,DEV1127
TXN1001063,ACC100201,ACC100168,590.64,2026-03-26 10:36:00,UPI,DEV1049
TXN1001064,ACC100028,ACC100491,863.95,2026-04-21 00:49:00,BANK_TRANSFER,DEV1171
TXN1001065,ACC100860,ACC100256,1572.13,2026-03-05 03:40:00,CARD,DEV1122
TXN1001066,ACC100981,ACC100348,1538.63,2026-01-14 11:23:00,BANK_TRANSFER,DEV1121
TXN1001067,ACC100966,ACC100074,2686.17,2026-06-03 21:08:00,CARD,DEV1048
TXN1001068,ACC100640,ACC100457,695.62,2026-05-29 04:15:00,UPI,DEV1031
TXN1001069,ACC100938,ACC100034,279.67,2026-04-07 10:41:00,UPI,DEV1065
TXN1001070,ACC100063,ACC100941,226.69,2026-04-24 01:52:00,NEFT,DEV1221
TXN1001071,ACC100067,ACC100104,547.24,2026-06-23 01:54:00,BANK_TRANSFER,DEV1026
TXN1001072,ACC100301,ACC100870,349.95,2026-04-08 13:42:00,UPI,DEV1210
TXN1001073,ACC100238,ACC100885,761.78,2026-06-03 22:31:00,BANK_TRANSFER,DEV1005
TXN1001074,ACC100464,ACC100393,5266.36,2026-04-29 14:36:00,BANK_TRANSFER,DEV1051
TXN1001075,ACC100347,ACC100666,697.34,2026-06-22 00:53:00,CARD,DEV1264
TXN1001076,ACC100336,ACC100601,697.02,2026-02-19 03:41:00,UPI,DEV1006
TXN1001077,ACC100609,ACC100730,1075.26,2026-01-18 20:14:00,IMPS,DEV1293
TXN1001078,ACC100129,ACC100652,674.01,2026-05-11 08:44:00,NEFT,DEV1215
TXN1001079,ACC100492,ACC100742,1011.44,2026-06-08 15:10:00,IMPS,DEV1124
TXN1001080,ACC100140,ACC100816,2098.64,2026-01-12 02:03:00,IMPS,DEV1159
TXN1001081,ACC100598,ACC100446,3170.68,2026-05-12 22:14:00,NEFT,DEV1159
TXN1001082,ACC100597,ACC100906,3655.02,2026-05-19 04:58:00,IMPS,DEV1240
TXN1001083,ACC100316,ACC100617,12941.86,2026-03-29 09:56:00,NEFT,DEV1004
TXN1001084,ACC100530,ACC100600,2171.63,2026-06-18 23:09:00,IMPS,DEV1029
TXN1001085,ACC100243,ACC100519,16016.5,2026-05-24 01:51:00,CARD,DEV1176
TXN1001086,ACC100200,ACC100999,431.91,2026-02-21 21:51:00,IMPS,DEV1035
TXN1001087,ACC100349,ACC100193,13487.81,2026-06-20 16:14:00,CARD,DEV1169
TXN1001088,ACC100872,ACC100592,694.75,2026-05-25 11:27:00,BANK_TRANSFER,DEV1153
TXN1001089,ACC100428,ACC100336,781.78,2026-02-11 03:34:00,CARD,DEV1021
TXN1001090,ACC100507,ACC100224,949.71,2026-01-01 21:48:00,IMPS,DEV1117
TXN1001091,ACC100477,ACC100638,843.58,2026-02-24 08:09:00,CARD,DEV1169
TXN1001092,ACC100826,ACC100757,1215.62,2026-04-07 07:00:00,CARD,DEV1094
TXN1001093,ACC100845,ACC100006,546.74,2026-04-03 00:20:00,UPI,DEV1183
TXN1001094,ACC100030,ACC100568,2968.92,2026-01-30 04:51:00,NEFT,DEV1225
TXN1001095,ACC100199,ACC100646,564.87,2026-05-30 12:17:00,UPI,DEV1015
TXN1001096,ACC100203,ACC100202,2408.44,2026-03-14 05:56:00,IMPS,DEV1134
TXN1001097,ACC100736,ACC100178,6858.67,2026-03-28 18:55:00,IMPS,DEV1091
TXN1001098,ACC100200,ACC100022,714.42,2026-02-15 08:56:00,UPI,DEV1010
TXN1001099,ACC100851,ACC100693,2844.83,2026-02-05 12:56:00,UPI,DEV1173
TXN1001100,ACC100958,ACC100215,2145.21,2026-03-20 15:34:00,IMPS,DEV1189
TXN1001101,ACC100828,ACC100381,16374.23,2026-06-19 05:50:00,BANK_TRANSFER,DEV1222
TXN1001102,ACC100899,ACC100728,598.37,2026-01-17 04:02:00,IMPS,DEV1066
TXN1001103,ACC100813,ACC100194,2847.18,2026-02-19 18:10:00,CARD,DEV1191
TXN1001104,ACC100325,ACC100613,155.83,2026-04-20 21:42:00,IMPS,DEV1023
TXN1001105,ACC100781,ACC100630,604.84,2026-05-31 06:27:00,BANK_TRANSFER,DEV1150
TXN1001106,ACC100808,ACC100152,1675.84,2026-03-25 08:26:00,UPI,DEV1143
TXN1001107,ACC100893,ACC100129,5835.95,2026-05-11 19:56:00,CARD,DEV1107
TXN1001108,ACC100744,ACC100083,251.86,2026-05-01 22:38:00,BANK_TRANSFER,DEV1033
TXN1001109,ACC100171,ACC100520,2816.66,2026-04-10 22:01:00,BANK_TRANSFER,DEV1191
TXN1001110,ACC100510,ACC100531,1016.51,2026-04-29 06:06:00,NEFT,DEV1191
TXN1001111,ACC100538,ACC100711,176.65,2026-05-04 16:53:00,CARD,DEV1137
TXN1001112,ACC100595,ACC100410,1363.63,2026-06-13 19:55:00,UPI,DEV1106
TXN1001113,ACC100224,ACC100916,8527.01,2026-02-21 15:25:00,IMPS,DEV1202
TXN1001114,ACC100223,ACC100313,285.86,2026-04-19 12:52:00,BANK_TRANSFER,DEV1080
TXN1001115,ACC100957,ACC100862,961.1,2026-04-06 08:41:00,BANK_TRANSFER,DEV1043
TXN1001116,ACC100137,ACC100769,335.64,2026-01-22 10:04:00,CARD,DEV1265
TXN1001117,ACC100360,ACC100235,624.97,2026-05-30 01:24:00,CARD,DEV1262
TXN1001118,ACC100636,ACC100344,6115.64,2026-04-20 15:23:00,CARD,DEV1221
TXN1001119,ACC100418,ACC100376,791.69,2026-05-08 10:49:00,NEFT,DEV1195
TXN1001120,ACC100025,ACC100183,5895.11,2026-04-24 07:58:00,NEFT,DEV1038
TXN1001121,ACC100367,ACC100923,4150.01,2026-01-22 10:03:00,BANK_TRANSFER,DEV1262
TXN1001122,ACC100559,ACC100659,709.61,2026-01-21 09:26:00,IMPS,DEV1050
TXN1001123,ACC100121,ACC100073,599.97,2026-04-03 01:18:00,BANK_TRANSFER,DEV1102
TXN1001124,ACC100341,ACC100201,374.2,2026-06-22 11:14:00,NEFT,DEV1154
TXN1001125,ACC100763,ACC100835,358.86,2026-06-24 09:22:00,IMPS,DEV1070
TXN1001126,ACC100875,ACC100770,1675.47,2026-05-20 08:54:00,UPI,DEV1153
TXN1001127,ACC100288,ACC100842,1070.9,2026-03-30 13:47:00,CARD,DEV1296
TXN1001128,ACC100775,ACC100671,518.88,2026-01-04 16:06:00,BANK_TRANSFER,DEV1076
TXN1001129,ACC100886,ACC100407,170.97,2026-02-28 07:44:00,IMPS,DEV1242
TXN1001130,ACC100239,ACC100528,1245.65,2026-05-31 18:51:00,CARD,DEV1236
TXN1001131,ACC100348,ACC100810,624.24,2026-01-22 10:41:00,IMPS,DEV1219
TXN1001132,ACC100788,ACC100964,867.52,2026-06-28 14:15:00,IMPS,DEV1224
TXN1001133,ACC100460,ACC100873,1580.65,2026-05-23 01:01:00,NEFT,DEV1071
TXN1001134,ACC100591,ACC100894,54.48,2026-02-02 10:25:00,UPI,DEV1255
TXN1001135,ACC100829,ACC100674,174.18,2026-04-01 11:35:00,IMPS,DEV1214
TXN1001136,ACC100435,ACC100702,17252.83,2026-04-14 23:34:00,BANK_TRANSFER,DEV1153
TXN1001137,ACC100333,ACC100601,597.09,2026-01-06 19:22:00,UPI,DEV1071
TXN1001138,ACC100157,ACC100975,53.47,2026-03-26 19:23:00,BANK_TRANSFER,DEV1293
TXN1001139,ACC100887,ACC100400,192.5,2026-04-08 06:58:00,CARD,DEV1032
TXN1001140,ACC100547,ACC100395,21619.71,2026-02-18 16:12:00,UPI,DEV1168
TXN1001141,ACC100583,ACC100985,471.73,2026-04-26 21:48:00,NEFT,DEV1047
TXN1001142,ACC100175,ACC100106,4406.42,2026-06-22 18:52:00,IMPS,DEV1016
TXN1001143,ACC100846,ACC100705,1268.18,2026-06-04 16:40:00,UPI,DEV1095
TXN1001144,ACC100203,ACC100071,612.8,2026-04-09 09:41:00,IMPS,DEV1119
TXN1001145,ACC100298,ACC100675,2780.91,2026-05-15 02:23:00,CARD,DEV1029
TXN1001146,ACC100377,ACC100530,62.73,2026-01-03 05:51:00,NEFT,DEV1210
TXN1001147,ACC100400,ACC100160,194.54,2026-01-29 04:24:00,BANK_TRANSFER,DEV1214
TXN1001148,ACC100489,ACC100760,607.39,2026-01-18 13:16:00,IMPS,DEV1066
TXN1001149,ACC100891,ACC100210,218.88,2026-03-21 14:45:00,CARD,DEV1081
TXN1001150,ACC100618,ACC100588,546.24,2026-03-21 20:03:00,IMPS,DEV1257
TXN1001151,ACC100733,ACC100701,3054.76,2026-04-28 09:24:00,IMPS,DEV1003
TXN1001152,ACC100146,ACC100456,1285.06,2026-01-17 13:37:00,BANK_TRANSFER,DEV1126
TXN1001153,ACC100538,ACC100336,5413.98,2026-05-26 16:45:00,CARD,DEV1236
TXN1001154,ACC100589,ACC100040,1386.38,2026-01-24 09:49:00,CARD,DEV1177
TXN1001155,ACC100717,ACC100862,3608.16,2026-03-18 13:20:00,BANK_TRANSFER,DEV1089
TXN1001156,ACC100425,ACC100255,1015.48,2026-02-15 21:05:00,CARD,DEV1234
TXN1001157,ACC100393,ACC100932,540.05,2026-06-18 06:15:00,BANK_TRANSFER,DEV1048
TXN1001158,ACC100402,ACC100715,6481.33,2026-01-12 08:10:00,IMPS,DEV1140
TXN1001159,ACC100903,ACC100643,468.15,2026-05-18 09:57:00,UPI,DEV1111
TXN1001160,ACC100930,ACC100505,1656.75,2026-04-16 18:52:00,UPI,DEV1188
TXN1001161,ACC100078,ACC100773,2759.15,2026-01-27 17:13:00,NEFT,DEV1209
TXN1001162,ACC100461,ACC100168,3010.29,2026-03-06 07:04:00,BANK_TRANSFER,DEV1022
TXN1001163,ACC100473,ACC100027,270.82,2026-01-19 21:48:00,CARD,DEV1195
TXN1001164,ACC100351,ACC100763,3875.15,2026-04-13 06:38:00,CARD,DEV1019
TXN1001165,ACC100010,ACC100256,338.75,2026-01-30 04:39:00,NEFT,DEV1237
TXN1001166,ACC100496,ACC100472,2901.1,2026-01-18 02:49:00,BANK_TRANSFER,DEV1124
TXN1001167,ACC100730,ACC100972,2084.34,2026-04-23 04:47:00,CARD,DEV1142
TXN1001168,ACC100861,ACC100165,2928.83,2026-02-13 00:36:00,BANK_TRANSFER,DEV1051
TXN1001169,ACC100181,ACC100301,258.27,2026-02-01 18:14:00,CARD,DEV1086
TXN1001170,ACC100079,ACC100687,2220.56,2026-01-03 23:07:00,NEFT,DEV1078
TXN1001171,ACC100451,ACC100366,4034.8,2026-02-15 07:23:00,UPI,DEV1272
TXN1001172,ACC100221,ACC100452,1383.09,2026-06-28 01:37:00,BANK_TRANSFER,DEV1052
TXN1001173,ACC100399,ACC100706,410.62,2026-03-20 15:09:00,UPI,DEV1002
TXN1001174,ACC100049,ACC100790,3306.67,2026-04-07 06:53:00,IMPS,DEV1191
TXN1001175,ACC100930,ACC100244,1257.28,2026-02-21 03:07:00,UPI,DEV1215
TXN1001176,ACC100028,ACC100014,147.03,2026-03-28 06:33:00,UPI,DEV1112
TXN1001177,ACC100981,ACC100903,374.12,2026-01-25 22:40:00,IMPS,DEV1085
TXN1001178,ACC100045,ACC100425,583.15,2026-05-12 03:40:00,NEFT,DEV1165
TXN1001179,ACC100575,ACC100641,6680.73,2026-02-18 21:19:00,IMPS,DEV1277
TXN1001180,ACC100404,ACC100961,5411.17,2026-04-20 04:07:00,IMPS,DEV1109
TXN1001181,ACC100108,ACC100365,5390.33,2026-03-24 05:55:00,UPI,DEV1205
TXN1001182,ACC100669,ACC100323,1449.29,2026-01-04 13:17:00,IMPS,DEV1234
TXN1001183,ACC100225,ACC100067,3282.35,2026-06-18 09:30:00,BANK_TRANSFER,DEV1188
TXN1001184,ACC100044,ACC100068,278.96,2026-02-25 14:01:00,NEFT,DEV1255
TXN1001185,ACC100104,ACC100729,1105.62,2026-05-18 19:25:00,IMPS,DEV1128
TXN1001186,ACC100982,ACC100097,1885.52,2026-06-03 11:04:00,CARD,DEV1068
TXN1001187,ACC100340,ACC100179,301.91,2026-06-12 23:28:00,NEFT,DEV1246
TXN1001188,ACC100069,ACC100343,1410.78,2026-01-05 20:46:00,BANK_TRANSFER,DEV1229
TXN1001189,ACC100391,ACC100523,8299.64,2026-06-13 07:56:00,BANK_TRANSFER,DEV1300
TXN1001190,ACC100721,ACC100013,2144.2,2026-03-01 00:43:00,BANK_TRANSFER,DEV1063
TXN1001191,ACC100316,ACC100242,3297.94,2026-04-20 08:18:00,BANK_TRANSFER,DEV1040
TXN1001192,ACC100061,ACC100140,57.81,2026-04-06 17:01:00,NEFT,DEV1103
TXN1001193,ACC100155,ACC100384,7112.17,2026-02-22 21:54:00,UPI,DEV1121
TXN1001194,ACC100945,ACC100742,877.13,2026-06-03 15:08:00,NEFT,DEV1068
TXN1001195,ACC100284,ACC100325,435.97,2026-06-14 01:21:00,BANK_TRANSFER,DEV1212
TXN1001196,ACC100663,ACC100832,889.3,2026-03-15 00:48:00,IMPS,DEV1169
TXN1001197,ACC100350,ACC100248,184.56,2026-02-22 18:24:00,UPI,DEV1127
TXN1001198,ACC100820,ACC100703,3856.56,2026-06-28 07:35:00,BANK_TRANSFER,DEV1195
TXN1001199,ACC100533,ACC100329,733.28,2026-02-16 15:05:00,UPI,DEV1033
TXN1001200,ACC100890,ACC100503,451.98,2026-01-18 06:34:00,UPI,DEV1072
TXN1001201,ACC100960,ACC100209,896.35,2026-02-02 03:07:00,IMPS,DEV1281
TXN1001202,ACC100851,ACC100814,4194.87,2026-02-22 08:03:00,BANK_TRANSFER,DEV1040
TXN1001203,ACC100436,ACC100742,1284.02,2026-04-30 10:37:00,IMPS,DEV1101
TXN1001204,ACC100250,ACC100434,202.02,2026-02-15 20:40:00,IMPS,DEV1155
TXN1001205,ACC100292,ACC100590,1915.97,2026-04-25 21:41:00,IMPS,DEV1139
TXN1001206,ACC100883,ACC100800,359.68,2026-05-04 02:43:00,NEFT,DEV1203
TXN1001207,ACC100386,ACC100171,82.49,2026-05-01 15:03:00,CARD,DEV1258
TXN1001208,ACC100624,ACC100752,6602.53,2026-04-21 05:19:00,CARD,DEV1010
TXN1001209,ACC100780,ACC100390,1898.23,2026-04-20 02:50:00,NEFT,DEV1275
TXN1001210,ACC100156,ACC100566,998.32,2026-02-14 08:46:00,CARD,DEV1237
TXN1001211,ACC100313,ACC100464,724.35,2026-03-14 12:48:00,BANK_TRANSFER,DEV1246
TXN1001212,ACC100073,ACC100341,5863.46,2026-02-04 16:01:00,IMPS,DEV1079
TXN1001213,ACC100938,ACC100194,44559.75,2026-01-02 00:26:00,BANK_TRANSFER,DEV1191
TXN1001214,ACC100503,ACC100414,1879.08,2026-04-17 13:28:00,NEFT,DEV1196
TXN1001215,ACC100501,ACC100315,318.76,2026-06-14 20:04:00,UPI,DEV1209
TXN1001216,ACC100906,ACC100039,911.09,2026-02-01 13:08:00,BANK_TRANSFER,DEV1083
TXN1001217,ACC100198,ACC100781,1838.47,2026-04-22 08:42:00,NEFT,DEV1260
TXN1001218,ACC100726,ACC100500,65.4,2026-06-12 23:30:00,NEFT,DEV1029
TXN1001219,ACC100666,ACC100394,1638.27,2026-04-19 08:25:00,IMPS,DEV1244
TXN1001220,ACC100035,ACC100943,1851.42,2026-04-03 21:32:00,UPI,DEV1075
TXN1001221,ACC100267,ACC100619,5386.28,2026-04-27 23:14:00,IMPS,DEV1130
TXN1001222,ACC100253,ACC100616,4753.08,2026-05-29 22:37:00,IMPS,DEV1006
TXN1001223,ACC100119,ACC100789,1253.14,2026-01-24 21:59:00,CARD,DEV1203
TXN1001224,ACC100723,ACC100600,6751.8,2026-01-21 17:41:00,IMPS,DEV1216
TXN1001225,ACC100169,ACC100849,12617.17,2026-04-20 08:37:00,NEFT,DEV1256
TXN1001226,ACC100990,ACC100545,1134.04,2026-06-18 13:03:00,BANK_TRANSFER,DEV1157
TXN1001227,ACC100751,ACC100421,1811.34,2026-01-23 03:43:00,BANK_TRANSFER,DEV1176
TXN1001228,ACC100833,ACC100146,131.53,2026-03-10 07:09:00,CARD,DEV1157
TXN1001229,ACC100006,ACC100172,192.26,2026-05-06 00:03:00,UPI,DEV1035
TXN1001230,ACC100792,ACC100713,401.08,2026-04-17 17:55:00,CARD,DEV1147
TXN1001231,ACC100750,ACC100441,643.97,2026-02-13 06:01:00,NEFT,DEV1095
TXN1001232,ACC100720,ACC100137,294.32,2026-02-20 16:36:00,IMPS,DEV1257
TXN1001233,ACC100971,ACC100112,1050.27,2026-04-26 19:21:00,IMPS,DEV1095
TXN1001234,ACC100205,ACC100060,667.51,2026-02-16 06:32:00,NEFT,DEV1209
TXN1001235,ACC100451,ACC100641,3964.26,2026-06-09 03:43:00,IMPS,DEV1040
TXN1001236,ACC100300,ACC100087,620.34,2026-04-07 04:15:00,NEFT,DEV1032
TXN1001237,ACC100350,ACC100030,70.52,2026-05-30 08:00:00,CARD,DEV1248
TXN1001238,ACC100688,ACC100778,1275.25,2026-01-26 00:19:00,UPI,DEV1136
TXN1001239,ACC100769,ACC100978,1078.11,2026-01-02 22:42:00,BANK_TRANSFER,DEV1021
TXN1001240,ACC100099,ACC100216,389.76,2026-05-14 00:14:00,CARD,DEV1266
TXN1001241,ACC100985,ACC100779,1229.05,2026-03-10 16:35:00,CARD,DEV1172
TXN1001242,ACC100618,ACC100439,301.78,2026-03-28 12:39:00,NEFT,DEV1161
TXN1001243,ACC100836,ACC100245,1629.14,2026-04-03 22:42:00,CARD,DEV1193
TXN1001244,ACC100625,ACC100058,25835.62,2026-04-02 11:16:00,UPI,DEV1001
TXN1001245,ACC100467,ACC100891,125.62,2026-06-28 13:42:00,IMPS,DEV1013
TXN1001246,ACC100616,ACC100125,590.23,2026-05-16 09:32:00,IMPS,DEV1188
TXN1001247,ACC100462,ACC100633,486.97,2026-06-25 22:29:00,CARD,DEV1263
TXN1001248,ACC100423,ACC100676,652.03,2026-02-18 00:06:00,NEFT,DEV1008
TXN1001249,ACC100648,ACC100368,3729.05,2026-01-12 11:06:00,CARD,DEV1119
TXN1001250,ACC100621,ACC100496,2103.57,2026-04-13 20:54:00,UPI,DEV1178
TXN1001251,ACC100438,ACC100961,3036.68,2026-05-02 22:28:00,UPI,DEV1197
TXN1001252,ACC100300,ACC100621,1137.51,2026-02-19 04:53:00,BANK_TRANSFER,DEV1292
TXN1001253,ACC100803,ACC100877,224.41,2026-05-10 01:05:00,IMPS,DEV1254
TXN1001254,ACC100815,ACC100089,287.83,2026-03-19 22:58:00,BANK_TRANSFER,DEV1239
TXN1001255,ACC100172,ACC100917,2685.2,2026-04-25 03:56:00,CARD,DEV1276
TXN1001256,ACC100246,ACC100249,1346.14,2026-02-24 05:49:00,UPI,DEV1054
TXN1001257,ACC100445,ACC100732,4975.34,2026-01-08 05:28:00,NEFT,DEV1196
TXN1001258,ACC100784,ACC100287,1559.18,2026-02-26 08:47:00,CARD,DEV1063
TXN1001259,ACC100681,ACC100139,265.17,2026-05-17 21:37:00,CARD,DEV1046
TXN1001260,ACC100814,ACC100708,586.23,2026-03-27 07:38:00,BANK_TRANSFER,DEV1033
TXN1001261,ACC100659,ACC100351,2159.81,2026-04-07 13:01:00,BANK_TRANSFER,DEV1223
TXN1001262,ACC100827,ACC100238,2571.9,2026-02-27 08:50:00,UPI,DEV1148
TXN1001263,ACC100089,ACC100114,3059.88,2026-01-23 11:36:00,BANK_TRANSFER,DEV1096
TXN1001264,ACC100762,ACC100964,311.62,2026-01-30 19:33:00,NEFT,DEV1065
TXN1001265,ACC100873,ACC100320,259.5,2026-04-08 19:41:00,UPI,DEV1159
TXN1001266,ACC100063,ACC100604,873.26,2026-05-18 06:28:00,CARD,DEV1216
TXN1001267,ACC100327,ACC100789,6173.91,2026-04-04 23:11:00,IMPS,DEV1266
TXN1001268,ACC100679,ACC100616,476.92,2026-06-01 07:34:00,UPI,DEV1202
TXN1001269,ACC100009,ACC100551,1893.09,2026-04-28 10:47:00,IMPS,DEV1151
TXN1001270,ACC100857,ACC100224,1893.29,2026-05-08 23:12:00,CARD,DEV1075
TXN1001271,ACC100615,ACC100290,2732.38,2026-02-07 22:42:00,UPI,DEV1163
TXN1001272,ACC100316,ACC100514,8081.46,2026-06-26 04:12:00,NEFT,DEV1293
TXN1001273,ACC100489,ACC100646,7145.85,2026-02-25 16:53:00,NEFT,DEV1192
TXN1001274,ACC100060,ACC100829,537.26,2026-03-27 05:12:00,IMPS,DEV1115
TXN1001275,ACC100717,ACC100753,88.46,2026-01-14 06:06:00,CARD,DEV1200
TXN1001276,ACC100306,ACC100834,485.78,2026-06-18 05:26:00,UPI,DEV1280
TXN1001277,ACC100401,ACC100345,1200.88,2026-04-19 23:08:00,CARD,DEV1178
TXN1001278,ACC100775,ACC100400,710.54,2026-04-11 02:27:00,BANK_TRANSFER,DEV1144
TXN1001279,ACC100289,ACC100713,11631.58,2026-02-19 23:55:00,BANK_TRANSFER,DEV1201
TXN1001280,ACC100099,ACC100134,1121.63,2026-03-24 19:48:00,UPI,DEV1155
TXN1001281,ACC100468,ACC100670,2402.95,2026-02-11 19:42:00,IMPS,DEV1226
TXN1001282,ACC100712,ACC100494,1423.19,2026-03-16 04:56:00,IMPS,DEV1111
TXN1001283,ACC100823,ACC100766,723.46,2026-02-20 22:13:00,UPI,DEV1185
TXN1001284,ACC100743,ACC100876,108.88,2026-05-28 03:28:00,IMPS,DEV1192
TXN1001285,ACC100973,ACC100437,997.91,2026-06-23 05:44:00,UPI,DEV1049
TXN1001286,ACC100364,ACC100997,54479.34,2026-05-02 06:07:00,UPI,DEV1060
TXN1001287,ACC100527,ACC100665,246.32,2026-03-28 20:15:00,CARD,DEV1076
TXN1001288,ACC100642,ACC100739,124.23,2026-04-14 08:21:00,UPI,DEV1060
TXN1001289,ACC100246,ACC100406,11199.98,2026-05-06 10:19:00,BANK_TRANSFER,DEV1088
TXN1001290,ACC100668,ACC100763,2671.78,2026-04-07 23:36:00,UPI,DEV1237
TXN1001291,ACC100885,ACC100837,1373.21,2026-06-16 13:02:00,NEFT,DEV1227
TXN1001292,ACC100376,ACC100011,5626.31,2026-01-31 03:58:00,UPI,DEV1062
TXN1001293,ACC100500,ACC100656,404.32,2026-06-21 17:23:00,IMPS,DEV1011
TXN1001294,ACC100600,ACC100586,964.96,2026-05-27 16:22:00,NEFT,DEV1048
TXN1001295,ACC100813,ACC100607,3450.19,2026-02-16 13:06:00,CARD,DEV1222
TXN1001296,ACC100305,ACC100585,13800.02,2026-02-02 03:23:00,NEFT,DEV1032
TXN1001297,ACC100730,ACC100930,269.82,2026-05-18 06:18:00,CARD,DEV1010
TXN1001298,ACC100403,ACC100569,5099.42,2026-05-18 18:05:00,CARD,DEV1032
TXN1001299,ACC100531,ACC100857,1734.04,2026-05-30 18:23:00,UPI,DEV1106
TXN1001300,ACC100988,ACC100674,1333.65,2026-01-31 06:10:00,BANK_TRANSFER,DEV1092
TXN1001301,ACC100005,ACC100568,1086.51,2026-04-25 10:43:00,UPI,DEV1020
TXN1001302,ACC100131,ACC100588,208.18,2026-02-22 22:16:00,IMPS,DEV1044
TXN1001303,ACC100575,ACC100262,3483.2,2026-01-09 02:53:00,UPI,DEV1259
TXN1001304,ACC100305,ACC100372,428.92,2026-05-20 05:51:00,CARD,DEV1000
TXN1001305,ACC100254,ACC100307,300.18,2026-01-12 17:43:00,NEFT,DEV1273
TXN1001306,ACC100455,ACC100143,3173.37,2026-05-28 16:44:00,NEFT,DEV1267
TXN1001307,ACC100932,ACC100360,2826.97,2026-06-05 18:22:00,BANK_TRANSFER,DEV1107
TXN1001308,ACC100704,ACC100101,1205.68,2026-06-19 01:31:00,IMPS,DEV1018
TXN1001309,ACC100192,ACC100145,4005.61,2026-03-18 07:20:00,IMPS,DEV1282
TXN1001310,ACC100221,ACC100605,6070.06,2026-04-02 09:28:00,IMPS,DEV1216
TXN1001311,ACC100076,ACC100563,5270.44,2026-03-07 08:53:00,CARD,DEV1083
TXN1001312,ACC100409,ACC100467,581.76,2026-01-22 08:40:00,CARD,DEV1073
TXN1001313,ACC100548,ACC100208,3703.1,2026-01-19 21:29:00,NEFT,DEV1098
TXN1001314,ACC100731,ACC100381,1413.7,2026-05-25 22:26:00,BANK_TRANSFER,DEV1083
TXN1001315,ACC100429,ACC100841,8700.1,2026-02-09 10:47:00,CARD,DEV1194
TXN1001316,ACC100026,ACC100987,945.32,2026-06-04 08:26:00,UPI,DEV1138
TXN1001317,ACC100127,ACC100544,714.97,2026-01-29 23:20:00,BANK_TRANSFER,DEV1208
TXN1001318,ACC100067,ACC100337,525.02,2026-06-13 03:02:00,NEFT,DEV1170
TXN1001319,ACC100796,ACC100279,1376.29,2026-02-07 07:42:00,NEFT,DEV1005
TXN1001320,ACC100100,ACC100386,1919.98,2026-02-26 12:55:00,UPI,DEV1063
TXN1001321,ACC100179,ACC100539,1964.82,2026-03-20 20:05:00,CARD,DEV1048
TXN1001322,ACC100541,ACC100357,1667.38,2026-06-29 19:31:00,NEFT,DEV1282
TXN1001323,ACC100277,ACC100622,2453.44,2026-01-26 01:38:00,IMPS,DEV1162
TXN1001324,ACC100969,ACC100769,839.62,2026-04-10 06:10:00,NEFT,DEV1272
TXN1001325,ACC100564,ACC100608,384.9,2026-04-14 16:16:00,BANK_TRANSFER,DEV1065
TXN1001326,ACC100265,ACC100009,346.61,2026-06-25 17:31:00,IMPS,DEV1064
TXN1001327,ACC100146,ACC100387,3533.56,2026-05-26 09:07:00,UPI,DEV1189
TXN1001328,ACC100724,ACC100796,1928.29,2026-03-05 23:08:00,BANK_TRANSFER,DEV1214
TXN1001329,ACC100723,ACC100468,118.27,2026-02-16 14:58:00,NEFT,DEV1239
TXN1001330,ACC100514,ACC100293,4089.2,2026-03-12 14:36:00,BANK_TRANSFER,DEV1117
TXN1001331,ACC100312,ACC100650,10472.65,2026-01-23 10:25:00,CARD,DEV1160
TXN1001332,ACC100865,ACC100092,464.47,2026-06-12 02:42:00,UPI,DEV1122
TXN1001333,ACC100967,ACC100095,1641.54,2026-02-12 19:38:00,UPI,DEV1043
TXN1001334,ACC100761,ACC100292,621.32,2026-05-22 16:49:00,UPI,DEV1217
TXN1001335,ACC100693,ACC100520,2330.8,2026-02-04 16:22:00,CARD,DEV1263
TXN1001336,ACC100701,ACC100693,270.64,2026-05-17 23:49:00,UPI,DEV1207
TXN1001337,ACC100014,ACC100631,1006.53,2026-02-18 00:14:00,CARD,DEV1273
TXN1001338,ACC100767,ACC100353,3560.22,2026-03-04 22:34:00,BANK_TRANSFER,DEV1021
TXN1001339,ACC100621,ACC100459,4831.22,2026-02-13 23:01:00,BANK_TRANSFER,DEV1115
TXN1001340,ACC100179,ACC100076,1829.49,2026-04-04 04:33:00,BANK_TRANSFER,DEV1180
TXN1001341,ACC100975,ACC100052,730.07,2026-04-19 16:54:00,CARD,DEV1087
TXN1001342,ACC100382,ACC100993,162.21,2026-01-29 11:32:00,IMPS,DEV1276
TXN1001343,ACC100871,ACC100784,441.84,2026-01-31 09:54:00,NEFT,DEV1247
TXN1001344,ACC100300,ACC100271,624.45,2026-02-24 00:04:00,BANK_TRANSFER,DEV1201
TXN1001345,ACC100222,ACC100945,474.72,2026-03-20 21:56:00,BANK_TRANSFER,DEV1018
TXN1001346,ACC100957,ACC100474,1177.87,2026-06-08 16:39:00,UPI,DEV1182
TXN1001347,ACC100006,ACC100630,727.59,2026-04-28 11:12:00,NEFT,DEV1181
TXN1001348,ACC100109,ACC100005,1348.23,2026-03-31 06:21:00,CARD,DEV1181
TXN1001349,ACC100009,ACC100103,4643.17,2026-04-21 16:47:00,IMPS,DEV1043
TXN1001350,ACC100541,ACC100526,673.34,2026-02-09 14:01:00,UPI,DEV1249
TXN1001351,ACC100007,ACC100159,208.63,2026-06-18 08:32:00,IMPS,DEV1240
TXN1001352,ACC100404,ACC100383,472.46,2026-03-18 12:26:00,CARD,DEV1093
TXN1001353,ACC100549,ACC100831,2209.02,2026-03-10 03:42:00,CARD,DEV1224
TXN1001354,ACC100165,ACC100143,2473.85,2026-04-01 14:48:00,UPI,DEV1183
TXN1001355,ACC100904,ACC100891,1785.23,2026-02-20 03:46:00,IMPS,DEV1145
TXN1001356,ACC100041,ACC100136,5223.3,2026-04-12 14:22:00,NEFT,DEV1016
TXN1001357,ACC100164,ACC100682,876.87,2026-02-20 16:21:00,NEFT,DEV1060
TXN1001358,ACC100431,ACC100500,12869.29,2026-05-21 16:54:00,IMPS,DEV1166
TXN1001359,ACC100769,ACC100782,2927.27,2026-04-13 17:07:00,CARD,DEV1067
TXN1001360,ACC100112,ACC100980,53.08,2026-01-28 00:43:00,IMPS,DEV1079
TXN1001361,ACC100352,ACC100512,9516.58,2026-01-04 23:21:00,IMPS,DEV1026
TXN1001362,ACC100694,ACC100849,436.86,2026-03-29 14:39:00,BANK_TRANSFER,DEV1004
TXN1001363,ACC100444,ACC100491,317.06,2026-03-16 09:37:00,CARD,DEV1042
TXN1001364,ACC100779,ACC100439,2056.02,2026-03-05 21:04:00,IMPS,DEV1261
TXN1001365,ACC100191,ACC100255,136.21,2026-03-13 03:55:00,NEFT,DEV1126
TXN1001366,ACC100682,ACC100840,476.01,2026-04-20 06:46:00,CARD,DEV1052
TXN1001367,ACC100717,ACC100747,7104.75,2026-05-09 20:51:00,IMPS,DEV1096
TXN1001368,ACC100875,ACC100605,2137.65,2026-06-11 21:39:00,IMPS,DEV1117
TXN1001369,ACC100123,ACC100135,2906.45,2026-04-13 01:18:00,NEFT,DEV1098
TXN1001370,ACC100951,ACC100149,498.55,2026-04-20 00:36:00,BANK_TRANSFER,DEV1102
TXN1001371,ACC100093,ACC100885,173.11,2026-01-14 12:58:00,CARD,DEV1268
TXN1001372,ACC100313,ACC100716,2561.07,2026-06-12 07:53:00,IMPS,DEV1172
TXN1001373,ACC100436,ACC100490,3348.63,2026-01-16 17:24:00,CARD,DEV1026
TXN1001374,ACC100311,ACC100112,3171.6,2026-03-10 12:24:00,NEFT,DEV1179
TXN1001375,ACC100728,ACC100428,1409.35,2026-03-05 10:55:00,UPI,DEV1093
TXN1001376,ACC100041,ACC100000,343.61,2026-01-14 22:32:00,NEFT,DEV1108
TXN1001377,ACC100292,ACC100483,20441.52,2026-03-13 20:42:00,UPI,DEV1220
TXN1001378,ACC100189,ACC100258,1950.31,2026-05-06 12:24:00,NEFT,DEV1155
TXN1001379,ACC100114,ACC100099,890.1,2026-06-21 00:27:00,BANK_TRANSFER,DEV1066
TXN1001380,ACC100339,ACC100369,894.85,2026-04-03 20:06:00,BANK_TRANSFER,DEV1190
TXN1001381,ACC100243,ACC100665,1312.27,2026-03-12 07:10:00,BANK_TRANSFER,DEV1196
TXN1001382,ACC100089,ACC100908,3958.14,2026-01-28 04:27:00,BANK_TRANSFER,DEV1061
TXN1001383,ACC100042,ACC100600,1376.85,2026-06-17 06:30:00,IMPS,DEV1228
TXN1001384,ACC100947,ACC100101,3072.4,2026-01-20 18:39:00,BANK_TRANSFER,DEV1175
TXN1001385,ACC100308,ACC100742,1315.11,2026-05-02 06:53:00,BANK_TRANSFER,DEV1078
TXN1001386,ACC100044,ACC100130,958.31,2026-02-19 14:16:00,BANK_TRANSFER,DEV1129
TXN1001387,ACC100912,ACC100898,2367.29,2026-05-24 11:51:00,NEFT,DEV1229
TXN1001388,ACC100644,ACC100734,2261.86,2026-01-31 14:53:00,UPI,DEV1247
TXN1001389,ACC100429,ACC100536,894.66,2026-05-09 00:44:00,IMPS,DEV1140
TXN1001390,ACC100713,ACC100990,446.28,2026-02-03 09:53:00,UPI,DEV1289
TXN1001391,ACC100062,ACC100813,1652.55,2026-06-27 06:29:00,CARD,DEV1253
TXN1001392,ACC100701,ACC100545,1204.74,2026-05-12 02:33:00,IMPS,DEV1224
TXN1001393,ACC100768,ACC100521,563.49,2026-04-09 19:11:00,CARD,DEV1205
TXN1001394,ACC100621,ACC100278,399.06,2026-02-22 06:16:00,UPI,DEV1081
TXN1001395,ACC100585,ACC100223,1794.66,2026-06-01 23:46:00,UPI,DEV1262
TXN1001396,ACC100466,ACC100515,2122.0,2026-05-15 08:50:00,NEFT,DEV1112
TXN1001397,ACC100303,ACC100725,711.92,2026-03-10 18:50:00,UPI,DEV1087
TXN1001398,ACC100229,ACC100046,546.8,2026-05-17 08:07:00,NEFT,DEV1020
TXN1001399,ACC100654,ACC100151,404.92,2026-03-13 04:32:00,NEFT,DEV1026
TXN1001400,ACC100657,ACC100254,1734.9,2026-02-23 18:14:00,UPI,DEV1000
TXN1001401,ACC100664,ACC100355,417.89,2026-06-11 20:39:00,NEFT,DEV1166
TXN1001402,ACC100085,ACC100969,16144.93,2026-06-30 18:44:00,NEFT,DEV1068
TXN1001403,ACC100418,ACC100919,670.26,2026-06-06 10:03:00,NEFT,DEV1029
TXN1001404,ACC100640,ACC100835,59.72,2026-01-03 12:08:00,IMPS,DEV1143
TXN1001405,ACC100180,ACC100262,1057.64,2026-01-05 18:20:00,BANK_TRANSFER,DEV1054
TXN1001406,ACC100739,ACC100763,1004.62,2026-06-26 13:02:00,NEFT,DEV1282
TXN1001407,ACC100211,ACC100836,4163.3,2026-04-24 07:31:00,NEFT,DEV1137
TXN1001408,ACC100208,ACC100595,1549.6,2026-06-11 13:29:00,IMPS,DEV1228
TXN1001409,ACC100237,ACC100747,403.19,2026-04-22 12:34:00,IMPS,DEV1245
TXN1001410,ACC100095,ACC100507,777.69,2026-02-16 15:40:00,IMPS,DEV1090
TXN1001411,ACC100193,ACC100583,1624.42,2026-05-06 06:09:00,NEFT,DEV1010
TXN1001412,ACC100317,ACC100166,81.64,2026-02-15 13:27:00,BANK_TRANSFER,DEV1096
TXN1001413,ACC100071,ACC100146,5466.24,2026-01-19 14:33:00,IMPS,DEV1232
TXN1001414,ACC100930,ACC100660,404.48,2026-04-14 03:25:00,BANK_TRANSFER,DEV1070
TXN1001415,ACC100744,ACC100768,6005.63,2026-01-04 20:35:00,UPI,DEV1193
TXN1001416,ACC100393,ACC100021,1756.29,2026-01-29 00:27:00,UPI,DEV1067
TXN1001417,ACC100254,ACC100788,2334.41,2026-01-22 09:08:00,IMPS,DEV1006
TXN1001418,ACC100811,ACC100989,4355.99,2026-01-03 03:37:00,BANK_TRANSFER,DEV1173
TXN1001419,ACC100873,ACC100724,2181.48,2026-01-22 06:54:00,IMPS,DEV1245
TXN1001420,ACC100777,ACC100576,2458.89,2026-04-24 05:34:00,NEFT,DEV1169
TXN1001421,ACC100490,ACC100158,900.27,2026-03-04 01:54:00,BANK_TRANSFER,DEV1136
TXN1001422,ACC100642,ACC100556,1714.03,2026-02-01 00:43:00,UPI,DEV1052
TXN1001423,ACC100557,ACC100303,541.86,2026-01-27 17:27:00,CARD,DEV1072
TXN1001424,ACC100001,ACC100934,726.26,2026-02-27 00:49:00,IMPS,DEV1218
TXN1001425,ACC100394,ACC100150,11586.94,2026-04-01 22:22:00,NEFT,DEV1115
TXN1001426,ACC100943,ACC100900,415.78,2026-06-25 13:07:00,UPI,DEV1251
TXN1001427,ACC100173,ACC100112,1319.73,2026-02-27 03:28:00,NEFT,DEV1182
TXN1001428,ACC100078,ACC100630,1256.6,2026-03-27 04:02:00,NEFT,DEV1043
TXN1001429,ACC100917,ACC100044,755.28,2026-06-04 05:09:00,IMPS,DEV1219
TXN1001430,ACC100543,ACC100342,2033.03,2026-06-03 06:11:00,CARD,DEV1076
TXN1001431,ACC100914,ACC100683,2225.34,2026-06-25 10:17:00,BANK_TRANSFER,DEV1146
TXN1001432,ACC100356,ACC100896,361.05,2026-01-27 09:15:00,CARD,DEV1188
TXN1001433,ACC100955,ACC100271,1238.47,2026-01-20 00:04:00,IMPS,DEV1075
TXN1001434,ACC100327,ACC100151,299.21,2026-04-10 15:14:00,CARD,DEV1034
TXN1001435,ACC100115,ACC100591,2824.99,2026-04-20 09:30:00,IMPS,DEV1046
TXN1001436,ACC100330,ACC100130,1355.31,2026-02-16 13:08:00,NEFT,DEV1163
TXN1001437,ACC100506,ACC100434,1210.51,2026-05-04 23:40:00,CARD,DEV1170
TXN1001438,ACC100141,ACC100821,2418.34,2026-06-17 08:23:00,CARD,DEV1214
TXN1001439,ACC100562,ACC100509,787.91,2026-05-18 18:13:00,CARD,DEV1272
TXN1001440,ACC100549,ACC100841,3284.03,2026-02-28 13:07:00,UPI,DEV1297
TXN1001441,ACC100732,ACC100431,351.38,2026-05-15 19:43:00,IMPS,DEV1044
TXN1001442,ACC100240,ACC100370,5968.51,2026-01-01 06:56:00,UPI,DEV1185
TXN1001443,ACC100571,ACC100485,566.18,2026-02-04 03:45:00,UPI,DEV1178
TXN1001444,ACC100369,ACC100869,143.25,2026-02-05 10:03:00,CARD,DEV1073
TXN1001445,ACC100855,ACC100873,739.34,2026-05-22 14:22:00,IMPS,DEV1107
TXN1001446,ACC100847,ACC100229,645.25,2026-01-15 04:42:00,UPI,DEV1073
TXN1001447,ACC100386,ACC100750,732.68,2026-01-07 23:45:00,CARD,DEV1190
TXN1001448,ACC100055,ACC100718,1448.06,2026-01-28 22:37:00,BANK_TRANSFER,DEV1037
TXN1001449,ACC100488,ACC100857,4094.54,2026-06-02 05:23:00,UPI,DEV1075
TXN1001450,ACC100374,ACC100144,871.27,2026-01-21 08:21:00,UPI,DEV1006
TXN1001451,ACC100582,ACC100851,478.21,2026-04-17 05:06:00,IMPS,DEV1240
TXN1001452,ACC100761,ACC100143,283.76,2026-05-16 23:50:00,NEFT,DEV1240
TXN1001453,ACC100421,ACC100739,625.27,2026-03-28 15:09:00,UPI,DEV1146
TXN1001454,ACC100113,ACC100159,113.82,2026-01-16 21:55:00,UPI,DEV1088
TXN1001455,ACC100515,ACC100164,459.36,2026-01-03 13:31:00,CARD,DEV1232
TXN1001456,ACC100567,ACC100728,4879.83,2026-03-08 19:31:00,BANK_TRANSFER,DEV1156
TXN1001457,ACC100726,ACC100232,408.29,2026-04-19 05:21:00,NEFT,DEV1047
TXN1001458,ACC100534,ACC100386,2331.95,2026-02-02 07:13:00,CARD,DEV1028
TXN1001459,ACC100224,ACC100401,251.7,2026-02-17 19:05:00,BANK_TRANSFER,DEV1039
TXN1001460,ACC100836,ACC100709,9184.89,2026-04-30 16:17:00,NEFT,DEV1207
TXN1001461,ACC100847,ACC100389,9948.01,2026-02-12 01:51:00,NEFT,DEV1217
TXN1001462,ACC100199,ACC100276,2228.82,2026-01-28 03:33:00,UPI,DEV1185
TXN1001463,ACC100617,ACC100797,11962.15,2026-03-27 00:57:00,IMPS,DEV1144
TXN1001464,ACC100166,ACC100554,1680.68,2026-01-28 02:13:00,IMPS,DEV1005
TXN1001465,ACC100774,ACC100931,2757.89,2026-03-21 06:24:00,BANK_TRANSFER,DEV1103
TXN1001466,ACC100653,ACC100951,4985.66,2026-01-09 08:12:00,NEFT,DEV1043
TXN1001467,ACC100583,ACC100578,1360.57,2026-01-12 19:14:00,CARD,DEV1023
TXN1001468,ACC100049,ACC100322,170.23,2026-01-24 10:32:00,UPI,DEV1182
TXN1001469,ACC100769,ACC100289,2826.39,2026-04-12 17:04:00,IMPS,DEV1161
TXN1001470,ACC100769,ACC100400,622.52,2026-04-02 04:25:00,UPI,DEV1169
TXN1001471,ACC100417,ACC100918,680.59,2026-05-09 03:26:00,BANK_TRANSFER,DEV1076
TXN1001472,ACC100024,ACC100601,1567.87,2026-04-08 16:16:00,BANK_TRANSFER,DEV1019
TXN1001473,ACC100297,ACC100165,2163.62,2026-02-08 23:17:00,CARD,DEV1040
TXN1001474,ACC100906,ACC100640,1313.12,2026-01-24 07:54:00,IMPS,DEV1072
TXN1001475,ACC100787,ACC100735,2351.66,2026-02-11 17:07:00,BANK_TRANSFER,DEV1267
TXN1001476,ACC100952,ACC100787,469.55,2026-03-29 15:16:00,IMPS,DEV1173
TXN1001477,ACC100297,ACC100368,1041.85,2026-06-09 14:42:00,UPI,DEV1198
TXN1001478,ACC100244,ACC100213,3037.84,2026-06-06 20:42:00,UPI,DEV1078
TXN1001479,ACC100580,ACC100642,9203.59,2026-05-08 03:19:00,UPI,DEV1073
TXN1001480,ACC100784,ACC100891,14068.91,2026-03-21 18:40:00,UPI,DEV1255
TXN1001481,ACC100096,ACC100465,1843.78,2026-03-22 05:47:00,NEFT,DEV1082
TXN1001482,ACC100069,ACC100286,3004.94,2026-05-28 12:24:00,NEFT,DEV1045
TXN1001483,ACC100072,ACC100183,11824.1,2026-04-28 08:48:00,CARD,DEV1131
TXN1001484,ACC100781,ACC100897,490.29,2026-04-24 22:11:00,IMPS,DEV1063
TXN1001485,ACC100995,ACC100582,2334.7,2026-05-05 01:21:00,NEFT,DEV1146
TXN1001486,ACC100410,ACC100418,2757.31,2026-06-08 23:13:00,IMPS,DEV1225
TXN1001487,ACC100375,ACC100524,6231.88,2026-06-09 10:42:00,NEFT,DEV1042
TXN1001488,ACC100698,ACC100423,280.18,2026-05-10 15:21:00,NEFT,DEV1021
TXN1001489,ACC100635,ACC100659,355.21,2026-01-15 08:21:00,BANK_TRANSFER,DEV1004
TXN1001490,ACC100158,ACC100873,1125.14,2026-01-27 09:55:00,CARD,DEV1081
TXN1001491,ACC100583,ACC100408,1725.5,2026-01-19 07:36:00,CARD,DEV1236
TXN1001492,ACC100685,ACC100095,4219.35,2026-03-31 15:54:00,CARD,DEV1273
TXN1001493,ACC100921,ACC100837,2040.71,2026-04-30 03:43:00,UPI,DEV1092
TXN1001494,ACC100749,ACC100110,914.43,2026-04-12 14:47:00,IMPS,DEV1205
TXN1001495,ACC100336,ACC100066,1807.6,2026-03-23 11:41:00,BANK_TRANSFER,DEV1248
TXN1001496,ACC100217,ACC100719,1573.81,2026-05-02 03:54:00,NEFT,DEV1232
TXN1001497,ACC100039,ACC100558,8901.9,2026-02-09 16:02:00,IMPS,DEV1109
TXN1001498,ACC100327,ACC100581,1337.81,2026-01-09 20:31:00,CARD,DEV1031
TXN1001499,ACC100958,ACC100827,692.49,2026-04-03 14:40:00,CARD,DEV1109
TXN1001500,ACC100055,ACC100216,1880.95,2026-01-06 23:20:00,CARD,DEV1138
TXN1001501,ACC100258,ACC100650,1391.56,2026-02-15 02:51:00,IMPS,DEV1035
TXN1001502,ACC100280,ACC100414,166.47,2026-01-21 10:10:00,CARD,DEV1214
TXN1001503,ACC100537,ACC100219,1076.23,2026-06-21 08:51:00,IMPS,DEV1027
TXN1001504,ACC100094,ACC100916,971.77,2026-04-20 11:40:00,NEFT,DEV1084
TXN1001505,ACC100203,ACC100357,570.98,2026-04-18 16:26:00,CARD,DEV1274
TXN1001506,ACC100705,ACC100802,3799.79,2026-02-11 23:46:00,CARD,DEV1181
TXN1001507,ACC100934,ACC100709,427.17,2026-05-27 13:16:00,UPI,DEV1287
TXN1001508,ACC100801,ACC100915,1894.56,2026-06-02 06:46:00,UPI,DEV1296
TXN1001509,ACC100631,ACC100148,918.34,2026-03-24 22:40:00,NEFT,DEV1007
TXN1001510,ACC100154,ACC100918,1247.92,2026-04-28 05:02:00,CARD,DEV1162
TXN1001511,ACC100116,ACC100811,1797.48,2026-06-22 13:52:00,NEFT,DEV1266
TXN1001512,ACC100739,ACC100003,228.36,2026-04-26 04:17:00,CARD,DEV1296
TXN1001513,ACC100099,ACC100037,1380.21,2026-02-25 06:24:00,CARD,DEV1279
TXN1001514,ACC100792,ACC100170,17098.35,2026-06-03 12:53:00,IMPS,DEV1178
TXN1001515,ACC100214,ACC100975,169.34,2026-02-18 23:11:00,BANK_TRANSFER,DEV1007
TXN1001516,ACC100379,ACC100833,1023.38,2026-04-04 00:33:00,NEFT,DEV1157
TXN1001517,ACC100514,ACC100838,4221.25,2026-02-01 23:52:00,CARD,DEV1233
TXN1001518,ACC100423,ACC100420,1574.89,2026-04-01 12:01:00,BANK_TRANSFER,DEV1218
TXN1001519,ACC100535,ACC100997,2503.79,2026-03-27 03:52:00,IMPS,DEV1234
TXN1001520,ACC100438,ACC100382,63.38,2026-02-15 18:52:00,BANK_TRANSFER,DEV1083
TXN1001521,ACC100555,ACC100446,2248.23,2026-04-08 09:43:00,CARD,DEV1145
TXN1001522,ACC100718,ACC100635,439.65,2026-01-26 02:59:00,UPI,DEV1045
TXN1001523,ACC100665,ACC100016,1590.58,2026-06-07 14:02:00,UPI,DEV1254
TXN1001524,ACC100767,ACC100769,1058.57,2026-06-09 18:35:00,UPI,DEV1227
TXN1001525,ACC100515,ACC100595,16881.94,2026-01-09 22:47:00,NEFT,DEV1215
TXN1001526,ACC100216,ACC100228,2113.36,2026-04-27 18:49:00,CARD,DEV1058
TXN1001527,ACC100200,ACC100876,958.0,2026-05-01 04:14:00,NEFT,DEV1237
TXN1001528,ACC100422,ACC100929,179.18,2026-06-15 13:30:00,UPI,DEV1191
TXN1001529,ACC100800,ACC100229,1268.23,2026-05-10 09:40:00,NEFT,DEV1135
TXN1001530,ACC100314,ACC100858,2945.03,2026-04-17 22:58:00,IMPS,DEV1002
TXN1001531,ACC100921,ACC100930,995.59,2026-04-17 01:06:00,UPI,DEV1013
TXN1001532,ACC100157,ACC100809,597.77,2026-04-06 17:42:00,BANK_TRANSFER,DEV1162
TXN1001533,ACC100343,ACC100174,551.64,2026-05-27 14:40:00,IMPS,DEV1284
TXN1001534,ACC100996,ACC100400,2084.26,2026-02-19 21:02:00,CARD,DEV1026
TXN1001535,ACC100820,ACC100954,2727.84,2026-05-28 14:38:00,IMPS,DEV1199
TXN1001536,ACC100745,ACC100177,5616.43,2026-04-14 10:51:00,BANK_TRANSFER,DEV1081
TXN1001537,ACC100447,ACC100236,332.29,2026-01-26 04:18:00,BANK_TRANSFER,DEV1060
TXN1001538,ACC100646,ACC100590,2061.47,2026-04-11 21:24:00,NEFT,DEV1283
TXN1001539,ACC100162,ACC100971,947.62,2026-03-24 06:57:00,UPI,DEV1047
TXN1001540,ACC100026,ACC100447,981.73,2026-01-03 21:27:00,BANK_TRANSFER,DEV1078
TXN1001541,ACC100028,ACC100632,1776.13,2026-05-20 02:41:00,BANK_TRANSFER,DEV1195
TXN1001542,ACC100025,ACC100760,1788.6,2026-02-03 15:29:00,NEFT,DEV1095
TXN1001543,ACC100245,ACC100668,2068.38,2026-02-26 10:08:00,IMPS,DEV1274
TXN1001544,ACC100860,ACC100251,308.29,2026-04-07 08:53:00,UPI,DEV1140
TXN1001545,ACC100084,ACC100957,445.96,2026-02-06 21:24:00,UPI,DEV1296
TXN1001546,ACC100887,ACC100105,6522.69,2026-01-29 15:40:00,BANK_TRANSFER,DEV1062
TXN1001547,ACC100109,ACC100145,841.61,2026-03-14 08:56:00,IMPS,DEV1047
TXN1001548,ACC100079,ACC100506,1583.22,2026-04-03 07:05:00,CARD,DEV1051
TXN1001549,ACC100502,ACC100814,3887.8,2026-01-06 14:07:00,UPI,DEV1249
TXN1001550,ACC100982,ACC100640,1912.43,2026-01-20 07:10:00,CARD,DEV1192
TXN1001551,ACC100911,ACC100321,2112.92,2026-06-12 15:23:00,IMPS,DEV1092
TXN1001552,ACC100305,ACC100010,3208.29,2026-02-15 22:30:00,BANK_TRANSFER,DEV1016
TXN1001553,ACC100120,ACC100999,86.49,2026-03-29 11:50:00,CARD,DEV1279
TXN1001554,ACC100005,ACC100162,609.15,2026-05-14 08:41:00,UPI,DEV1098
TXN1001555,ACC100620,ACC100030,1924.32,2026-05-18 00:47:00,BANK_TRANSFER,DEV1262
TXN1001556,ACC100779,ACC100156,5797.45,2026-02-25 12:27:00,UPI,DEV1111
TXN1001557,ACC100030,ACC100335,1187.15,2026-02-05 07:30:00,UPI,DEV1064
TXN1001558,ACC100274,ACC100280,397.96,2026-05-04 06:48:00,UPI,DEV1178
TXN1001559,ACC100725,ACC100564,410.88,2026-06-16 10:02:00,CARD,DEV1253
TXN1001560,ACC100446,ACC100524,3167.3,2026-04-13 06:35:00,NEFT,DEV1088
TXN1001561,ACC100202,ACC100703,844.44,2026-03-13 13:24:00,UPI,DEV1298
TXN1001562,ACC100812,ACC100784,1087.2,2026-05-31 10:38:00,IMPS,DEV1105
TXN1001563,ACC100976,ACC100739,2293.96,2026-05-05 14:47:00,CARD,DEV1216
TXN1001564,ACC100610,ACC100765,33.72,2026-03-11 10:52:00,BANK_TRANSFER,DEV1055
TXN1001565,ACC100621,ACC100392,12093.71,2026-04-20 06:49:00,BANK_TRANSFER,DEV1180
TXN1001566,ACC100382,ACC100919,456.1,2026-06-11 02:11:00,CARD,DEV1085
TXN1001567,ACC100910,ACC100034,1466.05,2026-05-11 08:38:00,BANK_TRANSFER,DEV1209
TXN1001568,ACC100300,ACC100618,141.79,2026-06-15 18:06:00,NEFT,DEV1203
TXN1001569,ACC100030,ACC100117,660.47,2026-02-16 11:00:00,CARD,DEV1095
TXN1001570,ACC100366,ACC100251,4883.54,2026-01-19 07:20:00,NEFT,DEV1190
TXN1001571,ACC100148,ACC100798,110.01,2026-03-22 04:10:00,UPI,DEV1163
TXN1001572,ACC100704,ACC100011,4236.28,2026-03-26 07:17:00,CARD,DEV1290
TXN1001573,ACC100814,ACC100329,789.63,2026-03-01 19:10:00,UPI,DEV1197
TXN1001574,ACC100290,ACC100616,1967.65,2026-02-24 17:59:00,IMPS,DEV1052
TXN1001575,ACC100574,ACC100284,2413.97,2026-06-05 22:54:00,UPI,DEV1293
TXN1001576,ACC100914,ACC100661,1862.56,2026-04-18 23:17:00,CARD,DEV1162
TXN1001577,ACC100832,ACC100327,388.41,2026-02-20 06:43:00,UPI,DEV1252
TXN1001578,ACC100510,ACC100047,708.07,2026-03-12 14:22:00,UPI,DEV1063
TXN1001579,ACC100463,ACC100175,189.83,2026-06-03 11:09:00,BANK_TRANSFER,DEV1196
TXN1001580,ACC100242,ACC100590,1978.62,2026-01-06 09:43:00,UPI,DEV1294
TXN1001581,ACC100004,ACC100933,8454.6,2026-04-29 09:42:00,IMPS,DEV1206
TXN1001582,ACC100037,ACC100917,122.81,2026-05-17 18:00:00,UPI,DEV1172
TXN1001583,ACC100660,ACC100016,439.67,2026-01-18 16:02:00,UPI,DEV1212
TXN1001584,ACC100740,ACC100308,881.72,2026-03-12 10:49:00,NEFT,DEV1204
TXN1001585,ACC100081,ACC100569,1350.2,2026-03-22 16:51:00,BANK_TRANSFER,DEV1024
TXN1001586,ACC100402,ACC100305,3149.54,2026-06-28 15:30:00,CARD,DEV1062
TXN1001587,ACC100863,ACC100382,913.57,2026-06-08 03:30:00,UPI,DEV1114
TXN1001588,ACC100048,ACC100845,750.58,2026-01-03 04:44:00,UPI,DEV1165
TXN1001589,ACC100882,ACC100704,4120.61,2026-04-22 07:43:00,IMPS,DEV1045
TXN1001590,ACC100195,ACC100741,2426.96,2026-04-05 18:20:00,UPI,DEV1026
TXN1001591,ACC100265,ACC100904,2093.88,2026-01-12 03:46:00,UPI,DEV1155
TXN1001592,ACC100076,ACC100270,1255.16,2026-03-26 23:28:00,BANK_TRANSFER,DEV1194
TXN1001593,ACC100276,ACC100715,3568.08,2026-02-13 04:42:00,BANK_TRANSFER,DEV1235
TXN1001594,ACC100122,ACC100129,498.91,2026-03-23 05:03:00,BANK_TRANSFER,DEV1211
TXN1001595,ACC100652,ACC100457,423.59,2026-06-21 04:10:00,BANK_TRANSFER,DEV1270
TXN1001596,ACC100246,ACC100591,2684.69,2026-05-03 22:34:00,CARD,DEV1143
TXN1001597,ACC100329,ACC100791,156.02,2026-05-04 07:42:00,UPI,DEV1135
TXN1001598,ACC100784,ACC100303,1224.9,2026-01-22 12:02:00,BANK_TRANSFER,DEV1124
TXN1001599,ACC100675,ACC100662,750.04,2026-02-22 23:43:00,UPI,DEV1038
TXN1001600,ACC100995,ACC100506,202.98,2026-01-16 07:15:00,UPI,DEV1110
TXN1001601,ACC100479,ACC100838,358.7,2026-04-09 06:24:00,CARD,DEV1053
TXN1001602,ACC100348,ACC100213,962.21,2026-06-01 18:00:00,BANK_TRANSFER,DEV1160
TXN1001603,ACC100778,ACC100967,3792.41,2026-03-21 15:29:00,IMPS,DEV1258
TXN1001604,ACC100108,ACC100936,500.92,2026-02-03 07:28:00,NEFT,DEV1197
TXN1001605,ACC100998,ACC100463,4703.48,2026-06-08 17:31:00,IMPS,DEV1204
TXN1001606,ACC100192,ACC100070,1183.01,2026-03-13 14:26:00,IMPS,DEV1157
TXN1001607,ACC100974,ACC100890,5284.12,2026-05-28 22:07:00,UPI,DEV1075
TXN1001608,ACC100472,ACC100897,530.92,2026-01-28 03:45:00,IMPS,DEV1008
TXN1001609,ACC100915,ACC100471,1034.25,2026-02-17 09:06:00,UPI,DEV1243
TXN1001610,ACC100677,ACC100543,1706.47,2026-04-26 12:00:00,NEFT,DEV1060
TXN1001611,ACC100949,ACC100563,884.12,2026-01-22 12:05:00,CARD,DEV1108
TXN1001612,ACC100154,ACC100406,3441.38,2026-05-09 14:42:00,BANK_TRANSFER,DEV1170
TXN1001613,ACC100054,ACC100451,77.55,2026-03-11 12:37:00,UPI,DEV1025
TXN1001614,ACC100664,ACC100391,20068.1,2026-04-19 06:37:00,NEFT,DEV1096
TXN1001615,ACC100412,ACC100180,3069.68,2026-06-02 09:25:00,BANK_TRANSFER,DEV1252
TXN1001616,ACC100531,ACC100443,890.48,2026-01-28 23:15:00,UPI,DEV1127
TXN1001617,ACC100981,ACC100113,565.22,2026-02-26 03:55:00,UPI,DEV1018
TXN1001618,ACC100589,ACC100272,387.72,2026-03-03 02:14:00,BANK_TRANSFER,DEV1051
TXN1001619,ACC100282,ACC100231,2379.72,2026-06-08 23:52:00,CARD,DEV1200
TXN1001620,ACC100402,ACC100103,3619.09,2026-02-26 23:36:00,NEFT,DEV1253
TXN1001621,ACC100210,ACC100175,902.32,2026-02-22 11:51:00,NEFT,DEV1147
TXN1001622,ACC100751,ACC100003,4139.74,2026-01-25 06:19:00,BANK_TRANSFER,DEV1244
TXN1001623,ACC100756,ACC100312,369.18,2026-06-26 08:08:00,IMPS,DEV1161
TXN1001624,ACC100697,ACC100071,298.7,2026-02-12 06:23:00,NEFT,DEV1233
TXN1001625,ACC100145,ACC100985,9662.52,2026-01-04 22:44:00,CARD,DEV1219
TXN1001626,ACC100342,ACC100021,2229.05,2026-02-15 09:00:00,UPI,DEV1087
TXN1001627,ACC100695,ACC100778,5861.83,2026-01-03 20:16:00,NEFT,DEV1242
TXN1001628,ACC100597,ACC100001,393.58,2026-05-06 08:26:00,CARD,DEV1056
TXN1001629,ACC100046,ACC100838,362.05,2026-01-05 19:21:00,NEFT,DEV1116
TXN1001630,ACC100537,ACC100515,713.13,2026-02-12 05:00:00,UPI,DEV1051
TXN1001631,ACC100311,ACC100823,407.94,2026-03-27 15:26:00,CARD,DEV1179
TXN1001632,ACC100558,ACC100263,2556.61,2026-06-19 16:36:00,NEFT,DEV1186
TXN1001633,ACC100469,ACC100013,445.26,2026-04-01 10:16:00,NEFT,DEV1265
TXN1001634,ACC100793,ACC100679,268.81,2026-06-02 16:31:00,UPI,DEV1138
TXN1001635,ACC100702,ACC100531,1300.39,2026-06-13 00:42:00,IMPS,DEV1210
TXN1001636,ACC100876,ACC100225,233.23,2026-06-18 04:50:00,NEFT,DEV1254
TXN1001637,ACC100031,ACC100250,126.55,2026-05-28 23:45:00,CARD,DEV1184
TXN1001638,ACC100211,ACC100762,1286.79,2026-01-23 06:36:00,CARD,DEV1055
TXN1001639,ACC100988,ACC100280,134.42,2026-06-10 23:10:00,BANK_TRANSFER,DEV1230
TXN1001640,ACC100981,ACC100897,2780.36,2026-05-15 05:58:00,NEFT,DEV1178
TXN1001641,ACC100909,ACC100339,205.53,2026-04-11 20:06:00,CARD,DEV1141
TXN1001642,ACC100316,ACC100195,74.53,2026-01-11 19:46:00,BANK_TRANSFER,DEV1175
TXN1001643,ACC100854,ACC100627,770.81,2026-02-01 14:47:00,CARD,DEV1290
TXN1001644,ACC100991,ACC100811,1304.42,2026-03-30 09:50:00,UPI,DEV1004
TXN1001645,ACC100510,ACC100949,1977.86,2026-06-25 05:01:00,CARD,DEV1076
TXN1001646,ACC100535,ACC100989,1348.06,2026-03-16 21:17:00,BANK_TRANSFER,DEV1083
TXN1001647,ACC100310,ACC100498,307.61,2026-03-15 02:12:00,NEFT,DEV1007
TXN1001648,ACC100464,ACC100041,2580.33,2026-02-25 09:39:00,BANK_TRANSFER,DEV1063
TXN1001649,ACC100054,ACC100500,3470.89,2026-03-20 00:10:00,CARD,DEV1180
TXN1001650,ACC100676,ACC100854,258.03,2026-01-01 01:42:00,NEFT,DEV1070
TXN1001651,ACC100358,ACC100899,882.53,2026-03-14 17:08:00,BANK_TRANSFER,DEV1079
TXN1001652,ACC100976,ACC100088,788.93,2026-03-11 04:52:00,IMPS,DEV1221
TXN1001653,ACC100599,ACC100940,1428.61,2026-01-21 09:55:00,IMPS,DEV1016
TXN1001654,ACC100484,ACC100955,857.56,2026-04-01 08:29:00,CARD,DEV1216
TXN1001655,ACC100408,ACC100990,1010.85,2026-01-26 08:55:00,NEFT,DEV1159
TXN1001656,ACC100177,ACC100577,2368.89,2026-04-22 23:10:00,NEFT,DEV1296
TXN1001657,ACC100142,ACC100699,288.12,2026-02-21 08:32:00,IMPS,DEV1213
TXN1001658,ACC100567,ACC100204,2656.72,2026-03-19 10:24:00,UPI,DEV1152
TXN1001659,ACC100580,ACC100949,4312.87,2026-06-10 15:44:00,BANK_TRANSFER,DEV1093
TXN1001660,ACC100384,ACC100801,7792.85,2026-04-22 03:16:00,IMPS,DEV1269
TXN1001661,ACC100452,ACC100710,83.76,2026-03-22 17:11:00,NEFT,DEV1239
TXN1001662,ACC100362,ACC100437,880.52,2026-04-30 14:21:00,CARD,DEV1236
TXN1001663,ACC100028,ACC100934,103.74,2026-05-24 00:54:00,CARD,DEV1045
TXN1001664,ACC100773,ACC100143,59.02,2026-06-07 10:19:00,IMPS,DEV1297
TXN1001665,ACC100524,ACC100382,1303.63,2026-02-02 21:11:00,BANK_TRANSFER,DEV1289
TXN1001666,ACC100898,ACC100300,679.27,2026-01-14 13:24:00,IMPS,DEV1206
TXN1001667,ACC100686,ACC100006,1571.56,2026-04-29 17:40:00,CARD,DEV1027
TXN1001668,ACC100086,ACC100056,1965.21,2026-03-11 22:10:00,UPI,DEV1170
TXN1001669,ACC100608,ACC100099,4902.38,2026-03-16 19:18:00,CARD,DEV1169
TXN1001670,ACC100885,ACC100062,1169.94,2026-02-01 19:57:00,BANK_TRANSFER,DEV1027
TXN1001671,ACC100718,ACC100209,36608.17,2026-05-13 04:55:00,BANK_TRANSFER,DEV1253
TXN1001672,ACC100139,ACC100228,1583.97,2026-06-22 21:50:00,IMPS,DEV1154
TXN1001673,ACC100643,ACC100318,10006.35,2026-01-02 16:33:00,BANK_TRANSFER,DEV1102
TXN1001674,ACC100117,ACC100068,66.73,2026-01-01 05:13:00,BANK_TRANSFER,DEV1061
TXN1001675,ACC100532,ACC100099,5539.65,2026-03-05 06:58:00,UPI,DEV1242
TXN1001676,ACC100025,ACC100852,882.79,2026-05-10 15:08:00,CARD,DEV1028
TXN1001677,ACC100948,ACC100124,105.85,2026-03-18 13:48:00,CARD,DEV1094
TXN1001678,ACC100839,ACC100240,1816.48,2026-05-20 08:53:00,BANK_TRANSFER,DEV1224
TXN1001679,ACC100879,ACC100673,762.39,2026-06-07 04:12:00,CARD,DEV1074
TXN1001680,ACC100651,ACC100022,2199.67,2026-02-17 04:50:00,IMPS,DEV1087
TXN1001681,ACC100523,ACC100759,3689.67,2026-06-29 18:39:00,IMPS,DEV1243
TXN1001682,ACC100491,ACC100296,183.65,2026-03-16 22:47:00,UPI,DEV1252
TXN1001683,ACC100376,ACC100683,3706.72,2026-03-12 13:21:00,CARD,DEV1054
TXN1001684,ACC100475,ACC100426,1105.19,2026-04-19 05:03:00,UPI,DEV1145
TXN1001685,ACC100468,ACC100123,5560.31,2026-05-25 13:17:00,UPI,DEV1297
TXN1001686,ACC100310,ACC100034,857.33,2026-06-15 22:12:00,BANK_TRANSFER,DEV1227
TXN1001687,ACC100043,ACC100929,623.6,2026-04-01 04:45:00,CARD,DEV1234
TXN1001688,ACC100283,ACC100009,1132.82,2026-02-10 12:12:00,BANK_TRANSFER,DEV1257
TXN1001689,ACC100215,ACC100357,1239.21,2026-06-30 17:55:00,CARD,DEV1262
TXN1001690,ACC100064,ACC100178,495.05,2026-06-17 05:10:00,NEFT,DEV1288
TXN1001691,ACC100347,ACC100470,604.52,2026-02-05 09:30:00,NEFT,DEV1201
TXN1001692,ACC100069,ACC100938,251.58,2026-06-15 16:30:00,CARD,DEV1241
TXN1001693,ACC100620,ACC100674,650.95,2026-02-16 19:39:00,BANK_TRANSFER,DEV1269
TXN1001694,ACC100265,ACC100132,2469.01,2026-06-28 11:03:00,BANK_TRANSFER,DEV1297
TXN1001695,ACC100356,ACC100598,929.99,2026-06-08 13:46:00,UPI,DEV1023
TXN1001696,ACC100030,ACC100872,3680.77,2026-02-10 07:54:00,UPI,DEV1054
TXN1001697,ACC100511,ACC100956,877.86,2026-06-23 16:15:00,NEFT,DEV1118
TXN1001698,ACC100790,ACC100827,196.8,2026-03-02 03:35:00,IMPS,DEV1196
TXN1001699,ACC100773,ACC100996,2245.6,2026-04-18 02:11:00,UPI,DEV1128
TXN1001700,ACC100117,ACC100038,488.65,2026-01-19 15:04:00,NEFT,DEV1015
TXN1001701,ACC100945,ACC100178,828.78,2026-03-24 03:40:00,CARD,DEV1193
TXN1001702,ACC100136,ACC100652,4842.02,2026-05-27 18:59:00,IMPS,DEV1100
TXN1001703,ACC100258,ACC100502,272.31,2026-04-23 23:10:00,NEFT,DEV1115
TXN1001704,ACC100206,ACC100759,1336.34,2026-02-11 14:48:00,BANK_TRANSFER,DEV1098
TXN1001705,ACC100088,ACC100596,1044.59,2026-01-07 21:28:00,UPI,DEV1104
TXN1001706,ACC100034,ACC100829,2543.03,2026-02-05 00:10:00,NEFT,DEV1208
TXN1001707,ACC100581,ACC100559,3060.04,2026-01-19 11:37:00,IMPS,DEV1270
TXN1001708,ACC100508,ACC100194,1505.09,2026-02-23 19:28:00,CARD,DEV1256
TXN1001709,ACC100360,ACC100365,711.62,2026-06-08 19:04:00,IMPS,DEV1034
TXN1001710,ACC100449,ACC100437,1935.36,2026-06-10 12:50:00,UPI,DEV1291
TXN1001711,ACC100080,ACC100130,5446.82,2026-05-13 10:10:00,UPI,DEV1060
TXN1001712,ACC100510,ACC100236,1061.3,2026-01-14 20:31:00,BANK_TRANSFER,DEV1169
TXN1001713,ACC100023,ACC100229,795.76,2026-03-16 08:34:00,CARD,DEV1183
TXN1001714,ACC100069,ACC100893,1747.26,2026-02-10 09:49:00,UPI,DEV1273
TXN1001715,ACC100589,ACC100247,1148.8,2026-05-13 20:51:00,BANK_TRANSFER,DEV1159
TXN1001716,ACC100408,ACC100633,220.25,2026-01-15 18:38:00,UPI,DEV1298
TXN1001717,ACC100482,ACC100959,1461.47,2026-03-09 22:17:00,UPI,DEV1016
TXN1001718,ACC100346,ACC100431,217.87,2026-03-08 06:50:00,NEFT,DEV1030
TXN1001719,ACC100142,ACC100209,1718.79,2026-05-21 11:15:00,UPI,DEV1120
TXN1001720,ACC100505,ACC100074,421.34,2026-05-25 20:49:00,UPI,DEV1177
TXN1001721,ACC100072,ACC100972,1146.25,2026-04-17 20:25:00,BANK_TRANSFER,DEV1041
TXN1001722,ACC100908,ACC100564,1752.35,2026-05-03 04:25:00,NEFT,DEV1021
TXN1001723,ACC100106,ACC100036,20841.14,2026-05-08 17:19:00,IMPS,DEV1179
TXN1001724,ACC100441,ACC100489,2673.92,2026-03-19 07:46:00,UPI,DEV1028
TXN1001725,ACC100026,ACC100792,5640.67,2026-02-20 18:14:00,BANK_TRANSFER,DEV1194
TXN1001726,ACC100698,ACC100700,10364.04,2026-01-05 18:51:00,CARD,DEV1026
TXN1001727,ACC100396,ACC100784,1972.6,2026-04-07 23:44:00,IMPS,DEV1220
TXN1001728,ACC100718,ACC100437,1545.08,2026-05-21 04:42:00,UPI,DEV1224
TXN1001729,ACC100120,ACC100918,304.89,2026-06-07 12:33:00,NEFT,DEV1099
TXN1001730,ACC100351,ACC100447,953.41,2026-01-15 08:07:00,IMPS,DEV1047
TXN1001731,ACC100602,ACC100010,460.49,2026-02-28 14:05:00,BANK_TRANSFER,DEV1290
TXN1001732,ACC100046,ACC100821,677.72,2026-01-04 08:31:00,UPI,DEV1039
TXN1001733,ACC100058,ACC100129,10350.56,2026-04-23 06:09:00,NEFT,DEV1022
TXN1001734,ACC100321,ACC100358,1258.34,2026-06-04 22:21:00,IMPS,DEV1149
TXN1001735,ACC100132,ACC100620,383.34,2026-04-12 16:20:00,UPI,DEV1039
TXN1001736,ACC100078,ACC100256,5706.95,2026-05-20 07:01:00,CARD,DEV1182
TXN1001737,ACC100919,ACC100937,3450.69,2026-02-26 15:08:00,NEFT,DEV1187
TXN1001738,ACC100798,ACC100564,3674.54,2026-03-16 22:18:00,IMPS,DEV1269
TXN1001739,ACC100914,ACC100273,98.76,2026-03-23 23:49:00,BANK_TRANSFER,DEV1257
TXN1001740,ACC100106,ACC100055,11366.27,2026-03-30 14:01:00,BANK_TRANSFER,DEV1248
TXN1001741,ACC100286,ACC100080,561.03,2026-02-22 04:40:00,BANK_TRANSFER,DEV1118
TXN1001742,ACC100312,ACC100759,2789.3,2026-05-22 07:11:00,UPI,DEV1190
TXN1001743,ACC100742,ACC100835,22664.61,2026-02-06 01:13:00,IMPS,DEV1225
TXN1001744,ACC100665,ACC100782,14565.33,2026-04-27 03:53:00,UPI,DEV1255
TXN1001745,ACC100856,ACC100034,339.31,2026-03-11 09:29:00,BANK_TRANSFER,DEV1196
TXN1001746,ACC100307,ACC100847,193.75,2026-01-22 02:02:00,NEFT,DEV1196
TXN1001747,ACC100507,ACC100019,6102.27,2026-04-08 13:07:00,CARD,DEV1022
TXN1001748,ACC100229,ACC100210,1300.45,2026-04-08 06:17:00,CARD,DEV1272
TXN1001749,ACC100053,ACC100676,601.21,2026-03-20 01:04:00,BANK_TRANSFER,DEV1178
TXN1001750,ACC100959,ACC100026,2311.06,2026-06-05 11:28:00,NEFT,DEV1110
TXN1001751,ACC100775,ACC100028,901.94,2026-03-29 21:12:00,CARD,DEV1218
TXN1001752,ACC100801,ACC100746,2544.24,2026-01-15 03:43:00,BANK_TRANSFER,DEV1198
TXN1001753,ACC100975,ACC100738,1188.42,2026-06-23 09:48:00,BANK_TRANSFER,DEV1237
TXN1001754,ACC100434,ACC100586,2609.37,2026-05-26 17:42:00,NEFT,DEV1083
TXN1001755,ACC100983,ACC100390,374.86,2026-04-30 08:07:00,IMPS,DEV1007
TXN1001756,ACC100287,ACC100818,6059.33,2026-06-24 09:21:00,UPI,DEV1127
TXN1001757,ACC100789,ACC100555,2532.97,2026-03-17 11:31:00,BANK_TRANSFER,DEV1202
TXN1001758,ACC100039,ACC100630,2381.67,2026-03-12 12:20:00,NEFT,DEV1128
TXN1001759,ACC100801,ACC100668,286.8,2026-06-05 00:25:00,UPI,DEV1157
TXN1001760,ACC100582,ACC100676,8430.06,2026-03-24 09:01:00,IMPS,DEV1227
TXN1001761,ACC100473,ACC100017,1078.73,2026-04-23 00:18:00,CARD,DEV1018
TXN1001762,ACC100989,ACC100367,2627.16,2026-05-03 21:46:00,BANK_TRANSFER,DEV1111
TXN1001763,ACC100418,ACC100059,744.42,2026-05-29 02:42:00,NEFT,DEV1282
TXN1001764,ACC100321,ACC100976,1499.77,2026-01-17 15:02:00,IMPS,DEV1132
TXN1001765,ACC100784,ACC100805,1566.43,2026-03-12 08:51:00,CARD,DEV1065
TXN1001766,ACC100232,ACC100645,37.19,2026-02-14 05:00:00,BANK_TRANSFER,DEV1025
TXN1001767,ACC100238,ACC100117,2206.0,2026-06-17 01:18:00,IMPS,DEV1259
TXN1001768,ACC100881,ACC100450,11595.93,2026-05-29 10:49:00,UPI,DEV1283
TXN1001769,ACC100734,ACC100233,2095.9,2026-01-16 08:50:00,NEFT,DEV1008
TXN1001770,ACC100694,ACC100865,347.49,2026-04-01 18:26:00,UPI,DEV1120
TXN1001771,ACC100358,ACC100111,2392.16,2026-01-20 17:18:00,CARD,DEV1057
TXN1001772,ACC100523,ACC100079,3910.33,2026-03-02 06:57:00,NEFT,DEV1292
TXN1001773,ACC100380,ACC100849,2028.31,2026-06-24 14:11:00,UPI,DEV1218
TXN1001774,ACC100896,ACC100289,1003.3,2026-02-06 00:50:00,NEFT,DEV1184
TXN1001775,ACC100343,ACC100998,820.1,2026-04-15 22:15:00,NEFT,DEV1240
TXN1001776,ACC100965,ACC100996,816.01,2026-03-17 21:13:00,UPI,DEV1082
TXN1001777,ACC100377,ACC100045,2533.44,2026-03-16 05:07:00,BANK_TRANSFER,DEV1013
TXN1001778,ACC100108,ACC100623,202.64,2026-02-24 10:41:00,BANK_TRANSFER,DEV1260
TXN1001779,ACC100802,ACC100595,701.87,2026-03-30 07:20:00,CARD,DEV1298
TXN1001780,ACC100033,ACC100672,7440.79,2026-02-08 13:00:00,UPI,DEV1039
TXN1001781,ACC100981,ACC100957,7793.41,2026-02-27 19:17:00,BANK_TRANSFER,DEV1294
TXN1001782,ACC100645,ACC100561,186.09,2026-04-18 18:23:00,UPI,DEV1270
TXN1001783,ACC100817,ACC100052,282.11,2026-06-05 16:07:00,BANK_TRANSFER,DEV1266
TXN1001784,ACC100451,ACC100324,792.55,2026-03-10 06:39:00,BANK_TRANSFER,DEV1150
TXN1001785,ACC100932,ACC100249,3200.64,2026-03-26 08:17:00,NEFT,DEV1118
TXN1001786,ACC100466,ACC100322,122.37,2026-01-30 23:39:00,IMPS,DEV1227
TXN1001787,ACC100750,ACC100980,1026.83,2026-04-15 12:21:00,UPI,DEV1180
TXN1001788,ACC100573,ACC100517,620.79,2026-01-20 12:21:00,CARD,DEV1117
TXN1001789,ACC100459,ACC100805,5383.84,2026-04-18 07:50:00,BANK_TRANSFER,DEV1064
TXN1001790,ACC100947,ACC100550,146.6,2026-03-04 13:54:00,BANK_TRANSFER,DEV1070
TXN1001791,ACC100620,ACC100266,1225.43,2026-03-15 11:39:00,NEFT,DEV1060
TXN1001792,ACC100083,ACC100418,683.8,2026-04-18 17:14:00,IMPS,DEV1294
TXN1001793,ACC100506,ACC100647,6398.12,2026-02-20 06:08:00,CARD,DEV1007
TXN1001794,ACC100170,ACC100123,2246.62,2026-04-18 08:59:00,BANK_TRANSFER,DEV1240
TXN1001795,ACC100760,ACC100103,542.95,2026-02-02 01:09:00,CARD,DEV1012
TXN1001796,ACC100706,ACC100170,3053.56,2026-01-19 04:31:00,BANK_TRANSFER,DEV1271
TXN1001797,ACC100940,ACC100397,687.74,2026-04-19 12:05:00,IMPS,DEV1205
TXN1001798,ACC100713,ACC100570,3638.02,2026-03-03 10:00:00,UPI,DEV1172
TXN1001799,ACC100918,ACC100844,825.1,2026-03-28 20:11:00,BANK_TRANSFER,DEV1055
TXN1001800,ACC100739,ACC100046,3887.8,2026-01-19 12:06:00,CARD,DEV1209
TXN1001801,ACC100645,ACC100460,1850.66,2026-04-22 09:52:00,CARD,DEV1068
TXN1001802,ACC100751,ACC100187,54862.72,2026-05-31 17:23:00,UPI,DEV1077
TXN1001803,ACC100917,ACC100007,1029.19,2026-06-01 20:14:00,NEFT,DEV1232
TXN1001804,ACC100388,ACC100328,1736.17,2026-04-23 06:01:00,BANK_TRANSFER,DEV1143
TXN1001805,ACC100967,ACC100791,616.89,2026-01-25 07:55:00,NEFT,DEV1252
TXN1001806,ACC100349,ACC100049,1100.17,2026-05-25 17:40:00,BANK_TRANSFER,DEV1296
TXN1001807,ACC100520,ACC100864,42.85,2026-04-20 09:44:00,NEFT,DEV1196
TXN1001808,ACC100326,ACC100775,1917.35,2026-02-15 04:53:00,UPI,DEV1107
TXN1001809,ACC100440,ACC100531,5494.2,2026-03-13 19:37:00,BANK_TRANSFER,DEV1160
TXN1001810,ACC100101,ACC100355,1765.09,2026-03-14 05:39:00,UPI,DEV1147
TXN1001811,ACC100280,ACC100498,226.64,2026-04-23 07:38:00,IMPS,DEV1147
TXN1001812,ACC100961,ACC100939,418.99,2026-03-08 20:41:00,UPI,DEV1118
TXN1001813,ACC100682,ACC100285,59.37,2026-02-06 03:16:00,IMPS,DEV1282
TXN1001814,ACC100858,ACC100520,3550.02,2026-02-13 00:56:00,BANK_TRANSFER,DEV1020
TXN1001815,ACC100982,ACC100912,327.73,2026-05-19 18:21:00,IMPS,DEV1003
TXN1001816,ACC100500,ACC100852,1059.5,2026-01-07 12:36:00,IMPS,DEV1144
TXN1001817,ACC100964,ACC100970,911.89,2026-05-27 14:33:00,CARD,DEV1266
TXN1001818,ACC100129,ACC100850,6537.25,2026-04-27 10:04:00,UPI,DEV1061
TXN1001819,ACC100455,ACC100910,1214.8,2026-04-21 16:50:00,NEFT,DEV1044
TXN1001820,ACC100885,ACC100140,2894.8,2026-03-13 22:49:00,UPI,DEV1181
TXN1001821,ACC100822,ACC100080,2112.77,2026-02-26 02:32:00,NEFT,DEV1080
TXN1001822,ACC100519,ACC100343,5604.32,2026-03-12 15:28:00,BANK_TRANSFER,DEV1037
TXN1001823,ACC100723,ACC100704,823.08,2026-03-22 01:18:00,CARD,DEV1051
TXN1001824,ACC100954,ACC100722,10337.55,2026-05-14 10:50:00,IMPS,DEV1285
TXN1001825,ACC100676,ACC100857,101.21,2026-06-10 01:12:00,UPI,DEV1125
TXN1001826,ACC100140,ACC100600,3068.57,2026-04-07 07:30:00,IMPS,DEV1135
TXN1001827,ACC100481,ACC100155,387.63,2026-05-05 06:23:00,CARD,DEV1144
TXN1001828,ACC100134,ACC100203,607.1,2026-06-12 03:01:00,BANK_TRANSFER,DEV1109
TXN1001829,ACC100003,ACC100444,2171.77,2026-01-18 16:44:00,BANK_TRANSFER,DEV1106
TXN1001830,ACC100727,ACC100182,2150.99,2026-01-10 14:16:00,NEFT,DEV1194
TXN1001831,ACC100646,ACC100597,2270.41,2026-03-02 21:46:00,NEFT,DEV1247
TXN1001832,ACC100543,ACC100672,207.81,2026-02-16 10:14:00,IMPS,DEV1149
TXN1001833,ACC100684,ACC100496,6240.63,2026-05-06 21:30:00,CARD,DEV1182
TXN1001834,ACC100556,ACC100492,372.12,2026-03-17 03:17:00,IMPS,DEV1057
TXN1001835,ACC100986,ACC100902,436.7,2026-03-15 14:19:00,CARD,DEV1166
TXN1001836,ACC100253,ACC100678,2357.78,2026-04-19 03:57:00,IMPS,DEV1237
TXN1001837,ACC100979,ACC100326,777.38,2026-06-19 03:52:00,NEFT,DEV1203
TXN1001838,ACC100721,ACC100131,1587.5,2026-05-04 16:41:00,BANK_TRANSFER,DEV1210
TXN1001839,ACC100703,ACC100240,82.44,2026-01-08 09:55:00,NEFT,DEV1259
TXN1001840,ACC100220,ACC100911,1542.55,2026-04-15 02:04:00,BANK_TRANSFER,DEV1165
TXN1001841,ACC100267,ACC100691,1424.25,2026-03-23 14:02:00,CARD,DEV1226
TXN1001842,ACC100435,ACC100408,594.77,2026-03-08 01:51:00,NEFT,DEV1248
TXN1001843,ACC100745,ACC100224,91.02,2026-03-28 21:43:00,UPI,DEV1157
TXN1001844,ACC100458,ACC100419,849.48,2026-02-26 19:32:00,IMPS,DEV1274
TXN1001845,ACC100211,ACC100798,1048.54,2026-06-10 03:45:00,BANK_TRANSFER,DEV1168
TXN1001846,ACC100132,ACC100619,705.8,2026-05-19 00:40:00,UPI,DEV1194
TXN1001847,ACC100092,ACC100799,121.1,2026-06-30 11:22:00,NEFT,DEV1283
TXN1001848,ACC100064,ACC100670,7432.97,2026-01-13 17:42:00,IMPS,DEV1185
TXN1001849,ACC100548,ACC100203,509.47,2026-02-10 18:17:00,CARD,DEV1117
TXN1001850,ACC100297,ACC100820,839.96,2026-02-11 12:45:00,NEFT,DEV1211
TXN1001851,ACC100220,ACC100566,60.86,2026-03-05 00:27:00,UPI,DEV1010
TXN1001852,ACC100773,ACC100962,7434.05,2026-05-15 03:29:00,BANK_TRANSFER,DEV1203
TXN1001853,ACC100810,ACC100496,626.49,2026-01-11 05:21:00,NEFT,DEV1154
TXN1001854,ACC100024,ACC100235,1234.17,2026-06-11 23:29:00,IMPS,DEV1017
TXN1001855,ACC100278,ACC100767,4208.6,2026-02-01 12:53:00,CARD,DEV1067
TXN1001856,ACC100837,ACC100758,487.08,2026-03-11 02:53:00,UPI,DEV1037
TXN1001857,ACC100516,ACC100739,3483.85,2026-06-30 14:10:00,UPI,DEV1007
TXN1001858,ACC100760,ACC100850,92.43,2026-05-19 20:38:00,IMPS,DEV1048
TXN1001859,ACC100753,ACC100602,2124.27,2026-04-11 06:37:00,BANK_TRANSFER,DEV1159
TXN1001860,ACC100803,ACC100331,7235.04,2026-04-19 17:29:00,UPI,DEV1154
TXN1001861,ACC100280,ACC100469,546.48,2026-02-21 03:24:00,NEFT,DEV1295
TXN1001862,ACC100482,ACC100385,4199.24,2026-03-16 14:39:00,UPI,DEV1113
TXN1001863,ACC100990,ACC100416,9904.13,2026-05-24 09:30:00,CARD,DEV1145
TXN1001864,ACC100929,ACC100719,807.7,2026-05-17 17:17:00,IMPS,DEV1195
TXN1001865,ACC100017,ACC100508,731.4,2026-04-11 12:43:00,BANK_TRANSFER,DEV1055
TXN1001866,ACC100463,ACC100229,373.18,2026-05-28 00:50:00,CARD,DEV1118
TXN1001867,ACC100457,ACC100378,594.86,2026-05-03 19:13:00,UPI,DEV1159
TXN1001868,ACC100340,ACC100147,412.22,2026-06-11 02:51:00,UPI,DEV1287
TXN1001869,ACC100173,ACC100212,372.81,2026-05-06 20:15:00,IMPS,DEV1042
TXN1001870,ACC100144,ACC100412,4622.09,2026-06-07 16:09:00,BANK_TRANSFER,DEV1290
TXN1001871,ACC100778,ACC100238,425.0,2026-01-16 16:50:00,NEFT,DEV1210
TXN1001872,ACC100318,ACC100758,1495.52,2026-03-28 05:08:00,UPI,DEV1164
TXN1001873,ACC100705,ACC100578,1148.12,2026-06-03 13:52:00,UPI,DEV1137
TXN1001874,ACC100706,ACC100214,6619.09,2026-05-24 16:40:00,BANK_TRANSFER,DEV1255
TXN1001875,ACC100320,ACC100982,599.57,2026-06-16 08:02:00,NEFT,DEV1236
TXN1001876,ACC100725,ACC100494,1732.6,2026-05-12 18:56:00,UPI,DEV1053
TXN1001877,ACC100435,ACC100716,2833.54,2026-01-20 12:49:00,IMPS,DEV1006
TXN1001878,ACC100165,ACC100532,6553.14,2026-02-01 05:40:00,IMPS,DEV1224
TXN1001879,ACC100890,ACC100995,589.16,2026-01-30 01:19:00,CARD,DEV1253
TXN1001880,ACC100174,ACC100641,522.45,2026-05-15 16:37:00,IMPS,DEV1280
TXN1001881,ACC100428,ACC100408,306.7,2026-01-03 10:07:00,UPI,DEV1222
TXN1001882,ACC100301,ACC100737,16051.53,2026-06-23 09:15:00,BANK_TRANSFER,DEV1165
TXN1001883,ACC100629,ACC100910,5775.42,2026-04-06 19:14:00,IMPS,DEV1072
TXN1001884,ACC100297,ACC100535,1042.48,2026-06-25 06:58:00,BANK_TRANSFER,DEV1190
TXN1001885,ACC100531,ACC100619,11133.65,2026-03-06 16:06:00,CARD,DEV1107
TXN1001886,ACC100958,ACC100338,970.45,2026-02-04 05:36:00,BANK_TRANSFER,DEV1242
TXN1001887,ACC100010,ACC100325,2615.71,2026-04-17 06:07:00,IMPS,DEV1240
TXN1001888,ACC100068,ACC100005,1110.1,2026-03-21 23:56:00,IMPS,DEV1102
TXN1001889,ACC100710,ACC100096,1767.58,2026-05-18 15:39:00,NEFT,DEV1048
TXN1001890,ACC100062,ACC100639,1556.37,2026-04-30 20:17:00,IMPS,DEV1034
TXN1001891,ACC100358,ACC100651,658.53,2026-05-24 07:42:00,NEFT,DEV1007
TXN1001892,ACC100950,ACC100197,4068.37,2026-03-12 09:42:00,CARD,DEV1299
TXN1001893,ACC100746,ACC100313,2589.3,2026-04-05 21:18:00,CARD,DEV1130
TXN1001894,ACC100574,ACC100554,3763.98,2026-06-14 22:30:00,IMPS,DEV1039
TXN1001895,ACC100606,ACC100156,1610.46,2026-01-27 07:23:00,NEFT,DEV1091
TXN1001896,ACC100269,ACC100577,369.49,2026-01-27 04:19:00,BANK_TRANSFER,DEV1300
TXN1001897,ACC100660,ACC100784,8529.31,2026-04-09 11:16:00,BANK_TRANSFER,DEV1141
TXN1001898,ACC100989,ACC100826,800.26,2026-06-07 22:49:00,CARD,DEV1107
TXN1001899,ACC100172,ACC100002,1697.45,2026-03-01 07:23:00,UPI,DEV1075
TXN1001900,ACC100146,ACC100168,2350.67,2026-05-02 00:00:00,NEFT,DEV1039
TXN1001901,ACC100917,ACC100993,1683.96,2026-01-14 04:40:00,BANK_TRANSFER,DEV1225
TXN1001902,ACC100435,ACC100680,3289.53,2026-05-01 11:09:00,NEFT,DEV1256
TXN1001903,ACC100778,ACC100120,3976.09,2026-03-03 19:07:00,CARD,DEV1193
TXN1001904,ACC100792,ACC100394,837.31,2026-06-30 16:11:00,NEFT,DEV1159
TXN1001905,ACC100858,ACC100534,7712.22,2026-03-23 18:06:00,UPI,DEV1109
TXN1001906,ACC100978,ACC100170,796.09,2026-06-12 09:28:00,IMPS,DEV1223
TXN1001907,ACC100573,ACC100452,1642.7,2026-05-06 23:43:00,NEFT,DEV1061
TXN1001908,ACC100571,ACC100921,688.69,2026-04-22 22:15:00,NEFT,DEV1091
TXN1001909,ACC100025,ACC100886,488.74,2026-04-04 15:54:00,NEFT,DEV1217
TXN1001910,ACC100218,ACC100631,3839.24,2026-05-24 06:31:00,CARD,DEV1191
TXN1001911,ACC100183,ACC100955,46456.71,2026-01-03 06:41:00,CARD,DEV1184
TXN1001912,ACC100538,ACC100199,710.44,2026-01-02 20:00:00,NEFT,DEV1168
TXN1001913,ACC100096,ACC100932,4714.44,2026-04-05 08:39:00,BANK_TRANSFER,DEV1006
TXN1001914,ACC100621,ACC100279,741.67,2026-01-09 22:05:00,NEFT,DEV1245
TXN1001915,ACC100407,ACC100044,1082.92,2026-06-28 08:38:00,NEFT,DEV1029
TXN1001916,ACC100994,ACC100585,9037.16,2026-01-08 16:04:00,BANK_TRANSFER,DEV1232
TXN1001917,ACC100502,ACC100177,302.4,2026-05-02 22:06:00,BANK_TRANSFER,DEV1053
TXN1001918,ACC100039,ACC100378,220.13,2026-01-08 20:55:00,IMPS,DEV1090
TXN1001919,ACC100891,ACC100871,987.68,2026-02-03 02:49:00,CARD,DEV1061
TXN1001920,ACC100057,ACC100454,2431.8,2026-06-13 02:07:00,NEFT,DEV1049
TXN1001921,ACC100878,ACC100557,1912.95,2026-03-13 06:37:00,BANK_TRANSFER,DEV1008
TXN1001922,ACC100340,ACC100857,1690.56,2026-06-22 10:48:00,IMPS,DEV1300
TXN1001923,ACC100739,ACC100966,1142.48,2026-04-04 17:37:00,UPI,DEV1206
TXN1001924,ACC100426,ACC100857,2818.18,2026-06-20 22:51:00,UPI,DEV1033
TXN1001925,ACC100197,ACC100844,33.23,2026-05-09 05:02:00,NEFT,DEV1042
TXN1001926,ACC100176,ACC100454,445.43,2026-01-12 09:24:00,BANK_TRANSFER,DEV1101
TXN1001927,ACC100705,ACC100517,980.11,2026-04-15 05:54:00,UPI,DEV1159
TXN1001928,ACC100280,ACC100574,2554.07,2026-03-31 04:01:00,NEFT,DEV1238
TXN1001929,ACC100581,ACC100856,6553.26,2026-06-28 02:56:00,BANK_TRANSFER,DEV1237
TXN1001930,ACC100090,ACC100119,379.13,2026-01-24 06:13:00,UPI,DEV1095
TXN1001931,ACC100325,ACC100605,6301.19,2026-06-10 00:41:00,IMPS,DEV1005
TXN1001932,ACC100222,ACC100653,637.1,2026-04-06 15:42:00,UPI,DEV1126
TXN1001933,ACC100315,ACC100857,938.34,2026-06-24 21:55:00,IMPS,DEV1067
TXN1001934,ACC100317,ACC100054,2203.32,2026-04-08 09:47:00,IMPS,DEV1142
TXN1001935,ACC100143,ACC100578,859.3,2026-03-22 14:07:00,IMPS,DEV1096
TXN1001936,ACC100279,ACC100904,4155.31,2026-02-21 06:02:00,NEFT,DEV1132
TXN1001937,ACC100714,ACC100450,674.84,2026-03-09 03:09:00,CARD,DEV1181
TXN1001938,ACC100592,ACC100372,687.15,2026-03-31 21:54:00,BANK_TRANSFER,DEV1230
TXN1001939,ACC100849,ACC100646,3875.29,2026-06-25 05:49:00,UPI,DEV1299
TXN1001940,ACC100394,ACC100159,438.89,2026-05-18 19:24:00,IMPS,DEV1222
TXN1001941,ACC100355,ACC100661,1478.4,2026-06-24 09:51:00,IMPS,DEV1175
TXN1001942,ACC100716,ACC100991,149.52,2026-05-09 18:49:00,NEFT,DEV1046
TXN1001943,ACC100525,ACC100791,9735.82,2026-02-23 08:48:00,IMPS,DEV1239
TXN1001944,ACC100267,ACC100032,4665.09,2026-01-30 17:38:00,IMPS,DEV1243
TXN1001945,ACC100143,ACC100478,29736.44,2026-05-31 11:01:00,NEFT,DEV1288
TXN1001946,ACC100386,ACC100674,5464.55,2026-05-31 01:09:00,NEFT,DEV1053
TXN1001947,ACC100644,ACC100367,282.71,2026-01-03 05:25:00,CARD,DEV1243
TXN1001948,ACC100342,ACC100344,2446.42,2026-06-15 03:25:00,IMPS,DEV1183
TXN1001949,ACC100313,ACC100166,364.45,2026-04-30 18:39:00,IMPS,DEV1011
TXN1001950,ACC100449,ACC100828,7285.53,2026-06-07 15:34:00,BANK_TRANSFER,DEV1294
TXN1001951,ACC100711,ACC100445,292.55,2026-04-13 16:09:00,IMPS,DEV1129
TXN1001952,ACC100740,ACC100382,276.17,2026-06-03 11:31:00,CARD,DEV1205
TXN1001953,ACC100307,ACC100041,158.89,2026-03-01 17:18:00,UPI,DEV1215
TXN1001954,ACC100436,ACC100792,610.3,2026-03-10 19:42:00,CARD,DEV1014
TXN1001955,ACC100167,ACC100524,479.44,2026-02-12 10:15:00,BANK_TRANSFER,DEV1268
TXN1001956,ACC100203,ACC100974,241.3,2026-05-26 04:45:00,IMPS,DEV1170
TXN1001957,ACC100807,ACC100982,11941.45,2026-01-14 03:05:00,NEFT,DEV1072
TXN1001958,ACC100820,ACC100354,2071.14,2026-04-28 13:30:00,IMPS,DEV1235
TXN1001959,ACC100000,ACC100674,1798.45,2026-02-07 06:50:00,IMPS,DEV1154
TXN1001960,ACC100314,ACC100082,7383.46,2026-02-17 08:03:00,IMPS,DEV1223
TXN1001961,ACC100092,ACC100741,1491.46,2026-03-04 05:15:00,BANK_TRANSFER,DEV1191
TXN1001962,ACC100005,ACC100488,446.56,2026-02-10 11:45:00,UPI,DEV1241
TXN1001963,ACC100563,ACC100703,142.56,2026-04-11 23:51:00,IMPS,DEV1241
TXN1001964,ACC100684,ACC100385,417.35,2026-04-29 08:17:00,UPI,DEV1198
TXN1001965,ACC100131,ACC100325,6677.5,2026-02-04 13:38:00,NEFT,DEV1144
TXN1001966,ACC100839,ACC100690,243.13,2026-04-19 20:22:00,CARD,DEV1273
TXN1001967,ACC100073,ACC100355,1675.31,2026-05-06 22:51:00,BANK_TRANSFER,DEV1013
TXN1001968,ACC100227,ACC100906,3792.23,2026-06-05 06:04:00,IMPS,DEV1188
TXN1001969,ACC100370,ACC100348,1544.44,2026-05-09 00:03:00,BANK_TRANSFER,DEV1203
TXN1001970,ACC100936,ACC100079,1770.08,2026-06-15 07:51:00,IMPS,DEV1255
TXN1001971,ACC100192,ACC100045,2408.42,2026-02-24 10:18:00,CARD,DEV1047
TXN1001972,ACC100347,ACC100393,1728.72,2026-06-17 06:08:00,CARD,DEV1077
TXN1001973,ACC100291,ACC100318,7561.99,2026-04-10 23:02:00,CARD,DEV1017
TXN1001974,ACC100267,ACC100981,314.71,2026-04-18 06:07:00,IMPS,DEV1203
TXN1001975,ACC100698,ACC100529,1463.39,2026-01-28 15:52:00,UPI,DEV1177
TXN1001976,ACC100702,ACC100750,123.73,2026-01-26 22:23:00,CARD,DEV1006
TXN1001977,ACC100164,ACC100326,91.06,2026-02-02 19:36:00,BANK_TRANSFER,DEV1196
TXN1001978,ACC100702,ACC100465,994.26,2026-01-03 16:35:00,CARD,DEV1216
TXN1001979,ACC100789,ACC100055,2104.97,2026-03-19 14:30:00,NEFT,DEV1059
TXN1001980,ACC100618,ACC100826,7760.49,2026-04-26 17:08:00,NEFT,DEV1242
TXN1001981,ACC100729,ACC100343,20005.25,2026-05-17 12:27:00,UPI,DEV1091
TXN1001982,ACC100434,ACC100544,5344.55,2026-04-09 23:01:00,UPI,DEV1076
TXN1001983,ACC100007,ACC100345,2624.38,2026-06-01 08:48:00,IMPS,DEV1263
TXN1001984,ACC100832,ACC100629,1328.7,2026-04-27 14:50:00,UPI,DEV1237
TXN1001985,ACC100288,ACC100040,174.61,2026-02-01 16:42:00,CARD,DEV1187
TXN1001986,ACC100051,ACC100910,920.35,2026-06-03 23:25:00,NEFT,DEV1129
TXN1001987,ACC100435,ACC100345,5158.76,2026-06-22 10:06:00,UPI,DEV1277
TXN1001988,ACC100273,ACC100183,3222.58,2026-03-17 12:10:00,CARD,DEV1008
TXN1001989,ACC100457,ACC100332,234.25,2026-03-18 21:42:00,UPI,DEV1057
TXN1001990,ACC100365,ACC100749,2291.2,2026-01-10 18:08:00,CARD,DEV1127
TXN1001991,ACC100179,ACC100086,2067.45,2026-05-17 03:13:00,IMPS,DEV1074
TXN1001992,ACC100648,ACC100505,1668.81,2026-04-21 09:22:00,NEFT,DEV1234
TXN1001993,ACC100705,ACC100632,1060.58,2026-03-04 17:52:00,BANK_TRANSFER,DEV1234
TXN1001994,ACC100041,ACC100078,2437.43,2026-03-25 12:43:00,UPI,DEV1075
TXN1001995,ACC100623,ACC100741,2532.03,2026-06-13 03:27:00,CARD,DEV1262
TXN1001996,ACC100742,ACC100080,507.88,2026-03-28 21:44:00,NEFT,DEV1216
TXN1001997,ACC100410,ACC100022,1893.19,2026-02-17 08:46:00,UPI,DEV1221
TXN1001998,ACC100988,ACC100119,873.69,2026-02-19 19:29:00,NEFT,DEV1155
TXN1001999,ACC100630,ACC100526,184.07,2026-05-19 08:19:00,UPI,DEV1191
TXN1002000,ACC100587,ACC100484,558.96,2026-02-25 14:54:00,NEFT,DEV1095
TXN1002001,ACC100283,ACC100513,167.93,2026-06-21 01:33:00,BANK_TRANSFER,DEV1204
TXN1002002,ACC100931,ACC100185,3555.01,2026-06-23 09:43:00,NEFT,DEV1002
TXN1002003,ACC100416,ACC100212,1680.87,2026-01-05 14:08:00,IMPS,DEV1140
TXN1002004,ACC100273,ACC100473,715.81,2026-06-03 21:40:00,NEFT,DEV1049
TXN1002005,ACC100226,ACC100230,6030.74,2026-01-05 11:04:00,IMPS,DEV1032
TXN1002006,ACC100626,ACC100294,1189.86,2026-06-05 15:43:00,BANK_TRANSFER,DEV1215
TXN1002007,ACC100650,ACC100609,196.87,2026-03-26 18:28:00,CARD,DEV1243
TXN1002008,ACC100952,ACC100571,647.18,2026-01-04 11:42:00,NEFT,DEV1163
TXN1002009,ACC100354,ACC100842,7780.88,2026-04-24 05:10:00,CARD,DEV1255
TXN1002010,ACC100215,ACC100545,491.09,2026-06-28 05:48:00,CARD,DEV1130
TXN1002011,ACC100412,ACC100033,1525.79,2026-06-19 19:30:00,UPI,DEV1249
TXN1002012,ACC100574,ACC100353,2677.54,2026-01-22 07:05:00,BANK_TRANSFER,DEV1189
TXN1002013,ACC100311,ACC100298,2225.95,2026-03-22 15:24:00,CARD,DEV1015
TXN1002014,ACC100159,ACC100639,20730.3,2026-05-30 05:41:00,BANK_TRANSFER,DEV1180
TXN1002015,ACC100578,ACC100441,267.32,2026-04-17 00:47:00,NEFT,DEV1284
TXN1002016,ACC100761,ACC100502,301.34,2026-03-02 12:48:00,BANK_TRANSFER,DEV1067
TXN1002017,ACC100387,ACC100621,272.68,2026-02-01 03:18:00,CARD,DEV1111
TXN1002018,ACC100216,ACC100113,768.85,2026-05-27 09:52:00,IMPS,DEV1081
TXN1002019,ACC100785,ACC100796,4102.09,2026-04-13 18:46:00,CARD,DEV1180
TXN1002020,ACC100769,ACC100222,317.96,2026-04-18 20:27:00,NEFT,DEV1163
TXN1002021,ACC100788,ACC100371,4171.51,2026-06-11 03:36:00,NEFT,DEV1257
TXN1002022,ACC100548,ACC100545,1143.85,2026-04-11 07:41:00,CARD,DEV1253
TXN1002023,ACC100774,ACC100475,289.8,2026-03-15 15:20:00,IMPS,DEV1090
TXN1002024,ACC100409,ACC100295,134.07,2026-01-01 18:10:00,NEFT,DEV1237
TXN1002025,ACC100671,ACC100176,175.37,2026-06-24 03:21:00,CARD,DEV1297
TXN1002026,ACC100668,ACC100428,493.23,2026-04-18 14:00:00,IMPS,DEV1014
TXN1002027,ACC100633,ACC100229,895.17,2026-02-05 20:48:00,BANK_TRANSFER,DEV1257
TXN1002028,ACC100082,ACC100613,5515.27,2026-05-27 13:57:00,UPI,DEV1166
TXN1002029,ACC100624,ACC100255,2860.94,2026-02-12 19:25:00,CARD,DEV1046
TXN1002030,ACC100974,ACC100379,400.72,2026-01-06 20:31:00,CARD,DEV1282
TXN1002031,ACC100523,ACC100884,1790.77,2026-02-19 05:30:00,CARD,DEV1188
TXN1002032,ACC100740,ACC100895,7957.38,2026-03-03 05:58:00,CARD,DEV1102
TXN1002033,ACC100330,ACC100135,10391.06,2026-03-17 02:12:00,UPI,DEV1105
TXN1002034,ACC100591,ACC100472,751.98,2026-04-28 08:21:00,BANK_TRANSFER,DEV1227
TXN1002035,ACC100247,ACC100815,3463.19,2026-02-15 15:44:00,BANK_TRANSFER,DEV1056
TXN1002036,ACC100822,ACC100618,5813.55,2026-03-26 05:26:00,IMPS,DEV1236
TXN1002037,ACC100739,ACC100985,179.74,2026-01-18 00:14:00,UPI,DEV1208
TXN1002038,ACC100887,ACC100532,592.95,2026-05-01 13:09:00,UPI,DEV1213
TXN1002039,ACC100980,ACC100266,15740.98,2026-05-18 04:07:00,BANK_TRANSFER,DEV1273
TXN1002040,ACC100731,ACC100024,764.14,2026-04-23 16:24:00,UPI,DEV1149
TXN1002041,ACC100831,ACC100407,32.63,2026-01-11 12:24:00,CARD,DEV1261
TXN1002042,ACC100644,ACC100665,948.47,2026-04-23 14:37:00,UPI,DEV1053
TXN1002043,ACC100149,ACC100867,4228.28,2026-03-09 19:47:00,UPI,DEV1086
TXN1002044,ACC100375,ACC100422,1105.23,2026-06-18 11:35:00,IMPS,DEV1124
TXN1002045,ACC100814,ACC100494,2587.47,2026-02-23 09:01:00,UPI,DEV1168
TXN1002046,ACC100657,ACC100710,3380.8,2026-01-19 15:38:00,CARD,DEV1125
TXN1002047,ACC100775,ACC100266,716.28,2026-03-29 10:04:00,CARD,DEV1169
TXN1002048,ACC100806,ACC100461,588.0,2026-06-29 08:48:00,BANK_TRANSFER,DEV1140
TXN1002049,ACC100608,ACC100036,1318.34,2026-02-05 05:03:00,BANK_TRANSFER,DEV1147
TXN1002050,ACC100026,ACC100226,1357.41,2026-04-05 19:14:00,NEFT,DEV1149
TXN1002051,ACC100314,ACC100967,1170.16,2026-02-10 19:22:00,NEFT,DEV1243
TXN1002052,ACC100730,ACC100450,1229.28,2026-06-22 10:03:00,IMPS,DEV1065
TXN1002053,ACC100150,ACC100622,446.64,2026-03-16 13:06:00,NEFT,DEV1116
TXN1002054,ACC100028,ACC100871,2698.21,2026-02-24 19:54:00,NEFT,DEV1075
TXN1002055,ACC100598,ACC100012,2250.88,2026-03-08 12:25:00,BANK_TRANSFER,DEV1264
TXN1002056,ACC100415,ACC100488,220.7,2026-06-08 05:48:00,NEFT,DEV1079
TXN1002057,ACC100601,ACC100873,687.46,2026-05-09 10:43:00,BANK_TRANSFER,DEV1191
TXN1002058,ACC100387,ACC100886,1226.23,2026-05-05 22:07:00,IMPS,DEV1268
TXN1002059,ACC100493,ACC100179,577.57,2026-05-04 12:57:00,UPI,DEV1033
TXN1002060,ACC100350,ACC100230,2356.3,2026-03-21 07:02:00,IMPS,DEV1076
TXN1002061,ACC100284,ACC100623,1012.06,2026-01-31 22:11:00,IMPS,DEV1182
TXN1002062,ACC100510,ACC100470,1343.3,2026-05-26 21:47:00,UPI,DEV1268
TXN1002063,ACC100919,ACC100233,678.0,2026-02-21 12:24:00,UPI,DEV1204
TXN1002064,ACC100641,ACC100101,100.3,2026-03-26 17:19:00,UPI,DEV1138
TXN1002065,ACC100566,ACC100984,93.65,2026-05-17 18:21:00,UPI,DEV1028
TXN1002066,ACC100457,ACC100580,2225.04,2026-05-14 08:27:00,IMPS,DEV1131
TXN1002067,ACC100816,ACC100757,1510.65,2026-02-16 23:32:00,IMPS,DEV1116
TXN1002068,ACC100706,ACC100734,1856.4,2026-04-27 06:03:00,UPI,DEV1136
TXN1002069,ACC100565,ACC100284,1288.67,2026-01-24 06:29:00,UPI,DEV1067
TXN1002070,ACC100535,ACC100310,1418.68,2026-01-16 07:05:00,IMPS,DEV1124
TXN1002071,ACC100599,ACC100779,3508.09,2026-05-29 16:17:00,CARD,DEV1050
TXN1002072,ACC100549,ACC100902,1869.72,2026-01-14 10:53:00,UPI,DEV1100
TXN1002073,ACC100489,ACC100119,3824.15,2026-04-24 02:50:00,CARD,DEV1101
TXN1002074,ACC100102,ACC100555,1347.16,2026-05-31 07:20:00,BANK_TRANSFER,DEV1249
TXN1002075,ACC100307,ACC100582,764.74,2026-01-03 19:51:00,CARD,DEV1057
TXN1002076,ACC100737,ACC100907,1384.43,2026-04-24 21:56:00,IMPS,DEV1233
TXN1002077,ACC100000,ACC100257,402.05,2026-04-15 20:31:00,NEFT,DEV1252
TXN1002078,ACC100646,ACC100180,695.19,2026-03-26 17:18:00,CARD,DEV1263
TXN1002079,ACC100290,ACC100974,1357.07,2026-06-15 10:13:00,NEFT,DEV1272
TXN1002080,ACC100254,ACC100349,1335.66,2026-03-12 23:08:00,BANK_TRANSFER,DEV1257
TXN1002081,ACC100316,ACC100640,965.16,2026-04-23 03:48:00,IMPS,DEV1249
TXN1002082,ACC100006,ACC100326,207.3,2026-05-11 16:03:00,CARD,DEV1083
TXN1002083,ACC100183,ACC100067,2353.58,2026-04-21 22:58:00,NEFT,DEV1048
TXN1002084,ACC100947,ACC100882,2984.16,2026-04-24 11:41:00,BANK_TRANSFER,DEV1093
TXN1002085,ACC100198,ACC100797,7882.72,2026-01-28 07:54:00,IMPS,DEV1157
TXN1002086,ACC100513,ACC100312,1863.35,2026-03-23 18:06:00,CARD,DEV1052
TXN1002087,ACC100701,ACC100307,1098.56,2026-06-06 07:10:00,BANK_TRANSFER,DEV1079
TXN1002088,ACC100331,ACC100160,325.18,2026-02-19 13:31:00,IMPS,DEV1080
TXN1002089,ACC100624,ACC100678,6571.0,2026-02-10 11:06:00,BANK_TRANSFER,DEV1242
TXN1002090,ACC100669,ACC100609,1476.46,2026-04-17 09:11:00,IMPS,DEV1134
TXN1002091,ACC100483,ACC100956,1383.05,2026-03-19 12:39:00,IMPS,DEV1156
TXN1002092,ACC100341,ACC100744,808.46,2026-04-01 10:45:00,CARD,DEV1157
TXN1002093,ACC100435,ACC100576,748.77,2026-04-11 14:14:00,UPI,DEV1206
TXN1002094,ACC100056,ACC100991,2504.69,2026-04-15 12:04:00,IMPS,DEV1233
TXN1002095,ACC100785,ACC100280,321.91,2026-01-05 06:54:00,IMPS,DEV1131
TXN1002096,ACC100301,ACC100852,7711.89,2026-04-06 00:48:00,NEFT,DEV1218
TXN1002097,ACC100809,ACC100391,5937.43,2026-03-25 19:02:00,BANK_TRANSFER,DEV1102
TXN1002098,ACC100816,ACC100220,717.04,2026-06-08 17:10:00,CARD,DEV1140
TXN1002099,ACC100109,ACC100076,388.92,2026-03-04 05:28:00,NEFT,DEV1245
TXN1002100,ACC100964,ACC100738,97.69,2026-06-01 16:02:00,UPI,DEV1199
TXN1002101,ACC100704,ACC100982,244.28,2026-06-30 16:37:00,IMPS,DEV1143
TXN1002102,ACC100621,ACC100600,2633.04,2026-04-07 02:01:00,UPI,DEV1028
TXN1002103,ACC100654,ACC100350,1601.04,2026-03-12 18:21:00,NEFT,DEV1224
TXN1002104,ACC100945,ACC100291,1983.04,2026-01-29 16:06:00,IMPS,DEV1037
TXN1002105,ACC100332,ACC100793,119.74,2026-04-16 05:10:00,IMPS,DEV1153
TXN1002106,ACC100587,ACC100204,681.99,2026-05-24 03:00:00,CARD,DEV1125
TXN1002107,ACC100335,ACC100586,5657.44,2026-05-20 22:33:00,NEFT,DEV1285
TXN1002108,ACC100543,ACC100836,977.27,2026-03-16 23:32:00,UPI,DEV1071
TXN1002109,ACC100790,ACC100788,238.23,2026-01-18 23:52:00,NEFT,DEV1184
TXN1002110,ACC100926,ACC100791,959.18,2026-04-25 07:19:00,IMPS,DEV1164
TXN1002111,ACC100479,ACC100233,434.75,2026-04-28 12:21:00,NEFT,DEV1101
TXN1002112,ACC100693,ACC100994,1636.66,2026-06-30 08:50:00,NEFT,DEV1011
TXN1002113,ACC100143,ACC100122,1124.01,2026-06-14 14:01:00,CARD,DEV1202
TXN1002114,ACC100825,ACC100498,2104.76,2026-01-13 18:02:00,UPI,DEV1262
TXN1002115,ACC100382,ACC100016,254.29,2026-05-25 14:55:00,UPI,DEV1258
TXN1002116,ACC100894,ACC100817,640.05,2026-03-25 18:23:00,CARD,DEV1144
TXN1002117,ACC100588,ACC100341,4058.31,2026-06-12 02:17:00,UPI,DEV1289
TXN1002118,ACC100094,ACC100997,215.91,2026-05-23 03:50:00,BANK_TRANSFER,DEV1081
TXN1002119,ACC100817,ACC100525,329.07,2026-01-23 19:35:00,CARD,DEV1097
TXN1002120,ACC100769,ACC100074,1392.92,2026-06-25 14:42:00,NEFT,DEV1238
TXN1002121,ACC100462,ACC100910,1547.0,2026-02-08 22:12:00,NEFT,DEV1037
TXN1002122,ACC100186,ACC100663,609.95,2026-05-28 11:35:00,CARD,DEV1270
TXN1002123,ACC100799,ACC100709,785.15,2026-04-21 00:43:00,CARD,DEV1294
TXN1002124,ACC100300,ACC100006,2079.47,2026-06-09 13:18:00,UPI,DEV1004
TXN1002125,ACC100230,ACC100330,3039.85,2026-04-20 05:08:00,NEFT,DEV1114
TXN1002126,ACC100598,ACC100690,303.97,2026-03-25 18:10:00,CARD,DEV1102
TXN1002127,ACC100788,ACC100841,1697.96,2026-05-28 12:06:00,BANK_TRANSFER,DEV1078
TXN1002128,ACC100193,ACC100791,6730.6,2026-02-07 07:02:00,NEFT,DEV1092
TXN1002129,ACC100103,ACC100026,954.25,2026-05-17 20:32:00,UPI,DEV1065
TXN1002130,ACC100553,ACC100356,300.12,2026-01-18 11:10:00,NEFT,DEV1117
TXN1002131,ACC100673,ACC100213,283.92,2026-02-21 10:20:00,IMPS,DEV1217
TXN1002132,ACC100277,ACC100238,904.26,2026-02-25 12:07:00,UPI,DEV1070
TXN1002133,ACC100898,ACC100920,3800.99,2026-04-23 04:12:00,CARD,DEV1013
TXN1002134,ACC100454,ACC100888,1044.29,2026-02-23 12:59:00,UPI,DEV1228
TXN1002135,ACC100449,ACC100408,1376.2,2026-02-20 07:01:00,CARD,DEV1063
TXN1002136,ACC100095,ACC100992,331.75,2026-02-14 17:17:00,BANK_TRANSFER,DEV1264
TXN1002137,ACC100124,ACC100166,3567.93,2026-02-23 04:06:00,CARD,DEV1183
TXN1002138,ACC100767,ACC100324,277.33,2026-04-17 06:31:00,IMPS,DEV1046
TXN1002139,ACC100818,ACC100519,598.61,2026-04-03 16:18:00,NEFT,DEV1260
TXN1002140,ACC100114,ACC100967,2335.31,2026-04-27 00:33:00,UPI,DEV1194
TXN1002141,ACC100822,ACC100430,94.89,2026-04-13 03:24:00,NEFT,DEV1184
TXN1002142,ACC100968,ACC100317,1351.21,2026-01-17 14:49:00,NEFT,DEV1117
TXN1002143,ACC100718,ACC100086,315.17,2026-06-16 21:58:00,CARD,DEV1241
TXN1002144,ACC100016,ACC100974,1118.63,2026-03-12 22:05:00,NEFT,DEV1023
TXN1002145,ACC100144,ACC100867,718.76,2026-03-05 06:03:00,BANK_TRANSFER,DEV1004
TXN1002146,ACC100131,ACC100531,13725.38,2026-02-09 04:47:00,CARD,DEV1019
TXN1002147,ACC100062,ACC100610,684.2,2026-02-23 22:33:00,NEFT,DEV1190
TXN1002148,ACC100632,ACC100424,10008.42,2026-02-10 14:18:00,IMPS,DEV1089
TXN1002149,ACC100958,ACC100531,2217.96,2026-02-08 22:49:00,IMPS,DEV1186
TXN1002150,ACC100900,ACC100947,419.16,2026-01-29 05:32:00,UPI,DEV1254
TXN1002151,ACC100208,ACC100313,1631.04,2026-04-14 21:20:00,NEFT,DEV1135
TXN1002152,ACC100636,ACC100328,761.06,2026-01-08 00:52:00,NEFT,DEV1014
TXN1002153,ACC100910,ACC100481,1466.43,2026-01-09 04:55:00,CARD,DEV1023
TXN1002154,ACC100552,ACC100386,465.6,2026-06-03 17:55:00,IMPS,DEV1080
TXN1002155,ACC100102,ACC100015,8334.95,2026-03-31 07:36:00,UPI,DEV1214
TXN1002156,ACC100067,ACC100115,3329.17,2026-05-02 15:51:00,CARD,DEV1274
TXN1002157,ACC100450,ACC100137,1139.26,2026-06-04 21:44:00,UPI,DEV1159
TXN1002158,ACC100487,ACC100480,8733.64,2026-03-07 04:22:00,NEFT,DEV1276
TXN1002159,ACC100374,ACC100979,1198.87,2026-06-07 22:48:00,UPI,DEV1244
TXN1002160,ACC100504,ACC100766,4093.48,2026-05-27 06:41:00,IMPS,DEV1112
TXN1002161,ACC100527,ACC100132,1148.21,2026-02-06 07:41:00,UPI,DEV1048
TXN1002162,ACC100734,ACC100413,1759.29,2026-03-14 20:59:00,UPI,DEV1127
TXN1002163,ACC100231,ACC100256,994.53,2026-02-17 22:30:00,NEFT,DEV1168
TXN1002164,ACC100727,ACC100997,1229.5,2026-04-29 22:48:00,BANK_TRANSFER,DEV1266
TXN1002165,ACC100529,ACC100591,1345.66,2026-03-10 04:29:00,NEFT,DEV1216
TXN1002166,ACC100383,ACC100677,490.94,2026-02-07 19:46:00,UPI,DEV1197
TXN1002167,ACC100647,ACC100049,677.71,2026-02-20 06:13:00,UPI,DEV1073
TXN1002168,ACC100649,ACC100034,845.47,2026-03-02 05:31:00,CARD,DEV1165
TXN1002169,ACC100011,ACC100585,1444.69,2026-05-04 16:30:00,NEFT,DEV1096
TXN1002170,ACC100643,ACC100890,1057.12,2026-05-28 13:50:00,CARD,DEV1109
TXN1002171,ACC100464,ACC100636,4481.17,2026-03-09 18:37:00,CARD,DEV1060
TXN1002172,ACC100762,ACC100286,3030.68,2026-06-17 17:33:00,NEFT,DEV1172
TXN1002173,ACC100913,ACC100190,866.45,2026-03-07 11:38:00,CARD,DEV1281
TXN1002174,ACC100467,ACC100679,5756.82,2026-01-25 22:48:00,NEFT,DEV1265
TXN1002175,ACC100269,ACC100064,10379.88,2026-04-04 14:33:00,UPI,DEV1278
TXN1002176,ACC100129,ACC100096,94.39,2026-02-28 15:36:00,UPI,DEV1061
TXN1002177,ACC100563,ACC100729,3356.82,2026-03-17 04:18:00,NEFT,DEV1157
TXN1002178,ACC100463,ACC100446,477.43,2026-05-22 02:49:00,BANK_TRANSFER,DEV1093
TXN1002179,ACC100407,ACC100839,2866.64,2026-05-11 06:39:00,IMPS,DEV1113
TXN1002180,ACC100794,ACC100017,4845.89,2026-02-20 12:04:00,BANK_TRANSFER,DEV1077
TXN1002181,ACC100576,ACC100880,382.84,2026-05-16 17:55:00,UPI,DEV1272
TXN1002182,ACC100371,ACC100552,118.77,2026-02-28 23:40:00,BANK_TRANSFER,DEV1085
TXN1002183,ACC100383,ACC100162,2988.48,2026-01-26 23:13:00,IMPS,DEV1115
TXN1002184,ACC100863,ACC100952,1290.11,2026-02-08 18:27:00,BANK_TRANSFER,DEV1217
TXN1002185,ACC100878,ACC100207,148.1,2026-03-13 01:40:00,CARD,DEV1151
TXN1002186,ACC100399,ACC100922,22821.93,2026-05-14 14:22:00,CARD,DEV1239
TXN1002187,ACC100329,ACC100139,2319.96,2026-03-18 00:00:00,UPI,DEV1128
TXN1002188,ACC100725,ACC100569,2450.68,2026-06-21 10:38:00,IMPS,DEV1034
TXN1002189,ACC100060,ACC100773,5647.57,2026-04-16 04:47:00,IMPS,DEV1246
TXN1002190,ACC100842,ACC100164,546.21,2026-03-04 13:21:00,IMPS,DEV1214
TXN1002191,ACC100400,ACC100605,1282.47,2026-02-19 08:29:00,NEFT,DEV1036
TXN1002192,ACC100231,ACC100986,225.16,2026-03-12 04:47:00,CARD,DEV1063
TXN1002193,ACC100743,ACC100757,528.72,2026-05-30 22:56:00,IMPS,DEV1105
TXN1002194,ACC100454,ACC100145,1742.0,2026-06-22 09:24:00,NEFT,DEV1005
TXN1002195,ACC100652,ACC100120,148.66,2026-05-14 10:37:00,BANK_TRANSFER,DEV1052
TXN1002196,ACC100790,ACC100643,511.04,2026-06-03 16:04:00,IMPS,DEV1224
TXN1002197,ACC100305,ACC100841,360.14,2026-02-01 18:28:00,BANK_TRANSFER,DEV1232
TXN1002198,ACC100157,ACC100072,1300.51,2026-03-29 09:17:00,UPI,DEV1195
TXN1002199,ACC100858,ACC100912,2185.59,2026-03-07 03:51:00,CARD,DEV1218
TXN1002200,ACC100599,ACC100172,2672.0,2026-06-27 16:37:00,NEFT,DEV1115
TXN1002201,ACC100535,ACC100105,3635.78,2026-01-23 20:35:00,BANK_TRANSFER,DEV1185
TXN1002202,ACC100247,ACC100890,5690.42,2026-06-20 16:52:00,CARD,DEV1215
TXN1002203,ACC100058,ACC100653,2272.63,2026-01-27 09:33:00,NEFT,DEV1128
TXN1002204,ACC100655,ACC100520,10559.73,2026-03-26 14:19:00,NEFT,DEV1182
TXN1002205,ACC100085,ACC100013,1265.73,2026-01-26 16:34:00,IMPS,DEV1299
TXN1002206,ACC100506,ACC100226,890.71,2026-06-01 14:48:00,NEFT,DEV1053
TXN1002207,ACC100799,ACC100846,2272.8,2026-05-05 19:08:00,BANK_TRANSFER,DEV1289
TXN1002208,ACC100384,ACC100621,845.82,2026-05-13 22:47:00,CARD,DEV1021
TXN1002209,ACC100616,ACC100110,10128.19,2026-06-01 21:56:00,UPI,DEV1294
TXN1002210,ACC100097,ACC100120,4260.66,2026-03-03 12:18:00,BANK_TRANSFER,DEV1215
TXN1002211,ACC100834,ACC100403,2698.18,2026-01-11 11:51:00,CARD,DEV1235
TXN1002212,ACC100587,ACC100884,1283.96,2026-05-14 01:16:00,CARD,DEV1221
TXN1002213,ACC100685,ACC100929,672.52,2026-01-07 07:22:00,BANK_TRANSFER,DEV1092
TXN1002214,ACC100024,ACC100645,2544.25,2026-03-26 03:22:00,NEFT,DEV1211
TXN1002215,ACC100821,ACC100029,283.58,2026-04-27 08:39:00,NEFT,DEV1176
TXN1002216,ACC100360,ACC100996,6913.53,2026-03-05 09:26:00,CARD,DEV1024
TXN1002217,ACC100332,ACC100469,886.11,2026-06-28 21:40:00,NEFT,DEV1082
TXN1002218,ACC100214,ACC100571,1581.5,2026-05-21 22:07:00,NEFT,DEV1205
TXN1002219,ACC100771,ACC100356,368.15,2026-02-14 17:03:00,UPI,DEV1170
TXN1002220,ACC100360,ACC100631,2611.25,2026-05-18 07:46:00,NEFT,DEV1156
TXN1002221,ACC100103,ACC100936,636.2,2026-01-24 21:49:00,CARD,DEV1160
TXN1002222,ACC100636,ACC100509,2390.06,2026-06-13 06:21:00,CARD,DEV1103
TXN1002223,ACC100271,ACC100876,2721.32,2026-05-05 11:58:00,NEFT,DEV1224
TXN1002224,ACC100917,ACC100370,504.13,2026-02-10 05:45:00,NEFT,DEV1008
TXN1002225,ACC100114,ACC100194,284.79,2026-05-29 10:35:00,BANK_TRANSFER,DEV1286
TXN1002226,ACC100303,ACC100774,6893.13,2026-05-24 18:22:00,IMPS,DEV1203
TXN1002227,ACC100633,ACC100712,870.65,2026-01-20 06:46:00,UPI,DEV1046
TXN1002228,ACC100728,ACC100612,1436.29,2026-06-19 13:48:00,NEFT,DEV1074
TXN1002229,ACC100733,ACC100348,1963.64,2026-05-17 12:04:00,CARD,DEV1068
TXN1002230,ACC100943,ACC100394,243.61,2026-01-27 10:01:00,BANK_TRANSFER,DEV1291
TXN1002231,ACC100994,ACC100084,1910.65,2026-03-24 07:40:00,CARD,DEV1020
TXN1002232,ACC100251,ACC100561,1235.16,2026-02-09 22:47:00,NEFT,DEV1013
TXN1002233,ACC100506,ACC100229,506.62,2026-06-27 07:28:00,IMPS,DEV1115
TXN1002234,ACC100450,ACC100663,273.73,2026-02-25 04:57:00,UPI,DEV1151
TXN1002235,ACC100249,ACC100987,2268.93,2026-01-06 20:53:00,CARD,DEV1224
TXN1002236,ACC100424,ACC100569,4243.97,2026-05-22 19:23:00,IMPS,DEV1211
TXN1002237,ACC100190,ACC100868,1358.73,2026-05-13 19:49:00,CARD,DEV1294
TXN1002238,ACC100909,ACC100923,196.1,2026-04-10 08:55:00,NEFT,DEV1134
TXN1002239,ACC100441,ACC100379,308.34,2026-04-04 08:00:00,NEFT,DEV1276
TXN1002240,ACC100365,ACC100078,652.92,2026-06-27 04:35:00,NEFT,DEV1126
TXN1002241,ACC100814,ACC100551,7169.16,2026-05-29 04:23:00,UPI,DEV1259
TXN1002242,ACC100725,ACC100487,815.58,2026-05-18 10:42:00,UPI,DEV1116
TXN1002243,ACC100737,ACC100356,624.98,2026-06-29 22:00:00,BANK_TRANSFER,DEV1114
TXN1002244,ACC100476,ACC100275,147.2,2026-05-28 01:48:00,CARD,DEV1224
TXN1002245,ACC100509,ACC100605,498.69,2026-04-22 02:12:00,IMPS,DEV1011
TXN1002246,ACC100573,ACC100459,249.75,2026-05-24 22:11:00,UPI,DEV1177
TXN1002247,ACC100488,ACC100888,329.04,2026-06-30 05:02:00,UPI,DEV1181
TXN1002248,ACC100066,ACC100977,1266.41,2026-03-12 19:26:00,NEFT,DEV1014
TXN1002249,ACC100730,ACC100612,677.63,2026-05-06 14:42:00,IMPS,DEV1202
TXN1002250,ACC100220,ACC100677,8428.66,2026-04-26 10:34:00,BANK_TRANSFER,DEV1155
TXN1002251,ACC100338,ACC100238,3998.22,2026-05-26 17:20:00,CARD,DEV1073
TXN1002252,ACC100784,ACC100552,528.13,2026-06-24 20:01:00,NEFT,DEV1003
TXN1002253,ACC100994,ACC100624,364.97,2026-01-14 12:13:00,BANK_TRANSFER,DEV1061
TXN1002254,ACC100793,ACC100072,5762.75,2026-06-07 02:10:00,BANK_TRANSFER,DEV1211
TXN1002255,ACC100747,ACC100165,8038.93,2026-02-19 08:29:00,BANK_TRANSFER,DEV1091
TXN1002256,ACC100855,ACC100185,78.8,2026-01-08 22:09:00,CARD,DEV1061
TXN1002257,ACC100339,ACC100091,1225.9,2026-01-25 13:46:00,BANK_TRANSFER,DEV1198
TXN1002258,ACC100824,ACC100417,810.58,2026-04-08 23:46:00,CARD,DEV1070
TXN1002259,ACC100867,ACC100351,2389.75,2026-02-16 03:16:00,NEFT,DEV1181
TXN1002260,ACC100181,ACC100724,11284.68,2026-04-21 08:36:00,CARD,DEV1046
TXN1002261,ACC100188,ACC100266,613.47,2026-04-13 06:50:00,IMPS,DEV1179
TXN1002262,ACC100662,ACC100648,92.5,2026-01-21 11:35:00,CARD,DEV1048
TXN1002263,ACC100536,ACC100263,2196.91,2026-01-06 20:41:00,UPI,DEV1285
TXN1002264,ACC100060,ACC100699,5813.61,2026-04-06 03:15:00,IMPS,DEV1000
TXN1002265,ACC100986,ACC100541,761.65,2026-01-04 00:09:00,NEFT,DEV1196
TXN1002266,ACC100313,ACC100028,470.57,2026-05-26 19:13:00,NEFT,DEV1035
TXN1002267,ACC100978,ACC100176,648.91,2026-02-18 21:43:00,BANK_TRANSFER,DEV1255
TXN1002268,ACC100186,ACC100548,3041.93,2026-02-25 11:47:00,UPI,DEV1079
TXN1002269,ACC100614,ACC100383,635.65,2026-05-27 06:02:00,CARD,DEV1090
TXN1002270,ACC100519,ACC100152,1627.03,2026-04-24 01:02:00,BANK_TRANSFER,DEV1019
TXN1002271,ACC100957,ACC100550,1133.84,2026-01-31 10:38:00,NEFT,DEV1055
TXN1002272,ACC100357,ACC100699,1001.79,2026-02-16 20:08:00,BANK_TRANSFER,DEV1085
TXN1002273,ACC100921,ACC100102,2544.15,2026-05-08 06:35:00,BANK_TRANSFER,DEV1079
TXN1002274,ACC100627,ACC100942,617.52,2026-03-28 15:31:00,BANK_TRANSFER,DEV1199
TXN1002275,ACC100802,ACC100458,654.12,2026-01-30 22:49:00,BANK_TRANSFER,DEV1033
TXN1002276,ACC100346,ACC100252,2855.85,2026-04-04 04:49:00,IMPS,DEV1251
TXN1002277,ACC100192,ACC100813,335.52,2026-04-14 01:25:00,NEFT,DEV1030
TXN1002278,ACC100938,ACC100943,381.36,2026-05-03 22:30:00,BANK_TRANSFER,DEV1050
TXN1002279,ACC100868,ACC100532,241.68,2026-01-24 22:38:00,NEFT,DEV1269
TXN1002280,ACC100576,ACC100588,3037.57,2026-06-29 18:09:00,BANK_TRANSFER,DEV1201
TXN1002281,ACC100775,ACC100559,966.53,2026-06-14 06:51:00,NEFT,DEV1164
TXN1002282,ACC100138,ACC100458,226.71,2026-02-20 09:59:00,CARD,DEV1206
TXN1002283,ACC100445,ACC100386,3055.11,2026-01-22 16:44:00,UPI,DEV1251
TXN1002284,ACC100106,ACC100329,563.04,2026-05-24 16:31:00,BANK_TRANSFER,DEV1199
TXN1002285,ACC100313,ACC100509,385.29,2026-03-15 23:20:00,UPI,DEV1270
TXN1002286,ACC100851,ACC100042,867.13,2026-02-18 03:02:00,NEFT,DEV1300
TXN1002287,ACC100765,ACC100921,6467.0,2026-05-27 18:31:00,IMPS,DEV1160
TXN1002288,ACC100756,ACC100049,682.69,2026-05-17 00:57:00,UPI,DEV1155
TXN1002289,ACC100394,ACC100192,2187.26,2026-04-01 18:21:00,UPI,DEV1222
TXN1002290,ACC100756,ACC100520,2624.11,2026-05-15 06:05:00,BANK_TRANSFER,DEV1189
TXN1002291,ACC100697,ACC100715,1866.7,2026-01-12 07:19:00,UPI,DEV1234
TXN1002292,ACC100972,ACC100190,5040.63,2026-02-26 10:55:00,UPI,DEV1104
TXN1002293,ACC100507,ACC100211,469.4,2026-05-27 21:51:00,BANK_TRANSFER,DEV1007
TXN1002294,ACC100046,ACC100944,313.56,2026-04-08 07:01:00,UPI,DEV1148
TXN1002295,ACC100004,ACC100926,306.26,2026-03-03 22:30:00,NEFT,DEV1090
TXN1002296,ACC100399,ACC100846,922.09,2026-02-28 12:41:00,CARD,DEV1022
TXN1002297,ACC100159,ACC100145,351.97,2026-06-03 08:24:00,BANK_TRANSFER,DEV1132
TXN1002298,ACC100903,ACC100944,1309.04,2026-04-19 23:13:00,BANK_TRANSFER,DEV1158
TXN1002299,ACC100209,ACC100962,1202.77,2026-06-17 09:18:00,CARD,DEV1005
TXN1002300,ACC100425,ACC100843,3723.01,2026-04-16 12:52:00,NEFT,DEV1097
TXN1002301,ACC100836,ACC100797,1555.22,2026-05-05 08:39:00,BANK_TRANSFER,DEV1005
TXN1002302,ACC100641,ACC100709,665.55,2026-04-12 01:25:00,CARD,DEV1065
TXN1002303,ACC100678,ACC100706,1795.46,2026-02-27 02:24:00,UPI,DEV1059
TXN1002304,ACC100162,ACC100923,318.55,2026-05-06 02:16:00,IMPS,DEV1274
TXN1002305,ACC100335,ACC100171,1047.57,2026-03-07 23:14:00,CARD,DEV1145
TXN1002306,ACC100549,ACC100293,1608.86,2026-03-14 19:27:00,NEFT,DEV1055
TXN1002307,ACC100779,ACC100122,1280.72,2026-04-12 06:53:00,UPI,DEV1284
TXN1002308,ACC100866,ACC100509,1804.57,2026-02-21 04:20:00,BANK_TRANSFER,DEV1018
TXN1002309,ACC100480,ACC100490,506.31,2026-01-28 03:48:00,IMPS,DEV1019
TXN1002310,ACC100853,ACC100397,4369.65,2026-02-17 02:51:00,UPI,DEV1123
TXN1002311,ACC100446,ACC100630,9765.42,2026-04-05 14:57:00,IMPS,DEV1226
TXN1002312,ACC100611,ACC100787,160.26,2026-01-11 22:37:00,BANK_TRANSFER,DEV1096
TXN1002313,ACC100786,ACC100215,255.0,2026-03-23 01:29:00,BANK_TRANSFER,DEV1007
TXN1002314,ACC100971,ACC100156,1154.82,2026-03-29 08:33:00,IMPS,DEV1179
TXN1002315,ACC100473,ACC100205,806.04,2026-06-14 01:55:00,CARD,DEV1194
TXN1002316,ACC100156,ACC100969,10675.37,2026-03-16 17:15:00,UPI,DEV1115
TXN1002317,ACC100188,ACC100642,1427.59,2026-02-19 11:27:00,CARD,DEV1012
TXN1002318,ACC100892,ACC100451,5831.64,2026-01-18 08:23:00,BANK_TRANSFER,DEV1270
TXN1002319,ACC100294,ACC100570,93.79,2026-02-11 04:53:00,BANK_TRANSFER,DEV1162
TXN1002320,ACC100058,ACC100114,2913.19,2026-06-25 02:13:00,CARD,DEV1265
TXN1002321,ACC100547,ACC100017,464.69,2026-06-08 05:47:00,NEFT,DEV1189
TXN1002322,ACC100039,ACC100146,455.84,2026-01-27 23:21:00,IMPS,DEV1003
TXN1002323,ACC100390,ACC100003,814.01,2026-05-25 01:59:00,CARD,DEV1290
TXN1002324,ACC100122,ACC100877,198.44,2026-02-27 21:26:00,UPI,DEV1288
TXN1002325,ACC100558,ACC100075,1865.61,2026-01-06 22:08:00,CARD,DEV1292
TXN1002326,ACC100660,ACC100395,1378.65,2026-03-14 23:24:00,BANK_TRANSFER,DEV1198
TXN1002327,ACC100460,ACC100932,1509.34,2026-03-02 23:18:00,CARD,DEV1128
TXN1002328,ACC100353,ACC100651,3179.37,2026-04-27 16:21:00,IMPS,DEV1232
TXN1002329,ACC100549,ACC100900,6752.98,2026-04-03 07:38:00,IMPS,DEV1146
TXN1002330,ACC100652,ACC100748,708.78,2026-02-14 13:15:00,NEFT,DEV1082
TXN1002331,ACC100376,ACC100757,1944.62,2026-01-06 14:44:00,NEFT,DEV1073
TXN1002332,ACC100043,ACC100470,1558.67,2026-04-16 18:28:00,IMPS,DEV1205
TXN1002333,ACC100128,ACC100860,1725.27,2026-06-10 12:02:00,IMPS,DEV1207
TXN1002334,ACC100431,ACC100904,1756.57,2026-04-17 15:43:00,CARD,DEV1227
TXN1002335,ACC100975,ACC100397,7395.33,2026-04-29 12:24:00,NEFT,DEV1166
TXN1002336,ACC100681,ACC100408,631.68,2026-02-04 18:05:00,IMPS,DEV1125
TXN1002337,ACC100222,ACC100729,175.76,2026-02-18 19:24:00,IMPS,DEV1186
TXN1002338,ACC100921,ACC100474,474.64,2026-05-21 13:56:00,NEFT,DEV1157
TXN1002339,ACC100218,ACC100402,2720.91,2026-02-06 16:03:00,UPI,DEV1277
TXN1002340,ACC100667,ACC100463,1127.77,2026-03-18 21:17:00,CARD,DEV1026
TXN1002341,ACC100204,ACC100222,625.71,2026-03-28 18:49:00,IMPS,DEV1196
TXN1002342,ACC100959,ACC100529,301.33,2026-04-21 06:09:00,CARD,DEV1012
TXN1002343,ACC100710,ACC100211,1430.16,2026-04-09 19:22:00,IMPS,DEV1139
TXN1002344,ACC100763,ACC100696,2376.56,2026-05-25 05:19:00,CARD,DEV1294
TXN1002345,ACC100800,ACC100820,1582.95,2026-02-20 05:08:00,CARD,DEV1162
TXN1002346,ACC100479,ACC100251,809.17,2026-02-03 16:36:00,NEFT,DEV1271
TXN1002347,ACC100752,ACC100643,1307.63,2026-01-10 23:04:00,UPI,DEV1033
TXN1002348,ACC100087,ACC100021,1298.56,2026-01-03 01:48:00,NEFT,DEV1046
TXN1002349,ACC100320,ACC100953,1376.96,2026-04-02 06:55:00,IMPS,DEV1109
TXN1002350,ACC100314,ACC100860,264.76,2026-01-17 12:23:00,BANK_TRANSFER,DEV1161
TXN1002351,ACC100597,ACC100926,1389.63,2026-04-25 16:12:00,NEFT,DEV1089
TXN1002352,ACC100296,ACC100310,646.31,2026-01-26 19:10:00,IMPS,DEV1077
TXN1002353,ACC100167,ACC100425,3822.81,2026-01-31 18:10:00,BANK_TRANSFER,DEV1209
TXN1002354,ACC100162,ACC100575,1286.27,2026-05-22 21:27:00,CARD,DEV1143
TXN1002355,ACC100706,ACC100868,2988.64,2026-03-05 03:52:00,IMPS,DEV1227
TXN1002356,ACC100099,ACC100773,763.46,2026-01-11 04:37:00,CARD,DEV1242
TXN1002357,ACC100388,ACC100488,797.23,2026-02-13 00:40:00,BANK_TRANSFER,DEV1185
TXN1002358,ACC100953,ACC100451,6588.64,2026-05-30 19:31:00,IMPS,DEV1229
TXN1002359,ACC100915,ACC100020,1851.22,2026-05-06 22:55:00,BANK_TRANSFER,DEV1176
TXN1002360,ACC100906,ACC100347,465.25,2026-01-22 12:37:00,UPI,DEV1090
TXN1002361,ACC100138,ACC100639,3217.53,2026-03-18 23:07:00,CARD,DEV1076
TXN1002362,ACC100113,ACC100957,578.27,2026-06-21 06:43:00,NEFT,DEV1149
TXN1002363,ACC100728,ACC100811,1437.75,2026-01-22 12:06:00,BANK_TRANSFER,DEV1253
TXN1002364,ACC100016,ACC100636,9936.89,2026-06-01 14:15:00,IMPS,DEV1186
TXN1002365,ACC100871,ACC100258,196.85,2026-02-19 17:31:00,NEFT,DEV1266
TXN1002366,ACC100925,ACC100937,888.08,2026-01-07 16:42:00,NEFT,DEV1085
TXN1002367,ACC100053,ACC100664,1789.92,2026-03-03 23:54:00,NEFT,DEV1134
TXN1002368,ACC100459,ACC100443,2745.28,2026-03-28 01:22:00,NEFT,DEV1234
TXN1002369,ACC100675,ACC100082,247.28,2026-03-27 18:49:00,UPI,DEV1066
TXN1002370,ACC100892,ACC100948,173.65,2026-06-09 00:21:00,BANK_TRANSFER,DEV1009
TXN1002371,ACC100309,ACC100389,4059.84,2026-02-21 16:02:00,CARD,DEV1198
TXN1002372,ACC100036,ACC100711,461.97,2026-06-22 09:13:00,CARD,DEV1171
TXN1002373,ACC100375,ACC100822,439.33,2026-05-12 14:29:00,CARD,DEV1175
TXN1002374,ACC100135,ACC100965,7046.59,2026-03-30 08:55:00,BANK_TRANSFER,DEV1098
TXN1002375,ACC100500,ACC100288,1192.3,2026-03-10 02:50:00,CARD,DEV1043
TXN1002376,ACC100824,ACC100682,1201.69,2026-03-23 17:22:00,UPI,DEV1011
TXN1002377,ACC100830,ACC100131,883.81,2026-01-28 08:17:00,UPI,DEV1090
TXN1002378,ACC100382,ACC100066,252.45,2026-02-09 19:31:00,IMPS,DEV1044
TXN1002379,ACC100884,ACC100077,2467.19,2026-01-03 00:27:00,NEFT,DEV1036
TXN1002380,ACC100159,ACC100596,1792.45,2026-06-10 15:43:00,NEFT,DEV1054
TXN1002381,ACC100627,ACC100124,1342.69,2026-01-15 04:44:00,IMPS,DEV1041
TXN1002382,ACC100190,ACC100093,953.76,2026-01-24 00:07:00,CARD,DEV1119
TXN1002383,ACC100215,ACC100051,772.18,2026-01-21 13:12:00,NEFT,DEV1271
TXN1002384,ACC100197,ACC100487,3277.97,2026-02-20 16:54:00,BANK_TRANSFER,DEV1095
TXN1002385,ACC100480,ACC100294,925.61,2026-06-23 20:12:00,UPI,DEV1226
TXN1002386,ACC100189,ACC100519,1015.49,2026-01-02 02:42:00,IMPS,DEV1101
TXN1002387,ACC100269,ACC100147,2071.18,2026-05-19 19:38:00,IMPS,DEV1063
TXN1002388,ACC100719,ACC100779,1407.48,2026-01-20 06:25:00,IMPS,DEV1164
TXN1002389,ACC100774,ACC100233,7869.35,2026-02-11 13:28:00,BANK_TRANSFER,DEV1151
TXN1002390,ACC100615,ACC100422,132.47,2026-05-10 21:51:00,NEFT,DEV1111
TXN1002391,ACC100436,ACC100256,1571.66,2026-03-30 08:13:00,BANK_TRANSFER,DEV1003
TXN1002392,ACC100670,ACC100911,470.25,2026-06-24 08:35:00,NEFT,DEV1082
TXN1002393,ACC100066,ACC100063,354.07,2026-01-17 16:51:00,NEFT,DEV1030
TXN1002394,ACC100634,ACC100773,633.67,2026-04-21 02:43:00,CARD,DEV1006
TXN1002395,ACC100762,ACC100690,1171.0,2026-01-23 10:52:00,BANK_TRANSFER,DEV1185
TXN1002396,ACC100714,ACC100697,1235.07,2026-06-05 23:08:00,UPI,DEV1291
TXN1002397,ACC100268,ACC100744,177.55,2026-03-23 15:23:00,NEFT,DEV1245
TXN1002398,ACC100379,ACC100511,572.89,2026-03-18 16:41:00,NEFT,DEV1279
TXN1002399,ACC100762,ACC100194,1536.81,2026-02-28 20:02:00,IMPS,DEV1021
TXN1002400,ACC100707,ACC100361,382.87,2026-04-15 15:52:00,CARD,DEV1166
TXN1002401,ACC100945,ACC100815,287.8,2026-04-14 15:49:00,CARD,DEV1231
TXN1002402,ACC100156,ACC100145,73.16,2026-04-09 14:19:00,UPI,DEV1071
TXN1002403,ACC100807,ACC100324,494.81,2026-04-08 21:34:00,IMPS,DEV1204
TXN1002404,ACC100374,ACC100014,276.01,2026-04-22 22:35:00,IMPS,DEV1077
TXN1002405,ACC100607,ACC100968,336.73,2026-02-17 07:24:00,UPI,DEV1008
TXN1002406,ACC100400,ACC100483,791.41,2026-02-08 09:14:00,NEFT,DEV1101
TXN1002407,ACC100022,ACC100509,533.9,2026-04-11 05:24:00,NEFT,DEV1281
TXN1002408,ACC100284,ACC100233,270.57,2026-02-18 16:36:00,BANK_TRANSFER,DEV1255
TXN1002409,ACC100443,ACC100445,86.57,2026-02-10 16:38:00,UPI,DEV1180
TXN1002410,ACC100984,ACC100108,1576.2,2026-01-18 11:02:00,CARD,DEV1148
TXN1002411,ACC100144,ACC100240,2706.45,2026-05-13 16:52:00,IMPS,DEV1213
TXN1002412,ACC100502,ACC100013,681.23,2026-03-20 21:33:00,IMPS,DEV1173
TXN1002413,ACC100645,ACC100318,797.17,2026-06-25 21:06:00,CARD,DEV1062
TXN1002414,ACC100613,ACC100132,1100.34,2026-05-16 09:37:00,NEFT,DEV1191
TXN1002415,ACC100826,ACC100705,7292.05,2026-02-02 12:36:00,BANK_TRANSFER,DEV1242
TXN1002416,ACC100064,ACC100018,167.13,2026-04-25 12:37:00,CARD,DEV1126
TXN1002417,ACC100214,ACC100967,666.88,2026-03-25 23:29:00,IMPS,DEV1160
TXN1002418,ACC100649,ACC100937,138.88,2026-05-02 09:34:00,BANK_TRANSFER,DEV1174
TXN1002419,ACC100591,ACC100812,1693.89,2026-03-26 23:50:00,IMPS,DEV1065
TXN1002420,ACC100988,ACC100329,922.65,2026-06-11 19:32:00,IMPS,DEV1121
TXN1002421,ACC100832,ACC100839,1399.11,2026-03-05 16:40:00,BANK_TRANSFER,DEV1240
TXN1002422,ACC100911,ACC100019,1317.84,2026-03-22 17:26:00,UPI,DEV1196
TXN1002423,ACC100768,ACC100151,3600.58,2026-06-09 10:58:00,UPI,DEV1270
TXN1002424,ACC100502,ACC100473,2091.76,2026-06-04 09:04:00,UPI,DEV1230
TXN1002425,ACC100398,ACC100796,2970.87,2026-02-19 09:25:00,IMPS,DEV1186
TXN1002426,ACC100868,ACC100796,305.32,2026-01-16 16:10:00,IMPS,DEV1114
TXN1002427,ACC100648,ACC100003,4590.78,2026-03-25 12:09:00,BANK_TRANSFER,DEV1247
TXN1002428,ACC100575,ACC100149,460.89,2026-03-11 10:55:00,CARD,DEV1160
TXN1002429,ACC100619,ACC100904,493.81,2026-05-18 06:49:00,IMPS,DEV1061
TXN1002430,ACC100302,ACC100751,1517.79,2026-01-16 06:39:00,BANK_TRANSFER,DEV1258
TXN1002431,ACC100289,ACC100254,1575.46,2026-04-07 14:26:00,UPI,DEV1152
TXN1002432,ACC100267,ACC100209,303.01,2026-02-06 10:06:00,UPI,DEV1014
TXN1002433,ACC100667,ACC100659,890.75,2026-04-18 02:41:00,NEFT,DEV1238
TXN1002434,ACC100794,ACC100931,6541.24,2026-02-07 15:14:00,CARD,DEV1284
TXN1002435,ACC100160,ACC100608,188.29,2026-04-24 10:43:00,UPI,DEV1140
TXN1002436,ACC100466,ACC100282,6517.61,2026-02-20 20:42:00,CARD,DEV1145
TXN1002437,ACC100166,ACC100600,820.54,2026-02-02 11:01:00,UPI,DEV1063
TXN1002438,ACC100053,ACC100888,66.33,2026-03-25 18:51:00,CARD,DEV1188
TXN1002439,ACC100145,ACC100322,212.71,2026-04-07 18:46:00,UPI,DEV1222
TXN1002440,ACC100661,ACC100331,345.1,2026-04-12 06:04:00,NEFT,DEV1017
TXN1002441,ACC100659,ACC100289,518.68,2026-03-24 19:18:00,BANK_TRANSFER,DEV1020
TXN1002442,ACC100904,ACC100523,967.14,2026-01-15 04:30:00,CARD,DEV1032
TXN1002443,ACC100949,ACC100069,42.77,2026-02-05 05:10:00,UPI,DEV1267
TXN1002444,ACC100167,ACC100962,1372.19,2026-03-02 03:08:00,NEFT,DEV1182
TXN1002445,ACC100346,ACC100083,309.17,2026-04-16 11:43:00,UPI,DEV1252
TXN1002446,ACC100410,ACC100558,5817.51,2026-01-16 17:54:00,CARD,DEV1202
TXN1002447,ACC100711,ACC100158,792.97,2026-05-21 03:03:00,IMPS,DEV1229
TXN1002448,ACC100162,ACC100118,3399.61,2026-03-08 07:45:00,IMPS,DEV1028
TXN1002449,ACC100660,ACC100699,4156.46,2026-05-23 00:49:00,UPI,DEV1115
TXN1002450,ACC100490,ACC100043,4023.58,2026-01-11 07:28:00,IMPS,DEV1078
TXN1002451,ACC100977,ACC100891,555.75,2026-02-05 17:05:00,NEFT,DEV1165
TXN1002452,ACC100396,ACC100774,547.28,2026-06-12 22:52:00,CARD,DEV1009
TXN1002453,ACC100522,ACC100783,837.17,2026-03-16 16:48:00,UPI,DEV1212
TXN1002454,ACC100563,ACC100069,2353.09,2026-01-11 06:49:00,BANK_TRANSFER,DEV1018
TXN1002455,ACC100213,ACC100235,594.17,2026-05-30 16:46:00,UPI,DEV1178
TXN1002456,ACC100718,ACC100082,950.4,2026-05-29 12:33:00,BANK_TRANSFER,DEV1084
TXN1002457,ACC100406,ACC100217,1522.81,2026-02-08 18:18:00,UPI,DEV1144
TXN1002458,ACC100272,ACC100569,370.23,2026-04-06 17:26:00,CARD,DEV1081
TXN1002459,ACC100854,ACC100206,343.19,2026-06-05 08:44:00,NEFT,DEV1100
TXN1002460,ACC100334,ACC100919,906.95,2026-03-08 13:24:00,UPI,DEV1146
TXN1002461,ACC100462,ACC100029,1063.17,2026-04-25 20:35:00,BANK_TRANSFER,DEV1207
TXN1002462,ACC100209,ACC100189,1845.79,2026-01-29 01:25:00,CARD,DEV1054
TXN1002463,ACC100760,ACC100955,2455.94,2026-02-22 06:49:00,BANK_TRANSFER,DEV1152
TXN1002464,ACC100852,ACC100706,293.28,2026-06-22 07:18:00,BANK_TRANSFER,DEV1155
TXN1002465,ACC100369,ACC100474,413.85,2026-01-14 22:06:00,IMPS,DEV1290
TXN1002466,ACC100911,ACC100905,342.1,2026-03-06 07:24:00,BANK_TRANSFER,DEV1012
TXN1002467,ACC100317,ACC100012,5972.6,2026-02-25 06:10:00,NEFT,DEV1105
TXN1002468,ACC100511,ACC100969,949.25,2026-04-10 11:10:00,CARD,DEV1200
TXN1002469,ACC100616,ACC100771,1118.07,2026-02-12 16:46:00,CARD,DEV1287
TXN1002470,ACC100611,ACC100292,1175.36,2026-06-20 08:28:00,UPI,DEV1054
TXN1002471,ACC100905,ACC100000,464.61,2026-01-08 21:08:00,UPI,DEV1005
TXN1002472,ACC100969,ACC100280,7166.15,2026-01-01 10:21:00,CARD,DEV1195
TXN1002473,ACC100746,ACC100581,1795.85,2026-02-10 03:19:00,UPI,DEV1188
TXN1002474,ACC100220,ACC100661,1149.99,2026-02-18 14:26:00,NEFT,DEV1038
TXN1002475,ACC100286,ACC100427,291.11,2026-06-17 00:45:00,NEFT,DEV1017
TXN1002476,ACC100920,ACC100122,271.97,2026-03-19 04:50:00,NEFT,DEV1233
TXN1002477,ACC100952,ACC100954,756.96,2026-02-22 04:06:00,UPI,DEV1243
TXN1002478,ACC100178,ACC100014,473.43,2026-01-29 02:56:00,IMPS,DEV1233
TXN1002479,ACC100890,ACC100907,304.62,2026-05-29 23:43:00,BANK_TRANSFER,DEV1139
TXN1002480,ACC100276,ACC100023,702.64,2026-06-29 19:13:00,CARD,DEV1032
TXN1002481,ACC100748,ACC100708,845.8,2026-02-09 07:21:00,UPI,DEV1203
TXN1002482,ACC100694,ACC100386,1300.03,2026-01-08 01:16:00,CARD,DEV1221
TXN1002483,ACC100850,ACC100476,599.02,2026-04-16 05:58:00,UPI,DEV1295
TXN1002484,ACC100918,ACC100045,327.3,2026-06-18 02:09:00,NEFT,DEV1144
TXN1002485,ACC100736,ACC100490,341.21,2026-02-21 09:07:00,UPI,DEV1139
TXN1002486,ACC100986,ACC100892,4701.17,2026-02-18 08:00:00,CARD,DEV1000
TXN1002487,ACC100665,ACC100045,244.18,2026-05-25 14:51:00,BANK_TRANSFER,DEV1250
TXN1002488,ACC100810,ACC100237,1695.65,2026-01-13 09:46:00,NEFT,DEV1045
TXN1002489,ACC100612,ACC100376,2045.62,2026-04-27 16:07:00,BANK_TRANSFER,DEV1083
TXN1002490,ACC100382,ACC100674,948.11,2026-04-06 18:48:00,BANK_TRANSFER,DEV1074
TXN1002491,ACC100328,ACC100752,9148.95,2026-06-13 11:50:00,CARD,DEV1089
TXN1002492,ACC100594,ACC100411,2002.32,2026-04-06 15:57:00,NEFT,DEV1149
TXN1002493,ACC100151,ACC100833,10011.44,2026-06-22 16:52:00,BANK_TRANSFER,DEV1208
TXN1002494,ACC100368,ACC100984,502.06,2026-04-21 02:57:00,BANK_TRANSFER,DEV1129
TXN1002495,ACC100906,ACC100140,512.48,2026-03-27 12:14:00,CARD,DEV1230
TXN1002496,ACC100771,ACC100552,2065.33,2026-06-24 05:36:00,UPI,DEV1175
TXN1002497,ACC100518,ACC100940,801.3,2026-06-10 04:57:00,BANK_TRANSFER,DEV1174
TXN1002498,ACC100553,ACC100647,8289.94,2026-02-10 19:34:00,IMPS,DEV1105
TXN1002499,ACC100844,ACC100709,1652.49,2026-04-12 02:47:00,CARD,DEV1057
TXN1002500,ACC100513,ACC100557,313.1,2026-01-11 17:44:00,UPI,DEV1294
TXN1002501,ACC100004,ACC100260,136.43,2026-05-21 22:41:00,IMPS,DEV1116
TXN1002502,ACC100700,ACC100726,998.36,2026-03-27 16:41:00,UPI,DEV1166
TXN1002503,ACC100749,ACC100856,985.4,2026-04-06 18:43:00,CARD,DEV1267
TXN1002504,ACC100672,ACC100839,1598.02,2026-04-11 07:28:00,BANK_TRANSFER,DEV1179
TXN1002505,ACC100767,ACC100417,4688.32,2026-06-26 03:37:00,IMPS,DEV1232
TXN1002506,ACC100159,ACC100854,4003.55,2026-06-27 06:25:00,UPI,DEV1258
TXN1002507,ACC100819,ACC100110,547.48,2026-05-07 04:55:00,UPI,DEV1156
TXN1002508,ACC100247,ACC100773,232.16,2026-04-14 10:20:00,IMPS,DEV1277
TXN1002509,ACC100653,ACC100098,249.4,2026-02-18 00:48:00,UPI,DEV1015
TXN1002510,ACC100302,ACC100123,452.98,2026-02-23 06:20:00,UPI,DEV1034
TXN1002511,ACC100259,ACC100463,706.22,2026-01-31 14:24:00,NEFT,DEV1206
TXN1002512,ACC100010,ACC100714,1581.41,2026-06-02 10:14:00,NEFT,DEV1198
TXN1002513,ACC100383,ACC100213,419.41,2026-03-19 14:37:00,BANK_TRANSFER,DEV1244
TXN1002514,ACC100650,ACC100629,1535.28,2026-06-01 01:25:00,CARD,DEV1016
TXN1002515,ACC100511,ACC100327,1693.32,2026-03-31 01:03:00,NEFT,DEV1242
TXN1002516,ACC100881,ACC100816,1302.46,2026-04-09 18:23:00,UPI,DEV1216
TXN1002517,ACC100705,ACC100601,283.06,2026-06-08 11:58:00,CARD,DEV1013
TXN1002518,ACC100389,ACC100039,1922.52,2026-05-05 02:57:00,CARD,DEV1129
TXN1002519,ACC100556,ACC100094,13326.68,2026-01-22 08:22:00,UPI,DEV1232
TXN1002520,ACC100388,ACC100767,1473.03,2026-03-28 08:14:00,BANK_TRANSFER,DEV1240
TXN1002521,ACC100035,ACC100330,31.7,2026-03-21 18:51:00,CARD,DEV1110
TXN1002522,ACC100628,ACC100420,4861.27,2026-01-25 00:21:00,IMPS,DEV1014
TXN1002523,ACC100957,ACC100518,471.87,2026-04-24 02:21:00,BANK_TRANSFER,DEV1092
TXN1002524,ACC100474,ACC100281,16628.2,2026-06-28 19:17:00,CARD,DEV1274
TXN1002525,ACC100669,ACC100741,1260.97,2026-01-13 08:38:00,BANK_TRANSFER,DEV1060
TXN1002526,ACC100714,ACC100529,145.24,2026-05-06 05:56:00,CARD,DEV1150
TXN1002527,ACC100874,ACC100166,92.05,2026-01-11 09:54:00,BANK_TRANSFER,DEV1169
TXN1002528,ACC100436,ACC100112,6958.29,2026-06-25 05:17:00,UPI,DEV1101
TXN1002529,ACC100493,ACC100497,4134.35,2026-03-05 00:11:00,CARD,DEV1090
TXN1002530,ACC100791,ACC100385,15854.72,2026-01-12 10:19:00,IMPS,DEV1114
TXN1002531,ACC100348,ACC100886,1111.1,2026-06-24 19:55:00,CARD,DEV1117
TXN1002532,ACC100730,ACC100455,1024.71,2026-06-29 03:57:00,UPI,DEV1084
TXN1002533,ACC100142,ACC100135,692.8,2026-06-04 19:12:00,UPI,DEV1224
TXN1002534,ACC100508,ACC100375,497.73,2026-06-28 14:40:00,UPI,DEV1268
TXN1002535,ACC100919,ACC100710,684.77,2026-04-05 21:40:00,BANK_TRANSFER,DEV1054
TXN1002536,ACC100428,ACC100485,1423.62,2026-01-09 09:31:00,CARD,DEV1285
TXN1002537,ACC100718,ACC100432,398.35,2026-01-18 02:13:00,UPI,DEV1134
TXN1002538,ACC100898,ACC100971,147.95,2026-06-20 12:12:00,CARD,DEV1205
TXN1002539,ACC100519,ACC100941,1328.56,2026-03-04 04:41:00,UPI,DEV1012
TXN1002540,ACC100165,ACC100088,387.83,2026-05-27 06:22:00,IMPS,DEV1228
TXN1002541,ACC100675,ACC100559,22.48,2026-04-06 19:01:00,NEFT,DEV1244
TXN1002542,ACC100068,ACC100994,2128.3,2026-06-18 06:19:00,BANK_TRANSFER,DEV1211
TXN1002543,ACC100118,ACC100573,290.13,2026-01-11 07:55:00,IMPS,DEV1075
TXN1002544,ACC100307,ACC100136,2426.36,2026-06-29 13:20:00,UPI,DEV1190
TXN1002545,ACC100061,ACC100522,2357.64,2026-01-04 03:50:00,BANK_TRANSFER,DEV1136
TXN1002546,ACC100599,ACC100543,1541.19,2026-01-03 10:21:00,IMPS,DEV1163
TXN1002547,ACC100942,ACC100249,21942.52,2026-05-03 07:17:00,IMPS,DEV1243
TXN1002548,ACC100489,ACC100490,929.21,2026-02-24 03:22:00,IMPS,DEV1198
TXN1002549,ACC100566,ACC100648,778.39,2026-06-10 18:28:00,UPI,DEV1074
TXN1002550,ACC100683,ACC100130,2490.92,2026-05-11 04:57:00,UPI,DEV1244
TXN1002551,ACC100525,ACC100074,1026.04,2026-05-25 05:37:00,IMPS,DEV1211
TXN1002552,ACC100859,ACC100640,4414.25,2026-04-03 07:41:00,NEFT,DEV1208
TXN1002553,ACC100061,ACC100770,239.23,2026-04-21 01:27:00,NEFT,DEV1202
TXN1002554,ACC100028,ACC100197,244.05,2026-06-21 12:45:00,CARD,DEV1230
TXN1002555,ACC100620,ACC100856,2748.94,2026-02-27 04:20:00,CARD,DEV1260
TXN1002556,ACC100910,ACC100416,271.03,2026-06-15 21:41:00,IMPS,DEV1123
TXN1002557,ACC100613,ACC100533,2277.69,2026-03-15 16:58:00,UPI,DEV1221
TXN1002558,ACC100614,ACC100031,1709.58,2026-04-17 02:15:00,BANK_TRANSFER,DEV1043
TXN1002559,ACC100721,ACC100913,476.57,2026-02-07 21:53:00,UPI,DEV1189
TXN1002560,ACC100284,ACC100402,1703.78,2026-03-13 15:51:00,NEFT,DEV1155
TXN1002561,ACC100856,ACC100548,249.26,2026-06-04 11:09:00,NEFT,DEV1240
TXN1002562,ACC100523,ACC100499,330.34,2026-04-09 23:29:00,BANK_TRANSFER,DEV1286
TXN1002563,ACC100945,ACC100698,824.99,2026-06-04 20:27:00,BANK_TRANSFER,DEV1070
TXN1002564,ACC100480,ACC100345,1205.58,2026-01-24 23:36:00,CARD,DEV1175
TXN1002565,ACC100545,ACC100529,761.76,2026-06-07 21:33:00,UPI,DEV1128
TXN1002566,ACC100644,ACC100274,1844.09,2026-03-11 09:51:00,BANK_TRANSFER,DEV1262
TXN1002567,ACC100233,ACC100320,1747.88,2026-03-24 08:10:00,BANK_TRANSFER,DEV1097
TXN1002568,ACC100356,ACC100995,6872.2,2026-03-20 06:32:00,NEFT,DEV1265
TXN1002569,ACC100692,ACC100421,978.14,2026-03-13 09:00:00,BANK_TRANSFER,DEV1217
TXN1002570,ACC100685,ACC100674,4598.46,2026-02-18 20:55:00,IMPS,DEV1151
TXN1002571,ACC100194,ACC100703,3310.55,2026-06-25 12:20:00,BANK_TRANSFER,DEV1283
TXN1002572,ACC100328,ACC100209,17201.86,2026-04-29 19:51:00,BANK_TRANSFER,DEV1088
TXN1002573,ACC100120,ACC100741,941.33,2026-03-16 21:47:00,IMPS,DEV1105
TXN1002574,ACC100612,ACC100808,662.2,2026-06-12 11:30:00,IMPS,DEV1254
TXN1002575,ACC100383,ACC100251,4960.36,2026-04-11 16:31:00,NEFT,DEV1290
TXN1002576,ACC100470,ACC100550,1741.53,2026-03-29 04:59:00,NEFT,DEV1036
TXN1002577,ACC100258,ACC100127,5105.08,2026-04-07 18:47:00,CARD,DEV1001
TXN1002578,ACC100068,ACC100193,2591.93,2026-03-07 16:53:00,CARD,DEV1281
TXN1002579,ACC100597,ACC100840,87.52,2026-03-12 17:26:00,BANK_TRANSFER,DEV1215
TXN1002580,ACC100203,ACC100272,1722.59,2026-01-14 14:35:00,CARD,DEV1055
TXN1002581,ACC100487,ACC100447,1593.14,2026-04-10 10:41:00,UPI,DEV1071
TXN1002582,ACC100185,ACC100125,1286.56,2026-04-03 01:51:00,UPI,DEV1035
TXN1002583,ACC100284,ACC100110,935.71,2026-05-21 18:16:00,NEFT,DEV1065
TXN1002584,ACC100802,ACC100098,162.3,2026-06-25 14:26:00,IMPS,DEV1020
TXN1002585,ACC100912,ACC100676,3130.7,2026-05-26 02:02:00,UPI,DEV1057
TXN1002586,ACC100345,ACC100639,1717.32,2026-03-12 09:42:00,CARD,DEV1123
TXN1002587,ACC100236,ACC100225,4114.81,2026-06-08 20:36:00,BANK_TRANSFER,DEV1136
TXN1002588,ACC100950,ACC100565,173.03,2026-04-01 08:04:00,IMPS,DEV1011
TXN1002589,ACC100566,ACC100598,2015.38,2026-03-23 07:30:00,IMPS,DEV1196
TXN1002590,ACC100208,ACC100554,827.5,2026-06-07 00:35:00,IMPS,DEV1046
TXN1002591,ACC100584,ACC100758,1303.16,2026-06-07 09:12:00,CARD,DEV1063
TXN1002592,ACC100097,ACC100252,839.0,2026-04-15 07:32:00,IMPS,DEV1235
TXN1002593,ACC100624,ACC100169,2105.54,2026-02-14 07:31:00,NEFT,DEV1054
TXN1002594,ACC100003,ACC100244,901.94,2026-06-21 10:31:00,CARD,DEV1296
TXN1002595,ACC100881,ACC100614,310.35,2026-04-09 15:13:00,IMPS,DEV1118
TXN1002596,ACC100102,ACC100867,1216.47,2026-01-21 13:56:00,CARD,DEV1226
TXN1002597,ACC100153,ACC100756,848.09,2026-04-09 20:59:00,CARD,DEV1011
TXN1002598,ACC100554,ACC100783,992.2,2026-03-11 07:00:00,CARD,DEV1223
TXN1002599,ACC100808,ACC100896,23.92,2026-05-15 11:41:00,NEFT,DEV1010
TXN1002600,ACC100511,ACC100519,2487.82,2026-06-07 13:14:00,CARD,DEV1105
TXN1002601,ACC100381,ACC100147,751.75,2026-06-30 02:38:00,BANK_TRANSFER,DEV1193
TXN1002602,ACC100172,ACC100806,217.5,2026-04-14 07:04:00,IMPS,DEV1160
TXN1002603,ACC100361,ACC100414,3317.86,2026-03-12 08:29:00,NEFT,DEV1118
TXN1002604,ACC100388,ACC100614,2353.45,2026-05-01 00:49:00,BANK_TRANSFER,DEV1124
TXN1002605,ACC100660,ACC100714,740.42,2026-01-17 15:26:00,UPI,DEV1199
TXN1002606,ACC100585,ACC100353,275.17,2026-04-03 13:00:00,UPI,DEV1251
TXN1002607,ACC100446,ACC100741,1357.82,2026-04-25 14:28:00,UPI,DEV1223
TXN1002608,ACC100261,ACC100356,1271.21,2026-02-28 09:11:00,NEFT,DEV1133
TXN1002609,ACC100490,ACC100161,3324.92,2026-02-13 07:28:00,BANK_TRANSFER,DEV1264
TXN1002610,ACC100613,ACC100543,643.88,2026-02-20 01:14:00,CARD,DEV1186
TXN1002611,ACC100049,ACC100778,4600.44,2026-02-28 03:04:00,IMPS,DEV1047
TXN1002612,ACC100630,ACC100712,573.46,2026-05-22 01:42:00,NEFT,DEV1040
TXN1002613,ACC100537,ACC100954,218.11,2026-03-07 15:27:00,IMPS,DEV1150
TXN1002614,ACC100145,ACC100879,281.82,2026-04-22 09:30:00,IMPS,DEV1117
TXN1002615,ACC100419,ACC100319,1017.5,2026-02-12 17:46:00,UPI,DEV1118
TXN1002616,ACC100892,ACC100094,1013.72,2026-06-08 01:46:00,BANK_TRANSFER,DEV1090
TXN1002617,ACC100295,ACC100561,1625.28,2026-05-01 14:26:00,IMPS,DEV1120
TXN1002618,ACC100017,ACC100827,983.93,2026-02-20 20:34:00,UPI,DEV1034
TXN1002619,ACC100791,ACC100103,3543.19,2026-03-10 06:06:00,BANK_TRANSFER,DEV1063
TXN1002620,ACC100797,ACC100473,801.66,2026-05-22 12:35:00,IMPS,DEV1078
TXN1002621,ACC100546,ACC100954,99.93,2026-02-17 08:23:00,UPI,DEV1166
TXN1002622,ACC100875,ACC100175,948.31,2026-03-11 17:31:00,UPI,DEV1256
TXN1002623,ACC100516,ACC100916,98.68,2026-01-15 13:26:00,IMPS,DEV1085
TXN1002624,ACC100049,ACC100480,1518.79,2026-02-09 04:30:00,IMPS,DEV1188
TXN1002625,ACC100587,ACC100801,3899.61,2026-03-13 15:47:00,IMPS,DEV1232
TXN1002626,ACC100179,ACC100727,335.8,2026-01-29 08:28:00,IMPS,DEV1021
TXN1002627,ACC100068,ACC100386,6016.54,2026-02-04 00:01:00,NEFT,DEV1235
TXN1002628,ACC100541,ACC100818,3015.13,2026-05-06 23:07:00,CARD,DEV1281
TXN1002629,ACC100554,ACC100743,4664.69,2026-04-14 17:55:00,CARD,DEV1266
TXN1002630,ACC100362,ACC100805,1376.74,2026-06-05 19:42:00,CARD,DEV1128
TXN1002631,ACC100536,ACC100959,333.18,2026-04-15 05:41:00,BANK_TRANSFER,DEV1255
TXN1002632,ACC100129,ACC100824,2798.89,2026-01-10 07:03:00,UPI,DEV1188
TXN1002633,ACC100862,ACC100305,518.26,2026-01-30 20:37:00,CARD,DEV1195
TXN1002634,ACC100384,ACC100306,1263.27,2026-04-06 00:48:00,NEFT,DEV1249
TXN1002635,ACC100203,ACC100768,892.81,2026-01-05 07:21:00,CARD,DEV1075
TXN1002636,ACC100460,ACC100885,4228.64,2026-06-01 04:46:00,NEFT,DEV1202
TXN1002637,ACC100250,ACC100145,2634.35,2026-01-05 07:45:00,CARD,DEV1129
TXN1002638,ACC100498,ACC100408,995.58,2026-04-30 15:52:00,NEFT,DEV1104
TXN1002639,ACC100474,ACC100133,105.43,2026-04-17 01:45:00,IMPS,DEV1074
TXN1002640,ACC100918,ACC100655,511.69,2026-01-26 10:05:00,NEFT,DEV1027
TXN1002641,ACC100358,ACC100476,2553.11,2026-04-09 22:18:00,CARD,DEV1039
TXN1002642,ACC100612,ACC100301,1534.76,2026-04-01 17:29:00,BANK_TRANSFER,DEV1244
TXN1002643,ACC100041,ACC100956,180.57,2026-05-03 02:18:00,NEFT,DEV1169
TXN1002644,ACC100198,ACC100317,125.47,2026-05-10 05:39:00,UPI,DEV1051
TXN1002645,ACC100149,ACC100762,1386.6,2026-05-24 09:12:00,UPI,DEV1012
TXN1002646,ACC100521,ACC100223,308.44,2026-06-11 17:47:00,NEFT,DEV1012
TXN1002647,ACC100459,ACC100413,346.21,2026-03-27 20:55:00,CARD,DEV1177
TXN1002648,ACC100636,ACC100334,2458.06,2026-03-14 12:33:00,UPI,DEV1264
TXN1002649,ACC100599,ACC100126,4641.01,2026-04-23 16:38:00,CARD,DEV1263
TXN1002650,ACC100037,ACC100682,445.48,2026-05-21 19:19:00,BANK_TRANSFER,DEV1034
TXN1002651,ACC100991,ACC100157,1039.28,2026-04-07 11:16:00,CARD,DEV1136
TXN1002652,ACC100147,ACC100145,1003.15,2026-02-20 03:10:00,BANK_TRANSFER,DEV1196
TXN1002653,ACC100282,ACC100403,900.5,2026-02-26 01:25:00,UPI,DEV1155
TXN1002654,ACC100012,ACC100976,1151.38,2026-02-04 06:38:00,CARD,DEV1291
TXN1002655,ACC100198,ACC100427,2718.4,2026-02-08 14:34:00,BANK_TRANSFER,DEV1290
TXN1002656,ACC100261,ACC100938,488.48,2026-02-23 00:01:00,UPI,DEV1083
TXN1002657,ACC100879,ACC100038,175.86,2026-03-09 16:28:00,UPI,DEV1112
TXN1002658,ACC100479,ACC100937,8333.28,2026-02-12 22:57:00,CARD,DEV1058
TXN1002659,ACC100081,ACC100685,4053.38,2026-04-28 11:41:00,BANK_TRANSFER,DEV1190
TXN1002660,ACC100871,ACC100480,291.67,2026-03-08 19:41:00,BANK_TRANSFER,DEV1280
TXN1002661,ACC100910,ACC100922,1290.47,2026-03-26 21:33:00,NEFT,DEV1269
TXN1002662,ACC100159,ACC100683,3688.01,2026-06-24 20:07:00,BANK_TRANSFER,DEV1142
TXN1002663,ACC100825,ACC100608,2694.19,2026-03-04 07:43:00,UPI,DEV1222
TXN1002664,ACC100494,ACC100278,1909.15,2026-03-26 17:22:00,NEFT,DEV1255
TXN1002665,ACC100996,ACC100741,894.02,2026-04-14 01:45:00,BANK_TRANSFER,DEV1153
TXN1002666,ACC100820,ACC100883,8714.68,2026-03-07 03:38:00,IMPS,DEV1284
TXN1002667,ACC100228,ACC100864,1429.43,2026-02-26 08:29:00,CARD,DEV1078
TXN1002668,ACC100948,ACC100100,591.14,2026-06-28 18:30:00,BANK_TRANSFER,DEV1185
TXN1002669,ACC100422,ACC100760,3119.07,2026-04-13 14:18:00,BANK_TRANSFER,DEV1169
TXN1002670,ACC100306,ACC100083,1230.62,2026-03-04 05:32:00,BANK_TRANSFER,DEV1246
TXN1002671,ACC100971,ACC100950,1668.63,2026-06-19 02:15:00,NEFT,DEV1029
TXN1002672,ACC100446,ACC100415,1399.37,2026-04-21 05:15:00,CARD,DEV1242
TXN1002673,ACC100031,ACC100341,1990.48,2026-04-05 04:02:00,NEFT,DEV1120
TXN1002674,ACC100498,ACC100900,338.95,2026-05-06 13:31:00,BANK_TRANSFER,DEV1109
TXN1002675,ACC100415,ACC100440,192.23,2026-03-02 09:46:00,IMPS,DEV1084
TXN1002676,ACC100344,ACC100163,6130.06,2026-06-03 11:09:00,BANK_TRANSFER,DEV1192
TXN1002677,ACC100873,ACC100084,1479.56,2026-01-26 02:48:00,UPI,DEV1004
TXN1002678,ACC100153,ACC100553,2765.61,2026-04-20 16:48:00,UPI,DEV1077
TXN1002679,ACC100052,ACC100002,132.73,2026-05-01 06:03:00,UPI,DEV1068
TXN1002680,ACC100298,ACC100863,3944.27,2026-04-04 23:10:00,NEFT,DEV1292
TXN1002681,ACC100089,ACC100041,586.53,2026-02-12 10:34:00,NEFT,DEV1051
TXN1002682,ACC100039,ACC100596,416.77,2026-01-22 01:20:00,BANK_TRANSFER,DEV1000
TXN1002683,ACC100841,ACC100944,1016.33,2026-02-19 05:48:00,CARD,DEV1251
TXN1002684,ACC100110,ACC100273,339.14,2026-06-01 09:56:00,BANK_TRANSFER,DEV1269
TXN1002685,ACC100073,ACC100851,1094.36,2026-06-06 09:42:00,IMPS,DEV1033
TXN1002686,ACC100473,ACC100620,931.13,2026-03-08 05:22:00,BANK_TRANSFER,DEV1049
TXN1002687,ACC100508,ACC100621,3914.63,2026-02-27 23:31:00,NEFT,DEV1016
TXN1002688,ACC100402,ACC100872,6741.34,2026-03-28 22:41:00,IMPS,DEV1242
TXN1002689,ACC100829,ACC100463,6488.71,2026-04-02 17:22:00,NEFT,DEV1150
TXN1002690,ACC100669,ACC100722,72.43,2026-04-13 14:16:00,IMPS,DEV1158
TXN1002691,ACC100682,ACC100334,357.02,2026-02-23 08:12:00,CARD,DEV1076
TXN1002692,ACC100720,ACC100158,71.53,2026-01-10 02:42:00,UPI,DEV1300
TXN1002693,ACC100896,ACC100120,261.84,2026-02-07 03:40:00,CARD,DEV1064
TXN1002694,ACC100152,ACC100740,502.99,2026-01-19 09:38:00,NEFT,DEV1163
TXN1002695,ACC100593,ACC100244,1794.84,2026-05-04 14:51:00,CARD,DEV1062
TXN1002696,ACC100952,ACC100659,587.62,2026-06-21 22:55:00,BANK_TRANSFER,DEV1300
TXN1002697,ACC100309,ACC100959,607.6,2026-02-23 16:09:00,UPI,DEV1186
TXN1002698,ACC100160,ACC100400,1363.92,2026-02-19 11:46:00,UPI,DEV1025
TXN1002699,ACC100032,ACC100861,141.01,2026-03-06 13:17:00,IMPS,DEV1254
TXN1002700,ACC100474,ACC100674,400.89,2026-04-12 11:02:00,CARD,DEV1068
TXN1002701,ACC100835,ACC100334,599.28,2026-04-19 22:28:00,NEFT,DEV1290
TXN1002702,ACC100888,ACC100716,860.16,2026-02-17 00:15:00,IMPS,DEV1128
TXN1002703,ACC100425,ACC100095,1202.72,2026-05-05 11:25:00,IMPS,DEV1021
TXN1002704,ACC100905,ACC100143,6639.42,2026-03-03 17:30:00,BANK_TRANSFER,DEV1253
TXN1002705,ACC100980,ACC100284,3261.7,2026-02-21 06:09:00,CARD,DEV1019
TXN1002706,ACC100789,ACC100009,435.65,2026-06-11 12:18:00,NEFT,DEV1190
TXN1002707,ACC100345,ACC100002,801.44,2026-01-27 16:28:00,BANK_TRANSFER,DEV1103
TXN1002708,ACC100216,ACC100151,738.54,2026-03-27 23:13:00,BANK_TRANSFER,DEV1140
TXN1002709,ACC100543,ACC100400,591.71,2026-05-16 20:09:00,BANK_TRANSFER,DEV1100
TXN1002710,ACC100445,ACC100788,1520.84,2026-01-11 15:31:00,BANK_TRANSFER,DEV1280
TXN1002711,ACC100297,ACC100551,117.71,2026-04-27 01:31:00,NEFT,DEV1170
TXN1002712,ACC100018,ACC100417,3155.36,2026-05-31 21:24:00,UPI,DEV1242
TXN1002713,ACC100849,ACC100899,8368.76,2026-04-17 15:49:00,BANK_TRANSFER,DEV1292
TXN1002714,ACC100236,ACC100945,793.29,2026-03-22 20:10:00,IMPS,DEV1230
TXN1002715,ACC100271,ACC100307,774.92,2026-06-16 01:19:00,IMPS,DEV1296
TXN1002716,ACC100260,ACC100404,1324.05,2026-03-09 00:08:00,BANK_TRANSFER,DEV1117
TXN1002717,ACC100041,ACC100227,3726.64,2026-04-26 08:09:00,CARD,DEV1001
TXN1002718,ACC100440,ACC100048,743.11,2026-01-20 09:20:00,BANK_TRANSFER,DEV1279
TXN1002719,ACC100962,ACC100426,3363.49,2026-01-05 17:07:00,NEFT,DEV1026
TXN1002720,ACC100508,ACC100594,1970.8,2026-02-24 18:13:00,BANK_TRANSFER,DEV1147
TXN1002721,ACC100798,ACC100118,18656.2,2026-03-02 13:16:00,BANK_TRANSFER,DEV1168
TXN1002722,ACC100181,ACC100558,739.23,2026-06-17 06:50:00,UPI,DEV1219
TXN1002723,ACC100081,ACC100336,102.39,2026-06-15 08:22:00,CARD,DEV1010
TXN1002724,ACC100101,ACC100132,196.46,2026-03-08 05:46:00,NEFT,DEV1131
TXN1002725,ACC100425,ACC100165,1112.44,2026-04-20 06:57:00,IMPS,DEV1185
TXN1002726,ACC100099,ACC100783,3764.83,2026-03-15 10:33:00,BANK_TRANSFER,DEV1280
TXN1002727,ACC100654,ACC100070,501.19,2026-01-20 05:18:00,UPI,DEV1001
TXN1002728,ACC100976,ACC100245,831.21,2026-01-17 09:13:00,IMPS,DEV1058
TXN1002729,ACC100783,ACC100462,2494.42,2026-03-28 04:08:00,BANK_TRANSFER,DEV1273
TXN1002730,ACC100476,ACC100523,344.37,2026-02-01 16:25:00,BANK_TRANSFER,DEV1142
TXN1002731,ACC100804,ACC100085,526.62,2026-04-02 03:08:00,NEFT,DEV1090
TXN1002732,ACC100397,ACC100825,270.08,2026-02-18 18:36:00,NEFT,DEV1009
TXN1002733,ACC100932,ACC100935,4509.19,2026-06-08 02:56:00,UPI,DEV1083
TXN1002734,ACC100149,ACC100350,6974.44,2026-02-11 17:49:00,BANK_TRANSFER,DEV1099
TXN1002735,ACC100490,ACC100946,164.79,2026-06-11 11:59:00,UPI,DEV1174
TXN1002736,ACC100873,ACC100398,924.61,2026-04-21 03:32:00,BANK_TRANSFER,DEV1206
TXN1002737,ACC100217,ACC100171,5935.53,2026-02-18 21:11:00,CARD,DEV1300
TXN1002738,ACC100765,ACC100714,1769.47,2026-01-18 07:44:00,CARD,DEV1285
TXN1002739,ACC100789,ACC100468,609.67,2026-04-10 10:59:00,NEFT,DEV1101
TXN1002740,ACC100921,ACC100042,171.5,2026-01-10 15:27:00,IMPS,DEV1001
TXN1002741,ACC100584,ACC100363,4374.44,2026-01-05 22:41:00,NEFT,DEV1173
TXN1002742,ACC100425,ACC100767,1690.23,2026-01-02 10:45:00,CARD,DEV1043
TXN1002743,ACC100137,ACC100863,187.24,2026-01-25 20:17:00,BANK_TRANSFER,DEV1287
TXN1002744,ACC100784,ACC100119,4572.75,2026-06-01 04:38:00,CARD,DEV1253
TXN1002745,ACC100566,ACC100564,160.7,2026-03-29 04:05:00,BANK_TRANSFER,DEV1016
TXN1002746,ACC100805,ACC100855,841.69,2026-06-13 10:49:00,IMPS,DEV1159
TXN1002747,ACC100549,ACC100841,798.28,2026-04-19 10:00:00,UPI,DEV1054
TXN1002748,ACC100056,ACC100961,7646.92,2026-03-18 22:41:00,IMPS,DEV1132
TXN1002749,ACC100835,ACC100388,801.71,2026-02-09 09:34:00,NEFT,DEV1210
TXN1002750,ACC100076,ACC100998,798.26,2026-05-16 12:25:00,UPI,DEV1255
TXN1002751,ACC100315,ACC100756,213.64,2026-03-18 13:53:00,UPI,DEV1013
TXN1002752,ACC100291,ACC100335,508.53,2026-02-17 03:10:00,IMPS,DEV1268
TXN1002753,ACC100617,ACC100613,411.27,2026-01-26 12:22:00,UPI,DEV1048
TXN1002754,ACC100998,ACC100270,437.79,2026-03-27 10:51:00,UPI,DEV1093
TXN1002755,ACC100590,ACC100217,1104.93,2026-05-30 02:41:00,IMPS,DEV1025
TXN1002756,ACC100283,ACC100318,59.09,2026-05-21 18:28:00,UPI,DEV1281
TXN1002757,ACC100957,ACC100591,179.06,2026-06-26 18:38:00,NEFT,DEV1282
TXN1002758,ACC100673,ACC100304,959.85,2026-01-26 13:46:00,UPI,DEV1159
TXN1002759,ACC100940,ACC100899,1268.39,2026-04-18 03:10:00,NEFT,DEV1137
TXN1002760,ACC100758,ACC100053,828.72,2026-02-05 02:20:00,UPI,DEV1002
TXN1002761,ACC100109,ACC100912,1044.24,2026-05-03 01:27:00,CARD,DEV1184
TXN1002762,ACC100415,ACC100554,671.2,2026-01-28 09:01:00,IMPS,DEV1287
TXN1002763,ACC100916,ACC100813,1072.55,2026-03-05 02:47:00,NEFT,DEV1086
TXN1002764,ACC100189,ACC100664,1846.36,2026-05-26 23:55:00,UPI,DEV1008
TXN1002765,ACC100481,ACC100223,1830.9,2026-02-02 05:46:00,BANK_TRANSFER,DEV1122
TXN1002766,ACC100417,ACC100005,479.74,2026-06-24 17:51:00,NEFT,DEV1295
TXN1002767,ACC100813,ACC100747,3288.26,2026-02-18 16:48:00,BANK_TRANSFER,DEV1121
TXN1002768,ACC100060,ACC100440,1324.16,2026-02-24 20:55:00,CARD,DEV1098
TXN1002769,ACC100844,ACC100540,4810.98,2026-03-16 11:45:00,IMPS,DEV1207
TXN1002770,ACC100997,ACC100604,6120.79,2026-04-16 19:44:00,NEFT,DEV1137
TXN1002771,ACC100255,ACC100631,194.17,2026-02-01 14:20:00,NEFT,DEV1254
TXN1002772,ACC100001,ACC100117,391.18,2026-04-14 20:09:00,IMPS,DEV1129
TXN1002773,ACC100707,ACC100131,2911.02,2026-05-28 06:17:00,BANK_TRANSFER,DEV1061
TXN1002774,ACC100990,ACC100687,148.73,2026-03-05 04:31:00,UPI,DEV1118
TXN1002775,ACC100255,ACC100762,6028.25,2026-01-12 02:27:00,CARD,DEV1068
TXN1002776,ACC100988,ACC100223,725.85,2026-03-12 03:50:00,BANK_TRANSFER,DEV1001
TXN1002777,ACC100667,ACC100215,2186.46,2026-01-29 23:45:00,UPI,DEV1211
TXN1002778,ACC100109,ACC100349,953.68,2026-02-22 15:15:00,IMPS,DEV1075
TXN1002779,ACC100741,ACC100663,206.26,2026-02-01 12:35:00,NEFT,DEV1210
TXN1002780,ACC100387,ACC100675,3891.9,2026-05-13 23:13:00,NEFT,DEV1227
TXN1002781,ACC100679,ACC100206,29758.43,2026-06-12 04:58:00,IMPS,DEV1199
TXN1002782,ACC100361,ACC100192,591.1,2026-06-20 22:36:00,IMPS,DEV1250
TXN1002783,ACC100500,ACC100971,744.84,2026-03-12 14:55:00,UPI,DEV1129
TXN1002784,ACC100003,ACC100443,45.65,2026-04-29 05:24:00,UPI,DEV1030
TXN1002785,ACC100766,ACC100469,5551.39,2026-05-15 09:52:00,IMPS,DEV1211
TXN1002786,ACC100113,ACC100902,3275.15,2026-03-15 04:48:00,NEFT,DEV1143
TXN1002787,ACC100181,ACC100436,136.99,2026-01-04 16:09:00,BANK_TRANSFER,DEV1033
TXN1002788,ACC100600,ACC100465,92.03,2026-03-31 10:20:00,IMPS,DEV1230
TXN1002789,ACC100205,ACC100704,105.73,2026-03-12 16:16:00,CARD,DEV1138
TXN1002790,ACC100164,ACC100491,2378.45,2026-02-26 14:57:00,IMPS,DEV1008
TXN1002791,ACC100799,ACC100240,2681.12,2026-06-15 16:35:00,CARD,DEV1112
TXN1002792,ACC100971,ACC100564,362.13,2026-05-11 21:54:00,IMPS,DEV1056
TXN1002793,ACC100274,ACC100738,1996.42,2026-04-05 17:49:00,NEFT,DEV1050
TXN1002794,ACC100278,ACC100882,1326.97,2026-06-18 17:37:00,NEFT,DEV1206
TXN1002795,ACC100020,ACC100064,705.76,2026-05-26 03:39:00,IMPS,DEV1144
TXN1002796,ACC100258,ACC100829,3513.04,2026-03-04 22:48:00,BANK_TRANSFER,DEV1294
TXN1002797,ACC100818,ACC100946,258.29,2026-05-16 06:14:00,CARD,DEV1270
TXN1002798,ACC100003,ACC100152,4346.16,2026-01-06 11:10:00,BANK_TRANSFER,DEV1214
TXN1002799,ACC100581,ACC100349,457.5,2026-01-01 16:25:00,IMPS,DEV1095
TXN1002800,ACC100111,ACC100750,9300.69,2026-03-20 14:30:00,NEFT,DEV1139
TXN1002801,ACC100600,ACC100204,328.2,2026-06-10 13:43:00,BANK_TRANSFER,DEV1289
TXN1002802,ACC100577,ACC100365,719.18,2026-01-25 12:58:00,CARD,DEV1100
TXN1002803,ACC100911,ACC100250,1176.51,2026-03-25 01:33:00,NEFT,DEV1182
TXN1002804,ACC100482,ACC100777,1167.69,2026-03-03 18:10:00,NEFT,DEV1252
TXN1002805,ACC100233,ACC100441,1976.32,2026-05-24 00:33:00,UPI,DEV1052
TXN1002806,ACC100578,ACC100917,234.44,2026-02-05 07:53:00,CARD,DEV1022
TXN1002807,ACC100209,ACC100478,1048.61,2026-04-16 18:15:00,UPI,DEV1052
TXN1002808,ACC100697,ACC100999,1294.34,2026-05-21 15:03:00,IMPS,DEV1113
TXN1002809,ACC100755,ACC100219,582.14,2026-02-25 12:39:00,UPI,DEV1018
TXN1002810,ACC100262,ACC100011,1780.89,2026-05-31 13:57:00,UPI,DEV1143
TXN1002811,ACC100658,ACC100602,217.97,2026-04-26 07:08:00,UPI,DEV1174
TXN1002812,ACC100945,ACC100242,741.19,2026-06-06 04:03:00,UPI,DEV1128
TXN1002813,ACC100810,ACC100612,444.16,2026-05-18 21:28:00,IMPS,DEV1022
TXN1002814,ACC100487,ACC100705,743.88,2026-03-12 18:28:00,IMPS,DEV1003
TXN1002815,ACC100948,ACC100862,6225.71,2026-05-06 07:23:00,CARD,DEV1169
TXN1002816,ACC100102,ACC100090,6372.5,2026-05-09 19:53:00,IMPS,DEV1294
TXN1002817,ACC100284,ACC100000,5036.67,2026-04-20 23:46:00,NEFT,DEV1182
TXN1002818,ACC100771,ACC100463,629.73,2026-05-23 23:45:00,IMPS,DEV1013
TXN1002819,ACC100756,ACC100099,3258.89,2026-06-10 19:30:00,UPI,DEV1140
TXN1002820,ACC100197,ACC100176,1254.93,2026-02-10 07:59:00,UPI,DEV1091
TXN1002821,ACC100200,ACC100847,1158.3,2026-02-23 06:44:00,IMPS,DEV1151
TXN1002822,ACC100471,ACC100062,999.41,2026-06-19 15:20:00,IMPS,DEV1068
TXN1002823,ACC100032,ACC100120,9046.21,2026-02-22 12:30:00,NEFT,DEV1221
TXN1002824,ACC100157,ACC100704,5647.72,2026-01-17 05:25:00,CARD,DEV1193
TXN1002825,ACC100007,ACC100175,2680.81,2026-04-06 01:11:00,BANK_TRANSFER,DEV1089
TXN1002826,ACC100700,ACC100863,893.94,2026-04-18 03:42:00,UPI,DEV1080
TXN1002827,ACC100216,ACC100074,1149.95,2026-02-09 14:10:00,UPI,DEV1222
TXN1002828,ACC100234,ACC100716,2072.85,2026-02-12 09:05:00,BANK_TRANSFER,DEV1284
TXN1002829,ACC100905,ACC100693,586.44,2026-05-16 20:11:00,BANK_TRANSFER,DEV1168
TXN1002830,ACC100907,ACC100463,3381.18,2026-02-10 20:17:00,BANK_TRANSFER,DEV1290
TXN1002831,ACC100220,ACC100976,363.04,2026-04-25 14:30:00,IMPS,DEV1227
TXN1002832,ACC100285,ACC100323,1754.98,2026-03-08 20:41:00,IMPS,DEV1010
TXN1002833,ACC100200,ACC100415,70.27,2026-03-17 12:49:00,BANK_TRANSFER,DEV1238
TXN1002834,ACC100949,ACC100093,566.38,2026-05-29 03:56:00,IMPS,DEV1027
TXN1002835,ACC100235,ACC100754,13269.36,2026-06-29 18:12:00,UPI,DEV1286
TXN1002836,ACC100490,ACC100404,3802.56,2026-06-16 19:49:00,IMPS,DEV1027
TXN1002837,ACC100530,ACC100184,6922.71,2026-05-18 07:54:00,IMPS,DEV1123
TXN1002838,ACC100929,ACC100051,492.37,2026-05-11 20:42:00,BANK_TRANSFER,DEV1037
TXN1002839,ACC100247,ACC100551,1242.06,2026-05-22 02:51:00,NEFT,DEV1268
TXN1002840,ACC100550,ACC100095,5107.12,2026-03-08 08:54:00,NEFT,DEV1281
TXN1002841,ACC100139,ACC100847,2344.23,2026-02-15 01:30:00,CARD,DEV1251
TXN1002842,ACC100870,ACC100858,2018.84,2026-02-22 04:46:00,IMPS,DEV1045
TXN1002843,ACC100530,ACC100151,7759.7,2026-06-09 15:05:00,UPI,DEV1216
TXN1002844,ACC100738,ACC100649,314.65,2026-05-20 02:44:00,NEFT,DEV1235
TXN1002845,ACC100168,ACC100697,879.11,2026-03-12 11:31:00,UPI,DEV1016
TXN1002846,ACC100783,ACC100011,133.63,2026-01-07 22:41:00,UPI,DEV1015
TXN1002847,ACC100085,ACC100330,294.67,2026-02-12 21:44:00,BANK_TRANSFER,DEV1041
TXN1002848,ACC100084,ACC100704,3979.94,2026-02-18 16:24:00,UPI,DEV1224
TXN1002849,ACC100802,ACC100915,364.74,2026-05-18 22:06:00,NEFT,DEV1029
TXN1002850,ACC100806,ACC100645,2650.83,2026-06-04 00:52:00,IMPS,DEV1180
TXN1002851,ACC100320,ACC100388,8023.92,2026-06-22 03:55:00,BANK_TRANSFER,DEV1148
TXN1002852,ACC100770,ACC100299,885.78,2026-03-08 05:26:00,UPI,DEV1279
TXN1002853,ACC100832,ACC100151,2046.4,2026-06-03 22:48:00,BANK_TRANSFER,DEV1276
TXN1002854,ACC100488,ACC100294,2675.72,2026-05-06 17:49:00,UPI,DEV1077
TXN1002855,ACC100179,ACC100844,253.21,2026-03-15 17:06:00,BANK_TRANSFER,DEV1021
TXN1002856,ACC100321,ACC100388,523.35,2026-05-01 01:22:00,BANK_TRANSFER,DEV1222
TXN1002857,ACC100478,ACC100026,328.85,2026-01-12 20:27:00,UPI,DEV1001
TXN1002858,ACC100677,ACC100267,575.9,2026-03-04 12:53:00,NEFT,DEV1174
TXN1002859,ACC100090,ACC100370,2589.79,2026-05-13 09:23:00,BANK_TRANSFER,DEV1076
TXN1002860,ACC100414,ACC100386,536.87,2026-05-25 04:11:00,IMPS,DEV1211
TXN1002861,ACC100152,ACC100816,1051.34,2026-03-10 17:27:00,IMPS,DEV1164
TXN1002862,ACC100378,ACC100677,313.89,2026-01-13 12:29:00,NEFT,DEV1087
TXN1002863,ACC100803,ACC100590,4777.66,2026-04-07 01:25:00,BANK_TRANSFER,DEV1020
TXN1002864,ACC100640,ACC100481,570.13,2026-01-14 13:52:00,IMPS,DEV1123
TXN1002865,ACC100420,ACC100616,6819.74,2026-06-07 19:03:00,CARD,DEV1181
TXN1002866,ACC100805,ACC100017,1179.82,2026-06-09 21:43:00,BANK_TRANSFER,DEV1094
TXN1002867,ACC100128,ACC100066,202.67,2026-01-16 09:08:00,UPI,DEV1062
TXN1002868,ACC100886,ACC100401,893.16,2026-03-06 18:02:00,UPI,DEV1284
TXN1002869,ACC100937,ACC100541,306.33,2026-01-02 08:55:00,NEFT,DEV1090
TXN1002870,ACC100560,ACC100971,2224.35,2026-05-02 17:00:00,IMPS,DEV1264
TXN1002871,ACC100198,ACC100387,801.4,2026-02-18 18:02:00,UPI,DEV1204
TXN1002872,ACC100274,ACC100248,1333.89,2026-02-09 22:58:00,UPI,DEV1072
TXN1002873,ACC100713,ACC100409,704.0,2026-06-08 23:08:00,NEFT,DEV1087
TXN1002874,ACC100534,ACC100585,563.17,2026-06-15 22:51:00,NEFT,DEV1208
TXN1002875,ACC100304,ACC100162,340.92,2026-01-06 08:17:00,CARD,DEV1066
TXN1002876,ACC100377,ACC100739,2991.31,2026-05-16 14:42:00,IMPS,DEV1053
TXN1002877,ACC100317,ACC100983,890.89,2026-03-06 02:48:00,CARD,DEV1020
TXN1002878,ACC100841,ACC100399,751.73,2026-03-16 21:33:00,CARD,DEV1080
TXN1002879,ACC100363,ACC100968,864.49,2026-04-06 09:55:00,UPI,DEV1095
TXN1002880,ACC100412,ACC100807,485.59,2026-02-28 23:03:00,NEFT,DEV1174
TXN1002881,ACC100556,ACC100699,754.74,2026-02-17 10:01:00,IMPS,DEV1011
TXN1002882,ACC100684,ACC100086,1403.54,2026-05-01 12:52:00,NEFT,DEV1210
TXN1002883,ACC100811,ACC100286,317.04,2026-03-16 17:30:00,BANK_TRANSFER,DEV1271
TXN1002884,ACC100517,ACC100938,377.2,2026-01-06 07:42:00,UPI,DEV1188
TXN1002885,ACC100247,ACC100569,5732.69,2026-06-28 17:05:00,BANK_TRANSFER,DEV1091
TXN1002886,ACC100850,ACC100282,709.59,2026-03-26 04:34:00,CARD,DEV1031
TXN1002887,ACC100689,ACC100704,565.74,2026-03-29 01:16:00,NEFT,DEV1029
TXN1002888,ACC100873,ACC100298,218.62,2026-03-03 06:59:00,IMPS,DEV1106
TXN1002889,ACC100993,ACC100783,3043.65,2026-04-01 06:37:00,BANK_TRANSFER,DEV1131
TXN1002890,ACC100601,ACC100322,308.86,2026-02-01 13:28:00,IMPS,DEV1072
TXN1002891,ACC100825,ACC100104,1076.69,2026-01-24 03:13:00,BANK_TRANSFER,DEV1232
TXN1002892,ACC100538,ACC100477,141.2,2026-02-01 18:34:00,UPI,DEV1101
TXN1002893,ACC100246,ACC100607,2927.22,2026-01-24 21:32:00,IMPS,DEV1252
TXN1002894,ACC100221,ACC100137,4501.78,2026-04-14 21:58:00,NEFT,DEV1115
TXN1002895,ACC100040,ACC100903,1961.42,2026-04-15 01:11:00,UPI,DEV1042
TXN1002896,ACC100940,ACC100768,173.92,2026-06-06 17:14:00,CARD,DEV1167
TXN1002897,ACC100398,ACC100097,3000.44,2026-04-29 17:05:00,CARD,DEV1282
TXN1002898,ACC100737,ACC100884,406.34,2026-05-15 00:17:00,UPI,DEV1094
TXN1002899,ACC100213,ACC100840,269.03,2026-01-07 01:00:00,BANK_TRANSFER,DEV1054
TXN1002900,ACC100342,ACC100797,692.18,2026-04-17 03:49:00,BANK_TRANSFER,DEV1065
TXN1002901,ACC100857,ACC100611,675.84,2026-05-15 00:26:00,IMPS,DEV1193
TXN1002902,ACC100341,ACC100483,598.21,2026-06-13 23:59:00,CARD,DEV1135
TXN1002903,ACC100746,ACC100290,5056.4,2026-06-02 04:05:00,CARD,DEV1001
TXN1002904,ACC100903,ACC100635,12261.15,2026-06-24 07:17:00,CARD,DEV1188
TXN1002905,ACC100624,ACC100811,212.1,2026-03-30 04:34:00,UPI,DEV1039
TXN1002906,ACC100318,ACC100618,479.82,2026-01-19 04:12:00,BANK_TRANSFER,DEV1294
TXN1002907,ACC100293,ACC100111,1301.53,2026-05-19 09:58:00,IMPS,DEV1118
TXN1002908,ACC100406,ACC100542,687.83,2026-05-03 11:42:00,UPI,DEV1300
TXN1002909,ACC100142,ACC100774,1770.96,2026-04-15 06:38:00,IMPS,DEV1080
TXN1002910,ACC100964,ACC100220,3291.78,2026-06-05 20:32:00,BANK_TRANSFER,DEV1075
TXN1002911,ACC100075,ACC100245,2695.23,2026-04-26 09:23:00,NEFT,DEV1172
TXN1002912,ACC100428,ACC100078,2279.43,2026-01-24 08:42:00,UPI,DEV1150
TXN1002913,ACC100133,ACC100532,8029.8,2026-05-18 13:54:00,UPI,DEV1187
TXN1002914,ACC100645,ACC100021,162.92,2026-03-28 08:06:00,CARD,DEV1202
TXN1002915,ACC100438,ACC100445,6477.76,2026-01-12 17:43:00,UPI,DEV1059
TXN1002916,ACC100764,ACC100131,668.08,2026-04-20 00:36:00,UPI,DEV1098
TXN1002917,ACC100895,ACC100056,2813.4,2026-05-14 06:56:00,NEFT,DEV1199
TXN1002918,ACC100407,ACC100905,318.75,2026-06-05 03:01:00,UPI,DEV1197
TXN1002919,ACC100157,ACC100701,368.63,2026-04-27 02:28:00,NEFT,DEV1108
TXN1002920,ACC100102,ACC100975,2427.31,2026-02-14 07:27:00,NEFT,DEV1174
TXN1002921,ACC100364,ACC100053,108.37,2026-04-21 17:22:00,BANK_TRANSFER,DEV1093
TXN1002922,ACC100446,ACC100585,3595.11,2026-01-28 16:34:00,CARD,DEV1217
TXN1002923,ACC100781,ACC100574,4973.88,2026-06-14 04:52:00,BANK_TRANSFER,DEV1107
TXN1002924,ACC100537,ACC100851,1357.42,2026-03-09 09:54:00,UPI,DEV1059
TXN1002925,ACC100247,ACC100311,1299.99,2026-05-22 00:10:00,BANK_TRANSFER,DEV1229
TXN1002926,ACC100798,ACC100198,403.28,2026-03-29 10:11:00,IMPS,DEV1244
TXN1002927,ACC100883,ACC100683,2463.5,2026-05-21 18:02:00,IMPS,DEV1208
TXN1002928,ACC100047,ACC100217,1664.36,2026-03-01 22:01:00,NEFT,DEV1063
TXN1002929,ACC100054,ACC100104,362.92,2026-06-20 12:38:00,CARD,DEV1009
TXN1002930,ACC100620,ACC100841,685.55,2026-01-13 17:19:00,NEFT,DEV1289
TXN1002931,ACC100594,ACC100724,905.78,2026-01-17 09:52:00,NEFT,DEV1293
TXN1002932,ACC100186,ACC100957,684.46,2026-01-05 15:27:00,NEFT,DEV1298
TXN1002933,ACC100826,ACC100169,213.69,2026-04-14 20:24:00,BANK_TRANSFER,DEV1215
TXN1002934,ACC100785,ACC100639,2537.22,2026-05-27 12:49:00,NEFT,DEV1282
TXN1002935,ACC100657,ACC100619,818.76,2026-06-03 23:04:00,CARD,DEV1045
TXN1002936,ACC100910,ACC100534,1117.04,2026-03-17 04:57:00,BANK_TRANSFER,DEV1187
TXN1002937,ACC100593,ACC100393,547.89,2026-06-13 19:24:00,IMPS,DEV1075
TXN1002938,ACC100338,ACC100578,1939.77,2026-01-27 10:02:00,UPI,DEV1256
TXN1002939,ACC100908,ACC100317,1391.91,2026-05-26 21:07:00,IMPS,DEV1089
TXN1002940,ACC100911,ACC100194,4700.11,2026-01-28 06:18:00,IMPS,DEV1150
TXN1002941,ACC100799,ACC100144,1952.21,2026-04-21 13:47:00,BANK_TRANSFER,DEV1286
TXN1002942,ACC100983,ACC100960,859.87,2026-01-15 13:55:00,BANK_TRANSFER,DEV1011
TXN1002943,ACC100571,ACC100484,451.39,2026-02-09 13:35:00,UPI,DEV1234
TXN1002944,ACC100782,ACC100427,3099.96,2026-01-08 21:54:00,CARD,DEV1089
TXN1002945,ACC100767,ACC100221,781.26,2026-03-21 19:10:00,IMPS,DEV1266
TXN1002946,ACC100621,ACC100225,892.42,2026-03-25 22:52:00,BANK_TRANSFER,DEV1185
TXN1002947,ACC100665,ACC100249,892.15,2026-05-14 04:43:00,BANK_TRANSFER,DEV1008
TXN1002948,ACC100856,ACC100838,677.27,2026-03-14 00:06:00,NEFT,DEV1208
TXN1002949,ACC100908,ACC100679,911.01,2026-01-31 04:51:00,BANK_TRANSFER,DEV1222
TXN1002950,ACC100349,ACC100030,11063.97,2026-05-21 05:01:00,CARD,DEV1183
TXN1002951,ACC100557,ACC100692,311.88,2026-02-07 14:49:00,NEFT,DEV1047
TXN1002952,ACC100802,ACC100563,412.65,2026-04-08 19:33:00,CARD,DEV1176
TXN1002953,ACC100416,ACC100645,5774.4,2026-01-19 07:23:00,UPI,DEV1287
TXN1002954,ACC100493,ACC100828,699.41,2026-04-20 03:21:00,IMPS,DEV1097
TXN1002955,ACC100826,ACC100541,638.58,2026-03-22 19:30:00,NEFT,DEV1061
TXN1002956,ACC100257,ACC100863,3796.51,2026-02-19 09:06:00,CARD,DEV1277
TXN1002957,ACC100152,ACC100246,199.49,2026-05-31 10:36:00,BANK_TRANSFER,DEV1139
TXN1002958,ACC100641,ACC100920,2938.77,2026-01-11 01:00:00,IMPS,DEV1244
TXN1002959,ACC100770,ACC100229,1158.34,2026-01-01 00:13:00,BANK_TRANSFER,DEV1222
TXN1002960,ACC100614,ACC100400,1915.55,2026-04-10 02:08:00,UPI,DEV1059
TXN1002961,ACC100853,ACC100781,1872.89,2026-04-10 17:11:00,IMPS,DEV1038
TXN1002962,ACC100083,ACC100684,516.16,2026-02-19 20:53:00,NEFT,DEV1013
TXN1002963,ACC100049,ACC100968,3871.59,2026-01-17 12:48:00,BANK_TRANSFER,DEV1028
TXN1002964,ACC100626,ACC100663,566.7,2026-03-13 02:44:00,NEFT,DEV1037
TXN1002965,ACC100878,ACC100755,1791.16,2026-03-24 01:51:00,CARD,DEV1208
TXN1002966,ACC100792,ACC100181,4842.9,2026-06-11 17:48:00,IMPS,DEV1298
TXN1002967,ACC100972,ACC100453,5736.94,2026-06-14 14:02:00,IMPS,DEV1025
TXN1002968,ACC100747,ACC100377,795.88,2026-02-26 21:45:00,NEFT,DEV1138
TXN1002969,ACC100017,ACC100917,1911.73,2026-05-07 15:02:00,CARD,DEV1144
TXN1002970,ACC100400,ACC100166,712.38,2026-01-15 15:19:00,IMPS,DEV1206
TXN1002971,ACC100781,ACC100883,22127.04,2026-04-16 22:55:00,IMPS,DEV1070
TXN1002972,ACC100352,ACC100019,2796.58,2026-05-23 03:08:00,CARD,DEV1242
TXN1002973,ACC100944,ACC100393,1213.02,2026-01-13 05:29:00,BANK_TRANSFER,DEV1034
TXN1002974,ACC100787,ACC100796,1595.71,2026-03-09 00:46:00,CARD,DEV1268
TXN1002975,ACC100690,ACC100546,1787.42,2026-03-09 02:17:00,IMPS,DEV1101
TXN1002976,ACC100207,ACC100464,1852.13,2026-03-01 03:02:00,IMPS,DEV1160
TXN1002977,ACC100366,ACC100732,822.22,2026-02-13 06:54:00,NEFT,DEV1205
TXN1002978,ACC100111,ACC100478,683.21,2026-05-20 02:42:00,CARD,DEV1005
TXN1002979,ACC100209,ACC100869,913.95,2026-02-12 23:08:00,UPI,DEV1040
TXN1002980,ACC100617,ACC100167,279.32,2026-01-01 12:57:00,UPI,DEV1112
TXN1002981,ACC100768,ACC100432,2596.52,2026-03-02 17:31:00,NEFT,DEV1067
TXN1002982,ACC100478,ACC100507,419.03,2026-05-20 19:34:00,NEFT,DEV1192
TXN1002983,ACC100124,ACC100194,307.37,2026-02-25 15:16:00,UPI,DEV1279
TXN1002984,ACC100303,ACC100314,1077.91,2026-03-09 20:13:00,UPI,DEV1086
TXN1002985,ACC100885,ACC100592,938.1,2026-03-24 01:37:00,IMPS,DEV1202
TXN1002986,ACC100301,ACC100522,1479.65,2026-01-12 03:13:00,CARD,DEV1141
TXN1002987,ACC100291,ACC100054,554.55,2026-03-02 15:25:00,IMPS,DEV1128
TXN1002988,ACC100851,ACC100104,684.68,2026-04-12 16:03:00,BANK_TRANSFER,DEV1055
TXN1002989,ACC100949,ACC100145,2516.3,2026-04-29 17:03:00,BANK_TRANSFER,DEV1087
TXN1002990,ACC100937,ACC100191,2338.96,2026-01-20 00:28:00,IMPS,DEV1047
TXN1002991,ACC100899,ACC100503,2224.82,2026-05-31 18:18:00,IMPS,DEV1052
TXN1002992,ACC100643,ACC100198,1142.26,2026-03-08 17:43:00,CARD,DEV1087
TXN1002993,ACC100586,ACC100559,1343.06,2026-03-29 16:46:00,BANK_TRANSFER,DEV1224
TXN1002994,ACC100239,ACC100776,1445.96,2026-04-20 07:54:00,BANK_TRANSFER,DEV1124
TXN1002995,ACC100897,ACC100117,499.07,2026-05-12 06:02:00,BANK_TRANSFER,DEV1163
TXN1002996,ACC100418,ACC100029,6430.81,2026-03-28 07:48:00,BANK_TRANSFER,DEV1230
TXN1002997,ACC100982,ACC100756,5420.3,2026-01-06 16:49:00,BANK_TRANSFER,DEV1278
TXN1002998,ACC100736,ACC100651,2844.36,2026-04-20 13:44:00,UPI,DEV1232
TXN1002999,ACC100489,ACC100716,657.84,2026-01-16 13:44:00,CARD,DEV1120
TXN1003000,ACC100921,ACC100414,2094.3,2026-05-13 05:00:00,UPI,DEV1186
TXN1003001,ACC100782,ACC100002,3547.66,2026-04-07 18:27:00,IMPS,DEV1043
TXN1003002,ACC100674,ACC100860,252.69,2026-02-13 06:09:00,IMPS,DEV1178
TXN1003003,ACC100335,ACC100690,8378.42,2026-02-10 02:56:00,CARD,DEV1187
TXN1003004,ACC100015,ACC100795,136.01,2026-03-27 18:24:00,CARD,DEV1053
TXN1003005,ACC100703,ACC100271,2554.28,2026-04-14 19:26:00,IMPS,DEV1037
TXN1003006,ACC100535,ACC100666,6272.55,2026-02-14 02:28:00,BANK_TRANSFER,DEV1071
TXN1003007,ACC100335,ACC100581,957.5,2026-04-12 15:35:00,BANK_TRANSFER,DEV1020
TXN1003008,ACC100570,ACC100604,915.47,2026-05-17 23:16:00,NEFT,DEV1120
TXN1003009,ACC100440,ACC100638,2443.52,2026-06-05 18:29:00,NEFT,DEV1279
TXN1003010,ACC100888,ACC100016,10119.89,2026-02-10 04:19:00,UPI,DEV1169
TXN1003011,ACC100817,ACC100034,782.68,2026-06-04 23:36:00,IMPS,DEV1277
TXN1003012,ACC100443,ACC100998,429.6,2026-06-03 23:36:00,NEFT,DEV1259
TXN1003013,ACC100992,ACC100298,659.49,2026-06-15 04:26:00,NEFT,DEV1172
TXN1003014,ACC100866,ACC100753,170.2,2026-06-06 17:28:00,BANK_TRANSFER,DEV1033
TXN1003015,ACC100662,ACC100086,3220.56,2026-03-14 11:50:00,CARD,DEV1279
TXN1003016,ACC100519,ACC100468,591.76,2026-01-10 23:43:00,CARD,DEV1046
TXN1003017,ACC100365,ACC100945,854.05,2026-02-15 08:01:00,BANK_TRANSFER,DEV1205
TXN1003018,ACC100458,ACC100399,3266.73,2026-05-03 06:41:00,BANK_TRANSFER,DEV1095
TXN1003019,ACC100026,ACC100956,697.64,2026-06-07 15:25:00,NEFT,DEV1194
TXN1003020,ACC100798,ACC100079,2726.87,2026-06-07 02:10:00,CARD,DEV1253
TXN1003021,ACC100625,ACC100544,315.54,2026-05-07 13:07:00,BANK_TRANSFER,DEV1076
TXN1003022,ACC100877,ACC100638,3464.98,2026-05-28 14:53:00,BANK_TRANSFER,DEV1254
TXN1003023,ACC100735,ACC100865,1652.9,2026-02-09 04:25:00,NEFT,DEV1264
TXN1003024,ACC100590,ACC100200,986.05,2026-05-07 01:18:00,BANK_TRANSFER,DEV1162
TXN1003025,ACC100697,ACC100536,1283.15,2026-01-01 13:36:00,IMPS,DEV1121
TXN1003026,ACC100377,ACC100053,234.13,2026-06-28 09:11:00,UPI,DEV1184
TXN1003027,ACC100773,ACC100399,1248.38,2026-04-08 21:08:00,NEFT,DEV1233
TXN1003028,ACC100582,ACC100039,925.19,2026-01-08 22:58:00,UPI,DEV1085
TXN1003029,ACC100286,ACC100921,241.94,2026-05-19 06:00:00,NEFT,DEV1191
TXN1003030,ACC100274,ACC100257,490.15,2026-02-16 17:52:00,CARD,DEV1235
TXN1003031,ACC100607,ACC100403,939.08,2026-02-20 04:47:00,NEFT,DEV1150
TXN1003032,ACC100190,ACC100653,529.14,2026-03-05 21:38:00,IMPS,DEV1272
TXN1003033,ACC100757,ACC100589,60.67,2026-03-10 13:21:00,IMPS,DEV1099
TXN1003034,ACC100559,ACC100983,3990.47,2026-05-27 03:31:00,NEFT,DEV1207
TXN1003035,ACC100168,ACC100266,924.72,2026-01-21 23:21:00,NEFT,DEV1095
TXN1003036,ACC100545,ACC100779,71.61,2026-03-28 16:29:00,IMPS,DEV1175
TXN1003037,ACC100398,ACC100171,14213.61,2026-05-28 05:51:00,CARD,DEV1113
TXN1003038,ACC100889,ACC100711,4864.26,2026-02-26 11:43:00,BANK_TRANSFER,DEV1189
TXN1003039,ACC100104,ACC100228,721.42,2026-05-10 03:37:00,BANK_TRANSFER,DEV1200
TXN1003040,ACC100378,ACC100374,399.02,2026-01-07 22:02:00,CARD,DEV1265
TXN1003041,ACC100269,ACC100979,1779.04,2026-04-09 19:04:00,NEFT,DEV1008
TXN1003042,ACC100624,ACC100328,1397.99,2026-05-05 23:12:00,NEFT,DEV1133
TXN1003043,ACC100229,ACC100007,2101.71,2026-02-19 10:27:00,BANK_TRANSFER,DEV1061
TXN1003044,ACC100898,ACC100691,400.4,2026-05-12 19:41:00,UPI,DEV1057
TXN1003045,ACC100935,ACC100492,4094.2,2026-06-03 16:31:00,IMPS,DEV1024
TXN1003046,ACC100203,ACC100534,621.32,2026-06-30 11:23:00,BANK_TRANSFER,DEV1120
TXN1003047,ACC100275,ACC100812,2482.25,2026-01-10 02:56:00,NEFT,DEV1107
TXN1003048,ACC100403,ACC100314,421.44,2026-01-23 11:06:00,NEFT,DEV1232
TXN1003049,ACC100110,ACC100334,26311.8,2026-03-25 06:54:00,UPI,DEV1110
TXN1003050,ACC100746,ACC100177,2526.6,2026-04-04 21:08:00,IMPS,DEV1214
TXN1003051,ACC100487,ACC100745,34929.21,2026-05-15 03:19:00,IMPS,DEV1218
TXN1003052,ACC100458,ACC100871,2960.53,2026-03-23 01:33:00,UPI,DEV1136
TXN1003053,ACC100975,ACC100866,559.05,2026-02-08 23:47:00,UPI,DEV1145
TXN1003054,ACC100973,ACC100788,2966.85,2026-01-23 01:12:00,NEFT,DEV1090
TXN1003055,ACC100467,ACC100392,3231.47,2026-06-07 18:03:00,UPI,DEV1268
TXN1003056,ACC100484,ACC100574,1716.41,2026-01-16 20:39:00,IMPS,DEV1244
TXN1003057,ACC100006,ACC100278,2336.64,2026-04-03 04:25:00,IMPS,DEV1263
TXN1003058,ACC100539,ACC100571,2735.51,2026-03-31 13:43:00,IMPS,DEV1070
TXN1003059,ACC100957,ACC100338,332.81,2026-05-23 14:36:00,CARD,DEV1029
TXN1003060,ACC100978,ACC100332,305.57,2026-05-30 17:17:00,CARD,DEV1230
TXN1003061,ACC100551,ACC100452,422.82,2026-03-13 10:11:00,IMPS,DEV1070
TXN1003062,ACC100504,ACC100723,1278.0,2026-03-28 17:24:00,NEFT,DEV1143
TXN1003063,ACC100554,ACC100647,838.99,2026-03-28 20:04:00,CARD,DEV1186
TXN1003064,ACC100815,ACC100887,340.13,2026-03-23 20:56:00,NEFT,DEV1091
TXN1003065,ACC100514,ACC100131,2780.47,2026-03-19 20:58:00,UPI,DEV1042
TXN1003066,ACC100831,ACC100709,1540.18,2026-04-20 11:20:00,UPI,DEV1069
TXN1003067,ACC100954,ACC100871,1343.07,2026-01-02 01:20:00,UPI,DEV1079
TXN1003068,ACC100820,ACC100314,804.65,2026-04-06 21:49:00,IMPS,DEV1300
TXN1003069,ACC100662,ACC100899,696.54,2026-03-01 02:28:00,IMPS,DEV1067
TXN1003070,ACC100658,ACC100898,399.58,2026-01-30 11:07:00,NEFT,DEV1035
TXN1003071,ACC100213,ACC100005,3362.66,2026-03-24 11:36:00,CARD,DEV1017
TXN1003072,ACC100534,ACC100208,471.45,2026-06-12 21:36:00,CARD,DEV1284
TXN1003073,ACC100755,ACC100186,1409.89,2026-06-24 03:25:00,NEFT,DEV1155
TXN1003074,ACC100291,ACC100871,8057.93,2026-05-14 17:54:00,BANK_TRANSFER,DEV1196
TXN1003075,ACC100395,ACC100600,736.04,2026-06-08 16:44:00,IMPS,DEV1255
TXN1003076,ACC100986,ACC100870,3473.24,2026-06-26 07:34:00,CARD,DEV1229
TXN1003077,ACC100920,ACC100652,2169.93,2026-04-23 09:59:00,CARD,DEV1076
TXN1003078,ACC100764,ACC100006,1593.62,2026-02-03 12:30:00,BANK_TRANSFER,DEV1085
TXN1003079,ACC100941,ACC100377,1837.97,2026-03-15 07:08:00,UPI,DEV1269
TXN1003080,ACC100223,ACC100824,978.59,2026-02-14 18:32:00,UPI,DEV1068
TXN1003081,ACC100194,ACC100856,1143.37,2026-01-17 04:18:00,IMPS,DEV1073
TXN1003082,ACC100899,ACC100861,568.08,2026-06-15 00:14:00,NEFT,DEV1047
TXN1003083,ACC100060,ACC100386,1152.57,2026-01-03 03:04:00,BANK_TRANSFER,DEV1125
TXN1003084,ACC100425,ACC100268,543.34,2026-05-06 05:27:00,IMPS,DEV1283
TXN1003085,ACC100474,ACC100353,3665.74,2026-01-07 18:10:00,IMPS,DEV1241
TXN1003086,ACC100413,ACC100531,142.68,2026-06-30 02:58:00,CARD,DEV1090
TXN1003087,ACC100805,ACC100185,1953.28,2026-03-31 16:23:00,CARD,DEV1164
TXN1003088,ACC100266,ACC100764,1642.38,2026-04-03 19:11:00,NEFT,DEV1247
TXN1003089,ACC100138,ACC100388,1473.24,2026-02-09 19:29:00,UPI,DEV1166
TXN1003090,ACC100145,ACC100633,3749.58,2026-01-24 17:26:00,CARD,DEV1195
TXN1003091,ACC100921,ACC100673,777.94,2026-05-22 08:13:00,UPI,DEV1200
TXN1003092,ACC100054,ACC100562,1489.98,2026-02-16 15:00:00,UPI,DEV1240
TXN1003093,ACC100179,ACC100064,139.79,2026-04-28 23:27:00,IMPS,DEV1101
TXN1003094,ACC100453,ACC100806,666.22,2026-02-25 19:16:00,BANK_TRANSFER,DEV1095
TXN1003095,ACC100979,ACC100857,3062.18,2026-01-08 11:07:00,IMPS,DEV1088
TXN1003096,ACC100158,ACC100590,219.86,2026-05-26 20:59:00,IMPS,DEV1210
TXN1003097,ACC100902,ACC100175,1328.35,2026-01-26 14:34:00,NEFT,DEV1299
TXN1003098,ACC100077,ACC100655,486.37,2026-03-19 08:03:00,BANK_TRANSFER,DEV1281
TXN1003099,ACC100147,ACC100242,959.89,2026-02-12 11:05:00,NEFT,DEV1125
TXN1003100,ACC100808,ACC100591,522.58,2026-05-19 06:56:00,NEFT,DEV1284
TXN1003101,ACC100962,ACC100315,245.52,2026-03-10 14:15:00,UPI,DEV1250
TXN1003102,ACC100742,ACC100660,1742.72,2026-04-29 16:49:00,IMPS,DEV1082
TXN1003103,ACC100827,ACC100402,1033.27,2026-03-16 08:26:00,UPI,DEV1292
TXN1003104,ACC100340,ACC100267,2287.36,2026-03-06 19:42:00,CARD,DEV1059
TXN1003105,ACC100184,ACC100914,2845.02,2026-04-25 20:36:00,BANK_TRANSFER,DEV1224
TXN1003106,ACC100002,ACC100191,4771.0,2026-05-27 05:57:00,CARD,DEV1035
TXN1003107,ACC100165,ACC100056,1287.15,2026-03-26 08:24:00,BANK_TRANSFER,DEV1239
TXN1003108,ACC100777,ACC100539,5025.83,2026-05-08 03:50:00,IMPS,DEV1251
TXN1003109,ACC100724,ACC100916,340.04,2026-03-25 04:43:00,BANK_TRANSFER,DEV1285
TXN1003110,ACC100968,ACC100936,3264.14,2026-05-13 08:17:00,IMPS,DEV1076
TXN1003111,ACC100028,ACC100831,1903.16,2026-06-22 03:21:00,IMPS,DEV1186
TXN1003112,ACC100406,ACC100746,1450.57,2026-01-14 18:42:00,IMPS,DEV1088
TXN1003113,ACC100038,ACC100904,1869.97,2026-01-12 09:03:00,BANK_TRANSFER,DEV1250
TXN1003114,ACC100621,ACC100830,346.23,2026-06-25 15:53:00,BANK_TRANSFER,DEV1257
TXN1003115,ACC100518,ACC100884,260.84,2026-05-26 14:57:00,NEFT,DEV1107
TXN1003116,ACC100709,ACC100757,8533.83,2026-06-30 12:42:00,BANK_TRANSFER,DEV1182
TXN1003117,ACC100189,ACC100242,895.64,2026-06-13 18:15:00,CARD,DEV1031
TXN1003118,ACC100817,ACC100857,880.43,2026-01-11 06:53:00,UPI,DEV1142
TXN1003119,ACC100309,ACC100241,292.14,2026-04-10 22:01:00,UPI,DEV1293
TXN1003120,ACC100875,ACC100813,185.28,2026-05-27 10:56:00,UPI,DEV1235
TXN1003121,ACC100068,ACC100355,986.36,2026-02-11 07:10:00,BANK_TRANSFER,DEV1047
TXN1003122,ACC100023,ACC100797,727.85,2026-02-08 21:56:00,BANK_TRANSFER,DEV1085
TXN1003123,ACC100797,ACC100949,1098.92,2026-05-31 11:53:00,UPI,DEV1047
TXN1003124,ACC100310,ACC100203,1217.54,2026-05-03 09:27:00,BANK_TRANSFER,DEV1098
TXN1003125,ACC100058,ACC100626,21749.66,2026-02-20 00:10:00,BANK_TRANSFER,DEV1212
TXN1003126,ACC100481,ACC100084,730.48,2026-02-23 23:26:00,BANK_TRANSFER,DEV1255
TXN1003127,ACC100095,ACC100623,7302.18,2026-01-30 04:57:00,CARD,DEV1024
TXN1003128,ACC100648,ACC100154,7866.98,2026-02-08 03:56:00,IMPS,DEV1080
TXN1003129,ACC100120,ACC100887,2709.04,2026-06-25 23:54:00,CARD,DEV1209
TXN1003130,ACC100477,ACC100770,827.04,2026-06-19 04:45:00,UPI,DEV1058
TXN1003131,ACC100620,ACC100789,214.06,2026-06-22 03:02:00,UPI,DEV1057
TXN1003132,ACC100391,ACC100412,1946.0,2026-01-27 04:25:00,IMPS,DEV1021
TXN1003133,ACC100123,ACC100632,3724.08,2026-01-09 15:14:00,IMPS,DEV1175
TXN1003134,ACC100677,ACC100760,8930.48,2026-05-16 14:56:00,IMPS,DEV1101
TXN1003135,ACC100947,ACC100637,350.74,2026-02-24 01:15:00,NEFT,DEV1292
TXN1003136,ACC100197,ACC100441,818.74,2026-04-08 11:30:00,IMPS,DEV1274
TXN1003137,ACC100013,ACC100676,353.32,2026-02-15 15:32:00,NEFT,DEV1266
TXN1003138,ACC100106,ACC100153,512.77,2026-03-14 06:00:00,UPI,DEV1046
TXN1003139,ACC100291,ACC100023,2433.94,2026-05-23 23:18:00,CARD,DEV1268
TXN1003140,ACC100143,ACC100944,485.33,2026-03-28 00:17:00,BANK_TRANSFER,DEV1167
TXN1003141,ACC100137,ACC100153,407.84,2026-06-02 09:47:00,CARD,DEV1065
TXN1003142,ACC100017,ACC100860,2853.77,2026-06-01 06:36:00,NEFT,DEV1179
TXN1003143,ACC100738,ACC100389,1883.5,2026-01-17 22:21:00,UPI,DEV1109
TXN1003144,ACC100732,ACC100682,1669.06,2026-05-26 20:21:00,NEFT,DEV1065
TXN1003145,ACC100797,ACC100711,500.96,2026-05-30 16:56:00,UPI,DEV1049
TXN1003146,ACC100234,ACC100992,5175.17,2026-04-27 04:02:00,IMPS,DEV1141
TXN1003147,ACC100195,ACC100434,1115.87,2026-04-02 18:45:00,NEFT,DEV1276
TXN1003148,ACC100375,ACC100396,19076.8,2026-03-20 04:26:00,IMPS,DEV1013
TXN1003149,ACC100265,ACC100964,1330.62,2026-01-20 05:19:00,UPI,DEV1072
TXN1003150,ACC100493,ACC100952,66.69,2026-01-14 14:25:00,UPI,DEV1185
TXN1003151,ACC100628,ACC100165,63.22,2026-05-03 07:52:00,BANK_TRANSFER,DEV1253
TXN1003152,ACC100284,ACC100061,2318.65,2026-02-12 20:26:00,BANK_TRANSFER,DEV1031
TXN1003153,ACC100453,ACC100736,5221.78,2026-01-22 14:43:00,CARD,DEV1011
TXN1003154,ACC100422,ACC100233,428.12,2026-02-03 04:19:00,NEFT,DEV1271
TXN1003155,ACC100665,ACC100967,13645.63,2026-01-28 11:41:00,NEFT,DEV1133
TXN1003156,ACC100975,ACC100884,8067.5,2026-02-10 23:21:00,UPI,DEV1113
TXN1003157,ACC100718,ACC100727,1411.85,2026-03-15 01:06:00,IMPS,DEV1030
TXN1003158,ACC100127,ACC100017,2095.08,2026-06-07 12:23:00,CARD,DEV1254
TXN1003159,ACC100577,ACC100936,3208.11,2026-06-13 15:24:00,NEFT,DEV1216
TXN1003160,ACC100914,ACC100805,10593.48,2026-03-20 21:15:00,UPI,DEV1189
TXN1003161,ACC100453,ACC100604,2486.33,2026-06-23 11:52:00,NEFT,DEV1145
TXN1003162,ACC100435,ACC100863,1374.05,2026-02-14 08:24:00,NEFT,DEV1245
TXN1003163,ACC100861,ACC100108,2457.16,2026-02-05 08:34:00,CARD,DEV1222
TXN1003164,ACC100002,ACC100113,2089.82,2026-01-12 18:56:00,UPI,DEV1060
TXN1003165,ACC100816,ACC100802,3325.22,2026-05-12 04:11:00,UPI,DEV1106
TXN1003166,ACC100027,ACC100825,166.66,2026-04-16 18:54:00,IMPS,DEV1051
TXN1003167,ACC100460,ACC100408,1602.03,2026-03-12 03:04:00,CARD,DEV1082
TXN1003168,ACC100433,ACC100528,1905.56,2026-01-11 18:34:00,UPI,DEV1264
TXN1003169,ACC100099,ACC100831,1004.84,2026-06-21 12:30:00,CARD,DEV1054
TXN1003170,ACC100151,ACC100606,2810.17,2026-01-08 03:41:00,NEFT,DEV1031
TXN1003171,ACC100474,ACC100086,10997.26,2026-02-20 17:21:00,UPI,DEV1209
TXN1003172,ACC100463,ACC100104,1294.48,2026-03-05 01:50:00,CARD,DEV1117
TXN1003173,ACC100340,ACC100081,2515.09,2026-01-13 09:49:00,NEFT,DEV1271
TXN1003174,ACC100976,ACC100282,7536.53,2026-05-06 10:14:00,IMPS,DEV1205
TXN1003175,ACC100179,ACC100116,1331.26,2026-06-30 06:42:00,UPI,DEV1008
TXN1003176,ACC100578,ACC100445,377.6,2026-02-16 11:54:00,BANK_TRANSFER,DEV1270
TXN1003177,ACC100692,ACC100363,2296.02,2026-04-25 14:32:00,CARD,DEV1129
TXN1003178,ACC100508,ACC100030,78.1,2026-02-22 04:06:00,BANK_TRANSFER,DEV1002
TXN1003179,ACC100341,ACC100203,69.54,2026-06-21 06:50:00,BANK_TRANSFER,DEV1206
TXN1003180,ACC100160,ACC100842,1635.35,2026-04-23 08:40:00,CARD,DEV1201
TXN1003181,ACC100447,ACC100842,65.76,2026-02-08 02:41:00,NEFT,DEV1299
TXN1003182,ACC100065,ACC100537,226.29,2026-03-03 04:43:00,CARD,DEV1009
TXN1003183,ACC100032,ACC100058,694.98,2026-03-10 13:45:00,CARD,DEV1217
TXN1003184,ACC100102,ACC100318,461.42,2026-03-26 21:23:00,BANK_TRANSFER,DEV1012
TXN1003185,ACC100773,ACC100069,918.4,2026-01-30 01:43:00,CARD,DEV1248
TXN1003186,ACC100682,ACC100478,4169.05,2026-02-01 08:36:00,UPI,DEV1010
TXN1003187,ACC100766,ACC100670,1459.98,2026-03-09 19:59:00,IMPS,DEV1278
TXN1003188,ACC100786,ACC100964,400.54,2026-05-22 02:19:00,BANK_TRANSFER,DEV1138
TXN1003189,ACC100587,ACC100003,5571.0,2026-03-22 08:30:00,UPI,DEV1162
TXN1003190,ACC100803,ACC100176,197.43,2026-01-11 08:43:00,BANK_TRANSFER,DEV1256
TXN1003191,ACC100038,ACC100827,1431.19,2026-05-31 10:09:00,BANK_TRANSFER,DEV1254
TXN1003192,ACC100951,ACC100934,172.76,2026-04-12 20:41:00,BANK_TRANSFER,DEV1252
TXN1003193,ACC100654,ACC100229,1484.42,2026-06-15 02:13:00,IMPS,DEV1237
TXN1003194,ACC100604,ACC100449,748.18,2026-06-25 04:06:00,CARD,DEV1195
TXN1003195,ACC100617,ACC100569,4018.59,2026-03-16 03:29:00,CARD,DEV1195
TXN1003196,ACC100978,ACC100101,2604.06,2026-02-08 07:22:00,CARD,DEV1146
TXN1003197,ACC100975,ACC100050,542.09,2026-05-05 16:22:00,BANK_TRANSFER,DEV1136
TXN1003198,ACC100254,ACC100238,430.64,2026-02-14 11:00:00,CARD,DEV1093
TXN1003199,ACC100215,ACC100754,751.36,2026-06-26 17:35:00,BANK_TRANSFER,DEV1148
TXN1003200,ACC100596,ACC100582,10411.7,2026-01-30 20:50:00,CARD,DEV1007
TXN1003201,ACC100068,ACC100728,7653.22,2026-03-09 05:38:00,CARD,DEV1071
TXN1003202,ACC100026,ACC100219,343.12,2026-04-30 01:44:00,BANK_TRANSFER,DEV1235
TXN1003203,ACC100839,ACC100925,2864.85,2026-05-19 05:51:00,UPI,DEV1045
TXN1003204,ACC100420,ACC100056,137.32,2026-02-10 22:33:00,UPI,DEV1132
TXN1003205,ACC100097,ACC100870,641.1,2026-05-20 02:51:00,IMPS,DEV1189
TXN1003206,ACC100700,ACC100718,360.29,2026-06-07 19:30:00,BANK_TRANSFER,DEV1258
TXN1003207,ACC100906,ACC100798,3956.58,2026-05-30 15:18:00,IMPS,DEV1057
TXN1003208,ACC100085,ACC100999,233.02,2026-04-24 00:45:00,BANK_TRANSFER,DEV1257
TXN1003209,ACC100640,ACC100601,1835.77,2026-03-16 22:34:00,BANK_TRANSFER,DEV1015
TXN1003210,ACC100834,ACC100840,1097.57,2026-01-19 18:39:00,CARD,DEV1133
TXN1003211,ACC100311,ACC100547,888.43,2026-02-05 05:29:00,UPI,DEV1231
TXN1003212,ACC100969,ACC100901,8151.03,2026-04-02 17:48:00,BANK_TRANSFER,DEV1119
TXN1003213,ACC100584,ACC100450,9060.11,2026-05-10 12:45:00,CARD,DEV1005
TXN1003214,ACC100552,ACC100176,922.17,2026-01-16 00:52:00,NEFT,DEV1276
TXN1003215,ACC100047,ACC100428,724.08,2026-05-02 10:55:00,CARD,DEV1047
TXN1003216,ACC100848,ACC100862,179.78,2026-02-16 06:26:00,CARD,DEV1288
TXN1003217,ACC100087,ACC100306,1091.04,2026-06-02 13:45:00,UPI,DEV1043
TXN1003218,ACC100956,ACC100161,11429.62,2026-05-11 17:03:00,BANK_TRANSFER,DEV1138
TXN1003219,ACC100810,ACC100169,939.66,2026-06-03 22:53:00,CARD,DEV1286
TXN1003220,ACC100925,ACC100516,2629.4,2026-02-08 15:48:00,CARD,DEV1296
TXN1003221,ACC100965,ACC100686,205.0,2026-05-03 22:41:00,UPI,DEV1136
TXN1003222,ACC100044,ACC100602,650.84,2026-04-01 07:49:00,UPI,DEV1132
TXN1003223,ACC100926,ACC100809,1910.19,2026-01-23 19:49:00,CARD,DEV1057
TXN1003224,ACC100363,ACC100437,1245.18,2026-01-12 16:52:00,BANK_TRANSFER,DEV1127
TXN1003225,ACC100181,ACC100499,2950.12,2026-03-14 23:00:00,BANK_TRANSFER,DEV1285
TXN1003226,ACC100229,ACC100341,532.08,2026-04-07 12:05:00,UPI,DEV1235
TXN1003227,ACC100594,ACC100817,134.29,2026-06-18 22:52:00,CARD,DEV1093
TXN1003228,ACC100299,ACC100655,4215.44,2026-01-12 20:38:00,CARD,DEV1144
TXN1003229,ACC100855,ACC100624,356.6,2026-04-07 13:05:00,BANK_TRANSFER,DEV1127
TXN1003230,ACC100737,ACC100271,2014.09,2026-06-06 14:39:00,UPI,DEV1136
TXN1003231,ACC100463,ACC100523,1883.77,2026-03-21 05:10:00,UPI,DEV1227
TXN1003232,ACC100011,ACC100156,148.93,2026-05-24 11:32:00,UPI,DEV1197
TXN1003233,ACC100145,ACC100163,3862.04,2026-04-02 19:47:00,IMPS,DEV1208
TXN1003234,ACC100281,ACC100555,555.64,2026-05-20 04:16:00,UPI,DEV1257
TXN1003235,ACC100990,ACC100587,1171.53,2026-02-26 09:04:00,BANK_TRANSFER,DEV1204
TXN1003236,ACC100545,ACC100713,713.5,2026-05-09 07:46:00,BANK_TRANSFER,DEV1021
TXN1003237,ACC100901,ACC100446,7685.65,2026-02-05 08:49:00,CARD,DEV1245
TXN1003238,ACC100154,ACC100770,5498.27,2026-05-15 15:11:00,BANK_TRANSFER,DEV1294
TXN1003239,ACC100069,ACC100435,124.61,2026-01-06 21:16:00,UPI,DEV1045
TXN1003240,ACC100307,ACC100075,16491.37,2026-02-24 03:51:00,BANK_TRANSFER,DEV1127
TXN1003241,ACC100366,ACC100677,485.91,2026-06-03 21:50:00,IMPS,DEV1104
TXN1003242,ACC100731,ACC100417,13669.52,2026-01-28 07:56:00,IMPS,DEV1243
TXN1003243,ACC100736,ACC100417,806.37,2026-01-01 11:39:00,IMPS,DEV1127
TXN1003244,ACC100044,ACC100940,728.44,2026-03-07 10:57:00,BANK_TRANSFER,DEV1261
TXN1003245,ACC100096,ACC100410,815.02,2026-03-27 23:54:00,UPI,DEV1084
TXN1003246,ACC100368,ACC100928,677.94,2026-03-13 10:18:00,CARD,DEV1074
TXN1003247,ACC100268,ACC100127,22680.84,2026-06-07 03:19:00,CARD,DEV1162
TXN1003248,ACC100665,ACC100032,1000.61,2026-02-19 23:47:00,NEFT,DEV1140
TXN1003249,ACC100028,ACC100806,762.99,2026-05-26 14:12:00,CARD,DEV1032
TXN1003250,ACC100481,ACC100773,1202.81,2026-05-04 02:13:00,BANK_TRANSFER,DEV1064
TXN1003251,ACC100716,ACC100264,343.5,2026-06-02 18:22:00,BANK_TRANSFER,DEV1279
TXN1003252,ACC100645,ACC100042,7454.29,2026-05-20 18:28:00,UPI,DEV1205
TXN1003253,ACC100472,ACC100853,187.67,2026-05-22 04:57:00,UPI,DEV1139
TXN1003254,ACC100081,ACC100453,524.89,2026-03-11 14:07:00,BANK_TRANSFER,DEV1053
TXN1003255,ACC100806,ACC100231,3374.47,2026-03-25 21:14:00,IMPS,DEV1201
TXN1003256,ACC100641,ACC100385,1153.81,2026-03-09 18:38:00,CARD,DEV1275
TXN1003257,ACC100632,ACC100824,2119.76,2026-03-05 23:51:00,BANK_TRANSFER,DEV1202
TXN1003258,ACC100713,ACC100633,6903.59,2026-05-21 15:01:00,NEFT,DEV1259
TXN1003259,ACC100390,ACC100580,3657.6,2026-03-21 23:30:00,UPI,DEV1167
TXN1003260,ACC100348,ACC100602,1293.32,2026-03-08 10:42:00,UPI,DEV1056
TXN1003261,ACC100127,ACC100628,13456.41,2026-02-04 20:26:00,IMPS,DEV1029
TXN1003262,ACC100865,ACC100703,515.94,2026-05-03 12:19:00,IMPS,DEV1195
TXN1003263,ACC100910,ACC100711,972.27,2026-01-12 11:59:00,UPI,DEV1036
TXN1003264,ACC100485,ACC100080,1057.3,2026-04-19 23:18:00,UPI,DEV1116
TXN1003265,ACC100852,ACC100610,969.8,2026-05-18 18:57:00,CARD,DEV1106
TXN1003266,ACC100431,ACC100321,303.98,2026-03-05 14:01:00,IMPS,DEV1051
TXN1003267,ACC100527,ACC100593,163.96,2026-03-08 11:11:00,NEFT,DEV1028
TXN1003268,ACC100388,ACC100497,1809.2,2026-01-02 01:40:00,UPI,DEV1293
TXN1003269,ACC100308,ACC100826,512.77,2026-02-04 10:11:00,BANK_TRANSFER,DEV1297
TXN1003270,ACC100256,ACC100183,10822.37,2026-01-13 10:00:00,CARD,DEV1192
TXN1003271,ACC100698,ACC100885,1005.21,2026-03-12 19:00:00,BANK_TRANSFER,DEV1222
TXN1003272,ACC100441,ACC100509,810.96,2026-04-16 01:42:00,NEFT,DEV1223
TXN1003273,ACC100268,ACC100165,4077.37,2026-01-04 10:36:00,NEFT,DEV1216
TXN1003274,ACC100885,ACC100372,1776.91,2026-05-06 15:07:00,NEFT,DEV1275
TXN1003275,ACC100913,ACC100029,888.36,2026-05-27 15:22:00,NEFT,DEV1163
TXN1003276,ACC100987,ACC100226,508.33,2026-02-19 17:17:00,BANK_TRANSFER,DEV1014
TXN1003277,ACC100435,ACC100133,88365.97,2026-03-04 12:36:00,NEFT,DEV1207
TXN1003278,ACC100896,ACC100390,1692.81,2026-02-03 21:37:00,IMPS,DEV1214
TXN1003279,ACC100344,ACC100717,4029.17,2026-03-16 01:50:00,UPI,DEV1203
TXN1003280,ACC100647,ACC100342,321.33,2026-06-04 20:45:00,NEFT,DEV1117
TXN1003281,ACC100947,ACC100054,548.08,2026-01-03 23:42:00,CARD,DEV1082
TXN1003282,ACC100876,ACC100191,13833.04,2026-01-31 05:58:00,IMPS,DEV1150
TXN1003283,ACC100185,ACC100986,5862.42,2026-04-26 14:36:00,CARD,DEV1242
TXN1003284,ACC100318,ACC100410,1899.12,2026-02-04 10:47:00,BANK_TRANSFER,DEV1034
TXN1003285,ACC100399,ACC100028,693.75,2026-01-27 02:41:00,IMPS,DEV1143
TXN1003286,ACC100726,ACC100102,828.12,2026-01-24 12:42:00,BANK_TRANSFER,DEV1128
TXN1003287,ACC100546,ACC100816,487.2,2026-05-13 21:49:00,CARD,DEV1030
TXN1003288,ACC100006,ACC100778,273.63,2026-05-18 00:30:00,UPI,DEV1242
TXN1003289,ACC100602,ACC100528,3322.97,2026-04-12 16:25:00,CARD,DEV1286
TXN1003290,ACC100130,ACC100200,2093.51,2026-01-21 05:54:00,BANK_TRANSFER,DEV1183
TXN1003291,ACC100454,ACC100953,2652.6,2026-01-04 09:19:00,CARD,DEV1069
TXN1003292,ACC100735,ACC100418,731.96,2026-03-09 05:36:00,CARD,DEV1038
TXN1003293,ACC100150,ACC100747,1490.35,2026-01-29 05:37:00,UPI,DEV1104
TXN1003294,ACC100541,ACC100257,652.98,2026-02-28 16:20:00,NEFT,DEV1116
TXN1003295,ACC100440,ACC100354,458.17,2026-06-28 20:05:00,CARD,DEV1272
TXN1003296,ACC100049,ACC100472,8106.93,2026-05-22 11:57:00,IMPS,DEV1188
TXN1003297,ACC100271,ACC100970,1268.78,2026-05-12 05:58:00,NEFT,DEV1065
TXN1003298,ACC100126,ACC100687,2016.15,2026-05-23 23:42:00,IMPS,DEV1257
TXN1003299,ACC100332,ACC100899,2989.63,2026-03-06 12:21:00,NEFT,DEV1024
TXN1003300,ACC100032,ACC100692,1288.0,2026-04-20 08:41:00,NEFT,DEV1188
TXN1003301,ACC100292,ACC100667,1463.75,2026-04-30 11:33:00,IMPS,DEV1100
TXN1003302,ACC100865,ACC100901,297.69,2026-01-20 03:48:00,IMPS,DEV1099
TXN1003303,ACC100157,ACC100957,374.15,2026-04-25 09:44:00,BANK_TRANSFER,DEV1251
TXN1003304,ACC100698,ACC100962,351.65,2026-06-08 02:53:00,CARD,DEV1224
TXN1003305,ACC100922,ACC100792,2267.77,2026-04-12 07:02:00,IMPS,DEV1150
TXN1003306,ACC100660,ACC100656,1194.01,2026-06-23 05:40:00,CARD,DEV1086
TXN1003307,ACC100031,ACC100196,374.19,2026-05-23 18:23:00,CARD,DEV1086
TXN1003308,ACC100839,ACC100074,2199.79,2026-05-02 12:04:00,UPI,DEV1277
TXN1003309,ACC100062,ACC100820,2105.16,2026-01-18 20:42:00,CARD,DEV1126
TXN1003310,ACC100846,ACC100042,476.3,2026-03-07 11:13:00,IMPS,DEV1016
TXN1003311,ACC100395,ACC100623,1060.62,2026-02-28 11:05:00,BANK_TRANSFER,DEV1257
TXN1003312,ACC100849,ACC100148,2114.49,2026-03-10 21:18:00,IMPS,DEV1169
TXN1003313,ACC100868,ACC100235,391.5,2026-03-20 00:24:00,UPI,DEV1053
TXN1003314,ACC100527,ACC100070,2163.48,2026-04-12 15:02:00,CARD,DEV1258
TXN1003315,ACC100293,ACC100526,1573.77,2026-01-18 14:30:00,NEFT,DEV1088
TXN1003316,ACC100285,ACC100260,330.62,2026-03-07 22:52:00,NEFT,DEV1133
TXN1003317,ACC100268,ACC100437,1427.61,2026-01-14 18:08:00,IMPS,DEV1273
TXN1003318,ACC100900,ACC100370,1700.67,2026-06-26 02:15:00,CARD,DEV1111
TXN1003319,ACC100461,ACC100721,517.39,2026-05-22 03:39:00,UPI,DEV1164
TXN1003320,ACC100246,ACC100659,568.65,2026-06-02 04:12:00,IMPS,DEV1274
TXN1003321,ACC100467,ACC100983,326.98,2026-05-09 17:29:00,NEFT,DEV1275
TXN1003322,ACC100752,ACC100395,639.83,2026-06-09 19:23:00,BANK_TRANSFER,DEV1217
TXN1003323,ACC100600,ACC100540,1080.85,2026-05-12 05:17:00,BANK_TRANSFER,DEV1031
TXN1003324,ACC100313,ACC100322,570.53,2026-05-04 19:45:00,IMPS,DEV1245
TXN1003325,ACC100107,ACC100280,184.59,2026-04-26 23:14:00,IMPS,DEV1129
TXN1003326,ACC100385,ACC100238,479.96,2026-01-10 03:03:00,BANK_TRANSFER,DEV1276
TXN1003327,ACC100765,ACC100986,664.64,2026-04-08 08:37:00,IMPS,DEV1137
TXN1003328,ACC100135,ACC100926,2922.53,2026-02-22 19:00:00,IMPS,DEV1230
TXN1003329,ACC100166,ACC100533,2238.85,2026-03-02 08:07:00,BANK_TRANSFER,DEV1052
TXN1003330,ACC100154,ACC100999,2991.31,2026-01-29 22:03:00,BANK_TRANSFER,DEV1255
TXN1003331,ACC100030,ACC100401,451.77,2026-02-10 19:20:00,IMPS,DEV1088
TXN1003332,ACC100529,ACC100887,1299.66,2026-05-12 01:41:00,BANK_TRANSFER,DEV1285
TXN1003333,ACC100946,ACC100217,59.88,2026-02-12 04:58:00,UPI,DEV1022
TXN1003334,ACC100835,ACC100119,1834.83,2026-01-04 06:19:00,IMPS,DEV1089
TXN1003335,ACC100910,ACC100002,2282.62,2026-01-05 02:09:00,BANK_TRANSFER,DEV1197
TXN1003336,ACC100472,ACC100444,719.14,2026-04-08 03:54:00,UPI,DEV1015
TXN1003337,ACC100520,ACC100861,1563.24,2026-06-11 20:22:00,BANK_TRANSFER,DEV1246
TXN1003338,ACC100732,ACC100395,178.05,2026-02-01 00:22:00,BANK_TRANSFER,DEV1042
TXN1003339,ACC100837,ACC100302,419.36,2026-02-18 12:43:00,CARD,DEV1047
TXN1003340,ACC100295,ACC100063,2747.75,2026-03-02 18:52:00,NEFT,DEV1163
TXN1003341,ACC100665,ACC100249,2025.36,2026-06-14 02:54:00,BANK_TRANSFER,DEV1261
TXN1003342,ACC100773,ACC100048,668.99,2026-05-04 09:25:00,CARD,DEV1281
TXN1003343,ACC100656,ACC100141,2903.39,2026-02-19 10:44:00,NEFT,DEV1209
TXN1003344,ACC100887,ACC100602,1294.6,2026-03-22 23:05:00,UPI,DEV1017
TXN1003345,ACC100003,ACC100203,598.8,2026-01-05 15:36:00,CARD,DEV1093
TXN1003346,ACC100003,ACC100378,880.6,2026-03-13 11:14:00,BANK_TRANSFER,DEV1194
TXN1003347,ACC100448,ACC100854,634.92,2026-01-20 11:18:00,UPI,DEV1023
TXN1003348,ACC100446,ACC100443,264.93,2026-06-21 13:18:00,CARD,DEV1137
TXN1003349,ACC100094,ACC100075,4954.36,2026-01-04 22:05:00,CARD,DEV1189
TXN1003350,ACC100306,ACC100888,554.67,2026-01-23 03:04:00,IMPS,DEV1144
TXN1003351,ACC100001,ACC100827,403.9,2026-04-25 18:29:00,NEFT,DEV1051
TXN1003352,ACC100408,ACC100628,175.0,2026-06-01 09:10:00,BANK_TRANSFER,DEV1240
TXN1003353,ACC100042,ACC100535,46.38,2026-06-07 00:30:00,NEFT,DEV1287
TXN1003354,ACC100778,ACC100199,2544.77,2026-04-21 14:19:00,BANK_TRANSFER,DEV1103
TXN1003355,ACC100301,ACC100567,2842.19,2026-02-06 12:53:00,BANK_TRANSFER,DEV1290
TXN1003356,ACC100578,ACC100636,4590.05,2026-04-14 05:26:00,CARD,DEV1235
TXN1003357,ACC100803,ACC100015,917.04,2026-05-16 07:59:00,BANK_TRANSFER,DEV1221
TXN1003358,ACC100571,ACC100568,745.17,2026-05-14 21:41:00,BANK_TRANSFER,DEV1060
TXN1003359,ACC100483,ACC100541,596.29,2026-06-24 22:32:00,CARD,DEV1037
TXN1003360,ACC100372,ACC100031,665.23,2026-04-05 20:11:00,CARD,DEV1092
TXN1003361,ACC100371,ACC100464,4203.82,2026-01-20 19:26:00,CARD,DEV1193
TXN1003362,ACC100023,ACC100709,1062.29,2026-06-02 08:04:00,IMPS,DEV1011
TXN1003363,ACC100965,ACC100089,1726.21,2026-02-03 14:43:00,NEFT,DEV1232
TXN1003364,ACC100869,ACC100986,645.22,2026-06-11 17:49:00,BANK_TRANSFER,DEV1286
TXN1003365,ACC100850,ACC100893,5350.89,2026-02-17 12:58:00,UPI,DEV1154
TXN1003366,ACC100080,ACC100566,111.53,2026-01-02 19:30:00,NEFT,DEV1071
TXN1003367,ACC100963,ACC100074,253.5,2026-04-29 12:19:00,NEFT,DEV1261
TXN1003368,ACC100321,ACC100994,1729.61,2026-01-31 15:43:00,CARD,DEV1233
TXN1003369,ACC100297,ACC100723,8961.86,2026-01-24 22:54:00,IMPS,DEV1249
TXN1003370,ACC100303,ACC100394,837.05,2026-06-04 06:18:00,UPI,DEV1049
TXN1003371,ACC100554,ACC100689,399.08,2026-06-15 18:49:00,IMPS,DEV1143
TXN1003372,ACC100094,ACC100623,3643.85,2026-06-01 13:44:00,IMPS,DEV1223
TXN1003373,ACC100272,ACC100181,1617.18,2026-02-11 04:48:00,BANK_TRANSFER,DEV1244
TXN1003374,ACC100342,ACC100524,5157.75,2026-05-31 02:32:00,CARD,DEV1027
TXN1003375,ACC100830,ACC100724,233.13,2026-03-09 12:30:00,NEFT,DEV1067
TXN1003376,ACC100107,ACC100843,4693.82,2026-05-22 11:49:00,NEFT,DEV1190
TXN1003377,ACC100497,ACC100853,171.03,2026-01-12 10:53:00,CARD,DEV1258
TXN1003378,ACC100129,ACC100002,776.03,2026-05-28 04:49:00,IMPS,DEV1187
TXN1003379,ACC100508,ACC100850,1799.64,2026-01-01 19:36:00,UPI,DEV1025
TXN1003380,ACC100064,ACC100647,1370.89,2026-04-13 07:29:00,NEFT,DEV1209
TXN1003381,ACC100281,ACC100973,3915.55,2026-01-14 15:40:00,IMPS,DEV1108
TXN1003382,ACC100847,ACC100139,122.49,2026-03-13 16:02:00,IMPS,DEV1257
TXN1003383,ACC100166,ACC100941,1298.82,2026-05-24 20:51:00,NEFT,DEV1143
TXN1003384,ACC100005,ACC100059,4626.57,2026-01-23 16:34:00,BANK_TRANSFER,DEV1264
TXN1003385,ACC100187,ACC100164,1177.51,2026-06-26 08:56:00,CARD,DEV1123
TXN1003386,ACC100092,ACC100139,278.44,2026-04-18 02:28:00,CARD,DEV1277
TXN1003387,ACC100946,ACC100953,3673.9,2026-04-06 00:12:00,CARD,DEV1033
TXN1003388,ACC100060,ACC100805,503.72,2026-03-31 19:11:00,UPI,DEV1046
TXN1003389,ACC100118,ACC100588,407.81,2026-04-06 00:02:00,BANK_TRANSFER,DEV1091
TXN1003390,ACC100864,ACC100474,350.67,2026-01-28 22:25:00,UPI,DEV1161
TXN1003391,ACC100190,ACC100437,864.0,2026-01-21 01:29:00,NEFT,DEV1116
TXN1003392,ACC100969,ACC100836,1366.04,2026-04-23 01:49:00,BANK_TRANSFER,DEV1069
TXN1003393,ACC100204,ACC100044,239.15,2026-01-09 15:46:00,UPI,DEV1220
TXN1003394,ACC100607,ACC100321,306.01,2026-06-24 00:30:00,UPI,DEV1247
TXN1003395,ACC100262,ACC100927,476.57,2026-06-29 22:18:00,UPI,DEV1258
TXN1003396,ACC100587,ACC100804,348.63,2026-03-21 19:10:00,NEFT,DEV1150
TXN1003397,ACC100232,ACC100830,1146.09,2026-06-15 04:48:00,BANK_TRANSFER,DEV1267
TXN1003398,ACC100479,ACC100423,1691.66,2026-06-01 18:57:00,BANK_TRANSFER,DEV1109
TXN1003399,ACC100885,ACC100878,1434.61,2026-04-16 11:45:00,IMPS,DEV1131
TXN1003400,ACC100285,ACC100979,1437.12,2026-05-01 03:56:00,CARD,DEV1045
TXN1003401,ACC100982,ACC100639,8145.25,2026-05-12 04:49:00,CARD,DEV1103
TXN1003402,ACC100824,ACC100318,1823.33,2026-05-18 02:49:00,IMPS,DEV1036
TXN1003403,ACC100036,ACC100264,2809.49,2026-03-27 01:32:00,IMPS,DEV1180
TXN1003404,ACC100793,ACC100574,666.78,2026-06-19 20:50:00,CARD,DEV1113
TXN1003405,ACC100701,ACC100187,3404.34,2026-01-18 15:59:00,NEFT,DEV1109
TXN1003406,ACC100994,ACC100902,629.66,2026-04-03 14:56:00,NEFT,DEV1268
TXN1003407,ACC100782,ACC100902,1796.76,2026-03-03 11:30:00,IMPS,DEV1215
TXN1003408,ACC100542,ACC100061,211.53,2026-04-14 09:19:00,BANK_TRANSFER,DEV1222
TXN1003409,ACC100039,ACC100763,1338.74,2026-04-20 15:17:00,IMPS,DEV1280
TXN1003410,ACC100224,ACC100734,340.2,2026-03-06 10:13:00,BANK_TRANSFER,DEV1257
TXN1003411,ACC100199,ACC100560,3371.94,2026-03-19 06:02:00,NEFT,DEV1116
TXN1003412,ACC100391,ACC100943,3137.09,2026-06-11 10:10:00,CARD,DEV1070
TXN1003413,ACC100553,ACC100048,626.44,2026-03-26 11:24:00,UPI,DEV1228
TXN1003414,ACC100835,ACC100454,12829.34,2026-03-12 01:42:00,CARD,DEV1184
TXN1003415,ACC100459,ACC100634,778.17,2026-03-27 12:01:00,UPI,DEV1186
TXN1003416,ACC100983,ACC100406,158.47,2026-02-10 07:01:00,BANK_TRANSFER,DEV1093
TXN1003417,ACC100746,ACC100844,430.55,2026-01-03 20:16:00,UPI,DEV1276
TXN1003418,ACC100959,ACC100341,313.26,2026-03-25 03:39:00,UPI,DEV1252
TXN1003419,ACC100644,ACC100716,1729.39,2026-03-21 00:56:00,BANK_TRANSFER,DEV1052
TXN1003420,ACC100910,ACC100239,249.03,2026-01-26 02:50:00,UPI,DEV1236
TXN1003421,ACC100797,ACC100519,574.18,2026-04-10 03:14:00,BANK_TRANSFER,DEV1009
TXN1003422,ACC100145,ACC100336,1599.53,2026-03-17 15:11:00,CARD,DEV1027
TXN1003423,ACC100703,ACC100719,1295.14,2026-02-15 05:44:00,UPI,DEV1207
TXN1003424,ACC100734,ACC100635,1080.12,2026-04-05 07:58:00,NEFT,DEV1137
TXN1003425,ACC100715,ACC100963,1275.64,2026-01-22 23:17:00,IMPS,DEV1000
TXN1003426,ACC100914,ACC100084,703.03,2026-06-20 04:36:00,IMPS,DEV1224
TXN1003427,ACC100922,ACC100321,160.05,2026-05-25 12:11:00,UPI,DEV1005
TXN1003428,ACC100161,ACC100880,681.16,2026-04-17 23:52:00,UPI,DEV1040
TXN1003429,ACC100327,ACC100113,1924.65,2026-03-28 07:19:00,IMPS,DEV1177
TXN1003430,ACC100989,ACC100817,930.46,2026-06-17 23:25:00,BANK_TRANSFER,DEV1132
TXN1003431,ACC100450,ACC100648,1754.23,2026-06-08 11:35:00,UPI,DEV1224
TXN1003432,ACC100289,ACC100044,542.32,2026-05-07 03:24:00,CARD,DEV1097
TXN1003433,ACC100864,ACC100132,3616.29,2026-04-29 20:18:00,BANK_TRANSFER,DEV1025
TXN1003434,ACC100953,ACC100362,51.03,2026-06-01 23:00:00,NEFT,DEV1014
TXN1003435,ACC100935,ACC100236,1299.49,2026-06-20 02:14:00,UPI,DEV1004
TXN1003436,ACC100402,ACC100294,5533.95,2026-06-23 21:13:00,IMPS,DEV1155
TXN1003437,ACC100791,ACC100738,6615.95,2026-01-04 06:56:00,BANK_TRANSFER,DEV1060
TXN1003438,ACC100003,ACC100284,830.32,2026-03-31 04:18:00,UPI,DEV1109
TXN1003439,ACC100438,ACC100046,223.31,2026-05-10 20:52:00,NEFT,DEV1032
TXN1003440,ACC100073,ACC100555,5652.02,2026-03-18 21:23:00,BANK_TRANSFER,DEV1048
TXN1003441,ACC100978,ACC100226,1030.46,2026-06-17 11:29:00,BANK_TRANSFER,DEV1089
TXN1003442,ACC100982,ACC100558,906.18,2026-04-02 11:48:00,IMPS,DEV1191
TXN1003443,ACC100702,ACC100580,375.62,2026-03-29 05:00:00,UPI,DEV1185
TXN1003444,ACC100397,ACC100072,244.72,2026-01-09 02:01:00,CARD,DEV1249
TXN1003445,ACC100583,ACC100963,2157.35,2026-05-28 00:26:00,UPI,DEV1203
TXN1003446,ACC100584,ACC100438,2450.01,2026-05-21 02:00:00,UPI,DEV1279
TXN1003447,ACC100396,ACC100734,1396.68,2026-04-23 16:17:00,NEFT,DEV1022
TXN1003448,ACC100796,ACC100712,438.41,2026-03-03 16:20:00,BANK_TRANSFER,DEV1136
TXN1003449,ACC100711,ACC100696,305.52,2026-02-02 07:26:00,IMPS,DEV1291
TXN1003450,ACC100868,ACC100295,196.63,2026-03-20 19:49:00,NEFT,DEV1115
TXN1003451,ACC100021,ACC100002,559.67,2026-04-11 16:45:00,CARD,DEV1193
TXN1003452,ACC100776,ACC100868,327.99,2026-02-10 11:24:00,NEFT,DEV1004
TXN1003453,ACC100223,ACC100164,141.01,2026-06-12 11:52:00,UPI,DEV1037
TXN1003454,ACC100505,ACC100217,2396.14,2026-04-08 10:41:00,NEFT,DEV1066
TXN1003455,ACC100920,ACC100400,225.23,2026-02-17 09:45:00,UPI,DEV1235
TXN1003456,ACC100550,ACC100260,3571.38,2026-02-17 19:52:00,UPI,DEV1095
TXN1003457,ACC100677,ACC100969,1759.68,2026-05-27 23:58:00,IMPS,DEV1112
TXN1003458,ACC100808,ACC100226,1561.2,2026-03-20 11:17:00,UPI,DEV1035
TXN1003459,ACC100015,ACC100754,8089.89,2026-01-09 19:30:00,UPI,DEV1215
TXN1003460,ACC100859,ACC100693,234.4,2026-01-12 12:09:00,IMPS,DEV1002
TXN1003461,ACC100652,ACC100782,3129.18,2026-05-19 18:58:00,CARD,DEV1261
TXN1003462,ACC100259,ACC100248,767.26,2026-01-04 05:10:00,UPI,DEV1045
TXN1003463,ACC100393,ACC100402,23987.41,2026-04-24 07:30:00,IMPS,DEV1003
TXN1003464,ACC100288,ACC100917,694.4,2026-06-23 11:25:00,CARD,DEV1171
TXN1003465,ACC100772,ACC100897,572.05,2026-05-25 18:59:00,BANK_TRANSFER,DEV1230
TXN1003466,ACC100331,ACC100877,1827.39,2026-05-25 06:21:00,UPI,DEV1087
TXN1003467,ACC100607,ACC100754,853.47,2026-06-01 14:27:00,NEFT,DEV1085
TXN1003468,ACC100404,ACC100047,441.35,2026-03-01 08:12:00,CARD,DEV1091
TXN1003469,ACC100816,ACC100008,342.29,2026-06-27 04:49:00,CARD,DEV1189
TXN1003470,ACC100362,ACC100533,6309.71,2026-02-17 02:39:00,NEFT,DEV1236
TXN1003471,ACC100474,ACC100911,271.47,2026-01-07 23:43:00,BANK_TRANSFER,DEV1064
TXN1003472,ACC100001,ACC100929,1433.26,2026-04-24 03:54:00,UPI,DEV1176
TXN1003473,ACC100862,ACC100165,3894.89,2026-02-27 18:47:00,UPI,DEV1092
TXN1003474,ACC100193,ACC100441,4127.36,2026-06-29 05:44:00,UPI,DEV1087
TXN1003475,ACC100069,ACC100361,532.73,2026-05-15 04:14:00,BANK_TRANSFER,DEV1293
TXN1003476,ACC100931,ACC100500,856.26,2026-01-02 23:25:00,NEFT,DEV1289
TXN1003477,ACC100096,ACC100444,678.42,2026-01-28 03:49:00,BANK_TRANSFER,DEV1223
TXN1003478,ACC100216,ACC100548,173.81,2026-04-06 11:20:00,BANK_TRANSFER,DEV1281
TXN1003479,ACC100083,ACC100747,2090.21,2026-05-31 10:40:00,BANK_TRANSFER,DEV1237
TXN1003480,ACC100706,ACC100996,1148.49,2026-05-01 05:42:00,UPI,DEV1195
TXN1003481,ACC100569,ACC100529,6177.7,2026-01-12 01:43:00,NEFT,DEV1121
TXN1003482,ACC100490,ACC100547,408.36,2026-06-29 20:36:00,IMPS,DEV1034
TXN1003483,ACC100560,ACC100384,4049.85,2026-06-05 05:16:00,BANK_TRANSFER,DEV1297
TXN1003484,ACC100491,ACC100920,4407.58,2026-02-14 17:22:00,NEFT,DEV1169
TXN1003485,ACC100984,ACC100903,1160.36,2026-03-21 01:49:00,UPI,DEV1263
TXN1003486,ACC100141,ACC100172,81.04,2026-05-03 05:32:00,UPI,DEV1027
TXN1003487,ACC100181,ACC100564,592.84,2026-02-24 20:59:00,NEFT,DEV1274
TXN1003488,ACC100130,ACC100640,9349.19,2026-02-28 04:37:00,IMPS,DEV1030
TXN1003489,ACC100258,ACC100090,1566.29,2026-03-13 09:30:00,CARD,DEV1142
TXN1003490,ACC100670,ACC100216,2520.16,2026-02-03 17:54:00,UPI,DEV1033
TXN1003491,ACC100431,ACC100997,985.35,2026-04-03 19:42:00,BANK_TRANSFER,DEV1100
TXN1003492,ACC100717,ACC100010,838.71,2026-06-22 04:19:00,UPI,DEV1065
TXN1003493,ACC100036,ACC100649,116.65,2026-02-23 01:43:00,NEFT,DEV1076
TXN1003494,ACC100224,ACC100872,2846.05,2026-02-03 04:27:00,CARD,DEV1254
TXN1003495,ACC100367,ACC100870,4006.28,2026-02-02 23:44:00,UPI,DEV1124
TXN1003496,ACC100381,ACC100735,350.36,2026-02-19 01:24:00,IMPS,DEV1257
TXN1003497,ACC100095,ACC100427,884.81,2026-03-27 01:36:00,CARD,DEV1129
TXN1003498,ACC100405,ACC100201,752.58,2026-01-01 23:17:00,UPI,DEV1176
TXN1003499,ACC100732,ACC100812,1815.62,2026-06-02 07:52:00,CARD,DEV1233
TXN1003500,ACC100470,ACC100364,570.64,2026-04-12 19:57:00,UPI,DEV1275
TXN1003501,ACC100229,ACC100135,3352.99,2026-01-19 23:20:00,UPI,DEV1082
TXN1003502,ACC100612,ACC100091,1194.63,2026-04-17 23:18:00,UPI,DEV1240
TXN1003503,ACC100305,ACC100387,51.45,2026-06-05 01:23:00,IMPS,DEV1298
TXN1003504,ACC100767,ACC100978,1865.46,2026-05-16 07:26:00,UPI,DEV1014
TXN1003505,ACC100269,ACC100253,3625.04,2026-05-19 09:25:00,UPI,DEV1198
TXN1003506,ACC100401,ACC100166,275.21,2026-02-08 19:22:00,UPI,DEV1103
TXN1003507,ACC100961,ACC100121,1790.9,2026-04-18 16:37:00,UPI,DEV1256
TXN1003508,ACC100057,ACC100375,9857.14,2026-04-14 19:01:00,NEFT,DEV1213
TXN1003509,ACC100861,ACC100992,1254.48,2026-04-11 15:43:00,UPI,DEV1196
TXN1003510,ACC100239,ACC100717,4315.44,2026-04-11 05:13:00,UPI,DEV1292
TXN1003511,ACC100524,ACC100823,645.11,2026-04-11 12:21:00,NEFT,DEV1030
TXN1003512,ACC100310,ACC100595,1073.25,2026-03-15 08:41:00,NEFT,DEV1018
TXN1003513,ACC100451,ACC100988,857.87,2026-04-21 13:21:00,IMPS,DEV1156
TXN1003514,ACC100619,ACC100788,689.15,2026-02-18 07:40:00,BANK_TRANSFER,DEV1213
TXN1003515,ACC100352,ACC100008,918.49,2026-03-19 22:05:00,BANK_TRANSFER,DEV1192
TXN1003516,ACC100171,ACC100464,154.96,2026-02-18 04:25:00,IMPS,DEV1197
TXN1003517,ACC100137,ACC100444,737.26,2026-01-31 03:01:00,NEFT,DEV1075
TXN1003518,ACC100261,ACC100221,5460.89,2026-04-16 22:42:00,IMPS,DEV1175
TXN1003519,ACC100963,ACC100670,345.01,2026-05-23 23:44:00,NEFT,DEV1136
TXN1003520,ACC100689,ACC100154,305.1,2026-01-26 23:10:00,BANK_TRANSFER,DEV1262
TXN1003521,ACC100651,ACC100907,1180.22,2026-01-11 18:13:00,CARD,DEV1050
TXN1003522,ACC100757,ACC100637,1253.16,2026-04-15 05:02:00,IMPS,DEV1159
TXN1003523,ACC100929,ACC100840,1724.96,2026-01-22 22:27:00,BANK_TRANSFER,DEV1292
TXN1003524,ACC100699,ACC100389,956.72,2026-03-09 07:31:00,IMPS,DEV1286
TXN1003525,ACC100346,ACC100824,1195.4,2026-03-03 04:34:00,NEFT,DEV1235
TXN1003526,ACC100997,ACC100980,719.77,2026-02-17 12:28:00,UPI,DEV1186
TXN1003527,ACC100544,ACC100241,237.23,2026-02-27 08:22:00,NEFT,DEV1103
TXN1003528,ACC100972,ACC100834,1006.6,2026-01-09 23:32:00,IMPS,DEV1039
TXN1003529,ACC100080,ACC100723,2616.3,2026-04-04 22:49:00,BANK_TRANSFER,DEV1255
TXN1003530,ACC100415,ACC100028,2034.62,2026-04-06 09:06:00,NEFT,DEV1239
TXN1003531,ACC100797,ACC100745,135.22,2026-04-10 23:32:00,BANK_TRANSFER,DEV1137
TXN1003532,ACC100511,ACC100338,1483.72,2026-04-27 13:42:00,BANK_TRANSFER,DEV1137
TXN1003533,ACC100739,ACC100790,375.66,2026-06-12 11:27:00,IMPS,DEV1184
TXN1003534,ACC100990,ACC100245,5828.98,2026-04-22 12:39:00,BANK_TRANSFER,DEV1241
TXN1003535,ACC100877,ACC100277,1622.18,2026-04-11 13:11:00,BANK_TRANSFER,DEV1257
TXN1003536,ACC100391,ACC100985,3214.87,2026-01-17 14:42:00,IMPS,DEV1143
TXN1003537,ACC100129,ACC100080,1124.85,2026-02-15 11:42:00,NEFT,DEV1189
TXN1003538,ACC100022,ACC100548,1013.06,2026-06-28 00:16:00,BANK_TRANSFER,DEV1170
TXN1003539,ACC100947,ACC100858,6601.25,2026-06-08 10:27:00,BANK_TRANSFER,DEV1044
TXN1003540,ACC100834,ACC100349,3523.92,2026-02-17 13:37:00,BANK_TRANSFER,DEV1073
TXN1003541,ACC100330,ACC100805,1263.23,2026-04-06 19:39:00,CARD,DEV1203
TXN1003542,ACC100309,ACC100864,862.99,2026-04-25 06:12:00,UPI,DEV1122
TXN1003543,ACC100013,ACC100464,141.37,2026-03-12 04:39:00,IMPS,DEV1188
TXN1003544,ACC100795,ACC100734,1618.87,2026-05-31 04:03:00,NEFT,DEV1092
TXN1003545,ACC100394,ACC100125,942.63,2026-03-15 01:47:00,NEFT,DEV1278
TXN1003546,ACC100597,ACC100200,2131.85,2026-03-05 05:22:00,CARD,DEV1059
TXN1003547,ACC100308,ACC100795,3069.85,2026-03-23 10:32:00,IMPS,DEV1028
TXN1003548,ACC100463,ACC100580,4815.07,2026-04-16 07:30:00,CARD,DEV1115
TXN1003549,ACC100106,ACC100984,1643.18,2026-06-24 00:37:00,UPI,DEV1273
TXN1003550,ACC100661,ACC100702,312.43,2026-02-01 16:55:00,BANK_TRANSFER,DEV1182
TXN1003551,ACC100941,ACC100171,83.16,2026-02-06 04:06:00,UPI,DEV1188
TXN1003552,ACC100747,ACC100562,407.63,2026-04-25 03:09:00,BANK_TRANSFER,DEV1143
TXN1003553,ACC100325,ACC100160,5432.67,2026-02-23 12:22:00,NEFT,DEV1090
TXN1003554,ACC100443,ACC100910,9780.93,2026-05-10 15:43:00,NEFT,DEV1136
TXN1003555,ACC100864,ACC100696,824.29,2026-06-16 23:10:00,CARD,DEV1024
TXN1003556,ACC100115,ACC100509,189.97,2026-02-19 21:56:00,IMPS,DEV1012
TXN1003557,ACC100708,ACC100541,503.66,2026-04-16 11:39:00,IMPS,DEV1113
TXN1003558,ACC100926,ACC100455,4295.69,2026-04-29 15:27:00,IMPS,DEV1295
TXN1003559,ACC100440,ACC100409,539.58,2026-06-24 11:03:00,CARD,DEV1096
TXN1003560,ACC100199,ACC100479,2223.75,2026-01-01 03:48:00,NEFT,DEV1031
TXN1003561,ACC100661,ACC100847,1342.47,2026-01-12 21:28:00,NEFT,DEV1078
TXN1003562,ACC100833,ACC100449,2570.88,2026-05-18 02:08:00,UPI,DEV1188
TXN1003563,ACC100333,ACC100664,9716.82,2026-05-13 22:28:00,UPI,DEV1018
TXN1003564,ACC100025,ACC100942,2225.5,2026-02-08 16:30:00,IMPS,DEV1065
TXN1003565,ACC100067,ACC100316,1308.06,2026-02-17 10:54:00,CARD,DEV1099
TXN1003566,ACC100122,ACC100435,11092.76,2026-01-07 20:37:00,NEFT,DEV1116
TXN1003567,ACC100990,ACC100587,1668.14,2026-06-27 04:12:00,IMPS,DEV1203
TXN1003568,ACC100541,ACC100825,423.46,2026-06-10 23:41:00,UPI,DEV1253
TXN1003569,ACC100168,ACC100930,2502.28,2026-01-09 06:46:00,UPI,DEV1101
TXN1003570,ACC100387,ACC100637,1876.09,2026-03-30 11:58:00,IMPS,DEV1265
TXN1003571,ACC100794,ACC100400,757.87,2026-02-15 00:54:00,BANK_TRANSFER,DEV1095
TXN1003572,ACC100589,ACC100743,589.28,2026-06-11 16:32:00,IMPS,DEV1176
TXN1003573,ACC100130,ACC100736,766.69,2026-04-06 21:00:00,NEFT,DEV1109
TXN1003574,ACC100931,ACC100240,579.25,2026-02-07 05:46:00,IMPS,DEV1226
TXN1003575,ACC100232,ACC100716,797.19,2026-06-07 06:29:00,BANK_TRANSFER,DEV1089
TXN1003576,ACC100001,ACC100294,398.87,2026-04-04 16:10:00,IMPS,DEV1181
TXN1003577,ACC100230,ACC100132,1743.04,2026-02-28 14:26:00,CARD,DEV1044
TXN1003578,ACC100519,ACC100358,1593.11,2026-01-09 16:01:00,CARD,DEV1046
TXN1003579,ACC100929,ACC100050,1659.45,2026-05-22 15:40:00,UPI,DEV1261
TXN1003580,ACC100191,ACC100398,1017.55,2026-06-05 16:59:00,UPI,DEV1258
TXN1003581,ACC100826,ACC100162,886.08,2026-02-21 13:00:00,UPI,DEV1050
TXN1003582,ACC100014,ACC100503,6188.25,2026-02-01 05:19:00,CARD,DEV1051
TXN1003583,ACC100362,ACC100660,1189.02,2026-05-22 07:35:00,BANK_TRANSFER,DEV1286
TXN1003584,ACC100647,ACC100984,4996.64,2026-02-16 03:03:00,CARD,DEV1222
TXN1003585,ACC100945,ACC100724,331.72,2026-03-09 18:13:00,NEFT,DEV1206
TXN1003586,ACC100489,ACC100205,2223.89,2026-03-25 15:06:00,NEFT,DEV1067
TXN1003587,ACC100148,ACC100214,454.12,2026-02-25 23:34:00,IMPS,DEV1072
TXN1003588,ACC100975,ACC100165,562.63,2026-05-11 00:34:00,UPI,DEV1149
TXN1003589,ACC100259,ACC100157,668.95,2026-03-30 19:07:00,BANK_TRANSFER,DEV1078
TXN1003590,ACC100734,ACC100835,620.47,2026-06-20 23:23:00,IMPS,DEV1091
TXN1003591,ACC100751,ACC100981,624.2,2026-04-01 13:49:00,UPI,DEV1193
TXN1003592,ACC100187,ACC100840,4725.51,2026-06-08 11:31:00,IMPS,DEV1190
TXN1003593,ACC100671,ACC100050,1158.05,2026-04-10 08:16:00,CARD,DEV1125
TXN1003594,ACC100068,ACC100875,1436.65,2026-06-15 03:54:00,BANK_TRANSFER,DEV1028
TXN1003595,ACC100278,ACC100406,633.59,2026-06-25 16:47:00,NEFT,DEV1053
TXN1003596,ACC100847,ACC100241,3066.61,2026-01-02 16:34:00,NEFT,DEV1117
TXN1003597,ACC100877,ACC100572,1679.19,2026-03-20 04:09:00,BANK_TRANSFER,DEV1165
TXN1003598,ACC100152,ACC100013,756.94,2026-06-18 02:26:00,IMPS,DEV1197
TXN1003599,ACC100178,ACC100410,163.83,2026-06-19 01:57:00,BANK_TRANSFER,DEV1146
TXN1003600,ACC100679,ACC100408,1421.62,2026-02-28 19:29:00,CARD,DEV1187
TXN1003601,ACC100395,ACC100064,2188.16,2026-03-22 09:26:00,CARD,DEV1023
TXN1003602,ACC100370,ACC100326,338.79,2026-03-06 19:24:00,UPI,DEV1089
TXN1003603,ACC100959,ACC100641,769.33,2026-06-18 02:17:00,NEFT,DEV1044
TXN1003604,ACC100438,ACC100737,2089.32,2026-03-10 02:27:00,UPI,DEV1289
TXN1003605,ACC100784,ACC100940,166.48,2026-06-22 11:40:00,NEFT,DEV1219
TXN1003606,ACC100278,ACC100017,503.4,2026-05-26 22:53:00,UPI,DEV1295
TXN1003607,ACC100738,ACC100384,1723.81,2026-06-01 07:13:00,BANK_TRANSFER,DEV1164
TXN1003608,ACC100461,ACC100560,4129.96,2026-05-08 12:12:00,IMPS,DEV1030
TXN1003609,ACC100488,ACC100822,15107.34,2026-01-01 04:40:00,UPI,DEV1129
TXN1003610,ACC100172,ACC100445,11503.26,2026-02-10 22:45:00,UPI,DEV1036
TXN1003611,ACC100637,ACC100887,1303.13,2026-06-16 16:56:00,UPI,DEV1069
TXN1003612,ACC100746,ACC100677,613.35,2026-01-23 05:06:00,NEFT,DEV1037
TXN1003613,ACC100963,ACC100206,3320.09,2026-05-27 08:18:00,CARD,DEV1206
TXN1003614,ACC100473,ACC100544,571.17,2026-05-26 22:05:00,CARD,DEV1207
TXN1003615,ACC100037,ACC100579,439.43,2026-05-14 16:11:00,IMPS,DEV1037
TXN1003616,ACC100168,ACC100436,760.28,2026-05-06 16:30:00,IMPS,DEV1040
TXN1003617,ACC100817,ACC100616,654.06,2026-02-17 04:30:00,CARD,DEV1199
TXN1003618,ACC100691,ACC100782,1799.31,2026-01-08 15:42:00,NEFT,DEV1295
TXN1003619,ACC100986,ACC100543,532.25,2026-05-17 21:13:00,CARD,DEV1278
TXN1003620,ACC100430,ACC100360,1214.57,2026-03-02 21:45:00,IMPS,DEV1292
TXN1003621,ACC100921,ACC100937,7434.93,2026-06-28 23:39:00,NEFT,DEV1103
TXN1003622,ACC100118,ACC100617,1269.74,2026-01-24 21:30:00,CARD,DEV1168
TXN1003623,ACC100316,ACC100192,6768.88,2026-01-08 17:29:00,BANK_TRANSFER,DEV1171
TXN1003624,ACC100186,ACC100238,4639.99,2026-02-01 04:56:00,UPI,DEV1081
TXN1003625,ACC100123,ACC100600,2231.54,2026-01-18 12:00:00,UPI,DEV1178
TXN1003626,ACC100497,ACC100826,716.96,2026-04-07 09:17:00,NEFT,DEV1288
TXN1003627,ACC100655,ACC100467,3822.31,2026-03-14 16:22:00,UPI,DEV1025
TXN1003628,ACC100001,ACC100143,812.43,2026-04-18 19:09:00,CARD,DEV1202
TXN1003629,ACC100313,ACC100316,1093.99,2026-05-20 22:42:00,CARD,DEV1254
TXN1003630,ACC100410,ACC100304,1629.84,2026-05-27 15:17:00,BANK_TRANSFER,DEV1230
TXN1003631,ACC100945,ACC100316,1089.59,2026-01-23 14:19:00,IMPS,DEV1197
TXN1003632,ACC100911,ACC100355,462.05,2026-04-20 23:34:00,UPI,DEV1131
TXN1003633,ACC100878,ACC100338,175.47,2026-01-09 00:47:00,CARD,DEV1125
TXN1003634,ACC100361,ACC100322,3466.7,2026-06-28 07:31:00,CARD,DEV1101
TXN1003635,ACC100038,ACC100602,2174.19,2026-04-09 09:17:00,BANK_TRANSFER,DEV1218
TXN1003636,ACC100631,ACC100190,139.11,2026-04-29 15:03:00,UPI,DEV1056
TXN1003637,ACC100903,ACC100650,447.58,2026-05-25 22:11:00,NEFT,DEV1070
TXN1003638,ACC100582,ACC100712,1359.51,2026-04-08 07:36:00,NEFT,DEV1105
TXN1003639,ACC100050,ACC100711,1865.13,2026-04-05 20:15:00,CARD,DEV1004
TXN1003640,ACC100183,ACC100376,177.3,2026-03-31 03:45:00,IMPS,DEV1270
TXN1003641,ACC100164,ACC100473,985.27,2026-04-16 23:01:00,IMPS,DEV1218
TXN1003642,ACC100306,ACC100240,2095.58,2026-01-21 10:43:00,BANK_TRANSFER,DEV1148
TXN1003643,ACC100938,ACC100537,719.23,2026-06-08 19:06:00,BANK_TRANSFER,DEV1171
TXN1003644,ACC100626,ACC100402,1490.69,2026-03-31 09:36:00,CARD,DEV1222
TXN1003645,ACC100253,ACC100305,610.9,2026-03-26 08:56:00,NEFT,DEV1113
TXN1003646,ACC100314,ACC100726,3265.07,2026-03-07 02:29:00,NEFT,DEV1062
TXN1003647,ACC100405,ACC100583,420.25,2026-06-04 20:06:00,IMPS,DEV1124
TXN1003648,ACC100853,ACC100722,278.52,2026-03-08 09:24:00,BANK_TRANSFER,DEV1230
TXN1003649,ACC100291,ACC100231,1135.37,2026-05-28 09:12:00,CARD,DEV1135
TXN1003650,ACC100017,ACC100538,196.32,2026-06-23 22:26:00,BANK_TRANSFER,DEV1087
TXN1003651,ACC100149,ACC100229,87.7,2026-01-13 20:15:00,NEFT,DEV1256
TXN1003652,ACC100430,ACC100131,4025.81,2026-06-04 16:16:00,IMPS,DEV1294
TXN1003653,ACC100685,ACC100837,336.61,2026-05-17 21:55:00,BANK_TRANSFER,DEV1298
TXN1003654,ACC100878,ACC100956,221.32,2026-03-11 03:24:00,IMPS,DEV1080
TXN1003655,ACC100106,ACC100990,414.01,2026-01-03 19:29:00,CARD,DEV1066
TXN1003656,ACC100062,ACC100707,392.3,2026-02-14 03:55:00,CARD,DEV1022
TXN1003657,ACC100490,ACC100334,924.7,2026-03-19 17:42:00,NEFT,DEV1098
TXN1003658,ACC100293,ACC100645,295.25,2026-04-16 12:38:00,NEFT,DEV1241
TXN1003659,ACC100819,ACC100599,1993.85,2026-02-03 04:17:00,UPI,DEV1125
TXN1003660,ACC100010,ACC100043,2381.49,2026-03-19 09:29:00,BANK_TRANSFER,DEV1221
TXN1003661,ACC100868,ACC100311,237.46,2026-04-08 02:11:00,IMPS,DEV1114
TXN1003662,ACC100580,ACC100055,522.32,2026-01-08 04:49:00,NEFT,DEV1054
TXN1003663,ACC100139,ACC100797,585.42,2026-01-30 06:57:00,CARD,DEV1170
TXN1003664,ACC100879,ACC100402,899.64,2026-04-02 18:02:00,BANK_TRANSFER,DEV1200
TXN1003665,ACC100194,ACC100338,4020.74,2026-05-30 11:30:00,CARD,DEV1001
TXN1003666,ACC100568,ACC100962,4308.63,2026-04-21 02:41:00,BANK_TRANSFER,DEV1111
TXN1003667,ACC100967,ACC100070,21996.55,2026-03-08 12:18:00,BANK_TRANSFER,DEV1152
TXN1003668,ACC100193,ACC100265,72.01,2026-06-28 11:10:00,CARD,DEV1198
TXN1003669,ACC100226,ACC100086,361.71,2026-01-19 07:36:00,BANK_TRANSFER,DEV1281
TXN1003670,ACC100379,ACC100049,9670.27,2026-02-22 10:07:00,IMPS,DEV1097
TXN1003671,ACC100848,ACC100417,126.36,2026-02-10 22:53:00,IMPS,DEV1017
TXN1003672,ACC100878,ACC100254,9409.9,2026-02-19 10:34:00,CARD,DEV1149
TXN1003673,ACC100187,ACC100271,1308.74,2026-04-15 07:05:00,UPI,DEV1009
TXN1003674,ACC100308,ACC100237,1367.8,2026-06-19 15:23:00,BANK_TRANSFER,DEV1212
TXN1003675,ACC100516,ACC100759,236.1,2026-06-27 23:01:00,CARD,DEV1276
TXN1003676,ACC100851,ACC100028,638.17,2026-01-09 18:50:00,NEFT,DEV1072
TXN1003677,ACC100582,ACC100881,8927.14,2026-03-13 13:01:00,BANK_TRANSFER,DEV1025
TXN1003678,ACC100156,ACC100907,1035.65,2026-06-17 03:03:00,CARD,DEV1224
TXN1003679,ACC100910,ACC100292,643.29,2026-01-17 15:53:00,NEFT,DEV1096
TXN1003680,ACC100038,ACC100309,1784.45,2026-02-23 10:52:00,UPI,DEV1079
TXN1003681,ACC100233,ACC100549,870.74,2026-04-04 01:36:00,IMPS,DEV1082
TXN1003682,ACC100834,ACC100572,1659.35,2026-06-06 09:34:00,CARD,DEV1200
TXN1003683,ACC100346,ACC100185,395.56,2026-04-25 11:29:00,IMPS,DEV1101
TXN1003684,ACC100205,ACC100136,999.66,2026-05-14 05:13:00,BANK_TRANSFER,DEV1119
TXN1003685,ACC100009,ACC100139,508.12,2026-01-05 04:35:00,NEFT,DEV1205
TXN1003686,ACC100587,ACC100110,125.87,2026-02-25 06:58:00,UPI,DEV1117
TXN1003687,ACC100022,ACC100224,1955.4,2026-02-20 08:39:00,CARD,DEV1239
TXN1003688,ACC100451,ACC100069,249.5,2026-06-27 04:11:00,CARD,DEV1233
TXN1003689,ACC100373,ACC100955,899.92,2026-01-03 14:56:00,CARD,DEV1072
TXN1003690,ACC100794,ACC100489,3331.85,2026-06-06 20:49:00,NEFT,DEV1161
TXN1003691,ACC100255,ACC100920,181.75,2026-01-15 05:55:00,NEFT,DEV1189
TXN1003692,ACC100215,ACC100057,2265.66,2026-01-21 05:54:00,IMPS,DEV1297
TXN1003693,ACC100569,ACC100788,765.27,2026-03-08 16:38:00,IMPS,DEV1120
TXN1003694,ACC100029,ACC100221,343.84,2026-03-11 04:29:00,UPI,DEV1065
TXN1003695,ACC100553,ACC100303,12425.52,2026-04-28 02:19:00,BANK_TRANSFER,DEV1008
TXN1003696,ACC100093,ACC100465,1095.9,2026-02-11 05:34:00,IMPS,DEV1149
TXN1003697,ACC100053,ACC100902,554.62,2026-04-06 01:59:00,CARD,DEV1211
TXN1003698,ACC100938,ACC100851,429.98,2026-03-08 22:32:00,BANK_TRANSFER,DEV1236
TXN1003699,ACC100747,ACC100794,3157.06,2026-01-27 16:15:00,CARD,DEV1164
TXN1003700,ACC100844,ACC100266,526.12,2026-04-16 03:36:00,BANK_TRANSFER,DEV1093
TXN1003701,ACC100947,ACC100270,2718.46,2026-01-13 13:11:00,NEFT,DEV1277
TXN1003702,ACC100232,ACC100549,1093.37,2026-04-23 05:15:00,CARD,DEV1075
TXN1003703,ACC100347,ACC100517,4185.69,2026-01-17 06:08:00,IMPS,DEV1162
TXN1003704,ACC100613,ACC100041,313.86,2026-05-30 23:29:00,NEFT,DEV1197
TXN1003705,ACC100403,ACC100776,371.05,2026-05-17 09:37:00,NEFT,DEV1259
TXN1003706,ACC100742,ACC100757,782.73,2026-02-07 08:26:00,CARD,DEV1127
TXN1003707,ACC100642,ACC100192,864.65,2026-04-26 19:34:00,UPI,DEV1095
TXN1003708,ACC100102,ACC100133,716.61,2026-01-22 02:56:00,UPI,DEV1061
TXN1003709,ACC100543,ACC100468,25789.65,2026-05-12 01:25:00,IMPS,DEV1177
TXN1003710,ACC100704,ACC100566,13041.56,2026-04-17 20:57:00,UPI,DEV1037
TXN1003711,ACC100465,ACC100875,1570.06,2026-01-13 16:32:00,NEFT,DEV1018
TXN1003712,ACC100817,ACC100644,1808.71,2026-02-27 20:25:00,IMPS,DEV1180
TXN1003713,ACC100106,ACC100601,825.74,2026-06-08 21:04:00,NEFT,DEV1181
TXN1003714,ACC100182,ACC100612,311.13,2026-03-23 03:44:00,CARD,DEV1052
TXN1003715,ACC100176,ACC100179,881.4,2026-02-06 16:48:00,CARD,DEV1130
TXN1003716,ACC100255,ACC100225,2766.51,2026-05-23 15:30:00,IMPS,DEV1083
TXN1003717,ACC100021,ACC100369,5254.04,2026-03-16 05:06:00,IMPS,DEV1057
TXN1003718,ACC100384,ACC100180,3622.25,2026-04-07 23:10:00,NEFT,DEV1133
TXN1003719,ACC100605,ACC100900,179.16,2026-06-15 13:03:00,IMPS,DEV1099
TXN1003720,ACC100757,ACC100753,775.05,2026-01-01 23:37:00,BANK_TRANSFER,DEV1100
TXN1003721,ACC100207,ACC100999,188.17,2026-03-16 10:02:00,NEFT,DEV1226
TXN1003722,ACC100898,ACC100926,4458.7,2026-01-05 10:24:00,BANK_TRANSFER,DEV1265
TXN1003723,ACC100511,ACC100520,668.57,2026-06-03 19:48:00,NEFT,DEV1006
TXN1003724,ACC100277,ACC100475,1036.36,2026-01-06 05:40:00,UPI,DEV1191
TXN1003725,ACC100628,ACC100699,1950.93,2026-04-07 17:19:00,NEFT,DEV1036
TXN1003726,ACC100626,ACC100784,30314.09,2026-03-22 06:28:00,CARD,DEV1254
TXN1003727,ACC100263,ACC100638,1513.12,2026-06-29 06:12:00,CARD,DEV1218
TXN1003728,ACC100649,ACC100673,823.92,2026-02-23 05:27:00,BANK_TRANSFER,DEV1162
TXN1003729,ACC100424,ACC100238,247.34,2026-03-10 06:18:00,CARD,DEV1254
TXN1003730,ACC100485,ACC100326,6313.01,2026-02-13 05:27:00,NEFT,DEV1290
TXN1003731,ACC100157,ACC100017,881.86,2026-04-18 02:44:00,CARD,DEV1178
TXN1003732,ACC100555,ACC100085,8011.0,2026-02-06 20:38:00,IMPS,DEV1014
TXN1003733,ACC100669,ACC100377,4132.9,2026-05-27 05:22:00,IMPS,DEV1146
TXN1003734,ACC100119,ACC100073,629.2,2026-03-24 14:00:00,IMPS,DEV1021
TXN1003735,ACC100155,ACC100605,206.29,2026-03-23 10:46:00,BANK_TRANSFER,DEV1205
TXN1003736,ACC100238,ACC100446,1520.94,2026-03-04 15:48:00,IMPS,DEV1209
TXN1003737,ACC100176,ACC100846,524.33,2026-06-09 10:07:00,IMPS,DEV1021
TXN1003738,ACC100441,ACC100386,1149.65,2026-01-20 11:26:00,NEFT,DEV1263
TXN1003739,ACC100027,ACC100661,3861.69,2026-06-21 18:48:00,NEFT,DEV1049
TXN1003740,ACC100199,ACC100209,150.76,2026-01-28 07:36:00,BANK_TRANSFER,DEV1020
TXN1003741,ACC100044,ACC100279,1506.49,2026-05-27 18:14:00,IMPS,DEV1080
TXN1003742,ACC100065,ACC100838,2728.52,2026-06-14 02:51:00,IMPS,DEV1077
TXN1003743,ACC100096,ACC100972,2892.08,2026-02-14 02:36:00,NEFT,DEV1151
TXN1003744,ACC100523,ACC100678,213.52,2026-01-29 12:42:00,BANK_TRANSFER,DEV1078
TXN1003745,ACC100890,ACC100445,1813.84,2026-05-20 14:14:00,BANK_TRANSFER,DEV1255
TXN1003746,ACC100411,ACC100305,4648.24,2026-01-03 03:32:00,BANK_TRANSFER,DEV1056
TXN1003747,ACC100543,ACC100334,1655.54,2026-03-09 18:59:00,BANK_TRANSFER,DEV1029
TXN1003748,ACC100398,ACC100316,954.48,2026-03-20 04:33:00,UPI,DEV1021
TXN1003749,ACC100813,ACC100397,4305.01,2026-02-15 19:27:00,BANK_TRANSFER,DEV1254
TXN1003750,ACC100452,ACC100653,476.67,2026-05-15 16:23:00,IMPS,DEV1160
TXN1003751,ACC100533,ACC100335,174.9,2026-04-10 21:46:00,CARD,DEV1144
TXN1003752,ACC100968,ACC100891,862.02,2026-04-13 10:36:00,UPI,DEV1222
TXN1003753,ACC100741,ACC100132,2084.02,2026-02-25 10:06:00,IMPS,DEV1057
TXN1003754,ACC100625,ACC100144,3815.11,2026-04-22 04:56:00,IMPS,DEV1038
TXN1003755,ACC100197,ACC100187,2072.69,2026-01-05 10:25:00,UPI,DEV1023
TXN1003756,ACC100291,ACC100167,2989.87,2026-06-06 08:38:00,BANK_TRANSFER,DEV1111
TXN1003757,ACC100814,ACC100995,3844.4,2026-01-29 09:36:00,CARD,DEV1261
TXN1003758,ACC100939,ACC100901,729.78,2026-05-26 23:53:00,UPI,DEV1046
TXN1003759,ACC100482,ACC100883,918.25,2026-06-07 15:14:00,IMPS,DEV1208
TXN1003760,ACC100602,ACC100624,5138.94,2026-06-02 20:55:00,NEFT,DEV1294
TXN1003761,ACC100707,ACC100539,256.68,2026-01-25 22:14:00,IMPS,DEV1263
TXN1003762,ACC100715,ACC100203,1835.29,2026-01-29 18:45:00,UPI,DEV1029
TXN1003763,ACC100224,ACC100896,464.03,2026-04-21 14:24:00,CARD,DEV1010
TXN1003764,ACC100755,ACC100704,4106.45,2026-02-13 00:04:00,UPI,DEV1002
TXN1003765,ACC100356,ACC100958,1073.28,2026-02-20 05:30:00,BANK_TRANSFER,DEV1172
TXN1003766,ACC100198,ACC100557,1106.67,2026-04-12 06:26:00,UPI,DEV1001
TXN1003767,ACC100329,ACC100646,8731.18,2026-01-12 11:08:00,IMPS,DEV1138
TXN1003768,ACC100250,ACC100907,301.49,2026-05-16 08:01:00,BANK_TRANSFER,DEV1000
TXN1003769,ACC100957,ACC100363,1420.81,2026-05-22 23:31:00,IMPS,DEV1213
TXN1003770,ACC100862,ACC100829,883.46,2026-06-07 05:50:00,BANK_TRANSFER,DEV1031
TXN1003771,ACC100061,ACC100461,2077.44,2026-04-12 18:13:00,CARD,DEV1083
TXN1003772,ACC100842,ACC100468,11105.51,2026-04-22 08:19:00,IMPS,DEV1090
TXN1003773,ACC100864,ACC100569,530.44,2026-02-22 17:07:00,BANK_TRANSFER,DEV1197
TXN1003774,ACC100689,ACC100808,260.64,2026-02-22 07:19:00,CARD,DEV1208
TXN1003775,ACC100921,ACC100764,415.22,2026-01-22 17:15:00,NEFT,DEV1058
TXN1003776,ACC100904,ACC100646,829.33,2026-05-19 13:44:00,IMPS,DEV1203
TXN1003777,ACC100465,ACC100107,1184.5,2026-03-05 14:48:00,BANK_TRANSFER,DEV1156
TXN1003778,ACC100988,ACC100795,1258.2,2026-01-28 00:01:00,UPI,DEV1097
TXN1003779,ACC100158,ACC100679,9539.47,2026-05-10 05:21:00,IMPS,DEV1115
TXN1003780,ACC100734,ACC100623,7706.4,2026-02-09 03:23:00,BANK_TRANSFER,DEV1260
TXN1003781,ACC100748,ACC100994,5237.17,2026-02-27 11:55:00,IMPS,DEV1236
TXN1003782,ACC100754,ACC100614,22411.43,2026-01-17 18:02:00,CARD,DEV1166
TXN1003783,ACC100725,ACC100960,2948.11,2026-06-29 00:40:00,CARD,DEV1246
TXN1003784,ACC100504,ACC100394,4146.53,2026-01-25 22:12:00,UPI,DEV1216
TXN1003785,ACC100773,ACC100644,2880.52,2026-04-05 19:51:00,IMPS,DEV1003
TXN1003786,ACC100650,ACC100920,2366.31,2026-05-18 17:50:00,UPI,DEV1136
TXN1003787,ACC100253,ACC100788,1760.36,2026-01-20 21:12:00,IMPS,DEV1239
TXN1003788,ACC100621,ACC100455,681.14,2026-04-15 03:59:00,CARD,DEV1257
TXN1003789,ACC100711,ACC100113,245.64,2026-04-01 20:15:00,CARD,DEV1296
TXN1003790,ACC100873,ACC100546,937.5,2026-06-14 08:25:00,BANK_TRANSFER,DEV1153
TXN1003791,ACC100358,ACC100676,2162.3,2026-05-08 06:04:00,UPI,DEV1077
TXN1003792,ACC100718,ACC100400,1195.97,2026-04-07 12:34:00,CARD,DEV1273
TXN1003793,ACC100393,ACC100782,305.39,2026-02-13 20:52:00,NEFT,DEV1294
TXN1003794,ACC100849,ACC100096,898.69,2026-02-05 11:02:00,CARD,DEV1104
TXN1003795,ACC100315,ACC100631,844.21,2026-05-10 20:14:00,BANK_TRANSFER,DEV1083
TXN1003796,ACC100351,ACC100333,1017.57,2026-02-27 20:33:00,NEFT,DEV1222
TXN1003797,ACC100643,ACC100651,1976.53,2026-01-03 15:10:00,NEFT,DEV1069
TXN1003798,ACC100593,ACC100882,2559.35,2026-06-05 00:46:00,CARD,DEV1137
TXN1003799,ACC100642,ACC100486,601.81,2026-02-06 21:04:00,CARD,DEV1216
TXN1003800,ACC100604,ACC100311,3559.39,2026-01-17 14:56:00,BANK_TRANSFER,DEV1202
TXN1003801,ACC100496,ACC100022,4264.01,2026-05-24 00:07:00,BANK_TRANSFER,DEV1234
TXN1003802,ACC100314,ACC100702,1610.6,2026-06-24 16:59:00,NEFT,DEV1286
TXN1003803,ACC100360,ACC100702,2435.0,2026-06-08 19:29:00,NEFT,DEV1207
TXN1003804,ACC100282,ACC100077,3572.7,2026-05-11 06:36:00,BANK_TRANSFER,DEV1258
TXN1003805,ACC100867,ACC100309,293.78,2026-01-29 14:01:00,CARD,DEV1124
TXN1003806,ACC100295,ACC100859,3888.11,2026-04-28 17:42:00,NEFT,DEV1105
TXN1003807,ACC100408,ACC100750,424.93,2026-05-29 18:18:00,BANK_TRANSFER,DEV1054
TXN1003808,ACC100389,ACC100299,477.59,2026-05-30 18:13:00,UPI,DEV1135
TXN1003809,ACC100296,ACC100323,1387.9,2026-01-03 20:38:00,IMPS,DEV1263
TXN1003810,ACC100825,ACC100403,83.69,2026-01-03 11:09:00,IMPS,DEV1060
TXN1003811,ACC100855,ACC100908,1353.9,2026-01-09 05:35:00,CARD,DEV1071
TXN1003812,ACC100984,ACC100469,3562.21,2026-01-11 13:32:00,CARD,DEV1148
TXN1003813,ACC100566,ACC100616,152.15,2026-01-16 00:37:00,BANK_TRANSFER,DEV1091
TXN1003814,ACC100277,ACC100547,4051.37,2026-03-06 12:14:00,BANK_TRANSFER,DEV1053
TXN1003815,ACC100788,ACC100226,474.12,2026-01-01 18:59:00,BANK_TRANSFER,DEV1293
TXN1003816,ACC100568,ACC100194,1405.62,2026-06-20 01:24:00,NEFT,DEV1247
TXN1003817,ACC100312,ACC100682,564.37,2026-05-19 18:48:00,IMPS,DEV1242
TXN1003818,ACC100268,ACC100853,2180.92,2026-01-28 18:53:00,NEFT,DEV1212
TXN1003819,ACC100886,ACC100242,3751.6,2026-01-04 05:05:00,CARD,DEV1189
TXN1003820,ACC100937,ACC100013,2383.71,2026-01-13 00:01:00,IMPS,DEV1023
TXN1003821,ACC100695,ACC100353,1091.41,2026-04-10 23:10:00,CARD,DEV1052
TXN1003822,ACC100606,ACC100909,619.54,2026-06-02 12:08:00,IMPS,DEV1008
TXN1003823,ACC100933,ACC100991,1009.12,2026-04-02 13:13:00,NEFT,DEV1049
TXN1003824,ACC100571,ACC100267,2409.48,2026-05-25 06:32:00,CARD,DEV1277
TXN1003825,ACC100680,ACC100864,2510.71,2026-03-17 14:44:00,CARD,DEV1291
TXN1003826,ACC100053,ACC100514,2123.86,2026-05-03 00:39:00,UPI,DEV1271
TXN1003827,ACC100483,ACC100165,235.31,2026-04-17 21:56:00,UPI,DEV1015
TXN1003828,ACC100115,ACC100646,1066.75,2026-02-22 14:35:00,NEFT,DEV1062
TXN1003829,ACC100048,ACC100236,512.8,2026-03-11 10:05:00,NEFT,DEV1129
TXN1003830,ACC100134,ACC100615,2435.52,2026-06-02 01:28:00,CARD,DEV1247
TXN1003831,ACC100280,ACC100681,437.92,2026-03-29 14:24:00,BANK_TRANSFER,DEV1205
TXN1003832,ACC100838,ACC100938,1886.47,2026-04-06 05:37:00,NEFT,DEV1019
TXN1003833,ACC100386,ACC100145,781.62,2026-02-02 03:59:00,NEFT,DEV1176
TXN1003834,ACC100625,ACC100611,115.02,2026-04-22 16:18:00,IMPS,DEV1161
TXN1003835,ACC100954,ACC100435,3351.46,2026-02-15 06:17:00,IMPS,DEV1063
TXN1003836,ACC100623,ACC100008,1063.86,2026-03-26 08:03:00,IMPS,DEV1150
TXN1003837,ACC100450,ACC100812,5070.39,2026-01-08 08:49:00,CARD,DEV1157
TXN1003838,ACC100491,ACC100922,148.66,2026-04-10 10:21:00,BANK_TRANSFER,DEV1147
TXN1003839,ACC100701,ACC100804,772.92,2026-03-25 12:42:00,BANK_TRANSFER,DEV1114
TXN1003840,ACC100615,ACC100447,845.83,2026-03-25 05:49:00,UPI,DEV1118
TXN1003841,ACC100547,ACC100230,1516.63,2026-03-22 00:12:00,CARD,DEV1041
TXN1003842,ACC100992,ACC100140,223.58,2026-03-15 11:22:00,NEFT,DEV1111
TXN1003843,ACC100104,ACC100170,2106.63,2026-06-29 20:20:00,UPI,DEV1001
TXN1003844,ACC100758,ACC100255,10872.53,2026-04-11 04:21:00,IMPS,DEV1046
TXN1003845,ACC100952,ACC100889,1938.06,2026-01-18 16:07:00,IMPS,DEV1073
TXN1003846,ACC100648,ACC100993,1225.92,2026-04-29 16:53:00,IMPS,DEV1217
TXN1003847,ACC100790,ACC100277,209.99,2026-05-18 21:55:00,BANK_TRANSFER,DEV1126
TXN1003848,ACC100632,ACC100354,433.07,2026-05-23 10:57:00,NEFT,DEV1283
TXN1003849,ACC100332,ACC100175,1025.55,2026-02-16 19:56:00,NEFT,DEV1087
TXN1003850,ACC100697,ACC100861,580.72,2026-03-30 04:46:00,NEFT,DEV1051
TXN1003851,ACC100415,ACC100118,3757.49,2026-05-09 11:11:00,CARD,DEV1188
TXN1003852,ACC100629,ACC100086,2080.67,2026-04-25 02:16:00,UPI,DEV1172
TXN1003853,ACC100938,ACC100053,27746.2,2026-05-16 21:44:00,UPI,DEV1185
TXN1003854,ACC100315,ACC100613,337.97,2026-01-24 08:49:00,CARD,DEV1232
TXN1003855,ACC100314,ACC100275,1141.09,2026-05-01 07:51:00,NEFT,DEV1109
TXN1003856,ACC100365,ACC100790,208.47,2026-02-06 10:09:00,CARD,DEV1270
TXN1003857,ACC100749,ACC100761,76.18,2026-03-17 03:49:00,CARD,DEV1060
TXN1003858,ACC100364,ACC100594,2610.42,2026-03-18 23:58:00,BANK_TRANSFER,DEV1235
TXN1003859,ACC100204,ACC100266,1990.1,2026-03-16 20:35:00,IMPS,DEV1018
TXN1003860,ACC100341,ACC100236,393.27,2026-05-06 17:25:00,BANK_TRANSFER,DEV1015
TXN1003861,ACC100227,ACC100199,1226.15,2026-02-01 18:05:00,IMPS,DEV1215
TXN1003862,ACC100085,ACC100894,515.37,2026-01-18 23:29:00,IMPS,DEV1122
TXN1003863,ACC100845,ACC100659,606.04,2026-05-14 20:30:00,IMPS,DEV1218
TXN1003864,ACC100958,ACC100038,746.7,2026-05-12 16:11:00,BANK_TRANSFER,DEV1273
TXN1003865,ACC100910,ACC100179,373.95,2026-05-23 02:19:00,NEFT,DEV1089
TXN1003866,ACC100491,ACC100556,464.06,2026-05-02 06:42:00,UPI,DEV1146
TXN1003867,ACC100847,ACC100568,480.04,2026-04-22 06:16:00,NEFT,DEV1032
TXN1003868,ACC100320,ACC100185,1821.57,2026-02-01 15:11:00,NEFT,DEV1209
TXN1003869,ACC100334,ACC100851,39.29,2026-06-19 07:15:00,NEFT,DEV1115
TXN1003870,ACC100494,ACC100831,834.51,2026-05-12 01:42:00,UPI,DEV1262
TXN1003871,ACC100578,ACC100884,297.31,2026-01-28 12:09:00,CARD,DEV1244
TXN1003872,ACC100192,ACC100299,310.49,2026-03-13 13:01:00,CARD,DEV1044
TXN1003873,ACC100752,ACC100490,583.6,2026-04-24 12:55:00,IMPS,DEV1203
TXN1003874,ACC100602,ACC100954,1077.92,2026-01-17 10:35:00,IMPS,DEV1107
TXN1003875,ACC100833,ACC100405,847.85,2026-02-04 20:03:00,BANK_TRANSFER,DEV1294
TXN1003876,ACC100263,ACC100909,305.86,2026-04-07 21:28:00,CARD,DEV1134
TXN1003877,ACC100994,ACC100927,2607.21,2026-03-29 01:47:00,BANK_TRANSFER,DEV1300
TXN1003878,ACC100588,ACC100599,371.25,2026-01-08 23:32:00,UPI,DEV1057
TXN1003879,ACC100049,ACC100545,454.12,2026-06-02 18:54:00,NEFT,DEV1245
TXN1003880,ACC100233,ACC100591,1542.86,2026-01-05 18:08:00,IMPS,DEV1174
TXN1003881,ACC100167,ACC100097,1610.73,2026-06-30 02:54:00,BANK_TRANSFER,DEV1209
TXN1003882,ACC100679,ACC100534,526.35,2026-03-16 09:48:00,IMPS,DEV1150
TXN1003883,ACC100399,ACC100283,32.35,2026-05-12 17:38:00,NEFT,DEV1234
TXN1003884,ACC100596,ACC100379,378.95,2026-04-23 05:49:00,BANK_TRANSFER,DEV1189
TXN1003885,ACC100843,ACC100793,1331.77,2026-05-06 11:12:00,BANK_TRANSFER,DEV1178
TXN1003886,ACC100772,ACC100532,2505.72,2026-02-02 17:41:00,UPI,DEV1026
TXN1003887,ACC100183,ACC100146,997.09,2026-01-19 15:03:00,BANK_TRANSFER,DEV1236
TXN1003888,ACC100748,ACC100551,617.21,2026-06-05 22:32:00,UPI,DEV1070
TXN1003889,ACC100306,ACC100541,17186.05,2026-05-19 06:24:00,BANK_TRANSFER,DEV1231
TXN1003890,ACC100920,ACC100083,701.36,2026-04-29 00:29:00,NEFT,DEV1297
TXN1003891,ACC100541,ACC100306,2286.28,2026-03-09 11:13:00,UPI,DEV1136
TXN1003892,ACC100813,ACC100948,220.95,2026-02-22 14:31:00,CARD,DEV1081
TXN1003893,ACC100535,ACC100400,296.43,2026-05-14 03:34:00,UPI,DEV1093
TXN1003894,ACC100743,ACC100222,2384.61,2026-06-13 01:00:00,IMPS,DEV1270
TXN1003895,ACC100514,ACC100349,3840.94,2026-04-22 18:18:00,UPI,DEV1041
TXN1003896,ACC100591,ACC100251,687.0,2026-06-06 16:46:00,BANK_TRANSFER,DEV1040
TXN1003897,ACC100281,ACC100967,119.3,2026-03-28 19:40:00,UPI,DEV1011
TXN1003898,ACC100755,ACC100814,896.89,2026-06-08 22:24:00,BANK_TRANSFER,DEV1085
TXN1003899,ACC100853,ACC100107,1376.48,2026-04-24 15:58:00,BANK_TRANSFER,DEV1024
TXN1003900,ACC100379,ACC100323,1234.7,2026-02-07 19:07:00,CARD,DEV1216
TXN1003901,ACC100599,ACC100212,557.76,2026-02-26 12:45:00,UPI,DEV1160
TXN1003902,ACC100762,ACC100516,912.82,2026-05-18 00:42:00,CARD,DEV1006
TXN1003903,ACC100787,ACC100856,445.98,2026-06-21 10:52:00,IMPS,DEV1064
TXN1003904,ACC100689,ACC100404,288.82,2026-01-06 04:08:00,UPI,DEV1294
TXN1003905,ACC100246,ACC100806,2715.69,2026-05-30 02:43:00,UPI,DEV1127
TXN1003906,ACC100981,ACC100878,1233.19,2026-05-17 04:17:00,BANK_TRANSFER,DEV1242
TXN1003907,ACC100314,ACC100137,915.23,2026-06-15 10:45:00,NEFT,DEV1062
TXN1003908,ACC100249,ACC100740,596.7,2026-04-20 01:26:00,BANK_TRANSFER,DEV1030
TXN1003909,ACC100706,ACC100543,883.41,2026-03-25 18:15:00,UPI,DEV1257
TXN1003910,ACC100734,ACC100125,1329.26,2026-01-11 09:40:00,NEFT,DEV1031
TXN1003911,ACC100900,ACC100138,8729.1,2026-03-18 07:14:00,CARD,DEV1105
TXN1003912,ACC100410,ACC100071,2405.33,2026-03-29 23:47:00,BANK_TRANSFER,DEV1254
TXN1003913,ACC100210,ACC100388,492.96,2026-04-13 04:46:00,CARD,DEV1040
TXN1003914,ACC100222,ACC100706,499.24,2026-03-31 17:23:00,BANK_TRANSFER,DEV1205
TXN1003915,ACC100581,ACC100251,414.05,2026-02-23 12:03:00,IMPS,DEV1030
TXN1003916,ACC100721,ACC100007,862.1,2026-06-10 11:23:00,BANK_TRANSFER,DEV1164
TXN1003917,ACC100998,ACC100894,413.67,2026-04-21 03:05:00,NEFT,DEV1149
TXN1003918,ACC100461,ACC100681,1938.73,2026-03-05 02:56:00,NEFT,DEV1197
TXN1003919,ACC100840,ACC100384,45.96,2026-03-03 19:57:00,CARD,DEV1290
TXN1003920,ACC100190,ACC100365,2084.33,2026-03-30 03:56:00,UPI,DEV1194
TXN1003921,ACC100297,ACC100252,1526.07,2026-04-11 23:10:00,BANK_TRANSFER,DEV1021
TXN1003922,ACC100675,ACC100137,4990.5,2026-05-11 08:11:00,CARD,DEV1248
TXN1003923,ACC100186,ACC100467,3140.53,2026-01-08 05:24:00,BANK_TRANSFER,DEV1215
TXN1003924,ACC100784,ACC100665,482.78,2026-04-07 13:59:00,UPI,DEV1175
TXN1003925,ACC100936,ACC100255,2743.96,2026-03-17 06:02:00,BANK_TRANSFER,DEV1042
TXN1003926,ACC100386,ACC100826,896.34,2026-03-07 08:45:00,UPI,DEV1211
TXN1003927,ACC100078,ACC100035,107.64,2026-01-27 21:16:00,CARD,DEV1165
TXN1003928,ACC100649,ACC100913,1326.9,2026-02-22 11:25:00,BANK_TRANSFER,DEV1153
TXN1003929,ACC100419,ACC100848,518.48,2026-03-09 01:27:00,NEFT,DEV1063
TXN1003930,ACC100038,ACC100193,1096.92,2026-06-21 19:07:00,BANK_TRANSFER,DEV1000
TXN1003931,ACC100138,ACC100502,7956.46,2026-02-24 00:16:00,NEFT,DEV1073
TXN1003932,ACC100498,ACC100429,1436.18,2026-02-23 14:24:00,IMPS,DEV1260
TXN1003933,ACC100893,ACC100104,323.5,2026-03-09 21:37:00,NEFT,DEV1138
TXN1003934,ACC100464,ACC100118,3488.75,2026-05-16 19:45:00,IMPS,DEV1162
TXN1003935,ACC100813,ACC100216,1694.34,2026-01-06 19:38:00,CARD,DEV1294
TXN1003936,ACC100816,ACC100045,280.85,2026-04-18 16:54:00,CARD,DEV1133
TXN1003937,ACC100711,ACC100774,159.58,2026-06-18 20:42:00,UPI,DEV1291
TXN1003938,ACC100177,ACC100517,339.41,2026-05-18 09:29:00,BANK_TRANSFER,DEV1260
TXN1003939,ACC100465,ACC100783,2991.6,2026-03-11 10:55:00,NEFT,DEV1057
TXN1003940,ACC100876,ACC100723,763.63,2026-03-02 11:13:00,BANK_TRANSFER,DEV1232
TXN1003941,ACC100139,ACC100866,1208.79,2026-05-06 04:12:00,CARD,DEV1136
TXN1003942,ACC100909,ACC100201,220.03,2026-01-06 21:54:00,CARD,DEV1283
TXN1003943,ACC100982,ACC100573,3089.8,2026-01-31 03:36:00,CARD,DEV1138
TXN1003944,ACC100794,ACC100738,97.69,2026-01-09 06:55:00,NEFT,DEV1106
TXN1003945,ACC100604,ACC100515,499.47,2026-05-14 02:13:00,BANK_TRANSFER,DEV1252
TXN1003946,ACC100210,ACC100561,1811.95,2026-05-01 15:07:00,NEFT,DEV1262
TXN1003947,ACC100227,ACC100749,285.1,2026-03-01 07:19:00,CARD,DEV1145
TXN1003948,ACC100779,ACC100486,2291.48,2026-04-26 00:28:00,NEFT,DEV1048
TXN1003949,ACC100238,ACC100734,386.44,2026-01-03 20:39:00,UPI,DEV1057
TXN1003950,ACC100964,ACC100974,251.82,2026-03-31 06:35:00,BANK_TRANSFER,DEV1214
TXN1003951,ACC100992,ACC100023,5134.71,2026-02-17 18:36:00,IMPS,DEV1202
TXN1003952,ACC100136,ACC100357,1319.11,2026-03-09 05:41:00,UPI,DEV1134
TXN1003953,ACC100069,ACC100670,2044.37,2026-02-13 07:56:00,UPI,DEV1017
TXN1003954,ACC100741,ACC100668,3721.39,2026-04-02 15:22:00,CARD,DEV1068
TXN1003955,ACC100007,ACC100274,47.32,2026-03-13 02:15:00,UPI,DEV1028
TXN1003956,ACC100724,ACC100706,2348.99,2026-05-07 23:32:00,BANK_TRANSFER,DEV1139
TXN1003957,ACC100102,ACC100578,440.0,2026-02-25 05:26:00,NEFT,DEV1190
TXN1003958,ACC100799,ACC100245,515.36,2026-05-22 21:57:00,UPI,DEV1030
TXN1003959,ACC100636,ACC100494,1853.68,2026-06-07 10:33:00,UPI,DEV1073
TXN1003960,ACC100147,ACC100768,709.35,2026-03-12 18:34:00,CARD,DEV1014
TXN1003961,ACC100601,ACC100747,2238.2,2026-05-23 16:12:00,IMPS,DEV1199
TXN1003962,ACC100261,ACC100886,1044.18,2026-05-28 13:53:00,IMPS,DEV1093
TXN1003963,ACC100181,ACC100382,1341.91,2026-01-21 16:55:00,NEFT,DEV1073
TXN1003964,ACC100189,ACC100296,608.95,2026-01-04 09:02:00,IMPS,DEV1088
TXN1003965,ACC100429,ACC100102,305.54,2026-01-28 18:12:00,BANK_TRANSFER,DEV1026
TXN1003966,ACC100036,ACC100197,451.07,2026-03-20 13:03:00,BANK_TRANSFER,DEV1220
TXN1003967,ACC100101,ACC100704,969.34,2026-04-08 07:20:00,UPI,DEV1243
TXN1003968,ACC100012,ACC100152,9943.62,2026-05-20 13:37:00,CARD,DEV1086
TXN1003969,ACC100057,ACC100956,6414.32,2026-02-08 01:11:00,UPI,DEV1171
TXN1003970,ACC100798,ACC100811,500.72,2026-03-02 13:20:00,CARD,DEV1069
TXN1003971,ACC100071,ACC100584,1178.87,2026-04-03 06:42:00,CARD,DEV1278
TXN1003972,ACC100597,ACC100031,776.45,2026-01-03 11:34:00,CARD,DEV1243
TXN1003973,ACC100619,ACC100320,1282.18,2026-01-08 02:02:00,UPI,DEV1253
TXN1003974,ACC100249,ACC100139,1496.22,2026-03-27 19:13:00,UPI,DEV1013
TXN1003975,ACC100817,ACC100472,2065.27,2026-02-25 21:00:00,CARD,DEV1045
TXN1003976,ACC100194,ACC100770,33.74,2026-01-09 22:20:00,CARD,DEV1087
TXN1003977,ACC100164,ACC100095,1702.41,2026-01-28 06:58:00,BANK_TRANSFER,DEV1194
TXN1003978,ACC100579,ACC100042,679.46,2026-05-11 16:07:00,UPI,DEV1199
TXN1003979,ACC100507,ACC100145,470.63,2026-02-17 04:05:00,UPI,DEV1129
TXN1003980,ACC100323,ACC100891,2844.4,2026-03-13 13:54:00,UPI,DEV1253
TXN1003981,ACC100113,ACC100583,6375.32,2026-02-12 18:40:00,UPI,DEV1242
TXN1003982,ACC100854,ACC100006,2506.9,2026-04-27 08:45:00,NEFT,DEV1125
TXN1003983,ACC100416,ACC100055,588.59,2026-02-07 07:41:00,NEFT,DEV1150
TXN1003984,ACC100877,ACC100805,301.51,2026-02-03 06:16:00,NEFT,DEV1073
TXN1003985,ACC100095,ACC100663,29.74,2026-04-12 00:31:00,IMPS,DEV1175
TXN1003986,ACC100185,ACC100219,1365.15,2026-05-31 09:12:00,UPI,DEV1072
TXN1003987,ACC100977,ACC100750,2196.94,2026-06-20 00:34:00,BANK_TRANSFER,DEV1139
TXN1003988,ACC100312,ACC100759,970.45,2026-04-25 16:11:00,IMPS,DEV1192
TXN1003989,ACC100631,ACC100023,3362.69,2026-02-23 23:01:00,IMPS,DEV1215
TXN1003990,ACC100656,ACC100640,224.93,2026-04-01 10:46:00,UPI,DEV1115
TXN1003991,ACC100945,ACC100133,892.93,2026-05-01 13:57:00,UPI,DEV1238
TXN1003992,ACC100617,ACC100837,812.11,2026-03-18 19:01:00,UPI,DEV1068
TXN1003993,ACC100276,ACC100970,960.9,2026-03-30 23:37:00,NEFT,DEV1299
TXN1003994,ACC100553,ACC100359,4453.82,2026-01-29 13:02:00,UPI,DEV1067
TXN1003995,ACC100108,ACC100588,966.99,2026-06-20 03:46:00,NEFT,DEV1274
TXN1003996,ACC100595,ACC100944,769.89,2026-01-24 05:49:00,CARD,DEV1276
TXN1003997,ACC100901,ACC100414,356.37,2026-06-29 09:44:00,BANK_TRANSFER,DEV1274
TXN1003998,ACC100906,ACC100423,5400.76,2026-03-07 16:20:00,BANK_TRANSFER,DEV1219
TXN1003999,ACC100810,ACC100899,196.87,2026-05-12 23:01:00,CARD,DEV1064
TXN1004000,ACC100219,ACC100474,564.76,2026-04-08 02:00:00,UPI,DEV1256
TXN1004001,ACC100538,ACC100275,8372.64,2026-03-21 15:34:00,NEFT,DEV1012
TXN1004002,ACC100523,ACC100767,1923.48,2026-03-01 14:57:00,BANK_TRANSFER,DEV1045
TXN1004003,ACC100578,ACC100112,1070.4,2026-05-27 01:06:00,CARD,DEV1149
TXN1004004,ACC100634,ACC100866,1125.55,2026-05-26 04:27:00,UPI,DEV1223
TXN1004005,ACC100307,ACC100044,352.25,2026-01-13 13:46:00,BANK_TRANSFER,DEV1270
TXN1004006,ACC100955,ACC100843,1010.06,2026-02-21 13:24:00,BANK_TRANSFER,DEV1065
TXN1004007,ACC100853,ACC100202,720.66,2026-03-25 07:51:00,NEFT,DEV1276
TXN1004008,ACC100275,ACC100522,1360.43,2026-04-22 09:13:00,CARD,DEV1020
TXN1004009,ACC100516,ACC100161,179.92,2026-01-31 07:38:00,BANK_TRANSFER,DEV1270
TXN1004010,ACC100420,ACC100326,1767.68,2026-03-12 14:44:00,IMPS,DEV1075
TXN1004011,ACC100731,ACC100876,3714.34,2026-01-03 05:44:00,UPI,DEV1085
TXN1004012,ACC100204,ACC100761,858.69,2026-05-06 23:25:00,IMPS,DEV1007
TXN1004013,ACC100367,ACC100924,2383.96,2026-03-26 00:03:00,IMPS,DEV1111
TXN1004014,ACC100002,ACC100062,1591.47,2026-01-06 00:37:00,BANK_TRANSFER,DEV1265
TXN1004015,ACC100385,ACC100254,528.85,2026-03-16 13:45:00,CARD,DEV1122
TXN1004016,ACC100607,ACC100113,307.9,2026-06-06 00:09:00,UPI,DEV1264
TXN1004017,ACC100533,ACC100585,364.28,2026-05-26 03:04:00,UPI,DEV1129
TXN1004018,ACC100121,ACC100415,1558.49,2026-01-01 00:47:00,BANK_TRANSFER,DEV1047
TXN1004019,ACC100393,ACC100581,1025.18,2026-06-10 05:11:00,IMPS,DEV1071
TXN1004020,ACC100701,ACC100506,5065.01,2026-02-21 15:35:00,BANK_TRANSFER,DEV1272
TXN1004021,ACC100967,ACC100791,2832.87,2026-05-28 15:41:00,BANK_TRANSFER,DEV1022
TXN1004022,ACC100397,ACC100009,2825.79,2026-05-19 11:29:00,NEFT,DEV1278
TXN1004023,ACC100862,ACC100973,1503.72,2026-01-22 18:41:00,CARD,DEV1245
TXN1004024,ACC100264,ACC100397,345.63,2026-03-04 01:23:00,UPI,DEV1011
TXN1004025,ACC100943,ACC100611,1620.37,2026-05-31 17:34:00,NEFT,DEV1112
TXN1004026,ACC100255,ACC100444,1183.96,2026-01-31 03:18:00,IMPS,DEV1228
TXN1004027,ACC100084,ACC100951,279.76,2026-01-25 17:51:00,UPI,DEV1162
TXN1004028,ACC100094,ACC100678,4684.15,2026-06-04 18:57:00,NEFT,DEV1132
TXN1004029,ACC100337,ACC100513,4116.45,2026-02-06 19:34:00,NEFT,DEV1076
TXN1004030,ACC100996,ACC100018,277.83,2026-02-18 21:42:00,NEFT,DEV1006
TXN1004031,ACC100070,ACC100371,510.12,2026-02-22 11:03:00,IMPS,DEV1142
TXN1004032,ACC100422,ACC100420,566.83,2026-01-08 15:14:00,NEFT,DEV1192
TXN1004033,ACC100966,ACC100588,2279.75,2026-06-05 20:23:00,NEFT,DEV1145
TXN1004034,ACC100595,ACC100911,1985.59,2026-06-30 09:19:00,CARD,DEV1221
TXN1004035,ACC100452,ACC100151,1156.66,2026-01-14 03:15:00,UPI,DEV1281
TXN1004036,ACC100141,ACC100273,1523.29,2026-06-14 00:32:00,IMPS,DEV1276
TXN1004037,ACC100932,ACC100093,233.89,2026-06-26 17:18:00,IMPS,DEV1070
TXN1004038,ACC100668,ACC100227,1733.04,2026-05-12 15:14:00,BANK_TRANSFER,DEV1147
TXN1004039,ACC100991,ACC100001,971.59,2026-02-08 13:20:00,IMPS,DEV1017
TXN1004040,ACC100543,ACC100354,485.48,2026-05-09 02:23:00,CARD,DEV1134
TXN1004041,ACC100705,ACC100332,174.34,2026-02-04 15:57:00,IMPS,DEV1183
TXN1004042,ACC100652,ACC100994,1132.69,2026-02-19 14:02:00,NEFT,DEV1081
TXN1004043,ACC100973,ACC100952,1683.03,2026-02-26 11:45:00,CARD,DEV1008
TXN1004044,ACC100008,ACC100301,142.17,2026-01-23 05:26:00,BANK_TRANSFER,DEV1048
TXN1004045,ACC100790,ACC100573,1121.23,2026-02-05 18:49:00,NEFT,DEV1054
TXN1004046,ACC100562,ACC100118,1269.89,2026-06-25 14:17:00,UPI,DEV1090
TXN1004047,ACC100805,ACC100646,563.93,2026-03-25 11:48:00,BANK_TRANSFER,DEV1009
TXN1004048,ACC100293,ACC100681,1729.88,2026-04-12 03:54:00,UPI,DEV1031
TXN1004049,ACC100475,ACC100616,935.24,2026-02-14 07:28:00,UPI,DEV1135
TXN1004050,ACC100436,ACC100418,1540.41,2026-01-07 01:50:00,UPI,DEV1065
TXN1004051,ACC100575,ACC100248,2082.03,2026-05-14 04:53:00,CARD,DEV1044
TXN1004052,ACC100030,ACC100091,2083.42,2026-02-14 06:50:00,IMPS,DEV1290
TXN1004053,ACC100752,ACC100947,3715.19,2026-06-10 14:34:00,UPI,DEV1179
TXN1004054,ACC100091,ACC100128,1645.81,2026-01-08 22:21:00,NEFT,DEV1272
TXN1004055,ACC100732,ACC100383,618.66,2026-01-03 16:59:00,CARD,DEV1222
TXN1004056,ACC100769,ACC100332,504.04,2026-02-27 08:49:00,NEFT,DEV1195
TXN1004057,ACC100742,ACC100047,306.14,2026-03-20 22:21:00,IMPS,DEV1073
TXN1004058,ACC100450,ACC100429,1314.77,2026-02-26 21:38:00,NEFT,DEV1196
TXN1004059,ACC100845,ACC100989,5353.87,2026-01-07 03:39:00,BANK_TRANSFER,DEV1045
TXN1004060,ACC100340,ACC100242,713.27,2026-01-02 12:29:00,CARD,DEV1104
TXN1004061,ACC100987,ACC100749,1880.95,2026-03-21 16:47:00,IMPS,DEV1132
TXN1004062,ACC100240,ACC100358,444.64,2026-05-23 14:23:00,UPI,DEV1251
TXN1004063,ACC100419,ACC100547,1385.43,2026-02-13 05:34:00,NEFT,DEV1051
TXN1004064,ACC100767,ACC100695,4970.21,2026-02-02 15:39:00,IMPS,DEV1201
TXN1004065,ACC100463,ACC100003,2498.63,2026-05-11 13:22:00,CARD,DEV1198
TXN1004066,ACC100957,ACC100359,166.51,2026-06-28 13:39:00,IMPS,DEV1066
TXN1004067,ACC100282,ACC100078,2175.11,2026-06-09 15:05:00,CARD,DEV1279
TXN1004068,ACC100452,ACC100522,2297.26,2026-03-11 21:17:00,NEFT,DEV1242
TXN1004069,ACC100478,ACC100849,1350.44,2026-01-21 22:36:00,IMPS,DEV1296
TXN1004070,ACC100061,ACC100654,2443.11,2026-02-23 12:20:00,UPI,DEV1018
TXN1004071,ACC100422,ACC100998,403.35,2026-01-28 17:25:00,NEFT,DEV1256
TXN1004072,ACC100579,ACC100494,1183.13,2026-03-19 04:58:00,IMPS,DEV1120
TXN1004073,ACC100320,ACC100884,4155.59,2026-03-11 07:09:00,NEFT,DEV1027
TXN1004074,ACC100314,ACC100743,3729.16,2026-04-18 12:54:00,BANK_TRANSFER,DEV1078
TXN1004075,ACC100970,ACC100113,2116.79,2026-02-08 02:57:00,NEFT,DEV1221
TXN1004076,ACC100863,ACC100258,380.09,2026-06-04 12:09:00,IMPS,DEV1182
TXN1004077,ACC100262,ACC100588,314.64,2026-02-14 00:35:00,CARD,DEV1141
TXN1004078,ACC100820,ACC100289,1258.22,2026-06-14 03:00:00,UPI,DEV1051
TXN1004079,ACC100686,ACC100727,1362.3,2026-06-06 16:49:00,IMPS,DEV1279
TXN1004080,ACC100563,ACC100082,972.19,2026-05-16 05:00:00,CARD,DEV1127
TXN1004081,ACC100002,ACC100877,417.49,2026-06-21 14:38:00,IMPS,DEV1157
TXN1004082,ACC100230,ACC100345,1852.61,2026-06-23 20:01:00,NEFT,DEV1256
TXN1004083,ACC100895,ACC100884,1251.63,2026-05-09 06:06:00,UPI,DEV1270
TXN1004084,ACC100529,ACC100283,1552.76,2026-05-31 14:19:00,BANK_TRANSFER,DEV1011
TXN1004085,ACC100414,ACC100265,2235.28,2026-01-05 11:51:00,UPI,DEV1051
TXN1004086,ACC100044,ACC100186,789.67,2026-01-24 05:29:00,NEFT,DEV1159
TXN1004087,ACC100200,ACC100672,610.02,2026-03-13 02:48:00,IMPS,DEV1126
TXN1004088,ACC100883,ACC100030,4142.6,2026-01-31 13:42:00,UPI,DEV1159
TXN1004089,ACC100625,ACC100761,441.94,2026-05-16 14:28:00,UPI,DEV1122
TXN1004090,ACC100508,ACC100145,624.52,2026-01-26 21:54:00,BANK_TRANSFER,DEV1197
TXN1004091,ACC100054,ACC100059,4822.74,2026-02-21 05:34:00,UPI,DEV1103
TXN1004092,ACC100107,ACC100608,568.82,2026-04-25 18:47:00,BANK_TRANSFER,DEV1025
TXN1004093,ACC100082,ACC100091,974.24,2026-03-12 01:06:00,UPI,DEV1107
TXN1004094,ACC100304,ACC100941,668.9,2026-05-02 03:59:00,IMPS,DEV1054
TXN1004095,ACC100768,ACC100706,129.04,2026-05-08 03:22:00,BANK_TRANSFER,DEV1238
TXN1004096,ACC100780,ACC100667,945.8,2026-05-23 14:09:00,UPI,DEV1053
TXN1004097,ACC100905,ACC100645,326.12,2026-04-10 05:18:00,NEFT,DEV1026
TXN1004098,ACC100739,ACC100519,1488.46,2026-03-08 03:21:00,BANK_TRANSFER,DEV1145
TXN1004099,ACC100865,ACC100651,4133.03,2026-04-30 17:52:00,NEFT,DEV1186
TXN1004100,ACC100943,ACC100009,76.94,2026-06-10 04:06:00,UPI,DEV1105
TXN1004101,ACC100981,ACC100448,672.97,2026-03-29 07:37:00,NEFT,DEV1271
TXN1004102,ACC100169,ACC100723,1887.08,2026-01-31 00:46:00,CARD,DEV1085
TXN1004103,ACC100571,ACC100541,79.84,2026-06-23 15:08:00,BANK_TRANSFER,DEV1001
TXN1004104,ACC100482,ACC100140,5450.8,2026-04-30 20:26:00,UPI,DEV1116
TXN1004105,ACC100479,ACC100114,1729.99,2026-04-17 03:36:00,CARD,DEV1014
TXN1004106,ACC100565,ACC100706,4023.29,2026-05-12 03:47:00,BANK_TRANSFER,DEV1240
TXN1004107,ACC100999,ACC100854,557.39,2026-02-09 04:25:00,IMPS,DEV1196
TXN1004108,ACC100257,ACC100492,644.2,2026-05-06 04:07:00,BANK_TRANSFER,DEV1101
TXN1004109,ACC100496,ACC100346,904.04,2026-02-28 01:22:00,CARD,DEV1214
TXN1004110,ACC100573,ACC100884,14269.09,2026-01-28 00:14:00,IMPS,DEV1146
TXN1004111,ACC100560,ACC100015,5333.31,2026-06-22 18:44:00,NEFT,DEV1180
TXN1004112,ACC100476,ACC100887,1285.39,2026-05-09 01:04:00,UPI,DEV1086
TXN1004113,ACC100666,ACC100263,1488.14,2026-06-21 10:00:00,IMPS,DEV1069
TXN1004114,ACC100218,ACC100897,2349.33,2026-04-12 06:21:00,IMPS,DEV1062
TXN1004115,ACC100400,ACC100599,19338.74,2026-01-10 13:07:00,BANK_TRANSFER,DEV1195
TXN1004116,ACC100564,ACC100360,1735.87,2026-04-27 08:51:00,CARD,DEV1241
TXN1004117,ACC100020,ACC100398,1158.81,2026-04-24 23:17:00,NEFT,DEV1033
TXN1004118,ACC100447,ACC100634,730.47,2026-06-26 04:02:00,IMPS,DEV1295
TXN1004119,ACC100870,ACC100936,1453.75,2026-04-04 23:47:00,IMPS,DEV1045
TXN1004120,ACC100329,ACC100056,542.17,2026-01-30 13:52:00,NEFT,DEV1074
TXN1004121,ACC100397,ACC100074,1988.85,2026-01-02 16:23:00,UPI,DEV1111
TXN1004122,ACC100202,ACC100372,196.54,2026-01-12 22:08:00,BANK_TRANSFER,DEV1132
TXN1004123,ACC100914,ACC100800,802.23,2026-02-10 09:37:00,IMPS,DEV1057
TXN1004124,ACC100634,ACC100551,2648.0,2026-02-26 19:43:00,IMPS,DEV1147
TXN1004125,ACC100554,ACC100875,1707.78,2026-03-16 17:10:00,UPI,DEV1112
TXN1004126,ACC100024,ACC100010,629.45,2026-03-19 03:39:00,CARD,DEV1038
TXN1004127,ACC100833,ACC100015,830.12,2026-03-22 07:48:00,UPI,DEV1075
TXN1004128,ACC100103,ACC100377,3798.65,2026-01-19 12:52:00,CARD,DEV1186
TXN1004129,ACC100781,ACC100826,256.6,2026-05-21 13:14:00,NEFT,DEV1206
TXN1004130,ACC100730,ACC100813,258.39,2026-03-04 07:53:00,BANK_TRANSFER,DEV1168
TXN1004131,ACC100238,ACC100317,359.4,2026-05-21 03:05:00,UPI,DEV1001
TXN1004132,ACC100333,ACC100017,1082.67,2026-01-31 09:25:00,CARD,DEV1215
TXN1004133,ACC100265,ACC100787,215.27,2026-02-09 16:44:00,BANK_TRANSFER,DEV1299
TXN1004134,ACC100806,ACC100434,3441.29,2026-02-01 10:55:00,CARD,DEV1126
TXN1004135,ACC100565,ACC100345,361.71,2026-03-24 03:47:00,IMPS,DEV1279
TXN1004136,ACC100788,ACC100078,1435.44,2026-04-25 16:49:00,NEFT,DEV1050
TXN1004137,ACC100137,ACC100239,547.36,2026-06-01 12:42:00,BANK_TRANSFER,DEV1254
TXN1004138,ACC100518,ACC100100,1013.74,2026-03-29 12:21:00,NEFT,DEV1079
TXN1004139,ACC100385,ACC100874,160.13,2026-06-13 01:33:00,BANK_TRANSFER,DEV1236
TXN1004140,ACC100164,ACC100232,3646.71,2026-04-09 00:38:00,IMPS,DEV1151
TXN1004141,ACC100805,ACC100299,345.92,2026-04-22 12:37:00,NEFT,DEV1216
TXN1004142,ACC100791,ACC100473,305.07,2026-04-30 04:49:00,UPI,DEV1183
TXN1004143,ACC100066,ACC100452,19049.78,2026-01-27 00:55:00,CARD,DEV1104
TXN1004144,ACC100062,ACC100846,2132.75,2026-05-09 15:49:00,UPI,DEV1185
TXN1004145,ACC100393,ACC100824,3480.39,2026-03-09 22:15:00,CARD,DEV1272
TXN1004146,ACC100656,ACC100770,1902.02,2026-02-28 16:25:00,UPI,DEV1110
TXN1004147,ACC100100,ACC100498,637.16,2026-03-23 10:28:00,IMPS,DEV1271
TXN1004148,ACC100016,ACC100794,228.56,2026-02-17 15:05:00,NEFT,DEV1037
TXN1004149,ACC100860,ACC100308,766.18,2026-05-09 11:04:00,CARD,DEV1092
TXN1004150,ACC100392,ACC100051,339.07,2026-02-11 19:12:00,IMPS,DEV1170
TXN1004151,ACC100265,ACC100789,364.4,2026-04-11 23:23:00,BANK_TRANSFER,DEV1206
TXN1004152,ACC100151,ACC100914,164.05,2026-04-26 06:20:00,BANK_TRANSFER,DEV1264
TXN1004153,ACC100853,ACC100307,1258.12,2026-01-12 15:18:00,CARD,DEV1219
TXN1004154,ACC100256,ACC100139,7245.2,2026-01-03 15:12:00,CARD,DEV1105
TXN1004155,ACC100147,ACC100489,2142.58,2026-01-18 07:02:00,NEFT,DEV1106
TXN1004156,ACC100744,ACC100561,965.89,2026-04-13 16:14:00,CARD,DEV1070
TXN1004157,ACC100366,ACC100618,1044.52,2026-02-02 07:26:00,BANK_TRANSFER,DEV1220
TXN1004158,ACC100739,ACC100516,28.29,2026-05-02 20:43:00,UPI,DEV1208
TXN1004159,ACC100917,ACC100687,659.44,2026-06-27 01:01:00,NEFT,DEV1264
TXN1004160,ACC100940,ACC100958,197.94,2026-05-14 13:25:00,BANK_TRANSFER,DEV1119
TXN1004161,ACC100180,ACC100058,1288.58,2026-06-27 11:25:00,NEFT,DEV1120
TXN1004162,ACC100265,ACC100006,802.74,2026-03-30 00:52:00,BANK_TRANSFER,DEV1074
TXN1004163,ACC100485,ACC100204,386.39,2026-05-28 14:16:00,UPI,DEV1167
TXN1004164,ACC100610,ACC100874,1254.23,2026-04-26 14:38:00,NEFT,DEV1004
TXN1004165,ACC100321,ACC100196,1241.33,2026-06-24 22:23:00,NEFT,DEV1210
TXN1004166,ACC100461,ACC100059,6784.18,2026-05-02 17:04:00,BANK_TRANSFER,DEV1237
TXN1004167,ACC100511,ACC100727,2499.14,2026-03-28 11:45:00,NEFT,DEV1081
TXN1004168,ACC100446,ACC100870,1422.78,2026-01-20 20:01:00,UPI,DEV1123
TXN1004169,ACC100851,ACC100800,351.77,2026-05-15 08:51:00,IMPS,DEV1092
TXN1004170,ACC100488,ACC100215,302.44,2026-04-14 04:26:00,CARD,DEV1105
TXN1004171,ACC100184,ACC100061,2249.85,2026-06-30 06:00:00,IMPS,DEV1075
TXN1004172,ACC100493,ACC100105,862.57,2026-01-28 02:33:00,CARD,DEV1189
TXN1004173,ACC100666,ACC100908,1479.17,2026-05-06 14:32:00,BANK_TRANSFER,DEV1061
TXN1004174,ACC100991,ACC100503,3546.09,2026-01-28 14:26:00,IMPS,DEV1029
TXN1004175,ACC100798,ACC100301,178.44,2026-02-10 21:03:00,BANK_TRANSFER,DEV1190
TXN1004176,ACC100116,ACC100295,5863.15,2026-03-10 18:51:00,CARD,DEV1295
TXN1004177,ACC100566,ACC100238,3509.6,2026-01-09 12:47:00,IMPS,DEV1053
TXN1004178,ACC100855,ACC100435,93.19,2026-05-29 00:16:00,IMPS,DEV1299
TXN1004179,ACC100877,ACC100825,18466.45,2026-02-15 06:23:00,UPI,DEV1092
TXN1004180,ACC100764,ACC100423,1612.68,2026-05-26 18:45:00,UPI,DEV1048
TXN1004181,ACC100911,ACC100272,617.55,2026-02-17 23:09:00,CARD,DEV1137
TXN1004182,ACC100507,ACC100848,2044.43,2026-01-20 02:04:00,CARD,DEV1279
TXN1004183,ACC100025,ACC100889,339.35,2026-01-19 15:22:00,CARD,DEV1009
TXN1004184,ACC100943,ACC100221,2111.92,2026-01-21 13:39:00,IMPS,DEV1228
TXN1004185,ACC100908,ACC100797,423.18,2026-01-11 11:41:00,UPI,DEV1016
TXN1004186,ACC100298,ACC100597,12387.35,2026-02-20 07:07:00,IMPS,DEV1211
TXN1004187,ACC100855,ACC100469,1178.64,2026-02-16 08:39:00,NEFT,DEV1192
TXN1004188,ACC100591,ACC100229,2391.77,2026-01-29 15:02:00,IMPS,DEV1288
TXN1004189,ACC100285,ACC100801,426.97,2026-04-24 14:47:00,IMPS,DEV1284
TXN1004190,ACC100005,ACC100552,2921.33,2026-02-26 19:12:00,UPI,DEV1203
TXN1004191,ACC100774,ACC100951,1080.2,2026-03-25 08:52:00,UPI,DEV1080
TXN1004192,ACC100902,ACC100358,201.5,2026-06-07 20:54:00,BANK_TRANSFER,DEV1166
TXN1004193,ACC100111,ACC100715,823.44,2026-06-04 07:28:00,BANK_TRANSFER,DEV1115
TXN1004194,ACC100130,ACC100473,11129.26,2026-06-29 05:23:00,CARD,DEV1092
TXN1004195,ACC100553,ACC100881,3074.12,2026-01-23 05:27:00,BANK_TRANSFER,DEV1060
TXN1004196,ACC100841,ACC100396,695.92,2026-02-26 11:52:00,UPI,DEV1152
TXN1004197,ACC100998,ACC100790,116.4,2026-05-25 14:39:00,UPI,DEV1064
TXN1004198,ACC100850,ACC100440,403.84,2026-04-18 15:26:00,CARD,DEV1169
TXN1004199,ACC100843,ACC100175,202.8,2026-04-27 05:40:00,BANK_TRANSFER,DEV1155
TXN1004200,ACC100364,ACC100210,119.82,2026-05-31 16:41:00,NEFT,DEV1300
TXN1004201,ACC100382,ACC100023,2814.98,2026-04-26 00:01:00,BANK_TRANSFER,DEV1279
TXN1004202,ACC100445,ACC100308,1181.88,2026-01-01 14:17:00,CARD,DEV1186
TXN1004203,ACC100771,ACC100422,9453.4,2026-01-06 05:47:00,UPI,DEV1279
TXN1004204,ACC100010,ACC100681,331.24,2026-01-27 19:17:00,IMPS,DEV1023
TXN1004205,ACC100169,ACC100190,1093.64,2026-01-20 12:40:00,NEFT,DEV1121
TXN1004206,ACC100634,ACC100033,205.82,2026-03-13 08:50:00,BANK_TRANSFER,DEV1293
TXN1004207,ACC100935,ACC100035,537.08,2026-05-30 07:41:00,IMPS,DEV1080
TXN1004208,ACC100356,ACC100980,840.06,2026-02-19 08:26:00,IMPS,DEV1088
TXN1004209,ACC100006,ACC100980,699.53,2026-02-12 08:21:00,NEFT,DEV1034
TXN1004210,ACC100041,ACC100157,1169.4,2026-04-06 22:15:00,NEFT,DEV1176
TXN1004211,ACC100873,ACC100996,3519.0,2026-01-16 03:52:00,BANK_TRANSFER,DEV1115
TXN1004212,ACC100345,ACC100290,3101.69,2026-03-26 23:18:00,UPI,DEV1115
TXN1004213,ACC100875,ACC100414,435.63,2026-05-29 17:12:00,BANK_TRANSFER,DEV1286
TXN1004214,ACC100291,ACC100711,1057.41,2026-02-23 21:17:00,IMPS,DEV1125
TXN1004215,ACC100197,ACC100896,2843.85,2026-02-11 10:03:00,IMPS,DEV1201
TXN1004216,ACC100941,ACC100167,3800.48,2026-06-01 14:33:00,IMPS,DEV1003
TXN1004217,ACC100831,ACC100550,496.02,2026-01-07 11:50:00,BANK_TRANSFER,DEV1275
TXN1004218,ACC100660,ACC100236,2565.21,2026-02-01 04:18:00,NEFT,DEV1138
TXN1004219,ACC100092,ACC100165,1631.7,2026-05-29 01:57:00,CARD,DEV1170
TXN1004220,ACC100769,ACC100612,305.15,2026-04-11 10:41:00,BANK_TRANSFER,DEV1068
TXN1004221,ACC100974,ACC100057,2864.62,2026-01-31 04:52:00,IMPS,DEV1254
TXN1004222,ACC100411,ACC100202,1315.34,2026-01-20 16:25:00,CARD,DEV1158
TXN1004223,ACC100602,ACC100380,135.68,2026-03-13 05:27:00,UPI,DEV1007
TXN1004224,ACC100393,ACC100186,770.76,2026-06-02 09:09:00,UPI,DEV1289
TXN1004225,ACC100208,ACC100923,1150.36,2026-04-25 11:40:00,BANK_TRANSFER,DEV1050
TXN1004226,ACC100600,ACC100135,530.07,2026-02-16 13:30:00,CARD,DEV1038
TXN1004227,ACC100719,ACC100234,4788.03,2026-01-26 16:26:00,NEFT,DEV1118
TXN1004228,ACC100739,ACC100410,5000.85,2026-02-02 14:27:00,NEFT,DEV1242
TXN1004229,ACC100326,ACC100154,692.99,2026-06-20 17:21:00,CARD,DEV1128
TXN1004230,ACC100392,ACC100105,607.49,2026-02-06 23:56:00,UPI,DEV1217
TXN1004231,ACC100123,ACC100459,936.85,2026-02-28 00:54:00,UPI,DEV1292
TXN1004232,ACC100607,ACC100162,862.56,2026-06-18 18:11:00,NEFT,DEV1161
TXN1004233,ACC100895,ACC100140,538.61,2026-03-11 02:05:00,IMPS,DEV1085
TXN1004234,ACC100722,ACC100108,12.8,2026-01-17 12:04:00,IMPS,DEV1169
TXN1004235,ACC100363,ACC100010,9007.15,2026-03-23 03:12:00,NEFT,DEV1107
TXN1004236,ACC100737,ACC100790,1097.18,2026-02-05 03:25:00,BANK_TRANSFER,DEV1053
TXN1004237,ACC100306,ACC100243,885.39,2026-06-20 01:41:00,BANK_TRANSFER,DEV1226
TXN1004238,ACC100496,ACC100939,1620.03,2026-06-01 15:44:00,IMPS,DEV1133
TXN1004239,ACC100477,ACC100619,996.18,2026-02-02 12:46:00,NEFT,DEV1067
TXN1004240,ACC100157,ACC100994,654.34,2026-01-24 17:07:00,BANK_TRANSFER,DEV1120
TXN1004241,ACC100725,ACC100838,328.07,2026-03-07 21:26:00,NEFT,DEV1276
TXN1004242,ACC100810,ACC100112,120.74,2026-06-01 06:09:00,UPI,DEV1154
TXN1004243,ACC100790,ACC100555,215.88,2026-05-04 16:48:00,UPI,DEV1220
TXN1004244,ACC100504,ACC100649,287.15,2026-04-08 19:36:00,IMPS,DEV1106
TXN1004245,ACC100901,ACC100240,2394.92,2026-02-13 20:06:00,BANK_TRANSFER,DEV1285
TXN1004246,ACC100440,ACC100362,2616.38,2026-01-25 12:13:00,BANK_TRANSFER,DEV1029
TXN1004247,ACC100169,ACC100348,380.64,2026-04-30 18:31:00,NEFT,DEV1221
TXN1004248,ACC100281,ACC100058,44.86,2026-05-14 11:23:00,BANK_TRANSFER,DEV1183
TXN1004249,ACC100752,ACC100539,1108.7,2026-05-16 06:33:00,BANK_TRANSFER,DEV1087
TXN1004250,ACC100996,ACC100793,661.26,2026-03-24 23:52:00,CARD,DEV1244
TXN1004251,ACC100138,ACC100414,641.93,2026-02-14 00:36:00,BANK_TRANSFER,DEV1136
TXN1004252,ACC100407,ACC100493,3453.44,2026-02-02 22:28:00,BANK_TRANSFER,DEV1086
TXN1004253,ACC100371,ACC100312,1295.15,2026-02-25 21:45:00,NEFT,DEV1191
TXN1004254,ACC100082,ACC100804,339.8,2026-05-30 13:22:00,IMPS,DEV1284
TXN1004255,ACC100162,ACC100176,257.83,2026-02-16 11:57:00,UPI,DEV1054
TXN1004256,ACC100546,ACC100187,800.2,2026-04-01 22:39:00,CARD,DEV1086
TXN1004257,ACC100775,ACC100904,369.56,2026-03-18 15:15:00,IMPS,DEV1282
TXN1004258,ACC100421,ACC100193,1005.38,2026-05-31 08:35:00,IMPS,DEV1006
TXN1004259,ACC100092,ACC100871,3756.98,2026-02-13 05:32:00,IMPS,DEV1140
TXN1004260,ACC100089,ACC100294,209.4,2026-05-26 19:34:00,IMPS,DEV1005
TXN1004261,ACC100806,ACC100013,1218.45,2026-06-05 23:58:00,CARD,DEV1201
TXN1004262,ACC100174,ACC100851,3288.08,2026-06-27 15:08:00,UPI,DEV1068
TXN1004263,ACC100419,ACC100408,988.88,2026-01-01 08:57:00,NEFT,DEV1026
TXN1004264,ACC100985,ACC100594,2606.85,2026-04-03 14:41:00,IMPS,DEV1094
TXN1004265,ACC100068,ACC100488,776.87,2026-03-14 22:05:00,UPI,DEV1009
TXN1004266,ACC100734,ACC100237,1346.14,2026-06-07 02:33:00,UPI,DEV1043
TXN1004267,ACC100588,ACC100224,1861.14,2026-03-04 12:39:00,IMPS,DEV1275
TXN1004268,ACC100634,ACC100181,552.03,2026-02-04 05:28:00,NEFT,DEV1237
TXN1004269,ACC100095,ACC100088,11953.88,2026-06-01 07:35:00,CARD,DEV1002
TXN1004270,ACC100711,ACC100047,2193.15,2026-04-18 00:43:00,BANK_TRANSFER,DEV1073
TXN1004271,ACC100472,ACC100497,5237.41,2026-06-18 01:16:00,NEFT,DEV1204
TXN1004272,ACC100287,ACC100409,3964.87,2026-01-29 23:23:00,CARD,DEV1028
TXN1004273,ACC100485,ACC100999,1624.16,2026-04-22 04:25:00,CARD,DEV1144
TXN1004274,ACC100223,ACC100725,5784.56,2026-05-15 12:04:00,UPI,DEV1007
TXN1004275,ACC100586,ACC100333,1374.02,2026-02-28 15:48:00,IMPS,DEV1102
TXN1004276,ACC100277,ACC100433,456.81,2026-01-24 15:10:00,CARD,DEV1075
TXN1004277,ACC100877,ACC100228,1116.31,2026-06-22 03:47:00,IMPS,DEV1101
TXN1004278,ACC100805,ACC100420,327.86,2026-01-30 00:25:00,BANK_TRANSFER,DEV1132
TXN1004279,ACC100289,ACC100729,88.05,2026-01-24 14:51:00,NEFT,DEV1070
TXN1004280,ACC100961,ACC100204,394.24,2026-01-26 13:16:00,NEFT,DEV1141
TXN1004281,ACC100921,ACC100836,1196.86,2026-03-15 03:58:00,IMPS,DEV1235
TXN1004282,ACC100182,ACC100475,3921.81,2026-05-01 22:28:00,CARD,DEV1267
TXN1004283,ACC100370,ACC100488,392.83,2026-04-18 01:04:00,CARD,DEV1106
TXN1004284,ACC100809,ACC100257,3685.62,2026-06-04 09:58:00,IMPS,DEV1023
TXN1004285,ACC100838,ACC100284,256.51,2026-04-20 02:22:00,CARD,DEV1167
TXN1004286,ACC100878,ACC100348,363.79,2026-01-26 17:27:00,BANK_TRANSFER,DEV1225
TXN1004287,ACC100020,ACC100088,6241.58,2026-05-07 21:09:00,BANK_TRANSFER,DEV1289
TXN1004288,ACC100193,ACC100176,1161.13,2026-03-18 23:48:00,IMPS,DEV1021
TXN1004289,ACC100903,ACC100172,890.38,2026-03-15 19:07:00,IMPS,DEV1227
TXN1004290,ACC100315,ACC100273,1454.38,2026-03-10 02:39:00,CARD,DEV1086
TXN1004291,ACC100224,ACC100275,257.83,2026-03-30 14:37:00,NEFT,DEV1100
TXN1004292,ACC100513,ACC100843,737.29,2026-04-10 19:32:00,NEFT,DEV1229
TXN1004293,ACC100583,ACC100779,1100.14,2026-01-03 05:38:00,NEFT,DEV1150
TXN1004294,ACC100791,ACC100548,4806.18,2026-04-05 07:41:00,CARD,DEV1070
TXN1004295,ACC100428,ACC100572,147.75,2026-05-26 01:24:00,NEFT,DEV1239
TXN1004296,ACC100177,ACC100202,9095.98,2026-05-13 14:48:00,NEFT,DEV1032
TXN1004297,ACC100668,ACC100012,944.28,2026-01-01 20:19:00,NEFT,DEV1116
TXN1004298,ACC100512,ACC100895,289.26,2026-03-28 21:21:00,NEFT,DEV1246
TXN1004299,ACC100759,ACC100966,232.77,2026-03-10 05:57:00,UPI,DEV1200
TXN1004300,ACC100743,ACC100285,1522.0,2026-03-02 10:57:00,BANK_TRANSFER,DEV1008
TXN1004301,ACC100855,ACC100817,217.75,2026-01-09 19:51:00,IMPS,DEV1244
TXN1004302,ACC100546,ACC100079,559.95,2026-03-09 22:56:00,CARD,DEV1025
TXN1004303,ACC100312,ACC100500,812.5,2026-06-15 21:40:00,CARD,DEV1048
TXN1004304,ACC100300,ACC100227,4326.05,2026-04-27 17:14:00,BANK_TRANSFER,DEV1134
TXN1004305,ACC100282,ACC100217,3722.48,2026-04-28 01:44:00,CARD,DEV1192
TXN1004306,ACC100084,ACC100555,506.95,2026-04-26 22:14:00,NEFT,DEV1212
TXN1004307,ACC100262,ACC100917,849.61,2026-04-17 15:57:00,IMPS,DEV1198
TXN1004308,ACC100773,ACC100239,161.67,2026-04-14 18:53:00,UPI,DEV1188
TXN1004309,ACC100674,ACC100304,94.92,2026-06-27 02:58:00,BANK_TRANSFER,DEV1190
TXN1004310,ACC100836,ACC100529,250.92,2026-06-05 19:29:00,UPI,DEV1030
TXN1004311,ACC100152,ACC100463,4220.53,2026-05-02 23:44:00,IMPS,DEV1295
TXN1004312,ACC100863,ACC100112,2796.42,2026-01-03 17:38:00,NEFT,DEV1171
TXN1004313,ACC100041,ACC100714,1737.36,2026-04-27 22:10:00,BANK_TRANSFER,DEV1197
TXN1004314,ACC100020,ACC100297,190.73,2026-03-02 12:24:00,CARD,DEV1219
TXN1004315,ACC100034,ACC100345,466.85,2026-01-10 07:46:00,IMPS,DEV1227
TXN1004316,ACC100273,ACC100936,391.75,2026-04-19 20:12:00,BANK_TRANSFER,DEV1125
TXN1004317,ACC100216,ACC100027,898.57,2026-04-12 16:29:00,CARD,DEV1108
TXN1004318,ACC100022,ACC100837,833.09,2026-04-14 16:04:00,UPI,DEV1280
TXN1004319,ACC100955,ACC100138,329.52,2026-02-16 06:15:00,CARD,DEV1210
TXN1004320,ACC100909,ACC100878,1667.47,2026-05-02 19:36:00,NEFT,DEV1041
TXN1004321,ACC100629,ACC100016,1443.37,2026-05-12 15:25:00,BANK_TRANSFER,DEV1259
TXN1004322,ACC100441,ACC100336,457.33,2026-02-25 17:08:00,NEFT,DEV1023
TXN1004323,ACC100396,ACC100482,1579.93,2026-02-22 19:32:00,CARD,DEV1104
TXN1004324,ACC100311,ACC100696,4226.55,2026-02-13 23:46:00,BANK_TRANSFER,DEV1257
TXN1004325,ACC100774,ACC100493,6085.55,2026-04-13 00:49:00,NEFT,DEV1165
TXN1004326,ACC100868,ACC100022,1975.93,2026-06-21 21:44:00,NEFT,DEV1292
TXN1004327,ACC100141,ACC100142,1907.45,2026-01-31 23:42:00,CARD,DEV1030
TXN1004328,ACC100268,ACC100663,822.08,2026-05-24 14:25:00,UPI,DEV1279
TXN1004329,ACC100885,ACC100411,3773.11,2026-06-24 15:06:00,UPI,DEV1208
TXN1004330,ACC100400,ACC100210,303.56,2026-02-17 02:05:00,UPI,DEV1205
TXN1004331,ACC100781,ACC100166,3283.35,2026-05-28 23:04:00,UPI,DEV1242
TXN1004332,ACC100196,ACC100966,776.56,2026-05-29 19:50:00,IMPS,DEV1260
TXN1004333,ACC100859,ACC100630,6562.48,2026-01-21 22:58:00,BANK_TRANSFER,DEV1274
TXN1004334,ACC100952,ACC100163,2221.3,2026-05-06 04:05:00,BANK_TRANSFER,DEV1078
TXN1004335,ACC100428,ACC100719,1010.86,2026-03-24 06:57:00,IMPS,DEV1237
TXN1004336,ACC100092,ACC100468,825.69,2026-01-02 18:13:00,CARD,DEV1157
TXN1004337,ACC100625,ACC100268,2060.56,2026-02-13 13:49:00,BANK_TRANSFER,DEV1149
TXN1004338,ACC100161,ACC100030,1944.09,2026-02-22 23:44:00,BANK_TRANSFER,DEV1274
TXN1004339,ACC100703,ACC100976,679.93,2026-06-20 08:00:00,UPI,DEV1121
TXN1004340,ACC100980,ACC100334,1224.4,2026-03-19 23:27:00,BANK_TRANSFER,DEV1009
TXN1004341,ACC100115,ACC100289,3215.27,2026-04-02 19:18:00,BANK_TRANSFER,DEV1214
TXN1004342,ACC100460,ACC100027,213.57,2026-04-08 20:26:00,IMPS,DEV1032
TXN1004343,ACC100631,ACC100348,2620.33,2026-05-18 14:59:00,IMPS,DEV1001
TXN1004344,ACC100376,ACC100264,2049.72,2026-06-05 18:06:00,IMPS,DEV1139
TXN1004345,ACC100237,ACC100574,4554.98,2026-05-12 09:29:00,IMPS,DEV1027
TXN1004346,ACC100714,ACC100150,464.62,2026-06-27 23:09:00,UPI,DEV1238
TXN1004347,ACC100742,ACC100551,1104.18,2026-01-29 14:08:00,CARD,DEV1257
TXN1004348,ACC100880,ACC100949,1402.6,2026-01-02 13:11:00,CARD,DEV1138
TXN1004349,ACC100679,ACC100227,2661.26,2026-06-23 03:53:00,NEFT,DEV1270
TXN1004350,ACC100593,ACC100884,1835.26,2026-01-14 03:30:00,CARD,DEV1129
TXN1004351,ACC100903,ACC100790,247.78,2026-05-29 22:27:00,IMPS,DEV1261
TXN1004352,ACC100095,ACC100336,1555.03,2026-01-01 06:49:00,CARD,DEV1023
TXN1004353,ACC100117,ACC100487,12149.88,2026-01-14 20:26:00,IMPS,DEV1211
TXN1004354,ACC100645,ACC100305,2284.97,2026-01-11 15:13:00,UPI,DEV1104
TXN1004355,ACC100031,ACC100525,7829.52,2026-06-11 18:24:00,UPI,DEV1265
TXN1004356,ACC100655,ACC100919,3834.04,2026-01-17 15:30:00,IMPS,DEV1205
TXN1004357,ACC100153,ACC100541,5624.47,2026-02-12 20:30:00,CARD,DEV1281
TXN1004358,ACC100178,ACC100666,1590.75,2026-03-17 10:12:00,BANK_TRANSFER,DEV1167
TXN1004359,ACC100770,ACC100969,2051.27,2026-01-08 22:32:00,UPI,DEV1234
TXN1004360,ACC100150,ACC100528,1490.13,2026-05-10 22:31:00,BANK_TRANSFER,DEV1173
TXN1004361,ACC100974,ACC100578,1102.36,2026-02-17 21:53:00,CARD,DEV1141
TXN1004362,ACC100090,ACC100077,2672.14,2026-04-18 18:25:00,UPI,DEV1216
TXN1004363,ACC100959,ACC100606,586.87,2026-06-25 03:50:00,BANK_TRANSFER,DEV1197
TXN1004364,ACC100879,ACC100112,10535.0,2026-02-13 16:07:00,CARD,DEV1200
TXN1004365,ACC100135,ACC100015,360.1,2026-05-23 01:07:00,BANK_TRANSFER,DEV1068
TXN1004366,ACC100860,ACC100017,2903.48,2026-03-03 21:19:00,UPI,DEV1233
TXN1004367,ACC100058,ACC100650,5735.36,2026-02-14 14:22:00,IMPS,DEV1135
TXN1004368,ACC100287,ACC100275,887.19,2026-02-25 11:07:00,BANK_TRANSFER,DEV1195
TXN1004369,ACC100645,ACC100666,288.42,2026-02-17 21:54:00,NEFT,DEV1171
TXN1004370,ACC100534,ACC100696,4388.03,2026-05-05 00:12:00,UPI,DEV1091
TXN1004371,ACC100011,ACC100753,1399.79,2026-03-17 22:35:00,IMPS,DEV1152
TXN1004372,ACC100166,ACC100673,2910.21,2026-04-06 07:20:00,CARD,DEV1009
TXN1004373,ACC100599,ACC100092,961.65,2026-02-09 07:36:00,CARD,DEV1186
TXN1004374,ACC100254,ACC100009,8763.14,2026-02-16 18:49:00,NEFT,DEV1291
TXN1004375,ACC100462,ACC100414,86.45,2026-06-30 02:00:00,IMPS,DEV1192
TXN1004376,ACC100664,ACC100779,1722.3,2026-04-25 00:01:00,IMPS,DEV1150
TXN1004377,ACC100248,ACC100384,5486.79,2026-03-23 04:32:00,NEFT,DEV1021
TXN1004378,ACC100360,ACC100363,1244.4,2026-02-26 23:50:00,CARD,DEV1130
TXN1004379,ACC100513,ACC100771,1576.29,2026-01-21 23:53:00,BANK_TRANSFER,DEV1225
TXN1004380,ACC100808,ACC100376,651.44,2026-03-13 23:11:00,UPI,DEV1124
TXN1004381,ACC100894,ACC100409,1124.2,2026-06-29 09:17:00,BANK_TRANSFER,DEV1279
TXN1004382,ACC100150,ACC100121,147.49,2026-04-01 19:27:00,CARD,DEV1255
TXN1004383,ACC100254,ACC100530,463.07,2026-04-05 09:26:00,CARD,DEV1210
TXN1004384,ACC100155,ACC100202,426.62,2026-02-02 07:52:00,CARD,DEV1019
TXN1004385,ACC100390,ACC100412,2447.81,2026-04-29 20:37:00,BANK_TRANSFER,DEV1270
TXN1004386,ACC100417,ACC100290,552.45,2026-05-30 02:30:00,IMPS,DEV1190
TXN1004387,ACC100595,ACC100317,571.94,2026-05-26 16:32:00,IMPS,DEV1069
TXN1004388,ACC100766,ACC100051,696.8,2026-03-07 06:20:00,BANK_TRANSFER,DEV1268
TXN1004389,ACC100396,ACC100188,446.58,2026-02-12 14:01:00,BANK_TRANSFER,DEV1065
TXN1004390,ACC100011,ACC100393,1514.48,2026-04-17 13:35:00,UPI,DEV1232
TXN1004391,ACC100971,ACC100953,1725.3,2026-05-26 19:54:00,CARD,DEV1090
TXN1004392,ACC100193,ACC100913,2951.36,2026-03-30 12:52:00,BANK_TRANSFER,DEV1079
TXN1004393,ACC100602,ACC100936,2400.18,2026-06-04 18:42:00,IMPS,DEV1110
TXN1004394,ACC100328,ACC100769,2128.79,2026-05-22 16:17:00,CARD,DEV1284
TXN1004395,ACC100527,ACC100475,738.96,2026-05-07 15:23:00,BANK_TRANSFER,DEV1095
TXN1004396,ACC100381,ACC100938,684.22,2026-04-22 00:25:00,NEFT,DEV1062
TXN1004397,ACC100252,ACC100260,385.5,2026-05-15 05:53:00,UPI,DEV1267
TXN1004398,ACC100970,ACC100887,377.25,2026-03-06 20:45:00,IMPS,DEV1048
TXN1004399,ACC100335,ACC100204,1384.53,2026-06-04 18:01:00,IMPS,DEV1043
TXN1004400,ACC100158,ACC100129,462.53,2026-04-14 00:20:00,UPI,DEV1002
TXN1004401,ACC100918,ACC100068,6386.8,2026-03-16 10:09:00,UPI,DEV1238
TXN1004402,ACC100952,ACC100408,1048.38,2026-02-07 21:03:00,UPI,DEV1156
TXN1004403,ACC100758,ACC100667,6645.32,2026-06-19 07:44:00,UPI,DEV1145
TXN1004404,ACC100748,ACC100958,2177.91,2026-05-25 02:24:00,IMPS,DEV1153
TXN1004405,ACC100121,ACC100017,431.52,2026-02-22 17:37:00,BANK_TRANSFER,DEV1253
TXN1004406,ACC100329,ACC100155,1017.95,2026-06-12 18:33:00,CARD,DEV1067
TXN1004407,ACC100033,ACC100605,147.21,2026-06-06 18:26:00,CARD,DEV1167
TXN1004408,ACC100852,ACC100687,1378.17,2026-04-09 10:08:00,IMPS,DEV1069
TXN1004409,ACC100303,ACC100930,481.58,2026-01-03 11:14:00,BANK_TRANSFER,DEV1077
TXN1004410,ACC100056,ACC100531,288.26,2026-02-16 07:58:00,NEFT,DEV1118
TXN1004411,ACC100031,ACC100583,6812.92,2026-05-05 14:33:00,CARD,DEV1052
TXN1004412,ACC100637,ACC100965,3777.08,2026-03-08 19:04:00,BANK_TRANSFER,DEV1205
TXN1004413,ACC100128,ACC100937,3654.25,2026-05-26 18:36:00,UPI,DEV1189
TXN1004414,ACC100411,ACC100546,2803.25,2026-02-03 00:08:00,UPI,DEV1242
TXN1004415,ACC100674,ACC100373,249.17,2026-03-04 21:26:00,UPI,DEV1229
TXN1004416,ACC100630,ACC100418,678.19,2026-04-15 03:25:00,BANK_TRANSFER,DEV1220
TXN1004417,ACC100585,ACC100341,729.67,2026-05-03 05:13:00,NEFT,DEV1003
TXN1004418,ACC100317,ACC100253,140.94,2026-03-20 16:45:00,NEFT,DEV1061
TXN1004419,ACC100727,ACC100167,562.05,2026-03-23 07:41:00,UPI,DEV1099
TXN1004420,ACC100493,ACC100676,569.46,2026-06-08 10:46:00,CARD,DEV1049
TXN1004421,ACC100013,ACC100053,1275.63,2026-05-08 16:43:00,CARD,DEV1100
TXN1004422,ACC100657,ACC100173,22899.38,2026-01-19 16:56:00,NEFT,DEV1031
TXN1004423,ACC100231,ACC100429,1069.48,2026-01-23 19:38:00,IMPS,DEV1023
TXN1004424,ACC100150,ACC100711,1276.42,2026-03-27 21:13:00,BANK_TRANSFER,DEV1036
TXN1004425,ACC100604,ACC100203,812.2,2026-05-13 16:31:00,IMPS,DEV1107
TXN1004426,ACC100470,ACC100041,2657.8,2026-02-18 10:10:00,IMPS,DEV1150
TXN1004427,ACC100872,ACC100317,302.26,2026-03-12 15:18:00,NEFT,DEV1281
TXN1004428,ACC100623,ACC100000,10670.57,2026-03-11 16:50:00,CARD,DEV1013
TXN1004429,ACC100454,ACC100767,944.83,2026-05-17 14:11:00,IMPS,DEV1115
TXN1004430,ACC100322,ACC100067,682.51,2026-01-02 23:36:00,CARD,DEV1211
TXN1004431,ACC100329,ACC100078,3512.36,2026-06-05 02:26:00,CARD,DEV1017
TXN1004432,ACC100940,ACC100704,376.49,2026-05-23 12:11:00,UPI,DEV1247
TXN1004433,ACC100711,ACC100244,2599.57,2026-06-18 05:40:00,BANK_TRANSFER,DEV1177
TXN1004434,ACC100080,ACC100274,5920.67,2026-04-01 13:05:00,IMPS,DEV1130
TXN1004435,ACC100037,ACC100619,820.89,2026-01-19 19:03:00,NEFT,DEV1260
TXN1004436,ACC100001,ACC100352,12879.73,2026-03-30 18:35:00,UPI,DEV1048
TXN1004437,ACC100328,ACC100916,2375.94,2026-04-26 08:53:00,NEFT,DEV1200
TXN1004438,ACC100685,ACC100374,2411.57,2026-03-05 20:33:00,UPI,DEV1203
TXN1004439,ACC100048,ACC100662,5647.9,2026-05-06 16:08:00,UPI,DEV1025
TXN1004440,ACC100291,ACC100011,7761.12,2026-05-31 08:23:00,UPI,DEV1159
TXN1004441,ACC100326,ACC100914,1501.48,2026-03-21 04:00:00,BANK_TRANSFER,DEV1141
TXN1004442,ACC100018,ACC100779,2853.46,2026-03-05 20:37:00,BANK_TRANSFER,DEV1076
TXN1004443,ACC100182,ACC100083,5858.27,2026-05-19 00:49:00,IMPS,DEV1195
TXN1004444,ACC100403,ACC100787,272.01,2026-02-11 01:21:00,IMPS,DEV1263
TXN1004445,ACC100380,ACC100937,137.63,2026-05-20 18:55:00,CARD,DEV1142
TXN1004446,ACC100643,ACC100995,1023.45,2026-06-27 00:43:00,CARD,DEV1273
TXN1004447,ACC100553,ACC100012,133.73,2026-02-08 13:22:00,NEFT,DEV1080
TXN1004448,ACC100622,ACC100714,752.35,2026-03-28 03:05:00,CARD,DEV1144
TXN1004449,ACC100708,ACC100447,1599.18,2026-06-03 07:03:00,IMPS,DEV1121
TXN1004450,ACC100350,ACC100738,787.79,2026-04-17 04:30:00,IMPS,DEV1028
TXN1004451,ACC100954,ACC100194,925.27,2026-06-04 15:59:00,NEFT,DEV1134
TXN1004452,ACC100870,ACC100021,329.64,2026-05-09 17:18:00,UPI,DEV1221
TXN1004453,ACC100499,ACC100043,2823.61,2026-05-10 20:39:00,BANK_TRANSFER,DEV1247
TXN1004454,ACC100992,ACC100043,306.08,2026-06-02 05:44:00,UPI,DEV1060
TXN1004455,ACC100613,ACC100716,87.93,2026-06-07 03:09:00,BANK_TRANSFER,DEV1144
TXN1004456,ACC100886,ACC100227,855.08,2026-01-21 03:08:00,IMPS,DEV1074
TXN1004457,ACC100830,ACC100399,3287.96,2026-04-07 03:25:00,UPI,DEV1171
TXN1004458,ACC100550,ACC100282,1206.88,2026-05-22 11:33:00,BANK_TRANSFER,DEV1024
TXN1004459,ACC100351,ACC100166,271.03,2026-04-13 08:13:00,IMPS,DEV1061
TXN1004460,ACC100114,ACC100608,1239.35,2026-06-17 13:45:00,UPI,DEV1151
TXN1004461,ACC100465,ACC100817,1855.6,2026-06-25 22:56:00,IMPS,DEV1075
TXN1004462,ACC100018,ACC100321,1222.17,2026-02-27 20:30:00,CARD,DEV1003
TXN1004463,ACC100487,ACC100488,798.31,2026-03-11 12:24:00,NEFT,DEV1151
TXN1004464,ACC100491,ACC100743,1965.0,2026-06-28 01:56:00,BANK_TRANSFER,DEV1070
TXN1004465,ACC100940,ACC100655,136.17,2026-02-20 02:43:00,CARD,DEV1032
TXN1004466,ACC100296,ACC100399,375.12,2026-01-19 21:04:00,BANK_TRANSFER,DEV1173
TXN1004467,ACC100746,ACC100249,229.01,2026-05-28 09:17:00,CARD,DEV1248
TXN1004468,ACC100823,ACC100396,5530.67,2026-04-15 04:30:00,CARD,DEV1092
TXN1004469,ACC100254,ACC100334,2577.15,2026-06-29 19:40:00,CARD,DEV1001
TXN1004470,ACC100372,ACC100237,1369.43,2026-01-04 04:42:00,CARD,DEV1037
TXN1004471,ACC100757,ACC100547,192.34,2026-03-19 00:33:00,IMPS,DEV1191
TXN1004472,ACC100497,ACC100832,2678.41,2026-05-23 15:18:00,UPI,DEV1110
TXN1004473,ACC100928,ACC100397,5789.77,2026-05-13 13:41:00,UPI,DEV1169
TXN1004474,ACC100950,ACC100832,2177.2,2026-01-14 13:25:00,IMPS,DEV1021
TXN1004475,ACC100405,ACC100244,1051.3,2026-04-22 00:17:00,NEFT,DEV1022
TXN1004476,ACC100132,ACC100748,2340.36,2026-05-16 21:52:00,UPI,DEV1219
TXN1004477,ACC100272,ACC100857,1521.57,2026-01-03 21:17:00,BANK_TRANSFER,DEV1300
TXN1004478,ACC100123,ACC100011,3331.88,2026-02-25 20:01:00,UPI,DEV1060
TXN1004479,ACC100168,ACC100060,3243.55,2026-03-02 21:48:00,UPI,DEV1073
TXN1004480,ACC100373,ACC100138,841.11,2026-01-06 20:45:00,NEFT,DEV1173
TXN1004481,ACC100161,ACC100705,496.32,2026-02-21 15:42:00,NEFT,DEV1291
TXN1004482,ACC100478,ACC100712,678.72,2026-06-02 12:30:00,IMPS,DEV1057
TXN1004483,ACC100588,ACC100664,2086.03,2026-02-17 13:23:00,UPI,DEV1025
TXN1004484,ACC100638,ACC100733,729.73,2026-05-17 14:41:00,UPI,DEV1068
TXN1004485,ACC100883,ACC100990,445.57,2026-04-29 11:54:00,CARD,DEV1151
TXN1004486,ACC100677,ACC100329,1095.38,2026-03-07 09:19:00,BANK_TRANSFER,DEV1070
TXN1004487,ACC100044,ACC100326,4142.06,2026-03-15 19:00:00,BANK_TRANSFER,DEV1144
TXN1004488,ACC100710,ACC100292,1289.65,2026-03-26 07:41:00,BANK_TRANSFER,DEV1046
TXN1004489,ACC100127,ACC100570,787.24,2026-01-05 21:31:00,BANK_TRANSFER,DEV1061
TXN1004490,ACC100735,ACC100561,1610.85,2026-06-02 13:17:00,NEFT,DEV1179
TXN1004491,ACC100542,ACC100216,1212.99,2026-03-14 09:39:00,NEFT,DEV1203
TXN1004492,ACC100415,ACC100160,107.73,2026-02-12 20:22:00,NEFT,DEV1076
TXN1004493,ACC100126,ACC100505,2530.35,2026-06-07 16:53:00,UPI,DEV1161
TXN1004494,ACC100716,ACC100417,1788.17,2026-04-08 00:24:00,IMPS,DEV1209
TXN1004495,ACC100105,ACC100830,1118.12,2026-04-18 04:45:00,NEFT,DEV1277
TXN1004496,ACC100433,ACC100031,3923.85,2026-04-25 00:21:00,NEFT,DEV1229
TXN1004497,ACC100884,ACC100655,4701.32,2026-02-09 14:23:00,CARD,DEV1008
TXN1004498,ACC100134,ACC100201,2859.84,2026-04-01 02:08:00,NEFT,DEV1258
TXN1004499,ACC100373,ACC100027,395.3,2026-01-19 12:46:00,IMPS,DEV1002
TXN1004500,ACC100069,ACC100451,412.05,2026-02-28 23:11:00,UPI,DEV1216
TXN1004501,ACC100508,ACC100828,4191.45,2026-01-25 10:47:00,CARD,DEV1027
TXN1004502,ACC100355,ACC100539,115.28,2026-04-23 19:31:00,UPI,DEV1191
TXN1004503,ACC100132,ACC100183,917.25,2026-03-07 10:18:00,UPI,DEV1107
TXN1004504,ACC100251,ACC100604,1858.99,2026-03-25 10:29:00,CARD,DEV1290
TXN1004505,ACC100271,ACC100057,134.22,2026-04-07 09:01:00,NEFT,DEV1109
TXN1004506,ACC100099,ACC100696,1452.75,2026-03-23 23:42:00,CARD,DEV1298
TXN1004507,ACC100055,ACC100326,3447.19,2026-04-28 04:12:00,BANK_TRANSFER,DEV1040
TXN1004508,ACC100776,ACC100658,184.44,2026-05-15 21:45:00,BANK_TRANSFER,DEV1272
TXN1004509,ACC100407,ACC100445,8020.89,2026-03-18 13:48:00,BANK_TRANSFER,DEV1109
TXN1004510,ACC100439,ACC100338,326.43,2026-04-10 04:12:00,BANK_TRANSFER,DEV1120
TXN1004511,ACC100199,ACC100902,2185.68,2026-03-24 20:43:00,CARD,DEV1135
TXN1004512,ACC100642,ACC100686,991.96,2026-05-24 15:42:00,CARD,DEV1280
TXN1004513,ACC100977,ACC100007,1192.04,2026-04-06 23:26:00,CARD,DEV1025
TXN1004514,ACC100790,ACC100190,235.05,2026-03-04 23:41:00,CARD,DEV1242
TXN1004515,ACC100820,ACC100748,4976.93,2026-01-23 18:30:00,NEFT,DEV1125
TXN1004516,ACC100876,ACC100006,1621.42,2026-06-14 03:25:00,BANK_TRANSFER,DEV1095
TXN1004517,ACC100167,ACC100026,7669.51,2026-06-04 12:17:00,CARD,DEV1250
TXN1004518,ACC100247,ACC100222,242.52,2026-02-18 04:54:00,BANK_TRANSFER,DEV1245
TXN1004519,ACC100217,ACC100805,882.29,2026-06-24 04:32:00,IMPS,DEV1289
TXN1004520,ACC100881,ACC100414,1410.13,2026-03-16 08:50:00,UPI,DEV1095
TXN1004521,ACC100889,ACC100574,1179.04,2026-02-04 10:59:00,IMPS,DEV1083
TXN1004522,ACC100835,ACC100404,2440.95,2026-04-28 12:50:00,BANK_TRANSFER,DEV1095
TXN1004523,ACC100264,ACC100169,868.96,2026-04-23 16:09:00,IMPS,DEV1081
TXN1004524,ACC100229,ACC100738,13994.66,2026-05-17 11:32:00,IMPS,DEV1023
TXN1004525,ACC100139,ACC100244,1150.34,2026-06-25 06:13:00,UPI,DEV1294
TXN1004526,ACC100096,ACC100257,34.43,2026-06-26 00:00:00,UPI,DEV1216
TXN1004527,ACC100631,ACC100193,1213.23,2026-02-28 05:58:00,BANK_TRANSFER,DEV1142
TXN1004528,ACC100300,ACC100141,4982.85,2026-02-24 10:08:00,CARD,DEV1036
TXN1004529,ACC100619,ACC100605,362.14,2026-05-15 05:05:00,BANK_TRANSFER,DEV1004
TXN1004530,ACC100818,ACC100688,335.59,2026-05-04 11:18:00,NEFT,DEV1043
TXN1004531,ACC100336,ACC100862,400.03,2026-03-10 23:33:00,NEFT,DEV1064
TXN1004532,ACC100918,ACC100398,301.34,2026-01-15 15:06:00,NEFT,DEV1223
TXN1004533,ACC100582,ACC100706,616.91,2026-06-05 21:14:00,UPI,DEV1103
TXN1004534,ACC100564,ACC100982,3265.46,2026-02-26 04:14:00,UPI,DEV1001
TXN1004535,ACC100733,ACC100852,6847.23,2026-04-11 09:42:00,IMPS,DEV1109
TXN1004536,ACC100689,ACC100158,59.79,2026-02-17 14:45:00,IMPS,DEV1065
TXN1004537,ACC100504,ACC100460,696.35,2026-04-30 15:56:00,IMPS,DEV1104
TXN1004538,ACC100961,ACC100077,1576.93,2026-04-17 17:16:00,UPI,DEV1203
TXN1004539,ACC100411,ACC100950,1398.58,2026-03-18 16:19:00,UPI,DEV1226
TXN1004540,ACC100003,ACC100212,10720.66,2026-05-23 12:20:00,UPI,DEV1121
TXN1004541,ACC100387,ACC100816,98.22,2026-01-09 11:26:00,BANK_TRANSFER,DEV1160
TXN1004542,ACC100173,ACC100638,49.06,2026-05-09 10:23:00,IMPS,DEV1147
TXN1004543,ACC100086,ACC100745,13025.38,2026-01-10 21:51:00,CARD,DEV1152
TXN1004544,ACC100745,ACC100054,2708.42,2026-02-03 16:55:00,NEFT,DEV1009
TXN1004545,ACC100691,ACC100663,552.45,2026-04-22 16:09:00,NEFT,DEV1259
TXN1004546,ACC100171,ACC100438,1347.38,2026-04-27 14:20:00,IMPS,DEV1190
TXN1004547,ACC100582,ACC100948,1468.3,2026-01-01 14:40:00,IMPS,DEV1007
TXN1004548,ACC100862,ACC100040,536.67,2026-03-04 13:49:00,IMPS,DEV1260
TXN1004549,ACC100678,ACC100365,1300.02,2026-06-12 13:46:00,NEFT,DEV1210
TXN1004550,ACC100746,ACC100072,1678.7,2026-03-14 19:34:00,CARD,DEV1136
TXN1004551,ACC100322,ACC100609,12315.78,2026-05-05 22:02:00,BANK_TRANSFER,DEV1106
TXN1004552,ACC100106,ACC100535,3484.71,2026-02-25 20:02:00,BANK_TRANSFER,DEV1248
TXN1004553,ACC100766,ACC100588,8841.29,2026-05-19 09:28:00,BANK_TRANSFER,DEV1039
TXN1004554,ACC100263,ACC100613,218.7,2026-06-30 17:16:00,CARD,DEV1017
TXN1004555,ACC100603,ACC100757,722.97,2026-06-08 10:45:00,NEFT,DEV1007
TXN1004556,ACC100887,ACC100288,1466.59,2026-06-02 23:58:00,IMPS,DEV1073
TXN1004557,ACC100843,ACC100426,109.36,2026-04-22 10:07:00,IMPS,DEV1065
TXN1004558,ACC100134,ACC100763,4528.89,2026-02-26 20:09:00,NEFT,DEV1195
TXN1004559,ACC100103,ACC100133,2370.02,2026-01-26 05:21:00,BANK_TRANSFER,DEV1299
TXN1004560,ACC100720,ACC100956,705.85,2026-05-17 22:13:00,UPI,DEV1053
TXN1004561,ACC100337,ACC100630,880.07,2026-03-15 19:11:00,NEFT,DEV1116
TXN1004562,ACC100257,ACC100016,4937.63,2026-01-02 23:53:00,UPI,DEV1093
TXN1004563,ACC100701,ACC100461,422.2,2026-04-22 23:51:00,IMPS,DEV1070
TXN1004564,ACC100931,ACC100197,5182.39,2026-06-01 18:07:00,NEFT,DEV1254
TXN1004565,ACC100307,ACC100176,810.42,2026-06-13 05:30:00,NEFT,DEV1203
TXN1004566,ACC100732,ACC100472,2716.76,2026-05-10 23:45:00,CARD,DEV1032
TXN1004567,ACC100867,ACC100525,1216.97,2026-05-09 17:57:00,IMPS,DEV1065
TXN1004568,ACC100209,ACC100461,15991.82,2026-05-15 21:56:00,BANK_TRANSFER,DEV1247
TXN1004569,ACC100059,ACC100337,378.09,2026-06-18 18:39:00,NEFT,DEV1034
TXN1004570,ACC100397,ACC100534,551.18,2026-01-13 13:07:00,UPI,DEV1102
TXN1004571,ACC100714,ACC100740,179.94,2026-03-07 19:38:00,NEFT,DEV1205
TXN1004572,ACC100313,ACC100478,294.09,2026-05-28 20:27:00,BANK_TRANSFER,DEV1138
TXN1004573,ACC100400,ACC100025,2580.54,2026-06-23 11:04:00,BANK_TRANSFER,DEV1219
TXN1004574,ACC100703,ACC100454,7481.56,2026-06-09 09:11:00,BANK_TRANSFER,DEV1198
TXN1004575,ACC100197,ACC100904,2956.55,2026-06-23 18:29:00,IMPS,DEV1001
TXN1004576,ACC100876,ACC100635,1089.56,2026-04-24 05:15:00,IMPS,DEV1202
TXN1004577,ACC100823,ACC100122,375.28,2026-01-13 18:32:00,UPI,DEV1293
TXN1004578,ACC100901,ACC100144,3223.11,2026-04-17 02:51:00,CARD,DEV1205
TXN1004579,ACC100135,ACC100007,351.31,2026-01-26 14:17:00,NEFT,DEV1182
TXN1004580,ACC100922,ACC100326,217.3,2026-04-26 23:21:00,BANK_TRANSFER,DEV1208
TXN1004581,ACC100973,ACC100284,757.36,2026-03-26 17:02:00,BANK_TRANSFER,DEV1204
TXN1004582,ACC100330,ACC100335,95.51,2026-04-02 16:50:00,NEFT,DEV1051
TXN1004583,ACC100989,ACC100176,209.0,2026-03-07 16:03:00,CARD,DEV1140
TXN1004584,ACC100005,ACC100007,10542.69,2026-01-14 13:11:00,BANK_TRANSFER,DEV1228
TXN1004585,ACC100345,ACC100533,167.31,2026-04-17 18:07:00,IMPS,DEV1149
TXN1004586,ACC100699,ACC100058,263.54,2026-04-02 02:26:00,CARD,DEV1195
TXN1004587,ACC100361,ACC100261,1195.36,2026-03-25 03:38:00,IMPS,DEV1089
TXN1004588,ACC100913,ACC100262,1272.43,2026-03-19 08:52:00,UPI,DEV1262
TXN1004589,ACC100602,ACC100626,827.53,2026-05-01 10:06:00,UPI,DEV1073
TXN1004590,ACC100820,ACC100868,99.08,2026-02-21 06:52:00,BANK_TRANSFER,DEV1208
TXN1004591,ACC100934,ACC100547,3035.67,2026-04-20 00:34:00,BANK_TRANSFER,DEV1119
TXN1004592,ACC100856,ACC100325,644.41,2026-05-01 01:25:00,UPI,DEV1231
TXN1004593,ACC100020,ACC100981,4743.54,2026-03-04 13:56:00,IMPS,DEV1023
TXN1004594,ACC100903,ACC100637,505.84,2026-03-18 09:08:00,IMPS,DEV1108
TXN1004595,ACC100524,ACC100658,3565.26,2026-04-16 02:04:00,IMPS,DEV1023
TXN1004596,ACC100816,ACC100710,5194.21,2026-03-27 01:39:00,BANK_TRANSFER,DEV1273
TXN1004597,ACC100228,ACC100031,626.2,2026-06-05 09:29:00,UPI,DEV1108
TXN1004598,ACC100275,ACC100684,3154.36,2026-05-29 00:24:00,BANK_TRANSFER,DEV1221
TXN1004599,ACC100653,ACC100067,222.68,2026-06-05 16:14:00,BANK_TRANSFER,DEV1248
TXN1004600,ACC100888,ACC100864,1504.82,2026-05-28 16:37:00,IMPS,DEV1139
TXN1004601,ACC100344,ACC100156,4753.67,2026-05-23 09:10:00,UPI,DEV1107
TXN1004602,ACC100371,ACC100398,2043.03,2026-06-06 09:13:00,BANK_TRANSFER,DEV1006
TXN1004603,ACC100305,ACC100325,19682.18,2026-01-11 15:50:00,IMPS,DEV1181
TXN1004604,ACC100771,ACC100788,2184.69,2026-04-07 23:35:00,CARD,DEV1153
TXN1004605,ACC100521,ACC100997,707.46,2026-01-04 19:33:00,NEFT,DEV1255
TXN1004606,ACC100655,ACC100654,33158.81,2026-02-27 19:33:00,NEFT,DEV1009
TXN1004607,ACC100909,ACC100344,7788.79,2026-05-30 21:26:00,BANK_TRANSFER,DEV1023
TXN1004608,ACC100143,ACC100673,160.21,2026-04-21 00:02:00,IMPS,DEV1128
TXN1004609,ACC100276,ACC100150,427.95,2026-06-16 01:30:00,IMPS,DEV1046
TXN1004610,ACC100362,ACC100933,315.52,2026-05-16 20:29:00,IMPS,DEV1170
TXN1004611,ACC100533,ACC100287,2379.76,2026-06-06 00:35:00,CARD,DEV1097
TXN1004612,ACC100864,ACC100319,2176.32,2026-02-09 01:23:00,IMPS,DEV1049
TXN1004613,ACC100577,ACC100761,2156.29,2026-04-23 22:41:00,CARD,DEV1241
TXN1004614,ACC100292,ACC100545,155.11,2026-04-22 15:42:00,NEFT,DEV1187
TXN1004615,ACC100978,ACC100971,509.94,2026-01-30 22:24:00,NEFT,DEV1034
TXN1004616,ACC100525,ACC100920,916.77,2026-04-19 09:07:00,BANK_TRANSFER,DEV1081
TXN1004617,ACC100206,ACC100003,123.19,2026-05-09 17:49:00,IMPS,DEV1163
TXN1004618,ACC100805,ACC100656,385.22,2026-05-14 13:31:00,BANK_TRANSFER,DEV1141
TXN1004619,ACC100108,ACC100584,5584.33,2026-04-18 05:25:00,IMPS,DEV1112
TXN1004620,ACC100172,ACC100994,169.88,2026-04-20 01:03:00,NEFT,DEV1280
TXN1004621,ACC100385,ACC100733,6287.46,2026-06-09 09:33:00,IMPS,DEV1235
TXN1004622,ACC100430,ACC100858,4061.79,2026-05-04 09:59:00,BANK_TRANSFER,DEV1107
TXN1004623,ACC100101,ACC100869,773.65,2026-04-24 06:34:00,UPI,DEV1196
TXN1004624,ACC100412,ACC100186,503.38,2026-06-01 07:17:00,UPI,DEV1190
TXN1004625,ACC100094,ACC100831,2975.58,2026-05-16 03:04:00,CARD,DEV1276
TXN1004626,ACC100512,ACC100153,426.12,2026-03-17 05:00:00,CARD,DEV1185
TXN1004627,ACC100841,ACC100348,452.33,2026-05-25 10:39:00,CARD,DEV1280
TXN1004628,ACC100607,ACC100856,1065.67,2026-01-06 14:20:00,IMPS,DEV1120
TXN1004629,ACC100136,ACC100471,85.09,2026-02-06 07:30:00,CARD,DEV1060
TXN1004630,ACC100461,ACC100639,192.49,2026-05-09 19:46:00,UPI,DEV1077
TXN1004631,ACC100905,ACC100175,750.85,2026-02-28 16:05:00,BANK_TRANSFER,DEV1028
TXN1004632,ACC100036,ACC100725,1940.76,2026-04-20 10:47:00,NEFT,DEV1277
TXN1004633,ACC100642,ACC100653,419.1,2026-04-25 01:53:00,BANK_TRANSFER,DEV1143
TXN1004634,ACC100829,ACC100477,865.12,2026-04-25 19:49:00,NEFT,DEV1132
TXN1004635,ACC100072,ACC100642,158.2,2026-04-24 14:21:00,CARD,DEV1160
TXN1004636,ACC100321,ACC100207,3357.6,2026-06-01 17:54:00,UPI,DEV1278
TXN1004637,ACC100553,ACC100639,1428.1,2026-06-25 01:21:00,CARD,DEV1107
TXN1004638,ACC100473,ACC100526,1588.04,2026-01-17 12:02:00,BANK_TRANSFER,DEV1033
TXN1004639,ACC100328,ACC100505,1970.22,2026-06-04 01:58:00,BANK_TRANSFER,DEV1297
TXN1004640,ACC100309,ACC100378,1204.42,2026-05-11 20:46:00,CARD,DEV1085
TXN1004641,ACC100414,ACC100846,613.68,2026-05-21 07:10:00,BANK_TRANSFER,DEV1134
TXN1004642,ACC100563,ACC100524,4253.87,2026-04-24 14:01:00,IMPS,DEV1268
TXN1004643,ACC100023,ACC100881,1323.79,2026-02-09 00:34:00,CARD,DEV1204
TXN1004644,ACC100081,ACC100154,898.87,2026-03-02 20:15:00,CARD,DEV1055
TXN1004645,ACC100184,ACC100117,1085.3,2026-06-11 22:47:00,BANK_TRANSFER,DEV1014
TXN1004646,ACC100647,ACC100870,1057.9,2026-03-27 03:00:00,BANK_TRANSFER,DEV1279
TXN1004647,ACC100102,ACC100158,888.1,2026-05-26 22:05:00,BANK_TRANSFER,DEV1267
TXN1004648,ACC100659,ACC100396,1873.06,2026-06-17 03:21:00,BANK_TRANSFER,DEV1068
TXN1004649,ACC100835,ACC100827,356.73,2026-01-07 22:08:00,CARD,DEV1003
TXN1004650,ACC100937,ACC100411,389.42,2026-04-10 20:20:00,UPI,DEV1060
TXN1004651,ACC100048,ACC100465,2145.48,2026-05-31 04:30:00,IMPS,DEV1246
TXN1004652,ACC100798,ACC100150,921.23,2026-05-31 18:56:00,IMPS,DEV1198
TXN1004653,ACC100566,ACC100621,3518.08,2026-03-01 07:38:00,NEFT,DEV1261
TXN1004654,ACC100678,ACC100952,1791.22,2026-04-22 22:34:00,NEFT,DEV1232
TXN1004655,ACC100943,ACC100047,565.01,2026-03-04 10:47:00,UPI,DEV1215
TXN1004656,ACC100502,ACC100335,2186.63,2026-04-28 17:26:00,BANK_TRANSFER,DEV1211
TXN1004657,ACC100882,ACC100531,4612.98,2026-02-27 06:31:00,NEFT,DEV1181
TXN1004658,ACC100707,ACC100456,1875.02,2026-01-04 16:37:00,CARD,DEV1120
TXN1004659,ACC100757,ACC100103,2437.44,2026-02-13 22:27:00,IMPS,DEV1051
TXN1004660,ACC100330,ACC100337,892.36,2026-03-29 21:34:00,UPI,DEV1162
TXN1004661,ACC100450,ACC100692,3610.67,2026-01-09 12:12:00,IMPS,DEV1047
TXN1004662,ACC100537,ACC100489,546.3,2026-06-08 20:35:00,IMPS,DEV1264
TXN1004663,ACC100280,ACC100727,1646.24,2026-03-13 08:59:00,UPI,DEV1159
TXN1004664,ACC100376,ACC100521,23942.43,2026-05-18 07:08:00,UPI,DEV1039
TXN1004665,ACC100318,ACC100065,2093.64,2026-03-20 16:29:00,UPI,DEV1052
TXN1004666,ACC100770,ACC100156,661.92,2026-02-28 22:07:00,NEFT,DEV1025
TXN1004667,ACC100203,ACC100410,659.87,2026-05-18 15:09:00,UPI,DEV1166
TXN1004668,ACC100642,ACC100768,1006.66,2026-04-11 18:13:00,BANK_TRANSFER,DEV1038
TXN1004669,ACC100761,ACC100038,3045.73,2026-05-30 21:48:00,CARD,DEV1230
TXN1004670,ACC100632,ACC100457,1306.27,2026-05-18 01:49:00,IMPS,DEV1118
TXN1004671,ACC100654,ACC100996,503.59,2026-03-19 21:25:00,NEFT,DEV1182
TXN1004672,ACC100436,ACC100524,502.52,2026-03-16 08:59:00,CARD,DEV1242
TXN1004673,ACC100588,ACC100829,1316.14,2026-03-17 00:50:00,IMPS,DEV1216
TXN1004674,ACC100743,ACC100876,1153.87,2026-04-20 10:10:00,UPI,DEV1033
TXN1004675,ACC100442,ACC100223,1893.1,2026-02-04 20:55:00,NEFT,DEV1245
TXN1004676,ACC100223,ACC100776,3297.72,2026-05-08 17:16:00,IMPS,DEV1060
TXN1004677,ACC100363,ACC100596,28935.71,2026-05-08 12:29:00,CARD,DEV1082
TXN1004678,ACC100615,ACC100931,189.72,2026-06-30 22:50:00,IMPS,DEV1224
TXN1004679,ACC100239,ACC100106,2500.47,2026-05-11 13:25:00,BANK_TRANSFER,DEV1106
TXN1004680,ACC100727,ACC100038,1233.94,2026-02-04 19:16:00,UPI,DEV1169
TXN1004681,ACC100572,ACC100377,119.88,2026-06-30 22:35:00,NEFT,DEV1083
TXN1004682,ACC100841,ACC100232,4912.0,2026-02-28 05:58:00,NEFT,DEV1046
TXN1004683,ACC100384,ACC100875,1817.85,2026-04-06 02:21:00,BANK_TRANSFER,DEV1177
TXN1004684,ACC100641,ACC100756,2863.41,2026-03-07 18:20:00,IMPS,DEV1298
TXN1004685,ACC100443,ACC100816,142.69,2026-04-10 00:49:00,CARD,DEV1106
TXN1004686,ACC100307,ACC100298,841.76,2026-04-09 16:04:00,NEFT,DEV1199
TXN1004687,ACC100180,ACC100744,300.35,2026-02-01 11:47:00,BANK_TRANSFER,DEV1182
TXN1004688,ACC100557,ACC100290,14701.74,2026-06-16 02:48:00,CARD,DEV1137
TXN1004689,ACC100758,ACC100954,4330.6,2026-06-06 03:55:00,CARD,DEV1032
TXN1004690,ACC100452,ACC100003,484.36,2026-03-28 00:26:00,IMPS,DEV1084
TXN1004691,ACC100078,ACC100525,173.47,2026-06-20 03:12:00,CARD,DEV1289
TXN1004692,ACC100565,ACC100073,1384.18,2026-06-15 09:47:00,UPI,DEV1116
TXN1004693,ACC100806,ACC100781,4068.0,2026-03-18 09:20:00,CARD,DEV1197
TXN1004694,ACC100715,ACC100910,136.72,2026-01-15 20:09:00,NEFT,DEV1287
TXN1004695,ACC100208,ACC100710,358.48,2026-05-05 15:21:00,NEFT,DEV1013
TXN1004696,ACC100753,ACC100131,290.99,2026-06-01 04:16:00,BANK_TRANSFER,DEV1207
TXN1004697,ACC100295,ACC100680,3103.65,2026-06-13 08:14:00,IMPS,DEV1014
TXN1004698,ACC100831,ACC100155,703.6,2026-04-19 21:39:00,NEFT,DEV1015
TXN1004699,ACC100588,ACC100743,739.87,2026-06-15 19:58:00,CARD,DEV1095
TXN1004700,ACC100119,ACC100571,1352.33,2026-02-18 14:11:00,CARD,DEV1231
TXN1004701,ACC100470,ACC100126,382.25,2026-06-03 12:53:00,CARD,DEV1211
TXN1004702,ACC100445,ACC100975,193.95,2026-01-20 00:03:00,IMPS,DEV1160
TXN1004703,ACC100764,ACC100403,5673.84,2026-03-03 09:29:00,IMPS,DEV1016
TXN1004704,ACC100137,ACC100812,6342.21,2026-02-02 04:33:00,IMPS,DEV1137
TXN1004705,ACC100628,ACC100602,1360.35,2026-05-20 01:21:00,UPI,DEV1106
TXN1004706,ACC100742,ACC100448,1484.13,2026-04-19 18:54:00,IMPS,DEV1215
TXN1004707,ACC100499,ACC100366,4980.16,2026-06-08 00:33:00,UPI,DEV1242
TXN1004708,ACC100884,ACC100463,1323.43,2026-06-07 02:27:00,NEFT,DEV1076
TXN1004709,ACC100650,ACC100311,663.22,2026-03-12 13:46:00,UPI,DEV1140
TXN1004710,ACC100300,ACC100027,1149.64,2026-06-07 05:36:00,IMPS,DEV1125
TXN1004711,ACC100795,ACC100878,5836.01,2026-03-31 02:08:00,CARD,DEV1155
TXN1004712,ACC100871,ACC100404,1169.1,2026-04-03 14:49:00,NEFT,DEV1071
TXN1004713,ACC100889,ACC100828,491.15,2026-04-07 01:47:00,UPI,DEV1281
TXN1004714,ACC100392,ACC100252,1308.19,2026-05-06 04:22:00,CARD,DEV1111
TXN1004715,ACC100068,ACC100581,2410.21,2026-05-30 12:10:00,CARD,DEV1171
TXN1004716,ACC100364,ACC100596,2087.04,2026-02-10 21:49:00,IMPS,DEV1248
TXN1004717,ACC100701,ACC100449,2128.96,2026-04-07 08:58:00,UPI,DEV1152
TXN1004718,ACC100622,ACC100046,406.66,2026-01-07 07:23:00,BANK_TRANSFER,DEV1165
TXN1004719,ACC100002,ACC100996,2763.14,2026-02-15 11:25:00,NEFT,DEV1032
TXN1004720,ACC100746,ACC100739,1134.74,2026-02-23 09:15:00,NEFT,DEV1130
TXN1004721,ACC100896,ACC100562,466.78,2026-04-13 16:25:00,IMPS,DEV1092
TXN1004722,ACC100546,ACC100932,2736.9,2026-05-18 07:48:00,BANK_TRANSFER,DEV1000
TXN1004723,ACC100307,ACC100480,636.28,2026-03-03 07:58:00,UPI,DEV1129
TXN1004724,ACC100947,ACC100369,165.81,2026-03-12 12:54:00,UPI,DEV1191
TXN1004725,ACC100703,ACC100493,330.06,2026-03-16 19:48:00,IMPS,DEV1076
TXN1004726,ACC100366,ACC100095,881.86,2026-01-30 08:53:00,BANK_TRANSFER,DEV1234
TXN1004727,ACC100538,ACC100529,2195.06,2026-04-30 20:07:00,NEFT,DEV1109
TXN1004728,ACC100065,ACC100137,388.82,2026-06-26 00:16:00,NEFT,DEV1007
TXN1004729,ACC100597,ACC100329,821.56,2026-03-15 08:19:00,CARD,DEV1253
TXN1004730,ACC100666,ACC100445,254.7,2026-04-19 03:14:00,BANK_TRANSFER,DEV1099
TXN1004731,ACC100053,ACC100715,3563.29,2026-05-16 12:45:00,BANK_TRANSFER,DEV1026
TXN1004732,ACC100061,ACC100102,8611.01,2026-06-28 18:17:00,CARD,DEV1124
TXN1004733,ACC100087,ACC100319,7563.88,2026-02-22 19:52:00,UPI,DEV1166
TXN1004734,ACC100094,ACC100960,3491.11,2026-01-17 08:32:00,IMPS,DEV1221
TXN1004735,ACC100492,ACC100547,3087.18,2026-04-16 05:49:00,UPI,DEV1007
TXN1004736,ACC100497,ACC100817,91.26,2026-05-21 02:38:00,BANK_TRANSFER,DEV1233
TXN1004737,ACC100099,ACC100046,1356.43,2026-06-07 22:55:00,CARD,DEV1268
TXN1004738,ACC100327,ACC100433,604.67,2026-03-19 04:23:00,NEFT,DEV1232
TXN1004739,ACC100859,ACC100054,3154.42,2026-04-15 21:55:00,BANK_TRANSFER,DEV1001
TXN1004740,ACC100146,ACC100884,52.19,2026-04-20 19:44:00,IMPS,DEV1125
TXN1004741,ACC100946,ACC100828,1382.38,2026-01-19 12:42:00,NEFT,DEV1091
TXN1004742,ACC100723,ACC100760,847.82,2026-02-20 00:25:00,CARD,DEV1017
TXN1004743,ACC100054,ACC100189,4196.96,2026-02-19 01:51:00,IMPS,DEV1257
TXN1004744,ACC100442,ACC100895,7027.49,2026-03-27 22:05:00,NEFT,DEV1009
TXN1004745,ACC100691,ACC100334,359.74,2026-02-05 05:44:00,NEFT,DEV1048
TXN1004746,ACC100098,ACC100296,379.76,2026-02-09 00:55:00,CARD,DEV1209
TXN1004747,ACC100491,ACC100037,1446.06,2026-01-27 10:45:00,UPI,DEV1131
TXN1004748,ACC100327,ACC100756,8782.49,2026-05-31 19:19:00,IMPS,DEV1009
TXN1004749,ACC100097,ACC100880,1178.71,2026-04-13 14:29:00,IMPS,DEV1105
TXN1004750,ACC100869,ACC100757,236.28,2026-05-13 04:48:00,IMPS,DEV1069
TXN1004751,ACC100873,ACC100139,530.04,2026-03-13 01:16:00,UPI,DEV1163
TXN1004752,ACC100237,ACC100889,1398.56,2026-05-31 04:27:00,IMPS,DEV1090
TXN1004753,ACC100048,ACC100381,1463.0,2026-04-07 04:46:00,UPI,DEV1048
TXN1004754,ACC100983,ACC100679,471.11,2026-06-07 01:34:00,UPI,DEV1058
TXN1004755,ACC100776,ACC100212,517.52,2026-03-07 18:14:00,NEFT,DEV1107
TXN1004756,ACC100228,ACC100589,337.69,2026-01-26 06:34:00,IMPS,DEV1089
TXN1004757,ACC100372,ACC100185,4313.07,2026-05-13 12:55:00,UPI,DEV1109
TXN1004758,ACC100162,ACC100249,402.73,2026-06-03 08:40:00,NEFT,DEV1210
TXN1004759,ACC100695,ACC100290,627.82,2026-03-27 04:18:00,IMPS,DEV1155
TXN1004760,ACC100190,ACC100512,606.74,2026-04-13 10:11:00,NEFT,DEV1226
TXN1004761,ACC100438,ACC100812,159.63,2026-01-02 05:54:00,NEFT,DEV1298
TXN1004762,ACC100524,ACC100440,389.13,2026-04-20 06:35:00,NEFT,DEV1089
TXN1004763,ACC100763,ACC100055,4787.51,2026-05-30 12:10:00,IMPS,DEV1223
TXN1004764,ACC100768,ACC100464,256.94,2026-06-12 22:52:00,CARD,DEV1124
TXN1004765,ACC100283,ACC100677,345.03,2026-05-27 18:46:00,NEFT,DEV1090
TXN1004766,ACC100636,ACC100483,221.62,2026-03-01 12:09:00,CARD,DEV1047
TXN1004767,ACC100342,ACC100704,983.65,2026-02-15 13:05:00,CARD,DEV1189
TXN1004768,ACC100833,ACC100340,10536.2,2026-05-25 02:15:00,NEFT,DEV1249
TXN1004769,ACC100782,ACC100918,935.21,2026-04-10 05:22:00,NEFT,DEV1126
TXN1004770,ACC100893,ACC100654,1188.1,2026-05-11 02:04:00,BANK_TRANSFER,DEV1213
TXN1004771,ACC100426,ACC100307,422.19,2026-01-27 09:05:00,CARD,DEV1189
TXN1004772,ACC100224,ACC100255,1018.47,2026-04-14 19:51:00,NEFT,DEV1081
TXN1004773,ACC100295,ACC100899,4792.75,2026-04-24 09:14:00,CARD,DEV1222
TXN1004774,ACC100736,ACC100325,1301.78,2026-06-20 07:57:00,NEFT,DEV1106
TXN1004775,ACC100574,ACC100594,14159.26,2026-06-28 23:31:00,CARD,DEV1065
TXN1004776,ACC100780,ACC100649,4971.0,2026-05-28 18:49:00,NEFT,DEV1127
TXN1004777,ACC100157,ACC100296,988.73,2026-02-21 13:15:00,CARD,DEV1077
TXN1004778,ACC100304,ACC100105,965.89,2026-03-28 16:12:00,UPI,DEV1080
TXN1004779,ACC100656,ACC100468,7762.87,2026-06-15 23:49:00,CARD,DEV1100
TXN1004780,ACC100762,ACC100640,1293.09,2026-05-21 07:39:00,NEFT,DEV1138
TXN1004781,ACC100217,ACC100962,5947.38,2026-06-18 09:46:00,CARD,DEV1280
TXN1004782,ACC100336,ACC100512,12130.63,2026-04-20 08:24:00,BANK_TRANSFER,DEV1013
TXN1004783,ACC100422,ACC100803,858.29,2026-01-26 13:25:00,BANK_TRANSFER,DEV1075
TXN1004784,ACC100303,ACC100579,1672.95,2026-05-01 20:08:00,IMPS,DEV1279
TXN1004785,ACC100806,ACC100673,3554.63,2026-01-20 14:10:00,UPI,DEV1181
TXN1004786,ACC100881,ACC100229,2754.52,2026-06-22 17:04:00,UPI,DEV1051
TXN1004787,ACC100403,ACC100918,2731.45,2026-05-12 22:23:00,IMPS,DEV1236
TXN1004788,ACC100090,ACC100029,221.37,2026-03-04 00:47:00,CARD,DEV1106
TXN1004789,ACC100485,ACC100133,396.19,2026-04-08 02:00:00,CARD,DEV1085
TXN1004790,ACC100793,ACC100850,605.27,2026-01-02 03:15:00,NEFT,DEV1274
TXN1004791,ACC100628,ACC100433,4709.35,2026-05-04 18:54:00,UPI,DEV1284
TXN1004792,ACC100917,ACC100143,249.02,2026-04-09 09:23:00,BANK_TRANSFER,DEV1106
TXN1004793,ACC100120,ACC100134,6821.75,2026-02-01 09:44:00,CARD,DEV1100
TXN1004794,ACC100606,ACC100786,2795.6,2026-03-18 15:05:00,CARD,DEV1094
TXN1004795,ACC100331,ACC100657,4381.19,2026-03-13 04:55:00,BANK_TRANSFER,DEV1084
TXN1004796,ACC100397,ACC100862,359.44,2026-06-29 10:07:00,NEFT,DEV1207
TXN1004797,ACC100210,ACC100939,1196.03,2026-02-18 20:24:00,UPI,DEV1235
TXN1004798,ACC100142,ACC100766,1569.84,2026-05-30 20:05:00,NEFT,DEV1005
TXN1004799,ACC100220,ACC100404,1489.15,2026-05-27 08:57:00,BANK_TRANSFER,DEV1040
TXN1004800,ACC100683,ACC100112,1563.67,2026-02-16 21:54:00,CARD,DEV1196
TXN1004801,ACC100735,ACC100299,786.95,2026-05-26 15:42:00,UPI,DEV1209
TXN1004802,ACC100462,ACC100688,1289.81,2026-01-07 14:03:00,BANK_TRANSFER,DEV1114
TXN1004803,ACC100223,ACC100336,3790.59,2026-02-26 20:28:00,UPI,DEV1016
TXN1004804,ACC100107,ACC100978,270.48,2026-04-10 03:40:00,IMPS,DEV1179
TXN1004805,ACC100804,ACC100791,7019.59,2026-05-27 00:56:00,UPI,DEV1205
TXN1004806,ACC100794,ACC100735,3562.72,2026-03-05 19:22:00,BANK_TRANSFER,DEV1139
TXN1004807,ACC100748,ACC100599,344.38,2026-01-09 02:46:00,IMPS,DEV1115
TXN1004808,ACC100237,ACC100278,1738.2,2026-03-11 07:21:00,CARD,DEV1214
TXN1004809,ACC100853,ACC100493,3235.05,2026-06-18 07:00:00,NEFT,DEV1273
TXN1004810,ACC100813,ACC100102,249.05,2026-03-14 01:33:00,BANK_TRANSFER,DEV1279
TXN1004811,ACC100816,ACC100707,1153.29,2026-03-09 03:01:00,UPI,DEV1036
TXN1004812,ACC100885,ACC100444,998.03,2026-05-07 20:29:00,IMPS,DEV1019
TXN1004813,ACC100075,ACC100257,505.38,2026-05-20 03:06:00,UPI,DEV1205
TXN1004814,ACC100010,ACC100998,1225.16,2026-03-14 19:44:00,BANK_TRANSFER,DEV1042
TXN1004815,ACC100790,ACC100025,533.61,2026-01-13 10:38:00,IMPS,DEV1019
TXN1004816,ACC100154,ACC100542,5705.4,2026-05-24 14:14:00,CARD,DEV1060
TXN1004817,ACC100413,ACC100937,516.99,2026-05-20 01:07:00,UPI,DEV1020
TXN1004818,ACC100252,ACC100298,2836.64,2026-02-06 04:09:00,IMPS,DEV1132
TXN1004819,ACC100513,ACC100916,150.44,2026-03-26 10:19:00,BANK_TRANSFER,DEV1133
TXN1004820,ACC100909,ACC100159,903.1,2026-01-16 07:09:00,NEFT,DEV1101
TXN1004821,ACC100076,ACC100435,1112.95,2026-01-16 23:44:00,CARD,DEV1289
TXN1004822,ACC100687,ACC100098,868.57,2026-05-05 20:11:00,UPI,DEV1105
TXN1004823,ACC100942,ACC100556,681.58,2026-04-08 02:00:00,UPI,DEV1165
TXN1004824,ACC100806,ACC100492,492.25,2026-01-26 23:57:00,UPI,DEV1253
TXN1004825,ACC100118,ACC100208,2712.02,2026-02-04 03:20:00,BANK_TRANSFER,DEV1158
TXN1004826,ACC100948,ACC100867,3638.58,2026-01-05 04:37:00,NEFT,DEV1237
TXN1004827,ACC100685,ACC100888,993.67,2026-01-02 05:30:00,BANK_TRANSFER,DEV1284
TXN1004828,ACC100822,ACC100670,294.13,2026-01-23 09:52:00,UPI,DEV1061
TXN1004829,ACC100135,ACC100860,9440.26,2026-05-17 15:40:00,NEFT,DEV1162
TXN1004830,ACC100139,ACC100930,381.55,2026-05-05 23:47:00,UPI,DEV1109
TXN1004831,ACC100993,ACC100446,190.32,2026-05-02 17:24:00,NEFT,DEV1251
TXN1004832,ACC100389,ACC100301,97.99,2026-04-20 06:24:00,BANK_TRANSFER,DEV1036
TXN1004833,ACC100244,ACC100567,1235.64,2026-01-21 01:16:00,CARD,DEV1154
TXN1004834,ACC100629,ACC100993,844.8,2026-01-29 22:26:00,CARD,DEV1062
TXN1004835,ACC100801,ACC100591,3778.75,2026-03-15 05:46:00,IMPS,DEV1077
TXN1004836,ACC100121,ACC100356,2283.13,2026-03-14 01:38:00,UPI,DEV1121
TXN1004837,ACC100084,ACC100942,1553.46,2026-03-27 07:26:00,NEFT,DEV1026
TXN1004838,ACC100420,ACC100611,791.84,2026-06-19 14:47:00,IMPS,DEV1198
TXN1004839,ACC100068,ACC100416,4154.61,2026-05-21 08:38:00,NEFT,DEV1172
TXN1004840,ACC100171,ACC100330,10309.98,2026-02-14 22:23:00,CARD,DEV1159
TXN1004841,ACC100914,ACC100076,3680.39,2026-01-01 04:44:00,NEFT,DEV1144
TXN1004842,ACC100498,ACC100737,628.77,2026-01-17 15:55:00,BANK_TRANSFER,DEV1277
TXN1004843,ACC100611,ACC100721,2801.41,2026-06-07 09:25:00,BANK_TRANSFER,DEV1269
TXN1004844,ACC100936,ACC100931,676.88,2026-04-02 14:32:00,CARD,DEV1144
TXN1004845,ACC100518,ACC100583,291.17,2026-06-03 07:32:00,UPI,DEV1015
TXN1004846,ACC100378,ACC100108,372.84,2026-06-01 21:27:00,NEFT,DEV1221
TXN1004847,ACC100462,ACC100356,713.5,2026-06-19 13:43:00,IMPS,DEV1187
TXN1004848,ACC100372,ACC100796,1242.34,2026-05-10 10:06:00,IMPS,DEV1094
TXN1004849,ACC100459,ACC100653,12999.91,2026-01-23 15:33:00,IMPS,DEV1199
TXN1004850,ACC100413,ACC100136,380.69,2026-06-17 12:20:00,CARD,DEV1187
TXN1004851,ACC100026,ACC100265,5367.87,2026-04-08 00:16:00,CARD,DEV1011
TXN1004852,ACC100679,ACC100043,749.41,2026-01-22 10:02:00,NEFT,DEV1056
TXN1004853,ACC100858,ACC100227,97.55,2026-01-02 12:54:00,BANK_TRANSFER,DEV1215
TXN1004854,ACC100881,ACC100184,597.72,2026-03-08 01:22:00,BANK_TRANSFER,DEV1227
TXN1004855,ACC100796,ACC100827,4500.92,2026-01-27 00:10:00,UPI,DEV1210
TXN1004856,ACC100418,ACC100554,1658.39,2026-06-03 02:00:00,NEFT,DEV1051
TXN1004857,ACC100497,ACC100138,1781.73,2026-05-18 04:48:00,UPI,DEV1241
TXN1004858,ACC100417,ACC100172,5400.27,2026-02-19 17:07:00,UPI,DEV1062
TXN1004859,ACC100359,ACC100891,316.21,2026-06-18 05:30:00,IMPS,DEV1117
TXN1004860,ACC100146,ACC100565,310.41,2026-02-07 06:10:00,IMPS,DEV1284
TXN1004861,ACC100158,ACC100290,72.5,2026-01-04 18:17:00,NEFT,DEV1241
TXN1004862,ACC100334,ACC100887,3141.63,2026-02-09 17:57:00,IMPS,DEV1183
TXN1004863,ACC100620,ACC100605,2153.78,2026-06-02 10:08:00,UPI,DEV1000
TXN1004864,ACC100279,ACC100094,2614.32,2026-01-10 18:55:00,NEFT,DEV1231
TXN1004865,ACC100619,ACC100821,265.17,2026-01-30 07:47:00,NEFT,DEV1052
TXN1004866,ACC100721,ACC100118,159.96,2026-03-05 11:50:00,UPI,DEV1160
TXN1004867,ACC100198,ACC100326,225.08,2026-04-24 04:58:00,IMPS,DEV1271
TXN1004868,ACC100606,ACC100134,362.46,2026-01-02 14:54:00,NEFT,DEV1060
TXN1004869,ACC100654,ACC100717,7078.03,2026-06-20 12:16:00,CARD,DEV1284
TXN1004870,ACC100041,ACC100613,3641.5,2026-04-29 17:53:00,IMPS,DEV1014
TXN1004871,ACC100130,ACC100948,632.79,2026-05-19 00:35:00,UPI,DEV1012
TXN1004872,ACC100916,ACC100307,1570.43,2026-01-27 21:13:00,NEFT,DEV1168
TXN1004873,ACC100248,ACC100308,485.88,2026-01-20 20:55:00,NEFT,DEV1064
TXN1004874,ACC100805,ACC100780,1697.88,2026-05-11 03:15:00,NEFT,DEV1147
TXN1004875,ACC100480,ACC100569,279.86,2026-04-15 15:30:00,NEFT,DEV1065
TXN1004876,ACC100563,ACC100037,2698.1,2026-02-14 02:54:00,BANK_TRANSFER,DEV1284
TXN1004877,ACC100948,ACC100624,395.58,2026-02-27 00:46:00,CARD,DEV1113
TXN1004878,ACC100774,ACC100352,2884.47,2026-05-08 19:05:00,UPI,DEV1116
TXN1004879,ACC100475,ACC100571,656.61,2026-05-30 03:56:00,IMPS,DEV1049
TXN1004880,ACC100227,ACC100843,424.92,2026-06-19 21:10:00,CARD,DEV1128
TXN1004881,ACC100953,ACC100939,7597.66,2026-03-03 13:44:00,BANK_TRANSFER,DEV1294
TXN1004882,ACC100014,ACC100326,1356.06,2026-03-26 18:51:00,NEFT,DEV1176
TXN1004883,ACC100936,ACC100504,745.0,2026-04-06 20:13:00,BANK_TRANSFER,DEV1156
TXN1004884,ACC100714,ACC100786,2723.88,2026-01-06 18:35:00,NEFT,DEV1095
TXN1004885,ACC100589,ACC100916,219.64,2026-01-01 14:18:00,BANK_TRANSFER,DEV1220
TXN1004886,ACC100580,ACC100652,4139.11,2026-01-13 23:32:00,NEFT,DEV1183
TXN1004887,ACC100915,ACC100156,927.66,2026-05-14 20:44:00,BANK_TRANSFER,DEV1219
TXN1004888,ACC100015,ACC100386,2255.09,2026-01-18 01:39:00,CARD,DEV1169
TXN1004889,ACC100430,ACC100470,171.15,2026-03-03 07:58:00,CARD,DEV1139
TXN1004890,ACC100380,ACC100454,693.04,2026-01-12 02:49:00,CARD,DEV1162
TXN1004891,ACC100147,ACC100454,1102.68,2026-04-17 03:10:00,IMPS,DEV1214
TXN1004892,ACC100679,ACC100573,3775.77,2026-01-18 10:12:00,BANK_TRANSFER,DEV1282
TXN1004893,ACC100059,ACC100143,2481.19,2026-04-02 07:30:00,UPI,DEV1262
TXN1004894,ACC100287,ACC100199,684.73,2026-05-03 13:36:00,BANK_TRANSFER,DEV1082
TXN1004895,ACC100655,ACC100627,1606.06,2026-04-12 10:05:00,NEFT,DEV1154
TXN1004896,ACC100470,ACC100792,4953.66,2026-05-08 06:09:00,NEFT,DEV1004
TXN1004897,ACC100544,ACC100288,862.65,2026-06-22 06:17:00,IMPS,DEV1072
TXN1004898,ACC100922,ACC100256,757.0,2026-02-14 07:15:00,NEFT,DEV1262
TXN1004899,ACC100004,ACC100785,113.56,2026-01-09 09:20:00,UPI,DEV1232
TXN1004900,ACC100726,ACC100129,784.55,2026-03-20 03:46:00,NEFT,DEV1175
TXN1004901,ACC100252,ACC100964,135.97,2026-04-12 20:29:00,UPI,DEV1167
TXN1004902,ACC100547,ACC100346,956.04,2026-03-22 15:39:00,NEFT,DEV1299
TXN1004903,ACC100950,ACC100029,3589.48,2026-04-09 05:56:00,CARD,DEV1288
TXN1004904,ACC100828,ACC100387,86.18,2026-01-04 05:32:00,NEFT,DEV1084
TXN1004905,ACC100377,ACC100463,4822.51,2026-01-16 08:09:00,IMPS,DEV1113
TXN1004906,ACC100672,ACC100147,737.84,2026-06-08 11:32:00,BANK_TRANSFER,DEV1149
TXN1004907,ACC100367,ACC100185,1061.46,2026-02-26 02:49:00,NEFT,DEV1275
TXN1004908,ACC100943,ACC100829,600.1,2026-02-05 17:55:00,CARD,DEV1115
TXN1004909,ACC100047,ACC100286,140.35,2026-01-06 04:46:00,BANK_TRANSFER,DEV1222
TXN1004910,ACC100401,ACC100188,428.55,2026-06-26 21:04:00,BANK_TRANSFER,DEV1046
TXN1004911,ACC100453,ACC100161,13587.32,2026-01-26 16:34:00,NEFT,DEV1080
TXN1004912,ACC100614,ACC100142,294.34,2026-02-03 00:54:00,NEFT,DEV1044
TXN1004913,ACC100417,ACC100475,163.0,2026-05-19 06:02:00,UPI,DEV1183
TXN1004914,ACC100700,ACC100246,1299.26,2026-06-01 06:00:00,CARD,DEV1195
TXN1004915,ACC100618,ACC100214,989.37,2026-05-02 00:10:00,CARD,DEV1113
TXN1004916,ACC100129,ACC100839,743.97,2026-04-01 01:07:00,IMPS,DEV1062
TXN1004917,ACC100859,ACC100236,1115.81,2026-05-31 05:21:00,BANK_TRANSFER,DEV1023
TXN1004918,ACC100309,ACC100544,2375.69,2026-04-02 00:15:00,IMPS,DEV1077
TXN1004919,ACC100046,ACC100428,542.07,2026-01-25 22:55:00,BANK_TRANSFER,DEV1024
TXN1004920,ACC100108,ACC100590,1384.77,2026-03-03 21:56:00,IMPS,DEV1108
TXN1004921,ACC100382,ACC100633,3746.77,2026-02-27 16:42:00,BANK_TRANSFER,DEV1249
TXN1004922,ACC100086,ACC100618,332.17,2026-01-16 00:04:00,UPI,DEV1011
TXN1004923,ACC100188,ACC100725,67.58,2026-05-29 22:07:00,NEFT,DEV1220
TXN1004924,ACC100101,ACC100385,2452.76,2026-02-07 06:17:00,NEFT,DEV1192
TXN1004925,ACC100732,ACC100735,22104.91,2026-06-23 09:35:00,CARD,DEV1032
TXN1004926,ACC100526,ACC100757,1087.0,2026-04-05 12:04:00,BANK_TRANSFER,DEV1158
TXN1004927,ACC100002,ACC100744,1397.33,2026-04-26 19:46:00,BANK_TRANSFER,DEV1073
TXN1004928,ACC100232,ACC100000,768.95,2026-03-15 11:44:00,IMPS,DEV1069
TXN1004929,ACC100760,ACC100239,7373.69,2026-01-22 13:08:00,CARD,DEV1238
TXN1004930,ACC100938,ACC100800,998.94,2026-05-17 02:34:00,NEFT,DEV1169
TXN1004931,ACC100385,ACC100296,876.66,2026-04-23 09:49:00,IMPS,DEV1227
TXN1004932,ACC100013,ACC100801,3271.61,2026-01-31 20:59:00,NEFT,DEV1180
TXN1004933,ACC100200,ACC100693,613.31,2026-06-07 23:52:00,UPI,DEV1041
TXN1004934,ACC100686,ACC100462,234.71,2026-05-08 14:36:00,CARD,DEV1219
TXN1004935,ACC100348,ACC100059,3161.37,2026-03-30 06:02:00,CARD,DEV1214
TXN1004936,ACC100068,ACC100128,539.23,2026-01-07 19:38:00,IMPS,DEV1283
TXN1004937,ACC100088,ACC100841,340.17,2026-06-29 22:07:00,NEFT,DEV1244
TXN1004938,ACC100560,ACC100056,13630.4,2026-04-15 22:36:00,UPI,DEV1030
TXN1004939,ACC100159,ACC100135,885.09,2026-03-04 02:21:00,UPI,DEV1200
TXN1004940,ACC100489,ACC100641,1984.4,2026-05-21 23:12:00,CARD,DEV1012
TXN1004941,ACC100395,ACC100644,1136.19,2026-05-03 21:35:00,CARD,DEV1104
TXN1004942,ACC100343,ACC100251,378.58,2026-02-04 05:09:00,IMPS,DEV1248
TXN1004943,ACC100126,ACC100552,2508.2,2026-04-02 19:59:00,IMPS,DEV1036
TXN1004944,ACC100889,ACC100141,1599.58,2026-04-07 21:42:00,BANK_TRANSFER,DEV1145
TXN1004945,ACC100662,ACC100524,497.08,2026-04-05 14:08:00,IMPS,DEV1254
TXN1004946,ACC100085,ACC100292,1844.25,2026-02-08 20:41:00,NEFT,DEV1098
TXN1004947,ACC100022,ACC100041,591.6,2026-01-08 08:21:00,CARD,DEV1172
TXN1004948,ACC100791,ACC100930,291.37,2026-03-04 19:26:00,BANK_TRANSFER,DEV1289
TXN1004949,ACC100929,ACC100713,258.06,2026-02-08 08:18:00,UPI,DEV1106
TXN1004950,ACC100146,ACC100265,1516.36,2026-04-22 11:45:00,BANK_TRANSFER,DEV1257
TXN1004951,ACC100871,ACC100389,692.79,2026-04-08 20:54:00,IMPS,DEV1064
TXN1004952,ACC100994,ACC100490,6647.82,2026-05-18 08:48:00,UPI,DEV1251
TXN1004953,ACC100674,ACC100567,1041.53,2026-02-21 23:18:00,CARD,DEV1211
TXN1004954,ACC100350,ACC100583,427.42,2026-01-19 11:38:00,IMPS,DEV1268
TXN1004955,ACC100142,ACC100042,1325.28,2026-01-25 03:21:00,NEFT,DEV1015
TXN1004956,ACC100834,ACC100397,232.03,2026-04-01 05:35:00,CARD,DEV1201
TXN1004957,ACC100299,ACC100188,991.33,2026-04-21 15:11:00,IMPS,DEV1188
TXN1004958,ACC100065,ACC100824,1608.41,2026-02-06 16:39:00,IMPS,DEV1143
TXN1004959,ACC100323,ACC100965,1386.87,2026-03-30 07:31:00,IMPS,DEV1250
TXN1004960,ACC100972,ACC100854,5236.24,2026-04-04 22:57:00,CARD,DEV1160
TXN1004961,ACC100952,ACC100769,24760.89,2026-04-09 20:56:00,CARD,DEV1210
TXN1004962,ACC100266,ACC100541,2454.5,2026-04-23 17:27:00,NEFT,DEV1218
TXN1004963,ACC100163,ACC100168,4512.27,2026-03-13 19:43:00,NEFT,DEV1188
TXN1004964,ACC100850,ACC100123,23205.75,2026-01-06 10:28:00,CARD,DEV1070
TXN1004965,ACC100322,ACC100005,327.84,2026-04-16 19:44:00,IMPS,DEV1290
TXN1004966,ACC100428,ACC100334,1282.74,2026-04-09 18:13:00,NEFT,DEV1056
TXN1004967,ACC100146,ACC100838,617.95,2026-06-22 01:51:00,CARD,DEV1064
TXN1004968,ACC100768,ACC100458,3014.5,2026-04-17 16:48:00,IMPS,DEV1118
TXN1004969,ACC100757,ACC100327,1519.21,2026-06-29 00:44:00,BANK_TRANSFER,DEV1225
TXN1004970,ACC100598,ACC100796,410.71,2026-02-25 08:47:00,NEFT,DEV1070
TXN1004971,ACC100074,ACC100134,1111.14,2026-05-28 03:45:00,NEFT,DEV1223
TXN1004972,ACC100889,ACC100801,3851.84,2026-06-18 12:40:00,UPI,DEV1095
TXN1004973,ACC100150,ACC100806,229.41,2026-02-20 09:59:00,CARD,DEV1236
TXN1004974,ACC100563,ACC100877,421.23,2026-06-26 23:52:00,UPI,DEV1146
TXN1004975,ACC100932,ACC100353,351.87,2026-05-07 19:21:00,CARD,DEV1070
TXN1004976,ACC100382,ACC100119,1622.42,2026-05-14 09:56:00,UPI,DEV1234
TXN1004977,ACC100024,ACC100208,4859.15,2026-02-28 22:10:00,BANK_TRANSFER,DEV1271
TXN1004978,ACC100137,ACC100095,98.33,2026-03-16 15:27:00,BANK_TRANSFER,DEV1073
TXN1004979,ACC100792,ACC100248,1228.17,2026-02-19 15:10:00,IMPS,DEV1028
TXN1004980,ACC100948,ACC100581,361.74,2026-06-28 09:12:00,NEFT,DEV1032
TXN1004981,ACC100734,ACC100944,3664.63,2026-04-12 16:39:00,CARD,DEV1227
TXN1004982,ACC100012,ACC100404,825.21,2026-02-20 13:53:00,IMPS,DEV1071
TXN1004983,ACC100869,ACC100883,1282.81,2026-05-14 14:33:00,IMPS,DEV1002
TXN1004984,ACC100115,ACC100068,1094.88,2026-02-05 05:10:00,UPI,DEV1025
TXN1004985,ACC100912,ACC100909,4226.22,2026-06-23 17:40:00,NEFT,DEV1257
TXN1004986,ACC100940,ACC100274,12814.82,2026-02-02 13:14:00,NEFT,DEV1278
TXN1004987,ACC100208,ACC100209,281.01,2026-02-24 14:26:00,CARD,DEV1295
TXN1004988,ACC100390,ACC100023,349.65,2026-05-11 05:40:00,BANK_TRANSFER,DEV1207
TXN1004989,ACC100510,ACC100741,1612.91,2026-06-13 02:55:00,IMPS,DEV1195
TXN1004990,ACC100008,ACC100872,411.71,2026-03-27 21:50:00,NEFT,DEV1146
TXN1004991,ACC100912,ACC100445,3362.03,2026-06-03 04:32:00,UPI,DEV1287
TXN1004992,ACC100379,ACC100939,4076.28,2026-04-18 09:33:00,BANK_TRANSFER,DEV1026
TXN1004993,ACC100116,ACC100887,569.13,2026-02-18 04:58:00,NEFT,DEV1189
TXN1004994,ACC100781,ACC100887,438.67,2026-01-24 19:14:00,IMPS,DEV1191
TXN1004995,ACC100051,ACC100844,788.6,2026-06-17 00:01:00,UPI,DEV1055
TXN1004996,ACC100920,ACC100339,1242.43,2026-03-16 13:21:00,UPI,DEV1243
TXN1004997,ACC100353,ACC100805,1600.07,2026-05-16 23:35:00,UPI,DEV1276
TXN1004998,ACC100898,ACC100049,73.45,2026-02-25 17:52:00,BANK_TRANSFER,DEV1295
TXN1004999,ACC100654,ACC100775,343.45,2026-01-10 09:45:00,NEFT,DEV1034
TXN1005000,ACC100062,ACC100288,675.25,2026-01-16 09:16:00,IMPS,DEV1032
TXN1005001,ACC100356,ACC100415,421.41,2026-04-09 17:22:00,NEFT,DEV1038
TXN1005002,ACC100703,ACC100218,35.25,2026-03-26 06:31:00,BANK_TRANSFER,DEV1052
TXN1005003,ACC100281,ACC100527,113.74,2026-06-15 07:24:00,CARD,DEV1158
TXN1005004,ACC100469,ACC100327,228.97,2026-04-01 17:15:00,UPI,DEV1100
TXN1005005,ACC100043,ACC100639,954.95,2026-06-13 00:24:00,UPI,DEV1206
TXN1005006,ACC100528,ACC100953,649.73,2026-03-23 13:01:00,NEFT,DEV1229
TXN1005007,ACC100112,ACC100498,513.95,2026-04-26 18:44:00,NEFT,DEV1018
TXN1005008,ACC100093,ACC100985,2852.12,2026-06-05 01:16:00,IMPS,DEV1236
TXN1005009,ACC100809,ACC100933,2850.82,2026-06-18 03:30:00,CARD,DEV1269
TXN1005010,ACC100710,ACC100572,1312.78,2026-06-15 06:58:00,CARD,DEV1052
TXN1005011,ACC100446,ACC100095,1266.67,2026-01-28 12:29:00,BANK_TRANSFER,DEV1199
TXN1005012,ACC100434,ACC100818,392.29,2026-05-13 14:25:00,UPI,DEV1043
TXN1005013,ACC100582,ACC100584,452.87,2026-05-01 13:09:00,CARD,DEV1182
TXN1005014,ACC100593,ACC100753,141.29,2026-05-14 06:53:00,IMPS,DEV1081
TXN1005015,ACC100423,ACC100067,811.67,2026-05-02 01:25:00,NEFT,DEV1014
TXN1005016,ACC100340,ACC100992,2815.48,2026-05-18 07:04:00,NEFT,DEV1097
TXN1005017,ACC100261,ACC100365,5570.25,2026-06-14 18:24:00,UPI,DEV1178
TXN1005018,ACC100432,ACC100335,817.51,2026-04-23 05:07:00,BANK_TRANSFER,DEV1189
TXN1005019,ACC100252,ACC100373,1978.32,2026-03-03 08:26:00,BANK_TRANSFER,DEV1260
TXN1005020,ACC100167,ACC100289,35.62,2026-02-10 13:14:00,CARD,DEV1072
TXN1005021,ACC100096,ACC100479,652.29,2026-06-29 16:27:00,NEFT,DEV1286
TXN1005022,ACC100044,ACC100068,634.2,2026-06-24 11:16:00,BANK_TRANSFER,DEV1137
TXN1005023,ACC100951,ACC100435,6564.31,2026-04-20 18:42:00,CARD,DEV1106
TXN1005024,ACC100004,ACC100834,1757.28,2026-02-21 00:13:00,IMPS,DEV1263
TXN1005025,ACC100349,ACC100209,1984.47,2026-02-10 15:46:00,IMPS,DEV1245
TXN1005026,ACC100772,ACC100393,1864.59,2026-04-21 20:13:00,BANK_TRANSFER,DEV1113
TXN1005027,ACC100261,ACC100324,1158.09,2026-01-18 21:46:00,NEFT,DEV1031
TXN1005028,ACC100168,ACC100327,6896.98,2026-02-02 17:40:00,NEFT,DEV1153
TXN1005029,ACC100436,ACC100109,68.97,2026-03-03 00:09:00,BANK_TRANSFER,DEV1239
TXN1005030,ACC100837,ACC100195,1306.95,2026-01-02 18:16:00,BANK_TRANSFER,DEV1241
TXN1005031,ACC100128,ACC100907,4254.63,2026-01-03 21:48:00,CARD,DEV1114
TXN1005032,ACC100568,ACC100885,113.33,2026-02-12 16:30:00,CARD,DEV1240
TXN1005033,ACC100466,ACC100941,2997.4,2026-01-30 04:07:00,BANK_TRANSFER,DEV1149
TXN1005034,ACC100143,ACC100326,439.92,2026-02-02 23:39:00,CARD,DEV1258
TXN1005035,ACC100943,ACC100399,1251.1,2026-02-20 00:02:00,BANK_TRANSFER,DEV1031
TXN1005036,ACC100008,ACC100453,429.91,2026-01-22 04:59:00,UPI,DEV1024
TXN1005037,ACC100847,ACC100144,3466.78,2026-03-13 04:48:00,IMPS,DEV1151
TXN1005038,ACC100691,ACC100297,775.86,2026-05-06 07:23:00,UPI,DEV1178
TXN1005039,ACC100756,ACC100674,3025.88,2026-05-04 23:36:00,CARD,DEV1240
TXN1005040,ACC100096,ACC100775,1848.99,2026-06-08 14:34:00,UPI,DEV1296
TXN1005041,ACC100596,ACC100646,423.03,2026-05-02 03:41:00,CARD,DEV1186
TXN1005042,ACC100726,ACC100624,2002.66,2026-04-22 11:56:00,CARD,DEV1206
TXN1005043,ACC100788,ACC100466,494.58,2026-04-15 10:06:00,UPI,DEV1193
TXN1005044,ACC100536,ACC100875,1184.36,2026-03-02 06:38:00,NEFT,DEV1136
TXN1005045,ACC100016,ACC100017,759.06,2026-06-07 12:30:00,IMPS,DEV1082
TXN1005046,ACC100958,ACC100843,3228.89,2026-03-14 04:43:00,CARD,DEV1186
TXN1005047,ACC100200,ACC100799,2097.26,2026-04-28 21:18:00,IMPS,DEV1093
TXN1005048,ACC100130,ACC100857,1056.94,2026-01-23 19:46:00,UPI,DEV1132
TXN1005049,ACC100249,ACC100638,481.62,2026-06-30 00:27:00,CARD,DEV1010
TXN1005050,ACC100370,ACC100709,239.18,2026-03-14 16:19:00,IMPS,DEV1215
TXN1005051,ACC100051,ACC100780,1290.5,2026-01-30 11:25:00,CARD,DEV1300
TXN1005052,ACC100117,ACC100084,513.5,2026-03-26 01:16:00,UPI,DEV1022
TXN1005053,ACC100070,ACC100406,115.17,2026-02-08 14:18:00,UPI,DEV1015
TXN1005054,ACC100516,ACC100033,222.29,2026-02-04 13:41:00,NEFT,DEV1286
TXN1005055,ACC100585,ACC100734,7715.99,2026-02-23 22:50:00,NEFT,DEV1239
TXN1005056,ACC100931,ACC100344,496.72,2026-06-03 15:33:00,BANK_TRANSFER,DEV1104
TXN1005057,ACC100225,ACC100326,4018.22,2026-03-15 17:19:00,BANK_TRANSFER,DEV1105
TXN1005058,ACC100366,ACC100503,714.81,2026-01-23 20:29:00,IMPS,DEV1055
TXN1005059,ACC100290,ACC100584,4853.68,2026-04-14 16:06:00,BANK_TRANSFER,DEV1046
TXN1005060,ACC100837,ACC100258,4449.72,2026-04-09 08:16:00,BANK_TRANSFER,DEV1211
TXN1005061,ACC100648,ACC100396,407.14,2026-03-14 23:10:00,IMPS,DEV1079
TXN1005062,ACC100023,ACC100897,100.93,2026-02-23 03:07:00,CARD,DEV1071
TXN1005063,ACC100836,ACC100673,111.72,2026-04-15 14:26:00,NEFT,DEV1074
TXN1005064,ACC100797,ACC100530,415.55,2026-02-06 10:35:00,CARD,DEV1275
TXN1005065,ACC100341,ACC100270,10588.9,2026-06-01 05:40:00,CARD,DEV1065
TXN1005066,ACC100297,ACC100002,670.03,2026-01-11 01:10:00,IMPS,DEV1010
TXN1005067,ACC100559,ACC100400,1305.44,2026-06-20 01:41:00,UPI,DEV1155
TXN1005068,ACC100682,ACC100764,5239.62,2026-04-07 00:35:00,NEFT,DEV1044
TXN1005069,ACC100603,ACC100024,1251.86,2026-05-24 11:32:00,NEFT,DEV1106
TXN1005070,ACC100843,ACC100146,1201.19,2026-05-07 03:54:00,CARD,DEV1103
TXN1005071,ACC100747,ACC100058,2315.07,2026-06-15 23:45:00,IMPS,DEV1120
TXN1005072,ACC100327,ACC100920,1551.17,2026-04-18 22:22:00,IMPS,DEV1195
TXN1005073,ACC100612,ACC100729,973.25,2026-02-21 00:26:00,UPI,DEV1029
TXN1005074,ACC100058,ACC100739,461.4,2026-01-10 20:06:00,UPI,DEV1269
TXN1005075,ACC100840,ACC100609,1204.94,2026-05-31 08:00:00,UPI,DEV1283
TXN1005076,ACC100454,ACC100533,4077.66,2026-01-30 00:07:00,NEFT,DEV1272
TXN1005077,ACC100990,ACC100045,9305.92,2026-02-14 17:58:00,IMPS,DEV1171
TXN1005078,ACC100715,ACC100974,1557.34,2026-03-13 02:12:00,NEFT,DEV1278
TXN1005079,ACC100901,ACC100965,2714.04,2026-06-03 06:08:00,BANK_TRANSFER,DEV1025
TXN1005080,ACC100636,ACC100757,1515.77,2026-02-28 01:41:00,NEFT,DEV1112
TXN1005081,ACC100648,ACC100454,987.53,2026-04-17 14:29:00,UPI,DEV1124
TXN1005082,ACC100788,ACC100427,2032.68,2026-04-11 05:48:00,BANK_TRANSFER,DEV1012
TXN1005083,ACC100524,ACC100807,4569.68,2026-01-22 04:47:00,IMPS,DEV1219
TXN1005084,ACC100532,ACC100068,378.56,2026-03-31 19:31:00,NEFT,DEV1234
TXN1005085,ACC100915,ACC100714,192.16,2026-03-07 15:37:00,UPI,DEV1177
TXN1005086,ACC100933,ACC100735,578.47,2026-02-26 02:30:00,UPI,DEV1018
TXN1005087,ACC100357,ACC100697,1413.74,2026-05-21 07:14:00,IMPS,DEV1004
TXN1005088,ACC100882,ACC100627,3114.57,2026-04-21 16:58:00,IMPS,DEV1229
TXN1005089,ACC100633,ACC100515,334.48,2026-03-16 04:45:00,UPI,DEV1285
TXN1005090,ACC100598,ACC100127,55.35,2026-03-20 04:46:00,CARD,DEV1119
TXN1005091,ACC100485,ACC100417,595.06,2026-04-02 22:06:00,UPI,DEV1053
TXN1005092,ACC100415,ACC100831,868.97,2026-05-05 14:34:00,CARD,DEV1050
TXN1005093,ACC100521,ACC100507,271.86,2026-05-03 13:35:00,IMPS,DEV1271
TXN1005094,ACC100555,ACC100829,442.61,2026-02-25 13:57:00,IMPS,DEV1221
TXN1005095,ACC100557,ACC100538,3104.91,2026-06-20 22:45:00,NEFT,DEV1012
TXN1005096,ACC100089,ACC100746,1204.41,2026-06-17 13:32:00,IMPS,DEV1235
TXN1005097,ACC100946,ACC100411,1660.29,2026-02-14 20:12:00,IMPS,DEV1094
TXN1005098,ACC100435,ACC100442,715.64,2026-04-22 15:09:00,BANK_TRANSFER,DEV1263
TXN1005099,ACC100011,ACC100583,443.66,2026-06-29 23:28:00,IMPS,DEV1229
TXN1005100,ACC100659,ACC100406,709.47,2026-01-22 13:29:00,NEFT,DEV1086
TXN1005101,ACC100191,ACC100563,1995.51,2026-06-14 20:33:00,BANK_TRANSFER,DEV1000
TXN1005102,ACC100474,ACC100298,183.17,2026-05-29 19:55:00,IMPS,DEV1162
TXN1005103,ACC100579,ACC100548,7944.26,2026-01-28 04:37:00,NEFT,DEV1174
TXN1005104,ACC100637,ACC100488,2186.0,2026-05-03 15:52:00,IMPS,DEV1222
TXN1005105,ACC100330,ACC100997,576.48,2026-06-04 16:55:00,CARD,DEV1151
TXN1005106,ACC100025,ACC100562,2910.52,2026-02-18 19:00:00,NEFT,DEV1272
TXN1005107,ACC100025,ACC100324,4754.37,2026-01-08 02:28:00,NEFT,DEV1063
TXN1005108,ACC100791,ACC100451,737.74,2026-01-28 13:13:00,NEFT,DEV1247
TXN1005109,ACC100564,ACC100596,845.64,2026-02-18 19:30:00,UPI,DEV1071
TXN1005110,ACC100604,ACC100980,6582.49,2026-04-01 13:31:00,NEFT,DEV1047
TXN1005111,ACC100547,ACC100545,13943.52,2026-04-23 02:44:00,UPI,DEV1157
TXN1005112,ACC100538,ACC100438,1136.06,2026-01-11 01:54:00,NEFT,DEV1022
TXN1005113,ACC100004,ACC100735,273.18,2026-06-04 06:16:00,NEFT,DEV1138
TXN1005114,ACC100608,ACC100720,623.46,2026-06-13 06:10:00,BANK_TRANSFER,DEV1228
TXN1005115,ACC100574,ACC100855,3788.1,2026-05-06 11:55:00,CARD,DEV1025
TXN1005116,ACC100641,ACC100238,318.54,2026-06-14 00:34:00,IMPS,DEV1100
TXN1005117,ACC100018,ACC100126,854.11,2026-01-27 05:07:00,NEFT,DEV1006
TXN1005118,ACC100065,ACC100659,1557.91,2026-05-10 13:21:00,UPI,DEV1252
TXN1005119,ACC100281,ACC100175,362.4,2026-05-27 00:47:00,CARD,DEV1176
TXN1005120,ACC100152,ACC100185,4087.63,2026-02-11 07:45:00,IMPS,DEV1208
TXN1005121,ACC100619,ACC100215,2521.88,2026-01-31 21:38:00,BANK_TRANSFER,DEV1008
TXN1005122,ACC100393,ACC100172,12227.65,2026-01-11 00:27:00,CARD,DEV1100
TXN1005123,ACC100020,ACC100962,2801.06,2026-02-04 08:55:00,IMPS,DEV1197
TXN1005124,ACC100666,ACC100727,346.17,2026-04-19 04:44:00,NEFT,DEV1293
TXN1005125,ACC100462,ACC100372,2072.36,2026-03-03 16:01:00,NEFT,DEV1012
TXN1005126,ACC100714,ACC100828,3588.99,2026-03-25 16:53:00,UPI,DEV1141
TXN1005127,ACC100312,ACC100400,3817.59,2026-06-19 20:23:00,NEFT,DEV1208
TXN1005128,ACC100694,ACC100795,431.73,2026-05-07 08:43:00,UPI,DEV1194
TXN1005129,ACC100555,ACC100924,374.05,2026-05-07 07:06:00,NEFT,DEV1155
TXN1005130,ACC100259,ACC100962,279.34,2026-04-06 07:28:00,NEFT,DEV1169
TXN1005131,ACC100741,ACC100067,7522.68,2026-03-13 12:59:00,CARD,DEV1281
TXN1005132,ACC100998,ACC100549,2315.67,2026-06-19 14:17:00,NEFT,DEV1263
TXN1005133,ACC100203,ACC100682,409.34,2026-03-10 17:17:00,IMPS,DEV1151
TXN1005134,ACC100575,ACC100759,1277.46,2026-02-28 22:34:00,NEFT,DEV1280
TXN1005135,ACC100967,ACC100439,945.37,2026-06-11 05:27:00,CARD,DEV1253
TXN1005136,ACC100221,ACC100444,341.35,2026-04-11 10:13:00,BANK_TRANSFER,DEV1160
TXN1005137,ACC100246,ACC100157,1145.3,2026-01-08 22:37:00,CARD,DEV1242
TXN1005138,ACC100373,ACC100537,1378.61,2026-05-01 00:09:00,BANK_TRANSFER,DEV1148
TXN1005139,ACC100249,ACC100162,11131.16,2026-06-16 13:56:00,BANK_TRANSFER,DEV1287
TXN1005140,ACC100223,ACC100672,499.28,2026-06-16 08:35:00,NEFT,DEV1124
TXN1005141,ACC100892,ACC100998,140.99,2026-04-21 20:22:00,NEFT,DEV1274
TXN1005142,ACC100032,ACC100364,311.46,2026-01-07 10:25:00,NEFT,DEV1030
TXN1005143,ACC100369,ACC100738,375.71,2026-01-09 20:20:00,IMPS,DEV1272
TXN1005144,ACC100275,ACC100410,657.0,2026-04-29 05:38:00,UPI,DEV1026
TXN1005145,ACC100468,ACC100201,312.37,2026-03-13 05:52:00,BANK_TRANSFER,DEV1100
TXN1005146,ACC100580,ACC100046,2941.12,2026-06-28 15:57:00,CARD,DEV1116
TXN1005147,ACC100936,ACC100756,287.37,2026-05-06 04:50:00,BANK_TRANSFER,DEV1161
TXN1005148,ACC100276,ACC100650,1123.29,2026-03-30 22:45:00,UPI,DEV1123
TXN1005149,ACC100575,ACC100947,12091.17,2026-01-08 02:09:00,CARD,DEV1070
TXN1005150,ACC100343,ACC100572,2130.86,2026-03-31 03:45:00,NEFT,DEV1019
TXN1005151,ACC100692,ACC100135,1883.54,2026-06-26 23:47:00,UPI,DEV1153
TXN1005152,ACC100351,ACC100023,10186.1,2026-06-18 06:18:00,BANK_TRANSFER,DEV1048
TXN1005153,ACC100319,ACC100214,4889.18,2026-03-29 07:44:00,UPI,DEV1071
TXN1005154,ACC100930,ACC100475,2160.62,2026-06-02 09:02:00,IMPS,DEV1114
TXN1005155,ACC100768,ACC100503,755.31,2026-06-08 11:17:00,IMPS,DEV1040
TXN1005156,ACC100816,ACC100738,1067.18,2026-01-26 03:48:00,IMPS,DEV1122
TXN1005157,ACC100672,ACC100361,1006.7,2026-05-28 00:59:00,NEFT,DEV1085
TXN1005158,ACC100410,ACC100366,677.42,2026-02-17 15:43:00,NEFT,DEV1076
TXN1005159,ACC100564,ACC100444,1414.38,2026-06-22 12:58:00,IMPS,DEV1176
TXN1005160,ACC100113,ACC100708,1670.53,2026-01-14 17:52:00,NEFT,DEV1253
TXN1005161,ACC100228,ACC100541,246.27,2026-02-19 18:54:00,NEFT,DEV1178
TXN1005162,ACC100299,ACC100350,7773.31,2026-01-21 08:51:00,CARD,DEV1020
TXN1005163,ACC100817,ACC100618,1793.2,2026-06-10 02:45:00,BANK_TRANSFER,DEV1118
TXN1005164,ACC100331,ACC100096,800.04,2026-01-21 16:16:00,NEFT,DEV1176
TXN1005165,ACC100848,ACC100366,1429.97,2026-03-22 23:21:00,IMPS,DEV1232
TXN1005166,ACC100715,ACC100032,3349.09,2026-04-17 04:37:00,CARD,DEV1095
TXN1005167,ACC100556,ACC100865,188.67,2026-01-28 14:11:00,CARD,DEV1102
TXN1005168,ACC100253,ACC100452,966.74,2026-03-06 13:09:00,UPI,DEV1071
TXN1005169,ACC100866,ACC100088,264.27,2026-06-20 10:50:00,CARD,DEV1191
TXN1005170,ACC100986,ACC100433,26593.03,2026-02-12 14:31:00,NEFT,DEV1051
TXN1005171,ACC100177,ACC100771,1294.43,2026-04-19 00:58:00,BANK_TRANSFER,DEV1131
TXN1005172,ACC100538,ACC100121,266.85,2026-05-11 22:21:00,CARD,DEV1200
TXN1005173,ACC100163,ACC100014,82401.6,2026-05-31 21:12:00,UPI,DEV1217
TXN1005174,ACC100584,ACC100239,576.39,2026-01-22 20:35:00,CARD,DEV1123
TXN1005175,ACC100020,ACC100809,853.29,2026-03-02 21:06:00,BANK_TRANSFER,DEV1172
TXN1005176,ACC100972,ACC100075,930.61,2026-04-22 16:51:00,UPI,DEV1159
TXN1005177,ACC100343,ACC100033,396.41,2026-03-26 21:00:00,BANK_TRANSFER,DEV1276
TXN1005178,ACC100146,ACC100939,1475.6,2026-02-02 23:06:00,CARD,DEV1225
TXN1005179,ACC100233,ACC100692,77.26,2026-01-26 05:54:00,IMPS,DEV1143
TXN1005180,ACC100800,ACC100234,4036.28,2026-05-16 18:58:00,BANK_TRANSFER,DEV1019
TXN1005181,ACC100315,ACC100514,283.34,2026-03-30 03:05:00,NEFT,DEV1077
TXN1005182,ACC100058,ACC100148,666.22,2026-04-05 20:44:00,IMPS,DEV1205
TXN1005183,ACC100304,ACC100375,2702.21,2026-01-12 23:11:00,IMPS,DEV1283
TXN1005184,ACC100179,ACC100804,858.04,2026-03-02 03:39:00,IMPS,DEV1130
TXN1005185,ACC100135,ACC100482,901.21,2026-04-03 12:39:00,CARD,DEV1193
TXN1005186,ACC100477,ACC100189,325.55,2026-06-05 20:48:00,UPI,DEV1056
TXN1005187,ACC100735,ACC100339,13558.62,2026-03-16 20:09:00,UPI,DEV1146
TXN1005188,ACC100643,ACC100264,2075.13,2026-02-19 02:54:00,BANK_TRANSFER,DEV1103
TXN1005189,ACC100662,ACC100306,299.06,2026-03-05 14:52:00,BANK_TRANSFER,DEV1190
TXN1005190,ACC100230,ACC100937,1358.07,2026-01-22 01:18:00,IMPS,DEV1299
TXN1005191,ACC100495,ACC100121,274.74,2026-06-23 21:55:00,UPI,DEV1164
TXN1005192,ACC100016,ACC100417,8663.7,2026-02-07 23:19:00,BANK_TRANSFER,DEV1058
TXN1005193,ACC100971,ACC100689,1393.49,2026-04-30 20:38:00,IMPS,DEV1199
TXN1005194,ACC100924,ACC100801,340.14,2026-03-28 02:11:00,CARD,DEV1109
TXN1005195,ACC100877,ACC100165,2532.87,2026-05-11 03:48:00,CARD,DEV1072
TXN1005196,ACC100701,ACC100629,785.49,2026-01-22 01:49:00,BANK_TRANSFER,DEV1250
TXN1005197,ACC100234,ACC100839,233.72,2026-06-08 05:18:00,IMPS,DEV1050
TXN1005198,ACC100607,ACC100563,1732.39,2026-03-05 13:33:00,BANK_TRANSFER,DEV1038
TXN1005199,ACC100805,ACC100329,1674.73,2026-04-24 07:26:00,CARD,DEV1222
TXN1005200,ACC100796,ACC100495,4295.32,2026-01-30 00:55:00,NEFT,DEV1070
TXN1005201,ACC100578,ACC100526,1184.89,2026-06-24 15:24:00,CARD,DEV1000
TXN1005202,ACC100452,ACC100658,1246.97,2026-03-16 11:49:00,BANK_TRANSFER,DEV1041
TXN1005203,ACC100382,ACC100884,1328.97,2026-02-20 01:55:00,NEFT,DEV1140
TXN1005204,ACC100325,ACC100052,7437.87,2026-01-03 06:03:00,UPI,DEV1067
TXN1005205,ACC100794,ACC100661,755.9,2026-04-07 17:46:00,IMPS,DEV1286
TXN1005206,ACC100506,ACC100568,1926.28,2026-06-06 01:10:00,IMPS,DEV1158
TXN1005207,ACC100653,ACC100354,2298.69,2026-01-15 05:48:00,BANK_TRANSFER,DEV1161
TXN1005208,ACC100515,ACC100409,1668.59,2026-04-26 13:32:00,UPI,DEV1121
TXN1005209,ACC100664,ACC100797,722.35,2026-01-13 09:17:00,UPI,DEV1105
TXN1005210,ACC100279,ACC100417,1267.4,2026-06-25 23:32:00,CARD,DEV1178
TXN1005211,ACC100304,ACC100640,980.06,2026-01-18 18:18:00,IMPS,DEV1122
TXN1005212,ACC100807,ACC100434,11510.93,2026-05-19 17:14:00,UPI,DEV1022
TXN1005213,ACC100077,ACC100909,633.13,2026-03-04 18:45:00,IMPS,DEV1228
TXN1005214,ACC100176,ACC100073,366.83,2026-01-13 10:42:00,UPI,DEV1124
TXN1005215,ACC100250,ACC100287,1088.5,2026-04-07 02:03:00,UPI,DEV1279
TXN1005216,ACC100317,ACC100163,1000.21,2026-02-08 00:05:00,UPI,DEV1120
TXN1005217,ACC100548,ACC100673,1388.82,2026-05-21 05:46:00,NEFT,DEV1120
TXN1005218,ACC100177,ACC100032,633.38,2026-05-21 06:43:00,UPI,DEV1198
TXN1005219,ACC100535,ACC100124,1251.94,2026-06-13 14:01:00,IMPS,DEV1212
TXN1005220,ACC100861,ACC100009,1281.17,2026-03-02 18:20:00,BANK_TRANSFER,DEV1044
TXN1005221,ACC100664,ACC100960,3252.53,2026-06-29 16:20:00,IMPS,DEV1194
TXN1005222,ACC100614,ACC100012,1226.12,2026-04-30 17:25:00,BANK_TRANSFER,DEV1156
TXN1005223,ACC100663,ACC100497,1240.13,2026-04-20 16:27:00,IMPS,DEV1023
TXN1005224,ACC100043,ACC100023,2037.78,2026-04-01 04:25:00,UPI,DEV1131
TXN1005225,ACC100715,ACC100734,3106.3,2026-01-26 01:43:00,CARD,DEV1004
TXN1005226,ACC100467,ACC100116,336.83,2026-04-22 08:14:00,NEFT,DEV1287
TXN1005227,ACC100373,ACC100892,244.01,2026-01-08 22:19:00,BANK_TRANSFER,DEV1164
TXN1005228,ACC100106,ACC100184,8388.15,2026-02-25 15:39:00,UPI,DEV1270
TXN1005229,ACC100380,ACC100082,2552.66,2026-01-29 19:56:00,UPI,DEV1135
TXN1005230,ACC100817,ACC100658,842.81,2026-03-19 12:20:00,NEFT,DEV1186
TXN1005231,ACC100430,ACC100620,1122.87,2026-05-01 04:50:00,BANK_TRANSFER,DEV1202
TXN1005232,ACC100352,ACC100346,684.66,2026-04-10 03:55:00,BANK_TRANSFER,DEV1095
TXN1005233,ACC100464,ACC100438,1413.09,2026-05-08 02:40:00,IMPS,DEV1224
TXN1005234,ACC100456,ACC100751,341.65,2026-06-25 03:58:00,BANK_TRANSFER,DEV1256
TXN1005235,ACC100425,ACC100768,3005.5,2026-02-06 14:31:00,IMPS,DEV1299
TXN1005236,ACC100362,ACC100410,1353.63,2026-01-28 04:35:00,CARD,DEV1195
TXN1005237,ACC100945,ACC100794,1413.68,2026-04-23 18:33:00,IMPS,DEV1012
TXN1005238,ACC100381,ACC100372,375.13,2026-05-07 07:04:00,CARD,DEV1050
TXN1005239,ACC100200,ACC100557,2057.24,2026-05-15 16:18:00,NEFT,DEV1023
TXN1005240,ACC100169,ACC100746,385.61,2026-02-05 07:25:00,NEFT,DEV1194
TXN1005241,ACC100984,ACC100070,477.91,2026-03-19 10:08:00,CARD,DEV1195
TXN1005242,ACC100180,ACC100506,1218.22,2026-04-19 06:59:00,IMPS,DEV1000
TXN1005243,ACC100303,ACC100974,22221.12,2026-06-24 03:46:00,UPI,DEV1234
TXN1005244,ACC100426,ACC100797,1347.17,2026-01-25 23:21:00,NEFT,DEV1089
TXN1005245,ACC100641,ACC100687,50.27,2026-01-27 12:47:00,IMPS,DEV1151
TXN1005246,ACC100523,ACC100232,507.25,2026-01-29 20:30:00,CARD,DEV1272
TXN1005247,ACC100754,ACC100431,2491.09,2026-02-23 14:11:00,NEFT,DEV1245
TXN1005248,ACC100027,ACC100861,283.11,2026-03-06 13:15:00,NEFT,DEV1193
TXN1005249,ACC100551,ACC100578,2972.99,2026-04-10 20:14:00,BANK_TRANSFER,DEV1247
TXN1005250,ACC100949,ACC100022,1326.88,2026-02-25 12:52:00,BANK_TRANSFER,DEV1286
TXN1005251,ACC100798,ACC100984,3603.25,2026-03-01 00:06:00,UPI,DEV1142
TXN1005252,ACC100554,ACC100225,560.81,2026-05-05 23:18:00,BANK_TRANSFER,DEV1116
TXN1005253,ACC100411,ACC100746,510.74,2026-02-28 23:33:00,UPI,DEV1176
TXN1005254,ACC100590,ACC100998,2160.26,2026-02-16 04:56:00,BANK_TRANSFER,DEV1058
TXN1005255,ACC100677,ACC100659,1086.77,2026-02-12 16:28:00,UPI,DEV1196
TXN1005256,ACC100337,ACC100612,1010.67,2026-02-27 09:33:00,UPI,DEV1022
TXN1005257,ACC100929,ACC100270,7206.68,2026-01-13 12:52:00,IMPS,DEV1296
TXN1005258,ACC100096,ACC100083,2264.18,2026-05-20 15:25:00,IMPS,DEV1065
TXN1005259,ACC100525,ACC100160,100.69,2026-03-13 16:22:00,UPI,DEV1265
TXN1005260,ACC100197,ACC100020,2860.87,2026-01-23 18:18:00,UPI,DEV1228
TXN1005261,ACC100713,ACC100597,2537.06,2026-04-13 22:15:00,UPI,DEV1245
TXN1005262,ACC100342,ACC100693,4545.5,2026-04-25 17:56:00,BANK_TRANSFER,DEV1266
TXN1005263,ACC100671,ACC100258,355.09,2026-05-28 16:17:00,NEFT,DEV1297
TXN1005264,ACC100629,ACC100459,1619.33,2026-06-09 20:29:00,UPI,DEV1161
TXN1005265,ACC100165,ACC100952,1253.83,2026-02-04 03:38:00,CARD,DEV1063
TXN1005266,ACC100113,ACC100285,347.53,2026-05-20 13:58:00,NEFT,DEV1213
TXN1005267,ACC100364,ACC100529,3415.64,2026-01-25 18:52:00,BANK_TRANSFER,DEV1273
TXN1005268,ACC100678,ACC100104,820.69,2026-01-03 14:46:00,UPI,DEV1252
TXN1005269,ACC100216,ACC100647,4373.33,2026-06-25 10:41:00,CARD,DEV1124
TXN1005270,ACC100096,ACC100417,449.69,2026-02-21 03:12:00,IMPS,DEV1236
TXN1005271,ACC100978,ACC100375,190.05,2026-04-01 15:18:00,IMPS,DEV1212
TXN1005272,ACC100105,ACC100428,819.69,2026-06-02 10:24:00,BANK_TRANSFER,DEV1210
TXN1005273,ACC100223,ACC100499,1448.52,2026-05-24 17:18:00,UPI,DEV1045
TXN1005274,ACC100587,ACC100859,577.65,2026-02-24 17:56:00,BANK_TRANSFER,DEV1297
TXN1005275,ACC100908,ACC100599,27.73,2026-01-14 13:22:00,BANK_TRANSFER,DEV1085
TXN1005276,ACC100714,ACC100048,1737.81,2026-01-30 07:04:00,UPI,DEV1255
TXN1005277,ACC100078,ACC100436,1728.1,2026-05-07 11:52:00,IMPS,DEV1087
TXN1005278,ACC100117,ACC100398,2501.39,2026-02-26 23:35:00,IMPS,DEV1215
TXN1005279,ACC100943,ACC100123,694.65,2026-03-03 02:37:00,CARD,DEV1269
TXN1005280,ACC100337,ACC100274,650.63,2026-05-29 01:15:00,UPI,DEV1158
TXN1005281,ACC100705,ACC100616,6175.75,2026-01-15 08:16:00,CARD,DEV1083
TXN1005282,ACC100615,ACC100365,165.59,2026-03-17 12:40:00,BANK_TRANSFER,DEV1170
TXN1005283,ACC100515,ACC100230,815.22,2026-03-29 23:43:00,CARD,DEV1120
TXN1005284,ACC100696,ACC100612,1300.84,2026-05-31 18:42:00,UPI,DEV1078
TXN1005285,ACC100493,ACC100871,2269.3,2026-03-13 07:26:00,BANK_TRANSFER,DEV1078
TXN1005286,ACC100148,ACC100932,1344.42,2026-03-24 11:40:00,UPI,DEV1224
TXN1005287,ACC100828,ACC100278,362.71,2026-01-18 20:29:00,IMPS,DEV1165
TXN1005288,ACC100571,ACC100901,4452.12,2026-01-18 21:28:00,NEFT,DEV1252
TXN1005289,ACC100888,ACC100431,1099.15,2026-02-15 03:37:00,IMPS,DEV1096
TXN1005290,ACC100415,ACC100830,148.18,2026-01-10 04:08:00,BANK_TRANSFER,DEV1202
TXN1005291,ACC100238,ACC100585,1409.53,2026-06-03 08:54:00,NEFT,DEV1132
TXN1005292,ACC100100,ACC100844,1939.78,2026-02-23 18:56:00,NEFT,DEV1162
TXN1005293,ACC100239,ACC100096,11532.13,2026-03-22 13:17:00,IMPS,DEV1026
TXN1005294,ACC100617,ACC100248,1790.95,2026-01-03 16:03:00,BANK_TRANSFER,DEV1204
TXN1005295,ACC100533,ACC100677,185.22,2026-03-28 21:13:00,UPI,DEV1300
TXN1005296,ACC100438,ACC100712,193.2,2026-06-19 10:26:00,NEFT,DEV1296
TXN1005297,ACC100551,ACC100475,4966.4,2026-02-04 21:29:00,NEFT,DEV1016
TXN1005298,ACC100575,ACC100767,418.48,2026-06-06 20:39:00,IMPS,DEV1055
TXN1005299,ACC100471,ACC100495,170.8,2026-06-12 06:25:00,NEFT,DEV1047
TXN1005300,ACC100428,ACC100410,3643.18,2026-05-11 02:11:00,UPI,DEV1105
TXN1005301,ACC100220,ACC100986,619.63,2026-06-09 16:03:00,IMPS,DEV1219
TXN1005302,ACC100463,ACC100029,3416.65,2026-05-03 23:38:00,IMPS,DEV1061
TXN1005303,ACC100490,ACC100672,365.89,2026-02-27 10:01:00,UPI,DEV1092
TXN1005304,ACC100312,ACC100135,6429.0,2026-06-16 05:51:00,IMPS,DEV1138
TXN1005305,ACC100096,ACC100704,3122.77,2026-06-07 17:55:00,IMPS,DEV1031
TXN1005306,ACC100421,ACC100689,460.71,2026-03-04 06:18:00,IMPS,DEV1222
TXN1005307,ACC100320,ACC100315,149.54,2026-01-04 03:12:00,BANK_TRANSFER,DEV1051
TXN1005308,ACC100664,ACC100809,17434.33,2026-03-21 09:54:00,NEFT,DEV1086
TXN1005309,ACC100303,ACC100779,852.14,2026-05-22 09:14:00,IMPS,DEV1015
TXN1005310,ACC100161,ACC100709,439.1,2026-03-13 08:21:00,NEFT,DEV1003
TXN1005311,ACC100714,ACC100615,5788.16,2026-03-20 14:59:00,CARD,DEV1179
TXN1005312,ACC100718,ACC100915,3411.52,2026-01-24 04:01:00,BANK_TRANSFER,DEV1218
TXN1005313,ACC100673,ACC100066,4533.98,2026-03-28 14:13:00,NEFT,DEV1004
TXN1005314,ACC100627,ACC100821,974.37,2026-05-28 09:43:00,UPI,DEV1158
TXN1005315,ACC100506,ACC100359,10480.44,2026-02-19 21:11:00,BANK_TRANSFER,DEV1033
TXN1005316,ACC100918,ACC100197,227.52,2026-04-30 01:19:00,NEFT,DEV1159
TXN1005317,ACC100850,ACC100651,565.4,2026-02-04 10:14:00,NEFT,DEV1047
TXN1005318,ACC100700,ACC100648,1750.85,2026-06-09 01:54:00,BANK_TRANSFER,DEV1091
TXN1005319,ACC100394,ACC100880,4454.78,2026-01-20 22:46:00,UPI,DEV1013
TXN1005320,ACC100658,ACC100204,2424.52,2026-03-23 13:05:00,NEFT,DEV1136
TXN1005321,ACC100185,ACC100767,992.83,2026-05-28 20:15:00,IMPS,DEV1018
TXN1005322,ACC100649,ACC100979,620.06,2026-02-14 08:15:00,CARD,DEV1195
TXN1005323,ACC100728,ACC100390,4483.74,2026-04-21 19:54:00,CARD,DEV1088
TXN1005324,ACC100793,ACC100171,2744.28,2026-05-26 11:50:00,IMPS,DEV1118
TXN1005325,ACC100550,ACC100392,383.97,2026-01-24 19:24:00,NEFT,DEV1047
TXN1005326,ACC100854,ACC100066,370.51,2026-06-10 18:29:00,IMPS,DEV1008
TXN1005327,ACC100855,ACC100636,569.87,2026-03-01 10:25:00,IMPS,DEV1143
TXN1005328,ACC100669,ACC100646,488.57,2026-02-08 10:02:00,UPI,DEV1193
TXN1005329,ACC100434,ACC100689,3773.69,2026-02-15 17:29:00,IMPS,DEV1138
TXN1005330,ACC100419,ACC100195,1849.89,2026-02-21 10:14:00,BANK_TRANSFER,DEV1275
TXN1005331,ACC100619,ACC100235,2141.68,2026-03-02 08:47:00,IMPS,DEV1241
TXN1005332,ACC100379,ACC100104,1380.23,2026-05-15 13:00:00,CARD,DEV1130
TXN1005333,ACC100749,ACC100038,1460.49,2026-05-10 14:50:00,NEFT,DEV1147
TXN1005334,ACC100179,ACC100291,164.32,2026-03-05 19:11:00,IMPS,DEV1196
TXN1005335,ACC100966,ACC100635,2844.15,2026-02-04 18:55:00,NEFT,DEV1175
TXN1005336,ACC100021,ACC100460,557.7,2026-03-10 06:58:00,NEFT,DEV1011
TXN1005337,ACC100591,ACC100882,1053.86,2026-03-30 05:34:00,BANK_TRANSFER,DEV1267
TXN1005338,ACC100826,ACC100636,621.54,2026-04-06 20:46:00,NEFT,DEV1245
TXN1005339,ACC100863,ACC100646,1306.42,2026-01-03 08:29:00,BANK_TRANSFER,DEV1218
TXN1005340,ACC100826,ACC100926,2181.38,2026-06-04 14:24:00,NEFT,DEV1167
TXN1005341,ACC100214,ACC100330,326.81,2026-06-03 03:16:00,CARD,DEV1207
TXN1005342,ACC100336,ACC100045,1485.19,2026-03-08 15:37:00,UPI,DEV1281
TXN1005343,ACC100535,ACC100206,639.83,2026-01-02 01:17:00,BANK_TRANSFER,DEV1174
TXN1005344,ACC100280,ACC100139,5354.81,2026-05-21 17:21:00,CARD,DEV1108
TXN1005345,ACC100956,ACC100281,287.85,2026-03-14 20:50:00,CARD,DEV1193
TXN1005346,ACC100528,ACC100985,329.3,2026-04-22 14:40:00,CARD,DEV1275
TXN1005347,ACC100625,ACC100593,712.31,2026-03-08 15:35:00,UPI,DEV1209
TXN1005348,ACC100717,ACC100109,361.13,2026-04-28 23:54:00,UPI,DEV1221
TXN1005349,ACC100598,ACC100052,837.77,2026-01-22 08:54:00,BANK_TRANSFER,DEV1225
TXN1005350,ACC100929,ACC100084,582.04,2026-01-21 00:53:00,IMPS,DEV1268
TXN1005351,ACC100266,ACC100815,1219.38,2026-04-25 03:30:00,NEFT,DEV1200
TXN1005352,ACC100491,ACC100849,3676.39,2026-04-02 14:17:00,CARD,DEV1166
TXN1005353,ACC100000,ACC100668,1194.56,2026-03-28 02:36:00,BANK_TRANSFER,DEV1258
TXN1005354,ACC100432,ACC100966,1332.52,2026-01-06 23:25:00,UPI,DEV1196
TXN1005355,ACC100503,ACC100678,308.34,2026-03-16 08:54:00,BANK_TRANSFER,DEV1092
TXN1005356,ACC100209,ACC100290,933.68,2026-06-27 07:04:00,NEFT,DEV1222
TXN1005357,ACC100589,ACC100529,661.09,2026-03-25 00:38:00,NEFT,DEV1165
TXN1005358,ACC100777,ACC100931,2484.85,2026-01-05 22:02:00,NEFT,DEV1209
TXN1005359,ACC100418,ACC100877,438.13,2026-05-28 07:49:00,CARD,DEV1175
TXN1005360,ACC100318,ACC100046,390.42,2026-02-04 09:01:00,IMPS,DEV1287
TXN1005361,ACC100445,ACC100073,1605.06,2026-05-01 23:59:00,BANK_TRANSFER,DEV1300
TXN1005362,ACC100171,ACC100921,11803.17,2026-03-26 15:12:00,UPI,DEV1153
TXN1005363,ACC100981,ACC100034,887.9,2026-02-03 11:16:00,UPI,DEV1123
TXN1005364,ACC100551,ACC100331,1341.91,2026-06-30 16:44:00,CARD,DEV1088
TXN1005365,ACC100773,ACC100385,3420.79,2026-03-19 17:33:00,UPI,DEV1210
TXN1005366,ACC100778,ACC100774,2022.09,2026-03-05 17:39:00,NEFT,DEV1293
TXN1005367,ACC100250,ACC100776,2038.1,2026-04-15 19:05:00,UPI,DEV1197
TXN1005368,ACC100200,ACC100330,978.25,2026-05-12 11:58:00,IMPS,DEV1009
TXN1005369,ACC100737,ACC100860,1001.36,2026-01-22 00:44:00,UPI,DEV1072
TXN1005370,ACC100449,ACC100562,443.11,2026-05-28 12:52:00,BANK_TRANSFER,DEV1170
TXN1005371,ACC100086,ACC100990,1965.79,2026-06-06 22:08:00,IMPS,DEV1000
TXN1005372,ACC100777,ACC100301,1912.69,2026-06-14 17:11:00,NEFT,DEV1075
TXN1005373,ACC100928,ACC100889,2593.07,2026-05-06 15:41:00,NEFT,DEV1268
TXN1005374,ACC100385,ACC100777,610.5,2026-05-02 01:39:00,IMPS,DEV1198
TXN1005375,ACC100335,ACC100424,2969.54,2026-02-07 01:45:00,IMPS,DEV1216
TXN1005376,ACC100220,ACC100259,4272.7,2026-03-19 23:12:00,NEFT,DEV1108
TXN1005377,ACC100643,ACC100609,255.51,2026-03-08 13:45:00,BANK_TRANSFER,DEV1193
TXN1005378,ACC100765,ACC100756,767.97,2026-03-04 07:56:00,UPI,DEV1275
TXN1005379,ACC100073,ACC100690,4491.89,2026-02-08 06:41:00,IMPS,DEV1189
TXN1005380,ACC100450,ACC100695,502.97,2026-04-18 03:01:00,CARD,DEV1024
TXN1005381,ACC100459,ACC100903,2068.37,2026-02-26 04:14:00,CARD,DEV1154
TXN1005382,ACC100286,ACC100887,1107.98,2026-04-02 15:44:00,CARD,DEV1219
TXN1005383,ACC100177,ACC100691,1631.17,2026-04-16 04:38:00,CARD,DEV1125
TXN1005384,ACC100965,ACC100401,1149.25,2026-04-24 18:22:00,NEFT,DEV1021
TXN1005385,ACC100521,ACC100628,2684.92,2026-05-22 20:39:00,CARD,DEV1253
TXN1005386,ACC100271,ACC100802,321.88,2026-05-07 12:46:00,BANK_TRANSFER,DEV1139
TXN1005387,ACC100700,ACC100293,366.5,2026-06-16 08:10:00,NEFT,DEV1257
TXN1005388,ACC100729,ACC100342,6357.66,2026-02-05 20:03:00,NEFT,DEV1097
TXN1005389,ACC100456,ACC100767,13635.55,2026-04-28 08:39:00,UPI,DEV1122
TXN1005390,ACC100487,ACC100398,1089.52,2026-04-30 14:19:00,BANK_TRANSFER,DEV1243
TXN1005391,ACC100288,ACC100025,8589.7,2026-03-09 05:07:00,UPI,DEV1245
TXN1005392,ACC100431,ACC100478,434.36,2026-04-01 02:44:00,NEFT,DEV1227
TXN1005393,ACC100359,ACC100204,579.46,2026-03-18 03:00:00,UPI,DEV1162
TXN1005394,ACC100772,ACC100482,6304.29,2026-02-23 22:14:00,IMPS,DEV1030
TXN1005395,ACC100636,ACC100602,2878.22,2026-01-15 01:06:00,UPI,DEV1292
TXN1005396,ACC100871,ACC100284,7538.0,2026-01-09 13:57:00,NEFT,DEV1203
TXN1005397,ACC100365,ACC100743,1924.2,2026-05-10 05:07:00,IMPS,DEV1148
TXN1005398,ACC100739,ACC100269,325.36,2026-03-29 08:20:00,BANK_TRANSFER,DEV1170
TXN1005399,ACC100670,ACC100672,1434.1,2026-04-19 12:28:00,IMPS,DEV1175
TXN1005400,ACC100976,ACC100184,4639.69,2026-02-21 23:06:00,IMPS,DEV1210
TXN1005401,ACC100440,ACC100032,935.16,2026-06-11 23:19:00,UPI,DEV1018
TXN1005402,ACC100266,ACC100477,777.65,2026-01-08 19:28:00,UPI,DEV1035
TXN1005403,ACC100061,ACC100753,1959.85,2026-03-04 10:30:00,BANK_TRANSFER,DEV1185
TXN1005404,ACC100844,ACC100431,560.37,2026-01-20 02:41:00,BANK_TRANSFER,DEV1256
TXN1005405,ACC100581,ACC100605,1563.37,2026-04-13 10:43:00,UPI,DEV1044
TXN1005406,ACC100560,ACC100104,1183.46,2026-06-24 10:51:00,BANK_TRANSFER,DEV1110
TXN1005407,ACC100766,ACC100984,608.81,2026-04-25 09:26:00,CARD,DEV1218
TXN1005408,ACC100078,ACC100319,3557.75,2026-03-20 16:03:00,CARD,DEV1217
TXN1005409,ACC100945,ACC100095,2380.78,2026-05-11 21:56:00,CARD,DEV1261
TXN1005410,ACC100498,ACC100684,717.37,2026-01-01 09:34:00,CARD,DEV1298
TXN1005411,ACC100421,ACC100409,1077.12,2026-06-21 22:13:00,CARD,DEV1280
TXN1005412,ACC100906,ACC100150,791.93,2026-06-07 00:32:00,NEFT,DEV1068
TXN1005413,ACC100377,ACC100413,509.6,2026-03-29 20:29:00,BANK_TRANSFER,DEV1191
TXN1005414,ACC100017,ACC100539,142.89,2026-06-14 21:07:00,UPI,DEV1141
TXN1005415,ACC100735,ACC100168,613.64,2026-06-29 07:56:00,IMPS,DEV1001
TXN1005416,ACC100747,ACC100184,518.62,2026-05-28 06:20:00,CARD,DEV1216
TXN1005417,ACC100930,ACC100292,1258.74,2026-01-05 10:46:00,NEFT,DEV1246
TXN1005418,ACC100696,ACC100247,1860.94,2026-06-09 18:15:00,CARD,DEV1089
TXN1005419,ACC100936,ACC100159,418.79,2026-01-18 08:38:00,UPI,DEV1181
TXN1005420,ACC100068,ACC100221,1716.76,2026-01-23 18:09:00,CARD,DEV1192
TXN1005421,ACC100033,ACC100315,348.11,2026-05-05 10:29:00,CARD,DEV1124
TXN1005422,ACC100218,ACC100565,943.55,2026-06-01 03:04:00,NEFT,DEV1232
TXN1005423,ACC100750,ACC100758,532.24,2026-05-09 11:35:00,IMPS,DEV1133
TXN1005424,ACC100466,ACC100306,2684.93,2026-03-19 04:22:00,UPI,DEV1096
TXN1005425,ACC100335,ACC100620,1261.59,2026-03-09 09:37:00,UPI,DEV1008
TXN1005426,ACC100952,ACC100918,960.83,2026-06-22 05:40:00,IMPS,DEV1258
TXN1005427,ACC100492,ACC100660,517.86,2026-02-27 12:11:00,UPI,DEV1275
TXN1005428,ACC100937,ACC100765,739.07,2026-06-24 23:52:00,CARD,DEV1211
TXN1005429,ACC100317,ACC100947,9846.52,2026-05-08 16:21:00,NEFT,DEV1048
TXN1005430,ACC100208,ACC100092,601.06,2026-02-22 12:30:00,UPI,DEV1258
TXN1005431,ACC100690,ACC100192,1949.42,2026-01-03 04:49:00,NEFT,DEV1263
TXN1005432,ACC100382,ACC100200,957.98,2026-03-10 14:16:00,NEFT,DEV1273
TXN1005433,ACC100834,ACC100080,1883.69,2026-03-31 07:10:00,BANK_TRANSFER,DEV1269
TXN1005434,ACC100794,ACC100550,2994.02,2026-04-04 21:46:00,IMPS,DEV1060
TXN1005435,ACC100500,ACC100563,717.11,2026-06-04 11:11:00,NEFT,DEV1029
TXN1005436,ACC100828,ACC100591,2570.17,2026-05-14 10:21:00,UPI,DEV1087
TXN1005437,ACC100994,ACC100567,29970.46,2026-04-07 11:16:00,NEFT,DEV1265
TXN1005438,ACC100859,ACC100908,2166.89,2026-01-29 12:51:00,CARD,DEV1176
TXN1005439,ACC100776,ACC100635,7603.0,2026-02-15 07:20:00,BANK_TRANSFER,DEV1105
TXN1005440,ACC100965,ACC100874,1953.26,2026-01-25 20:03:00,IMPS,DEV1159
TXN1005441,ACC100545,ACC100780,358.4,2026-05-27 03:07:00,BANK_TRANSFER,DEV1021
TXN1005442,ACC100749,ACC100056,1526.65,2026-02-20 18:11:00,UPI,DEV1132
TXN1005443,ACC100886,ACC100394,737.7,2026-02-18 08:50:00,IMPS,DEV1088
TXN1005444,ACC100319,ACC100936,536.4,2026-02-10 03:30:00,BANK_TRANSFER,DEV1189
TXN1005445,ACC100588,ACC100474,1005.16,2026-03-03 01:46:00,BANK_TRANSFER,DEV1052
TXN1005446,ACC100177,ACC100064,910.78,2026-05-12 10:43:00,IMPS,DEV1241
TXN1005447,ACC100926,ACC100197,307.38,2026-03-17 03:05:00,UPI,DEV1151
TXN1005448,ACC100741,ACC100411,28286.89,2026-01-23 06:42:00,IMPS,DEV1042
TXN1005449,ACC100340,ACC100903,2891.25,2026-06-14 12:09:00,NEFT,DEV1100
TXN1005450,ACC100869,ACC100055,1470.37,2026-01-17 10:56:00,IMPS,DEV1019
TXN1005451,ACC100194,ACC100060,1221.53,2026-03-20 10:07:00,UPI,DEV1230
TXN1005452,ACC100451,ACC100545,4641.62,2026-01-23 22:55:00,UPI,DEV1024
TXN1005453,ACC100631,ACC100909,13235.85,2026-04-15 12:18:00,BANK_TRANSFER,DEV1281
TXN1005454,ACC100310,ACC100679,2495.15,2026-03-22 10:54:00,CARD,DEV1208
TXN1005455,ACC100759,ACC100859,1268.3,2026-04-21 08:06:00,NEFT,DEV1166
TXN1005456,ACC100907,ACC100310,6420.0,2026-01-31 19:03:00,IMPS,DEV1050
TXN1005457,ACC100144,ACC100416,1300.93,2026-06-07 20:24:00,NEFT,DEV1174
TXN1005458,ACC100156,ACC100056,1848.96,2026-04-17 10:28:00,UPI,DEV1052
TXN1005459,ACC100023,ACC100429,3645.37,2026-01-27 23:42:00,CARD,DEV1194
TXN1005460,ACC100706,ACC100630,689.68,2026-01-24 00:35:00,UPI,DEV1269
TXN1005461,ACC100651,ACC100135,90.83,2026-02-10 22:40:00,NEFT,DEV1068
TXN1005462,ACC100819,ACC100757,650.61,2026-02-01 13:48:00,BANK_TRANSFER,DEV1072
TXN1005463,ACC100427,ACC100844,2772.77,2026-05-09 04:17:00,IMPS,DEV1042
TXN1005464,ACC100648,ACC100830,2547.99,2026-05-08 12:08:00,CARD,DEV1087
TXN1005465,ACC100665,ACC100800,5492.86,2026-04-08 21:06:00,BANK_TRANSFER,DEV1195
TXN1005466,ACC100977,ACC100149,681.16,2026-01-08 18:03:00,IMPS,DEV1138
TXN1005467,ACC100508,ACC100586,7310.82,2026-01-23 00:07:00,UPI,DEV1176
TXN1005468,ACC100582,ACC100235,1369.34,2026-02-05 22:35:00,NEFT,DEV1252
TXN1005469,ACC100132,ACC100778,2264.92,2026-02-03 18:48:00,CARD,DEV1025
TXN1005470,ACC100720,ACC100206,3243.26,2026-02-10 04:58:00,UPI,DEV1023
TXN1005471,ACC100983,ACC100660,208.93,2026-06-19 15:48:00,NEFT,DEV1286
TXN1005472,ACC100347,ACC100630,328.36,2026-05-07 04:23:00,NEFT,DEV1097
TXN1005473,ACC100569,ACC100474,315.54,2026-02-01 04:56:00,BANK_TRANSFER,DEV1179
TXN1005474,ACC100090,ACC100302,3970.55,2026-03-27 06:21:00,UPI,DEV1169
TXN1005475,ACC100693,ACC100524,760.1,2026-06-14 00:47:00,IMPS,DEV1264
TXN1005476,ACC100409,ACC100016,12495.18,2026-04-08 01:29:00,NEFT,DEV1282
TXN1005477,ACC100029,ACC100177,1101.08,2026-02-16 08:56:00,UPI,DEV1214
TXN1005478,ACC100801,ACC100367,187.61,2026-03-18 16:17:00,NEFT,DEV1230
TXN1005479,ACC100977,ACC100823,489.36,2026-04-13 23:38:00,BANK_TRANSFER,DEV1174
TXN1005480,ACC100042,ACC100735,1262.5,2026-05-29 00:47:00,NEFT,DEV1042
TXN1005481,ACC100649,ACC100514,2034.95,2026-05-30 17:14:00,NEFT,DEV1223
TXN1005482,ACC100401,ACC100986,336.36,2026-06-26 08:51:00,IMPS,DEV1018
TXN1005483,ACC100096,ACC100922,2169.34,2026-04-10 11:14:00,NEFT,DEV1220
TXN1005484,ACC100824,ACC100137,2988.87,2026-02-26 17:34:00,BANK_TRANSFER,DEV1251
TXN1005485,ACC100543,ACC100520,508.19,2026-05-11 15:06:00,CARD,DEV1177
TXN1005486,ACC100435,ACC100713,11649.15,2026-06-07 21:16:00,IMPS,DEV1037
TXN1005487,ACC100210,ACC100398,578.71,2026-06-18 01:47:00,CARD,DEV1065
TXN1005488,ACC100906,ACC100949,330.35,2026-02-05 20:11:00,UPI,DEV1045
TXN1005489,ACC100100,ACC100818,175.03,2026-02-19 18:58:00,CARD,DEV1004
TXN1005490,ACC100944,ACC100286,4744.63,2026-05-04 20:06:00,NEFT,DEV1228
TXN1005491,ACC100924,ACC100903,1127.16,2026-01-21 19:42:00,BANK_TRANSFER,DEV1007
TXN1005492,ACC100219,ACC100521,616.99,2026-01-05 07:04:00,NEFT,DEV1062
TXN1005493,ACC100778,ACC100738,186.99,2026-03-07 17:47:00,BANK_TRANSFER,DEV1165
TXN1005494,ACC100747,ACC100251,687.39,2026-05-24 05:45:00,BANK_TRANSFER,DEV1148
TXN1005495,ACC100315,ACC100075,19105.56,2026-05-31 04:09:00,NEFT,DEV1235
TXN1005496,ACC100828,ACC100576,83.65,2026-01-13 12:20:00,IMPS,DEV1157
TXN1005497,ACC100451,ACC100131,513.89,2026-05-24 08:10:00,BANK_TRANSFER,DEV1183
TXN1005498,ACC100903,ACC100095,9427.07,2026-04-15 16:11:00,IMPS,DEV1028
TXN1005499,ACC100839,ACC100577,4908.72,2026-03-26 07:32:00,IMPS,DEV1201
TXN1005500,ACC100505,ACC100008,552.94,2026-05-23 08:43:00,BANK_TRANSFER,DEV1264
TXN1005501,ACC100413,ACC100834,1400.12,2026-06-10 18:02:00,CARD,DEV1169
TXN1005502,ACC100389,ACC100705,1911.27,2026-06-19 05:05:00,BANK_TRANSFER,DEV1085
TXN1005503,ACC100376,ACC100792,1287.69,2026-06-19 22:36:00,BANK_TRANSFER,DEV1095
TXN1005504,ACC100893,ACC100907,9333.27,2026-02-10 17:56:00,IMPS,DEV1274
TXN1005505,ACC100922,ACC100001,1648.64,2026-01-29 17:59:00,IMPS,DEV1078
TXN1005506,ACC100251,ACC100382,4283.9,2026-02-23 01:25:00,CARD,DEV1261
TXN1005507,ACC100526,ACC100351,1363.65,2026-04-20 18:16:00,NEFT,DEV1216
TXN1005508,ACC100496,ACC100928,95.69,2026-04-15 21:48:00,CARD,DEV1257
TXN1005509,ACC100018,ACC100625,262.2,2026-04-13 09:30:00,NEFT,DEV1282
TXN1005510,ACC100224,ACC100491,336.35,2026-03-10 09:34:00,BANK_TRANSFER,DEV1166
TXN1005511,ACC100850,ACC100588,813.1,2026-05-02 11:25:00,IMPS,DEV1040
TXN1005512,ACC100236,ACC100365,13281.1,2026-06-12 06:50:00,UPI,DEV1244
TXN1005513,ACC100330,ACC100918,1694.08,2026-03-30 23:20:00,NEFT,DEV1081
TXN1005514,ACC100945,ACC100515,965.89,2026-06-29 21:15:00,CARD,DEV1140
TXN1005515,ACC100550,ACC100725,4847.75,2026-04-28 09:26:00,UPI,DEV1032
TXN1005516,ACC100722,ACC100651,192.05,2026-03-16 17:58:00,CARD,DEV1080
TXN1005517,ACC100438,ACC100454,609.33,2026-03-24 04:06:00,UPI,DEV1252
TXN1005518,ACC100434,ACC100263,510.41,2026-03-27 07:38:00,NEFT,DEV1208
TXN1005519,ACC100364,ACC100806,1768.08,2026-03-23 02:27:00,NEFT,DEV1223
TXN1005520,ACC100318,ACC100908,3213.14,2026-01-29 20:52:00,CARD,DEV1225
TXN1005521,ACC100542,ACC100613,1930.98,2026-04-20 08:06:00,UPI,DEV1025
TXN1005522,ACC100579,ACC100978,1968.01,2026-02-22 11:58:00,BANK_TRANSFER,DEV1094
TXN1005523,ACC100062,ACC100855,711.0,2026-01-29 13:31:00,IMPS,DEV1019
TXN1005524,ACC100087,ACC100776,1611.49,2026-03-25 19:38:00,CARD,DEV1079
TXN1005525,ACC100176,ACC100944,400.29,2026-03-13 04:56:00,IMPS,DEV1268
TXN1005526,ACC100287,ACC100777,2462.58,2026-05-19 07:20:00,NEFT,DEV1085
TXN1005527,ACC100491,ACC100390,601.41,2026-04-16 18:53:00,UPI,DEV1290
TXN1005528,ACC100643,ACC100532,285.48,2026-03-07 14:52:00,UPI,DEV1042
TXN1005529,ACC100823,ACC100648,1147.55,2026-05-10 01:08:00,NEFT,DEV1004
TXN1005530,ACC100812,ACC100208,110.42,2026-02-20 10:14:00,BANK_TRANSFER,DEV1002
TXN1005531,ACC100073,ACC100858,6433.31,2026-03-27 07:28:00,CARD,DEV1123
TXN1005532,ACC100383,ACC100813,2854.12,2026-05-15 13:37:00,CARD,DEV1248
TXN1005533,ACC100106,ACC100950,1643.14,2026-03-30 11:08:00,NEFT,DEV1139
TXN1005534,ACC100426,ACC100901,156.27,2026-01-05 11:46:00,IMPS,DEV1299
TXN1005535,ACC100157,ACC100913,473.32,2026-04-11 01:23:00,BANK_TRANSFER,DEV1223
TXN1005536,ACC100496,ACC100876,1151.33,2026-03-10 13:45:00,IMPS,DEV1253
TXN1005537,ACC100139,ACC100049,799.73,2026-06-11 11:21:00,IMPS,DEV1202
TXN1005538,ACC100947,ACC100713,144.56,2026-03-18 21:18:00,BANK_TRANSFER,DEV1032
TXN1005539,ACC100109,ACC100613,225.94,2026-06-26 05:13:00,BANK_TRANSFER,DEV1178
TXN1005540,ACC100418,ACC100455,780.77,2026-06-10 23:18:00,IMPS,DEV1256
TXN1005541,ACC100373,ACC100755,235.11,2026-01-11 05:49:00,UPI,DEV1182
TXN1005542,ACC100993,ACC100328,5685.45,2026-06-16 22:24:00,IMPS,DEV1285
TXN1005543,ACC100251,ACC100881,1985.14,2026-01-06 22:59:00,CARD,DEV1232
TXN1005544,ACC100348,ACC100895,418.15,2026-03-23 18:44:00,IMPS,DEV1045
TXN1005545,ACC100936,ACC100162,4460.36,2026-04-09 06:13:00,CARD,DEV1133
TXN1005546,ACC100222,ACC100965,3502.55,2026-06-05 12:39:00,CARD,DEV1244
TXN1005547,ACC100656,ACC100524,1551.15,2026-03-10 09:50:00,CARD,DEV1001
TXN1005548,ACC100456,ACC100574,1045.76,2026-06-06 00:45:00,CARD,DEV1175
TXN1005549,ACC100084,ACC100682,766.5,2026-05-25 23:47:00,BANK_TRANSFER,DEV1051
TXN1005550,ACC100621,ACC100516,573.68,2026-01-17 15:34:00,CARD,DEV1191
TXN1005551,ACC100379,ACC100070,220.49,2026-02-09 19:32:00,NEFT,DEV1153
TXN1005552,ACC100098,ACC100812,6863.65,2026-03-20 20:37:00,IMPS,DEV1173
TXN1005553,ACC100210,ACC100688,587.21,2026-01-26 14:39:00,NEFT,DEV1277
TXN1005554,ACC100182,ACC100532,1134.38,2026-06-22 08:20:00,BANK_TRANSFER,DEV1172
TXN1005555,ACC100678,ACC100584,367.86,2026-05-02 09:17:00,CARD,DEV1227
TXN1005556,ACC100444,ACC100358,803.24,2026-04-08 10:53:00,BANK_TRANSFER,DEV1018
TXN1005557,ACC100492,ACC100019,33554.72,2026-04-03 11:07:00,NEFT,DEV1134
TXN1005558,ACC100664,ACC100812,458.89,2026-02-23 21:47:00,NEFT,DEV1113
TXN1005559,ACC100784,ACC100442,6237.38,2026-05-18 16:04:00,CARD,DEV1052
TXN1005560,ACC100344,ACC100880,1060.65,2026-04-16 19:14:00,IMPS,DEV1072
TXN1005561,ACC100743,ACC100002,2479.78,2026-05-30 09:04:00,BANK_TRANSFER,DEV1027
TXN1005562,ACC100498,ACC100414,4882.91,2026-06-27 08:13:00,NEFT,DEV1057
TXN1005563,ACC100354,ACC100215,1520.39,2026-04-03 20:15:00,CARD,DEV1238
TXN1005564,ACC100127,ACC100052,719.06,2026-06-19 01:37:00,UPI,DEV1063
TXN1005565,ACC100972,ACC100341,877.16,2026-06-14 08:36:00,CARD,DEV1232
TXN1005566,ACC100879,ACC100234,913.32,2026-03-15 20:58:00,NEFT,DEV1123
TXN1005567,ACC100679,ACC100073,10272.69,2026-06-18 08:57:00,BANK_TRANSFER,DEV1247
TXN1005568,ACC100136,ACC100177,184.76,2026-04-01 12:28:00,CARD,DEV1256
TXN1005569,ACC100344,ACC100410,130.99,2026-03-07 03:32:00,IMPS,DEV1175
TXN1005570,ACC100276,ACC100663,141.9,2026-06-12 16:39:00,NEFT,DEV1048
TXN1005571,ACC100402,ACC100546,375.13,2026-03-26 22:08:00,NEFT,DEV1239
TXN1005572,ACC100219,ACC100634,2540.46,2026-06-20 10:43:00,IMPS,DEV1121
TXN1005573,ACC100881,ACC100148,2734.5,2026-05-18 12:31:00,NEFT,DEV1178
TXN1005574,ACC100565,ACC100018,529.0,2026-06-22 19:52:00,NEFT,DEV1248
TXN1005575,ACC100764,ACC100612,1059.77,2026-03-19 16:39:00,NEFT,DEV1256
TXN1005576,ACC100100,ACC100669,287.28,2026-04-15 13:44:00,UPI,DEV1079
TXN1005577,ACC100806,ACC100919,321.1,2026-05-16 08:57:00,UPI,DEV1099
TXN1005578,ACC100420,ACC100171,2199.18,2026-03-03 07:17:00,NEFT,DEV1227
TXN1005579,ACC100001,ACC100307,3855.36,2026-01-05 15:52:00,UPI,DEV1128
TXN1005580,ACC100410,ACC100826,618.82,2026-06-01 15:10:00,UPI,DEV1130
TXN1005581,ACC100747,ACC100504,7801.09,2026-06-21 20:08:00,CARD,DEV1125
TXN1005582,ACC100997,ACC100297,3493.73,2026-02-01 18:58:00,NEFT,DEV1163
TXN1005583,ACC100585,ACC100348,7406.19,2026-01-11 17:41:00,IMPS,DEV1255
TXN1005584,ACC100961,ACC100290,764.23,2026-04-06 13:44:00,UPI,DEV1062
TXN1005585,ACC100472,ACC100026,6800.99,2026-02-18 20:46:00,CARD,DEV1051
TXN1005586,ACC100019,ACC100079,14994.69,2026-04-28 11:52:00,BANK_TRANSFER,DEV1015
TXN1005587,ACC100674,ACC100866,668.46,2026-01-11 03:34:00,CARD,DEV1018
TXN1005588,ACC100962,ACC100392,911.41,2026-04-28 19:33:00,NEFT,DEV1294
TXN1005589,ACC100034,ACC100500,351.69,2026-05-20 14:45:00,BANK_TRANSFER,DEV1091
TXN1005590,ACC100966,ACC100541,277.81,2026-03-22 10:42:00,UPI,DEV1203
TXN1005591,ACC100925,ACC100720,281.73,2026-02-09 03:44:00,NEFT,DEV1296
TXN1005592,ACC100829,ACC100799,414.16,2026-03-02 22:41:00,BANK_TRANSFER,DEV1299
TXN1005593,ACC100434,ACC100455,1524.9,2026-04-13 23:06:00,IMPS,DEV1180
TXN1005594,ACC100202,ACC100809,435.7,2026-04-20 16:36:00,IMPS,DEV1188
TXN1005595,ACC100900,ACC100689,1469.97,2026-04-02 17:59:00,BANK_TRANSFER,DEV1208
TXN1005596,ACC100046,ACC100500,1506.91,2026-01-15 15:30:00,IMPS,DEV1068
TXN1005597,ACC100546,ACC100551,623.81,2026-02-24 09:13:00,UPI,DEV1109
TXN1005598,ACC100236,ACC100820,1017.23,2026-03-30 03:38:00,IMPS,DEV1003
TXN1005599,ACC100076,ACC100278,582.02,2026-02-18 01:36:00,BANK_TRANSFER,DEV1239
TXN1005600,ACC100932,ACC100877,755.3,2026-03-21 05:37:00,CARD,DEV1158
TXN1005601,ACC100998,ACC100629,415.45,2026-02-28 14:45:00,CARD,DEV1115
TXN1005602,ACC100321,ACC100491,1213.09,2026-05-26 14:07:00,CARD,DEV1032
TXN1005603,ACC100973,ACC100711,533.44,2026-03-10 17:45:00,UPI,DEV1100
TXN1005604,ACC100720,ACC100786,270.62,2026-06-20 00:22:00,UPI,DEV1233
TXN1005605,ACC100689,ACC100738,2235.26,2026-02-28 12:25:00,CARD,DEV1186
TXN1005606,ACC100574,ACC100833,2327.96,2026-02-09 13:18:00,UPI,DEV1262
TXN1005607,ACC100178,ACC100997,4163.2,2026-03-29 06:11:00,CARD,DEV1121
TXN1005608,ACC100918,ACC100746,320.77,2026-05-01 20:10:00,NEFT,DEV1034
TXN1005609,ACC100144,ACC100907,615.78,2026-05-10 17:51:00,CARD,DEV1219
TXN1005610,ACC100961,ACC100597,1446.06,2026-01-27 03:01:00,IMPS,DEV1065
TXN1005611,ACC100979,ACC100200,600.37,2026-02-12 02:34:00,NEFT,DEV1085
TXN1005612,ACC100330,ACC100887,2175.68,2026-02-10 12:53:00,UPI,DEV1055
TXN1005613,ACC100599,ACC100500,1993.25,2026-06-14 18:39:00,BANK_TRANSFER,DEV1075
TXN1005614,ACC100863,ACC100341,1949.16,2026-06-08 10:26:00,CARD,DEV1163
TXN1005615,ACC100462,ACC100986,6320.8,2026-03-09 21:28:00,NEFT,DEV1193
TXN1005616,ACC100936,ACC100381,2375.33,2026-06-29 07:19:00,IMPS,DEV1191
TXN1005617,ACC100702,ACC100838,1319.05,2026-03-23 09:33:00,NEFT,DEV1039
TXN1005618,ACC100112,ACC100533,869.36,2026-01-25 23:28:00,BANK_TRANSFER,DEV1175
TXN1005619,ACC100087,ACC100218,945.17,2026-04-08 15:21:00,IMPS,DEV1261
TXN1005620,ACC100989,ACC100018,305.81,2026-06-25 11:32:00,IMPS,DEV1029
TXN1005621,ACC100211,ACC100565,131.78,2026-06-15 21:57:00,BANK_TRANSFER,DEV1051
TXN1005622,ACC100706,ACC100607,1913.15,2026-02-25 15:10:00,CARD,DEV1262
TXN1005623,ACC100308,ACC100799,4761.7,2026-01-26 18:19:00,NEFT,DEV1254
TXN1005624,ACC100961,ACC100082,737.94,2026-03-08 13:02:00,IMPS,DEV1084
TXN1005625,ACC100028,ACC100968,7365.14,2026-01-20 08:54:00,BANK_TRANSFER,DEV1124
TXN1005626,ACC100203,ACC100248,887.3,2026-03-24 09:06:00,UPI,DEV1049
TXN1005627,ACC100113,ACC100189,105.16,2026-04-24 05:46:00,BANK_TRANSFER,DEV1106
TXN1005628,ACC100933,ACC100398,3300.73,2026-01-03 06:40:00,UPI,DEV1260
TXN1005629,ACC100493,ACC100899,616.99,2026-04-12 09:56:00,CARD,DEV1247
TXN1005630,ACC100047,ACC100749,3679.51,2026-05-27 00:21:00,CARD,DEV1247
TXN1005631,ACC100445,ACC100111,236.74,2026-05-20 08:05:00,CARD,DEV1193
TXN1005632,ACC100147,ACC100758,1798.04,2026-06-04 12:44:00,UPI,DEV1247
TXN1005633,ACC100431,ACC100669,419.66,2026-05-04 23:31:00,UPI,DEV1213
TXN1005634,ACC100189,ACC100981,1396.45,2026-01-25 17:01:00,IMPS,DEV1021
TXN1005635,ACC100288,ACC100558,2751.57,2026-05-15 17:37:00,CARD,DEV1287
TXN1005636,ACC100050,ACC100672,2082.41,2026-03-18 03:30:00,BANK_TRANSFER,DEV1199
TXN1005637,ACC100833,ACC100588,1191.83,2026-02-26 01:31:00,IMPS,DEV1082
TXN1005638,ACC100396,ACC100865,209.74,2026-03-18 22:20:00,NEFT,DEV1205
TXN1005639,ACC100262,ACC100629,2634.41,2026-04-20 15:56:00,NEFT,DEV1055
TXN1005640,ACC100602,ACC100627,3780.9,2026-01-22 13:41:00,UPI,DEV1165
TXN1005641,ACC100735,ACC100927,313.69,2026-06-25 07:52:00,BANK_TRANSFER,DEV1010
TXN1005642,ACC100396,ACC100803,374.19,2026-03-06 19:25:00,UPI,DEV1289
TXN1005643,ACC100736,ACC100726,3976.94,2026-05-05 22:01:00,UPI,DEV1117
TXN1005644,ACC100305,ACC100133,853.95,2026-03-28 22:35:00,UPI,DEV1230
TXN1005645,ACC100699,ACC100054,386.01,2026-02-01 18:51:00,UPI,DEV1191
TXN1005646,ACC100572,ACC100587,1520.91,2026-01-26 06:24:00,CARD,DEV1278
TXN1005647,ACC100145,ACC100593,509.67,2026-04-11 15:51:00,UPI,DEV1236
TXN1005648,ACC100283,ACC100179,1330.42,2026-01-31 11:20:00,IMPS,DEV1034
TXN1005649,ACC100612,ACC100254,667.91,2026-06-13 13:35:00,IMPS,DEV1174
TXN1005650,ACC100975,ACC100175,740.25,2026-04-13 00:07:00,IMPS,DEV1089
TXN1005651,ACC100115,ACC100433,4156.7,2026-05-27 00:51:00,BANK_TRANSFER,DEV1261
TXN1005652,ACC100466,ACC100375,56.7,2026-03-12 17:33:00,UPI,DEV1072
TXN1005653,ACC100885,ACC100863,2133.89,2026-06-04 07:54:00,IMPS,DEV1188
TXN1005654,ACC100558,ACC100236,3410.25,2026-05-09 10:10:00,IMPS,DEV1042
TXN1005655,ACC100004,ACC100418,519.88,2026-04-03 15:18:00,IMPS,DEV1167
TXN1005656,ACC100871,ACC100086,3378.94,2026-05-03 10:37:00,NEFT,DEV1129
TXN1005657,ACC100386,ACC100587,346.95,2026-02-25 23:33:00,NEFT,DEV1062
TXN1005658,ACC100026,ACC100897,496.72,2026-02-11 02:46:00,NEFT,DEV1024
TXN1005659,ACC100929,ACC100827,432.59,2026-01-23 05:08:00,BANK_TRANSFER,DEV1125
TXN1005660,ACC100193,ACC100088,3434.24,2026-05-27 11:16:00,NEFT,DEV1262
TXN1005661,ACC100974,ACC100650,135.11,2026-05-30 16:27:00,BANK_TRANSFER,DEV1296
TXN1005662,ACC100012,ACC100954,7849.28,2026-02-26 11:34:00,BANK_TRANSFER,DEV1232
TXN1005663,ACC100102,ACC100504,760.57,2026-05-07 02:46:00,CARD,DEV1013
TXN1005664,ACC100196,ACC100033,2293.64,2026-03-30 14:01:00,BANK_TRANSFER,DEV1231
TXN1005665,ACC100929,ACC100058,2068.23,2026-05-27 10:21:00,UPI,DEV1066
TXN1005666,ACC100259,ACC100931,1314.85,2026-06-28 13:02:00,UPI,DEV1168
TXN1005667,ACC100095,ACC100986,533.35,2026-04-11 08:38:00,BANK_TRANSFER,DEV1118
TXN1005668,ACC100779,ACC100649,4869.99,2026-06-11 18:57:00,BANK_TRANSFER,DEV1164
TXN1005669,ACC100213,ACC100244,591.21,2026-04-25 13:08:00,BANK_TRANSFER,DEV1132
TXN1005670,ACC100118,ACC100774,456.0,2026-05-23 15:28:00,CARD,DEV1234
TXN1005671,ACC100475,ACC100886,3144.0,2026-06-20 14:52:00,UPI,DEV1004
TXN1005672,ACC100397,ACC100286,1306.23,2026-02-27 10:35:00,NEFT,DEV1300
TXN1005673,ACC100818,ACC100733,5593.64,2026-04-27 23:05:00,IMPS,DEV1040
TXN1005674,ACC100654,ACC100780,1017.19,2026-05-01 08:04:00,UPI,DEV1116
TXN1005675,ACC100231,ACC100181,502.18,2026-03-09 19:48:00,CARD,DEV1231
TXN1005676,ACC100341,ACC100934,1524.91,2026-05-08 09:00:00,NEFT,DEV1059
TXN1005677,ACC100798,ACC100000,640.89,2026-03-19 18:31:00,NEFT,DEV1273
TXN1005678,ACC100879,ACC100044,519.93,2026-05-31 10:21:00,CARD,DEV1111
TXN1005679,ACC100863,ACC100119,2975.79,2026-05-19 03:09:00,NEFT,DEV1198
TXN1005680,ACC100020,ACC100877,9876.03,2026-03-29 09:52:00,IMPS,DEV1247
TXN1005681,ACC100052,ACC100465,815.86,2026-06-02 19:55:00,NEFT,DEV1296
TXN1005682,ACC100735,ACC100911,340.46,2026-03-18 16:17:00,CARD,DEV1060
TXN1005683,ACC100107,ACC100110,912.19,2026-01-14 16:31:00,BANK_TRANSFER,DEV1242
TXN1005684,ACC100401,ACC100314,2034.0,2026-04-26 12:21:00,NEFT,DEV1179
TXN1005685,ACC100428,ACC100349,1493.65,2026-04-29 05:06:00,BANK_TRANSFER,DEV1289
TXN1005686,ACC100809,ACC100466,4596.63,2026-02-08 05:40:00,CARD,DEV1295
TXN1005687,ACC100215,ACC100303,2435.99,2026-05-10 11:31:00,NEFT,DEV1012
TXN1005688,ACC100776,ACC100208,291.75,2026-05-29 00:21:00,BANK_TRANSFER,DEV1259
TXN1005689,ACC100264,ACC100979,606.69,2026-06-25 12:58:00,BANK_TRANSFER,DEV1178
TXN1005690,ACC100759,ACC100426,209.14,2026-01-03 14:48:00,CARD,DEV1093
TXN1005691,ACC100944,ACC100886,4331.27,2026-06-16 13:55:00,UPI,DEV1111
TXN1005692,ACC100531,ACC100135,100.46,2026-04-15 18:42:00,CARD,DEV1017
TXN1005693,ACC100639,ACC100785,235.1,2026-04-24 15:02:00,CARD,DEV1224
TXN1005694,ACC100610,ACC100383,593.38,2026-04-30 01:23:00,IMPS,DEV1291
TXN1005695,ACC100578,ACC100914,2157.49,2026-04-15 04:55:00,CARD,DEV1114
TXN1005696,ACC100508,ACC100479,586.41,2026-05-31 06:16:00,CARD,DEV1035
TXN1005697,ACC100686,ACC100804,707.49,2026-01-22 01:52:00,CARD,DEV1122
TXN1005698,ACC100366,ACC100126,724.42,2026-02-03 18:54:00,BANK_TRANSFER,DEV1214
TXN1005699,ACC100176,ACC100191,1349.3,2026-06-19 01:06:00,CARD,DEV1276
TXN1005700,ACC100990,ACC100922,253.51,2026-06-17 05:43:00,NEFT,DEV1103
TXN1005701,ACC100167,ACC100237,351.91,2026-02-19 23:21:00,IMPS,DEV1026
TXN1005702,ACC100806,ACC100146,8242.91,2026-02-25 21:03:00,BANK_TRANSFER,DEV1117
TXN1005703,ACC100258,ACC100286,1777.35,2026-04-08 00:46:00,CARD,DEV1014
TXN1005704,ACC100854,ACC100868,2732.41,2026-04-07 19:19:00,NEFT,DEV1116
TXN1005705,ACC100696,ACC100939,1175.72,2026-01-01 13:36:00,BANK_TRANSFER,DEV1176
TXN1005706,ACC100670,ACC100133,926.73,2026-02-18 11:38:00,CARD,DEV1275
TXN1005707,ACC100901,ACC100401,1898.0,2026-03-24 04:47:00,BANK_TRANSFER,DEV1156
TXN1005708,ACC100092,ACC100139,2625.79,2026-05-10 11:43:00,IMPS,DEV1246
TXN1005709,ACC100732,ACC100854,3026.89,2026-01-13 01:07:00,CARD,DEV1135
TXN1005710,ACC100259,ACC100543,942.12,2026-05-23 11:28:00,NEFT,DEV1272
TXN1005711,ACC100490,ACC100798,3451.11,2026-03-29 08:22:00,UPI,DEV1059
TXN1005712,ACC100984,ACC100592,56.86,2026-06-11 17:45:00,UPI,DEV1131
TXN1005713,ACC100170,ACC100370,3199.48,2026-03-31 10:36:00,IMPS,DEV1271
TXN1005714,ACC100821,ACC100006,657.02,2026-03-24 08:27:00,CARD,DEV1210
TXN1005715,ACC100778,ACC100309,2130.39,2026-02-03 12:27:00,NEFT,DEV1015
TXN1005716,ACC100491,ACC100570,503.11,2026-04-19 18:47:00,BANK_TRANSFER,DEV1228
TXN1005717,ACC100557,ACC100406,223.18,2026-01-08 23:10:00,IMPS,DEV1021
TXN1005718,ACC100234,ACC100739,1648.54,2026-06-01 04:26:00,IMPS,DEV1062
TXN1005719,ACC100255,ACC100909,180.94,2026-01-20 16:24:00,UPI,DEV1047
TXN1005720,ACC100636,ACC100992,678.84,2026-03-25 19:07:00,CARD,DEV1212
TXN1005721,ACC100944,ACC100213,413.68,2026-06-01 19:41:00,IMPS,DEV1276
TXN1005722,ACC100830,ACC100483,888.88,2026-05-25 17:54:00,CARD,DEV1081
TXN1005723,ACC100941,ACC100906,2854.5,2026-05-13 16:57:00,IMPS,DEV1039
TXN1005724,ACC100257,ACC100820,609.22,2026-02-10 10:34:00,BANK_TRANSFER,DEV1185
TXN1005725,ACC100816,ACC100418,1599.57,2026-02-14 19:40:00,UPI,DEV1242
TXN1005726,ACC100937,ACC100682,2663.02,2026-05-28 13:23:00,NEFT,DEV1153
TXN1005727,ACC100117,ACC100437,529.16,2026-01-03 08:00:00,IMPS,DEV1093
TXN1005728,ACC100554,ACC100570,538.45,2026-05-10 00:13:00,CARD,DEV1002
TXN1005729,ACC100019,ACC100331,5671.42,2026-01-21 23:56:00,UPI,DEV1091
TXN1005730,ACC100539,ACC100499,996.98,2026-03-21 11:33:00,UPI,DEV1076
TXN1005731,ACC100961,ACC100021,2020.23,2026-02-07 23:14:00,IMPS,DEV1001
TXN1005732,ACC100084,ACC100740,2001.94,2026-05-06 12:19:00,NEFT,DEV1187
TXN1005733,ACC100969,ACC100278,260.45,2026-01-18 13:35:00,NEFT,DEV1271
TXN1005734,ACC100510,ACC100634,440.08,2026-02-05 22:28:00,UPI,DEV1028
TXN1005735,ACC100889,ACC100909,1720.58,2026-03-10 13:51:00,CARD,DEV1067
TXN1005736,ACC100895,ACC100477,91.76,2026-03-23 22:11:00,UPI,DEV1050
TXN1005737,ACC100364,ACC100175,851.03,2026-04-14 23:14:00,BANK_TRANSFER,DEV1229
TXN1005738,ACC100258,ACC100282,388.25,2026-02-13 01:44:00,IMPS,DEV1203
TXN1005739,ACC100056,ACC100492,4157.24,2026-05-17 11:39:00,NEFT,DEV1277
TXN1005740,ACC100954,ACC100961,1661.27,2026-02-18 06:53:00,UPI,DEV1293
TXN1005741,ACC100990,ACC100381,4580.19,2026-05-10 16:50:00,IMPS,DEV1121
TXN1005742,ACC100705,ACC100568,1046.34,2026-02-25 13:34:00,BANK_TRANSFER,DEV1005
TXN1005743,ACC100436,ACC100050,956.55,2026-01-23 08:51:00,NEFT,DEV1228
TXN1005744,ACC100608,ACC100157,760.58,2026-02-28 04:35:00,CARD,DEV1248
TXN1005745,ACC100077,ACC100274,599.63,2026-06-19 18:08:00,NEFT,DEV1256
TXN1005746,ACC100720,ACC100102,27490.28,2026-06-08 21:38:00,CARD,DEV1003
TXN1005747,ACC100097,ACC100373,2888.82,2026-01-12 03:38:00,BANK_TRANSFER,DEV1221
TXN1005748,ACC100508,ACC100623,305.08,2026-05-04 22:50:00,IMPS,DEV1014
TXN1005749,ACC100632,ACC100132,26034.31,2026-03-31 02:30:00,BANK_TRANSFER,DEV1066
TXN1005750,ACC100047,ACC100122,674.54,2026-05-24 05:16:00,BANK_TRANSFER,DEV1180
TXN1005751,ACC100129,ACC100243,1612.24,2026-02-28 05:05:00,BANK_TRANSFER,DEV1230
TXN1005752,ACC100861,ACC100003,3386.38,2026-03-10 19:38:00,IMPS,DEV1244
TXN1005753,ACC100599,ACC100348,173.2,2026-05-10 05:30:00,BANK_TRANSFER,DEV1052
TXN1005754,ACC100351,ACC100548,406.35,2026-06-11 12:41:00,NEFT,DEV1063
TXN1005755,ACC100079,ACC100439,7925.16,2026-02-24 20:37:00,CARD,DEV1042
TXN1005756,ACC100289,ACC100615,837.32,2026-02-12 00:39:00,CARD,DEV1171
TXN1005757,ACC100850,ACC100958,3635.14,2026-04-28 10:19:00,UPI,DEV1158
TXN1005758,ACC100936,ACC100187,636.41,2026-03-18 19:09:00,CARD,DEV1121
TXN1005759,ACC100596,ACC100421,978.41,2026-02-10 13:09:00,IMPS,DEV1177
TXN1005760,ACC100615,ACC100081,9342.3,2026-05-13 18:37:00,IMPS,DEV1035
TXN1005761,ACC100182,ACC100307,1853.84,2026-06-17 19:37:00,CARD,DEV1230
TXN1005762,ACC100241,ACC100777,725.01,2026-06-15 14:49:00,CARD,DEV1245
TXN1005763,ACC100175,ACC100903,482.97,2026-03-08 10:08:00,IMPS,DEV1156
TXN1005764,ACC100202,ACC100644,539.02,2026-03-29 10:23:00,BANK_TRANSFER,DEV1236
TXN1005765,ACC100531,ACC100507,4865.24,2026-02-12 20:36:00,CARD,DEV1185
TXN1005766,ACC100487,ACC100112,2747.92,2026-03-28 13:51:00,NEFT,DEV1114
TXN1005767,ACC100915,ACC100530,276.33,2026-06-23 22:06:00,UPI,DEV1080
TXN1005768,ACC100628,ACC100937,1217.57,2026-05-27 01:36:00,IMPS,DEV1138
TXN1005769,ACC100950,ACC100546,1012.14,2026-06-15 00:38:00,NEFT,DEV1064
TXN1005770,ACC100300,ACC100482,1602.49,2026-05-29 14:17:00,UPI,DEV1015
TXN1005771,ACC100738,ACC100051,531.51,2026-05-26 09:47:00,UPI,DEV1033
TXN1005772,ACC100429,ACC100715,4094.36,2026-04-01 16:29:00,IMPS,DEV1244
TXN1005773,ACC100425,ACC100130,1094.87,2026-03-15 05:43:00,CARD,DEV1195
TXN1005774,ACC100711,ACC100797,1716.64,2026-06-27 04:43:00,IMPS,DEV1187
TXN1005775,ACC100267,ACC100608,427.68,2026-02-09 01:07:00,IMPS,DEV1211
TXN1005776,ACC100800,ACC100613,454.33,2026-03-01 01:48:00,BANK_TRANSFER,DEV1043
TXN1005777,ACC100735,ACC100980,26609.23,2026-03-10 21:29:00,UPI,DEV1051
TXN1005778,ACC100695,ACC100340,9509.97,2026-02-07 15:55:00,IMPS,DEV1055
TXN1005779,ACC100966,ACC100727,1008.66,2026-01-30 15:42:00,IMPS,DEV1093
TXN1005780,ACC100405,ACC100318,6902.26,2026-01-17 08:49:00,CARD,DEV1168
TXN1005781,ACC100431,ACC100585,4699.85,2026-01-04 00:23:00,UPI,DEV1267
TXN1005782,ACC100272,ACC100128,517.88,2026-06-06 07:36:00,IMPS,DEV1168
TXN1005783,ACC100625,ACC100540,459.47,2026-03-11 15:18:00,NEFT,DEV1083
TXN1005784,ACC100161,ACC100589,2446.5,2026-05-18 21:45:00,IMPS,DEV1165
TXN1005785,ACC100631,ACC100427,1498.28,2026-06-25 14:10:00,CARD,DEV1244
TXN1005786,ACC100816,ACC100956,676.95,2026-01-22 12:02:00,IMPS,DEV1010
TXN1005787,ACC100808,ACC100172,2605.74,2026-02-12 14:43:00,IMPS,DEV1154
TXN1005788,ACC100476,ACC100746,194.23,2026-03-02 13:44:00,NEFT,DEV1005
TXN1005789,ACC100043,ACC100736,1258.91,2026-02-21 04:53:00,BANK_TRANSFER,DEV1288
TXN1005790,ACC100016,ACC100588,247.97,2026-01-10 21:42:00,UPI,DEV1221
TXN1005791,ACC100307,ACC100862,257.96,2026-04-27 13:52:00,UPI,DEV1159
TXN1005792,ACC100308,ACC100149,469.6,2026-04-26 17:10:00,CARD,DEV1127
TXN1005793,ACC100862,ACC100755,1695.86,2026-06-30 11:05:00,NEFT,DEV1133
TXN1005794,ACC100674,ACC100960,487.71,2026-01-14 09:41:00,IMPS,DEV1127
TXN1005795,ACC100127,ACC100410,254.24,2026-06-08 16:49:00,BANK_TRANSFER,DEV1073
TXN1005796,ACC100741,ACC100722,1944.38,2026-01-16 14:46:00,CARD,DEV1186
TXN1005797,ACC100830,ACC100883,6576.75,2026-03-10 19:29:00,IMPS,DEV1100
TXN1005798,ACC100313,ACC100978,2360.48,2026-03-01 23:20:00,BANK_TRANSFER,DEV1204
TXN1005799,ACC100601,ACC100019,9529.6,2026-03-12 10:54:00,IMPS,DEV1093
TXN1005800,ACC100810,ACC100705,5949.21,2026-03-30 05:57:00,BANK_TRANSFER,DEV1240
TXN1005801,ACC100571,ACC100710,610.99,2026-02-26 11:24:00,CARD,DEV1101
TXN1005802,ACC100254,ACC100847,2341.6,2026-05-11 03:21:00,IMPS,DEV1126
TXN1005803,ACC100020,ACC100956,982.44,2026-05-04 07:56:00,NEFT,DEV1174
TXN1005804,ACC100254,ACC100644,3922.64,2026-06-23 07:06:00,UPI,DEV1092
TXN1005805,ACC100235,ACC100433,982.23,2026-03-21 03:27:00,IMPS,DEV1078
TXN1005806,ACC100300,ACC100776,425.63,2026-05-02 08:39:00,UPI,DEV1291
TXN1005807,ACC100551,ACC100383,5699.23,2026-02-18 15:39:00,IMPS,DEV1028
TXN1005808,ACC100247,ACC100235,1605.76,2026-03-30 01:31:00,NEFT,DEV1037
TXN1005809,ACC100409,ACC100049,494.61,2026-02-02 08:29:00,IMPS,DEV1167
TXN1005810,ACC100098,ACC100838,602.77,2026-01-08 16:38:00,UPI,DEV1187
TXN1005811,ACC100969,ACC100365,490.83,2026-03-25 18:14:00,CARD,DEV1027
TXN1005812,ACC100823,ACC100601,329.61,2026-03-10 21:38:00,UPI,DEV1139
TXN1005813,ACC100155,ACC100916,618.3,2026-06-15 23:27:00,NEFT,DEV1174
TXN1005814,ACC100402,ACC100312,1715.78,2026-01-19 02:41:00,BANK_TRANSFER,DEV1080
TXN1005815,ACC100380,ACC100832,1184.26,2026-04-06 02:59:00,IMPS,DEV1164
TXN1005816,ACC100238,ACC100522,648.16,2026-01-10 16:35:00,BANK_TRANSFER,DEV1038
TXN1005817,ACC100600,ACC100093,6598.57,2026-03-05 11:47:00,UPI,DEV1178
TXN1005818,ACC100732,ACC100760,98.22,2026-02-27 23:30:00,NEFT,DEV1130
TXN1005819,ACC100953,ACC100780,1583.45,2026-01-18 21:02:00,CARD,DEV1056
TXN1005820,ACC100341,ACC100708,923.98,2026-05-08 10:43:00,NEFT,DEV1254
TXN1005821,ACC100972,ACC100124,342.33,2026-04-11 14:45:00,IMPS,DEV1088
TXN1005822,ACC100981,ACC100527,1698.24,2026-06-11 22:10:00,IMPS,DEV1142
TXN1005823,ACC100419,ACC100251,842.44,2026-01-05 14:41:00,UPI,DEV1210
TXN1005824,ACC100137,ACC100865,4897.54,2026-01-20 22:54:00,BANK_TRANSFER,DEV1186
TXN1005825,ACC100913,ACC100971,3107.82,2026-04-21 08:06:00,NEFT,DEV1067
TXN1005826,ACC100009,ACC100894,10800.6,2026-01-01 15:38:00,CARD,DEV1037
TXN1005827,ACC100320,ACC100042,614.01,2026-03-16 05:15:00,UPI,DEV1160
TXN1005828,ACC100621,ACC100575,5859.77,2026-06-18 13:09:00,BANK_TRANSFER,DEV1183
TXN1005829,ACC100683,ACC100667,270.69,2026-04-18 20:19:00,CARD,DEV1235
TXN1005830,ACC100898,ACC100079,960.29,2026-03-20 06:28:00,IMPS,DEV1216
TXN1005831,ACC100024,ACC100934,627.47,2026-05-10 01:26:00,BANK_TRANSFER,DEV1019
TXN1005832,ACC100111,ACC100045,2259.58,2026-01-21 09:42:00,CARD,DEV1049
TXN1005833,ACC100869,ACC100051,2194.99,2026-02-25 20:28:00,IMPS,DEV1248
TXN1005834,ACC100851,ACC100525,372.13,2026-05-15 17:05:00,BANK_TRANSFER,DEV1050
TXN1005835,ACC100550,ACC100608,2415.91,2026-02-23 01:18:00,NEFT,DEV1200
TXN1005836,ACC100672,ACC100117,694.65,2026-04-09 08:17:00,BANK_TRANSFER,DEV1267
TXN1005837,ACC100116,ACC100417,411.51,2026-05-11 16:08:00,BANK_TRANSFER,DEV1180
TXN1005838,ACC100090,ACC100540,1081.24,2026-06-25 12:03:00,CARD,DEV1023
TXN1005839,ACC100358,ACC100642,186.38,2026-01-10 22:33:00,BANK_TRANSFER,DEV1195
TXN1005840,ACC100342,ACC100409,3352.86,2026-05-23 18:18:00,IMPS,DEV1194
TXN1005841,ACC100490,ACC100180,1025.83,2026-05-15 01:10:00,UPI,DEV1245
TXN1005842,ACC100972,ACC100159,1053.11,2026-05-05 05:20:00,UPI,DEV1283
TXN1005843,ACC100114,ACC100689,987.72,2026-06-21 09:54:00,CARD,DEV1079
TXN1005844,ACC100647,ACC100197,7912.67,2026-04-28 07:11:00,NEFT,DEV1215
TXN1005845,ACC100289,ACC100018,6786.25,2026-04-30 17:36:00,IMPS,DEV1014
TXN1005846,ACC100982,ACC100546,5546.45,2026-02-26 01:41:00,CARD,DEV1227
TXN1005847,ACC100975,ACC100905,990.24,2026-05-14 20:25:00,BANK_TRANSFER,DEV1291
TXN1005848,ACC100380,ACC100105,287.51,2026-06-14 08:42:00,NEFT,DEV1145
TXN1005849,ACC100622,ACC100561,1075.81,2026-02-22 14:03:00,CARD,DEV1040
TXN1005850,ACC100266,ACC100396,1599.23,2026-05-04 08:59:00,BANK_TRANSFER,DEV1018
TXN1005851,ACC100966,ACC100445,2907.74,2026-04-08 17:58:00,BANK_TRANSFER,DEV1213
TXN1005852,ACC100460,ACC100381,1593.07,2026-01-18 19:09:00,NEFT,DEV1251
TXN1005853,ACC100914,ACC100103,319.96,2026-01-22 14:30:00,NEFT,DEV1181
TXN1005854,ACC100441,ACC100046,576.8,2026-03-31 22:49:00,BANK_TRANSFER,DEV1187
TXN1005855,ACC100840,ACC100411,517.31,2026-02-23 10:21:00,IMPS,DEV1045
TXN1005856,ACC100515,ACC100049,2094.07,2026-06-10 22:23:00,CARD,DEV1107
TXN1005857,ACC100602,ACC100954,2156.66,2026-02-07 00:33:00,UPI,DEV1068
TXN1005858,ACC100357,ACC100541,2523.89,2026-03-30 14:37:00,NEFT,DEV1109
TXN1005859,ACC100245,ACC100789,1573.79,2026-05-01 16:16:00,CARD,DEV1123
TXN1005860,ACC100018,ACC100693,92.66,2026-02-21 03:23:00,CARD,DEV1253
TXN1005861,ACC100704,ACC100570,138.24,2026-05-04 03:41:00,BANK_TRANSFER,DEV1082
TXN1005862,ACC100859,ACC100425,926.83,2026-01-28 12:40:00,NEFT,DEV1280
TXN1005863,ACC100492,ACC100689,1233.6,2026-02-09 00:25:00,UPI,DEV1073
TXN1005864,ACC100268,ACC100680,4936.44,2026-01-15 04:43:00,NEFT,DEV1148
TXN1005865,ACC100345,ACC100328,1203.94,2026-01-07 22:27:00,UPI,DEV1175
TXN1005866,ACC100302,ACC100604,339.97,2026-01-09 17:18:00,UPI,DEV1288
TXN1005867,ACC100600,ACC100940,2427.45,2026-05-21 07:07:00,BANK_TRANSFER,DEV1253
TXN1005868,ACC100411,ACC100646,1074.16,2026-04-28 08:05:00,BANK_TRANSFER,DEV1261
TXN1005869,ACC100489,ACC100138,676.91,2026-03-21 12:53:00,UPI,DEV1200
TXN1005870,ACC100219,ACC100013,157.98,2026-02-21 09:37:00,IMPS,DEV1269
TXN1005871,ACC100225,ACC100790,1214.67,2026-06-21 02:01:00,UPI,DEV1015
TXN1005872,ACC100594,ACC100081,1443.15,2026-03-16 07:37:00,NEFT,DEV1080
TXN1005873,ACC100629,ACC100314,331.83,2026-06-08 07:42:00,UPI,DEV1251
TXN1005874,ACC100708,ACC100997,2679.08,2026-03-13 03:37:00,CARD,DEV1290
TXN1005875,ACC100579,ACC100984,2406.08,2026-06-14 14:05:00,NEFT,DEV1138
TXN1005876,ACC100423,ACC100772,1162.93,2026-04-10 05:12:00,BANK_TRANSFER,DEV1254
TXN1005877,ACC100709,ACC100199,1112.17,2026-04-02 03:24:00,BANK_TRANSFER,DEV1193
TXN1005878,ACC100160,ACC100148,3412.65,2026-03-28 05:17:00,CARD,DEV1167
TXN1005879,ACC100647,ACC100413,1704.52,2026-01-15 00:08:00,IMPS,DEV1065
TXN1005880,ACC100255,ACC100038,472.15,2026-02-03 07:39:00,NEFT,DEV1019
TXN1005881,ACC100381,ACC100391,865.08,2026-04-30 15:24:00,UPI,DEV1094
TXN1005882,ACC100368,ACC100080,2139.27,2026-06-18 12:35:00,BANK_TRANSFER,DEV1288
TXN1005883,ACC100754,ACC100044,95.7,2026-03-09 03:29:00,BANK_TRANSFER,DEV1084
TXN1005884,ACC100790,ACC100882,358.59,2026-05-10 00:24:00,NEFT,DEV1035
TXN1005885,ACC100422,ACC100412,2486.34,2026-04-21 01:28:00,BANK_TRANSFER,DEV1058
TXN1005886,ACC100870,ACC100184,4678.13,2026-02-25 19:46:00,IMPS,DEV1249
TXN1005887,ACC100539,ACC100566,3734.09,2026-03-17 09:24:00,CARD,DEV1017
TXN1005888,ACC100597,ACC100570,3203.35,2026-04-08 06:36:00,CARD,DEV1042
TXN1005889,ACC100334,ACC100143,1281.38,2026-05-02 13:20:00,BANK_TRANSFER,DEV1165
TXN1005890,ACC100849,ACC100564,319.04,2026-03-14 10:20:00,NEFT,DEV1079
TXN1005891,ACC100015,ACC100148,866.14,2026-02-10 08:51:00,BANK_TRANSFER,DEV1076
TXN1005892,ACC100257,ACC100549,100.29,2026-05-20 13:24:00,IMPS,DEV1036
TXN1005893,ACC100250,ACC100889,5222.79,2026-04-29 08:00:00,CARD,DEV1039
TXN1005894,ACC100307,ACC100375,411.36,2026-01-11 07:43:00,UPI,DEV1056
TXN1005895,ACC100935,ACC100545,578.24,2026-01-09 23:44:00,IMPS,DEV1194
TXN1005896,ACC100695,ACC100389,3906.29,2026-06-11 20:02:00,UPI,DEV1134
TXN1005897,ACC100806,ACC100124,157.98,2026-06-04 08:29:00,BANK_TRANSFER,DEV1209
TXN1005898,ACC100006,ACC100392,263.15,2026-01-22 00:50:00,NEFT,DEV1232
TXN1005899,ACC100953,ACC100801,1512.57,2026-01-24 17:06:00,BANK_TRANSFER,DEV1063
TXN1005900,ACC100850,ACC100104,2047.67,2026-05-29 21:00:00,IMPS,DEV1161
TXN1005901,ACC100867,ACC100970,1006.22,2026-04-07 22:27:00,BANK_TRANSFER,DEV1073
TXN1005902,ACC100909,ACC100311,1046.39,2026-05-05 13:58:00,BANK_TRANSFER,DEV1282
TXN1005903,ACC100685,ACC100795,5024.36,2026-02-24 09:52:00,UPI,DEV1023
TXN1005904,ACC100225,ACC100268,2353.32,2026-01-21 09:35:00,UPI,DEV1101
TXN1005905,ACC100773,ACC100071,2001.0,2026-05-13 03:32:00,UPI,DEV1287
TXN1005906,ACC100648,ACC100106,2781.58,2026-03-21 00:19:00,NEFT,DEV1043
TXN1005907,ACC100714,ACC100720,764.55,2026-03-01 05:20:00,NEFT,DEV1059
TXN1005908,ACC100455,ACC100894,14880.38,2026-05-31 22:49:00,UPI,DEV1158
TXN1005909,ACC100319,ACC100461,68.78,2026-01-10 17:08:00,NEFT,DEV1212
TXN1005910,ACC100001,ACC100586,6307.57,2026-03-12 01:37:00,CARD,DEV1232
TXN1005911,ACC100102,ACC100303,3237.41,2026-06-19 17:10:00,CARD,DEV1269
TXN1005912,ACC100217,ACC100070,1477.26,2026-01-06 06:45:00,UPI,DEV1134
TXN1005913,ACC100828,ACC100826,1207.17,2026-04-01 13:18:00,NEFT,DEV1161
TXN1005914,ACC100485,ACC100128,909.9,2026-02-09 15:37:00,NEFT,DEV1241
TXN1005915,ACC100614,ACC100275,4122.16,2026-01-14 15:31:00,NEFT,DEV1013
TXN1005916,ACC100227,ACC100219,1045.41,2026-04-26 09:03:00,NEFT,DEV1297
TXN1005917,ACC100628,ACC100943,457.85,2026-05-15 15:21:00,UPI,DEV1117
TXN1005918,ACC100252,ACC100623,3236.93,2026-01-28 07:48:00,CARD,DEV1147
TXN1005919,ACC100091,ACC100190,7344.59,2026-06-11 13:48:00,NEFT,DEV1036
TXN1005920,ACC100004,ACC100853,108.57,2026-04-09 00:34:00,IMPS,DEV1085
TXN1005921,ACC100436,ACC100777,18555.29,2026-04-26 11:58:00,IMPS,DEV1033
TXN1005922,ACC100719,ACC100661,316.06,2026-05-23 01:33:00,NEFT,DEV1250
TXN1005923,ACC100947,ACC100970,346.42,2026-04-12 08:14:00,UPI,DEV1018
TXN1005924,ACC100083,ACC100027,246.2,2026-05-17 20:34:00,CARD,DEV1170
TXN1005925,ACC100302,ACC100416,1097.75,2026-01-25 05:39:00,NEFT,DEV1115
TXN1005926,ACC100405,ACC100038,236.12,2026-04-10 09:51:00,UPI,DEV1031
TXN1005927,ACC100287,ACC100451,273.17,2026-03-16 17:47:00,CARD,DEV1237
TXN1005928,ACC100613,ACC100307,479.98,2026-05-24 12:55:00,BANK_TRANSFER,DEV1265
TXN1005929,ACC100605,ACC100278,1294.85,2026-05-11 08:36:00,BANK_TRANSFER,DEV1035
TXN1005930,ACC100478,ACC100012,1453.64,2026-06-16 08:24:00,CARD,DEV1054
TXN1005931,ACC100025,ACC100054,4863.13,2026-04-27 15:59:00,UPI,DEV1036
TXN1005932,ACC100455,ACC100497,4730.46,2026-02-26 22:19:00,CARD,DEV1160
TXN1005933,ACC100587,ACC100929,3750.08,2026-03-21 20:19:00,IMPS,DEV1103
TXN1005934,ACC100835,ACC100956,801.16,2026-01-10 15:09:00,BANK_TRANSFER,DEV1052
TXN1005935,ACC100113,ACC100953,120.37,2026-01-19 15:05:00,UPI,DEV1293
TXN1005936,ACC100720,ACC100777,117.22,2026-04-19 01:46:00,UPI,DEV1142
TXN1005937,ACC100630,ACC100024,3719.24,2026-02-13 03:10:00,NEFT,DEV1146
TXN1005938,ACC100300,ACC100088,3018.47,2026-04-02 11:24:00,BANK_TRANSFER,DEV1216
TXN1005939,ACC100458,ACC100286,523.2,2026-02-28 07:55:00,IMPS,DEV1265
TXN1005940,ACC100310,ACC100679,194.63,2026-05-25 13:53:00,NEFT,DEV1191
TXN1005941,ACC100962,ACC100165,312.13,2026-02-28 19:22:00,UPI,DEV1245
TXN1005942,ACC100794,ACC100696,1352.4,2026-01-07 07:12:00,IMPS,DEV1184
TXN1005943,ACC100249,ACC100928,1355.43,2026-01-01 01:53:00,NEFT,DEV1299
TXN1005944,ACC100597,ACC100184,3831.6,2026-04-09 21:23:00,CARD,DEV1178
TXN1005945,ACC100219,ACC100736,638.79,2026-04-09 03:48:00,BANK_TRANSFER,DEV1244
TXN1005946,ACC100663,ACC100851,818.24,2026-04-27 08:02:00,UPI,DEV1232
TXN1005947,ACC100221,ACC100984,4231.81,2026-05-26 10:21:00,CARD,DEV1079
TXN1005948,ACC100279,ACC100518,85.62,2026-05-07 05:11:00,IMPS,DEV1286
TXN1005949,ACC100842,ACC100357,1605.1,2026-05-15 12:50:00,NEFT,DEV1124
TXN1005950,ACC100855,ACC100636,734.31,2026-02-09 16:21:00,CARD,DEV1283
TXN1005951,ACC100464,ACC100679,2579.4,2026-01-24 08:54:00,UPI,DEV1123
TXN1005952,ACC100280,ACC100590,2028.65,2026-02-21 04:14:00,CARD,DEV1199
TXN1005953,ACC100450,ACC100959,475.53,2026-01-09 14:41:00,UPI,DEV1187
TXN1005954,ACC100372,ACC100572,596.57,2026-06-14 03:27:00,CARD,DEV1117
TXN1005955,ACC100844,ACC100327,69.24,2026-04-29 20:44:00,IMPS,DEV1060
TXN1005956,ACC100901,ACC100734,2697.25,2026-02-01 13:15:00,IMPS,DEV1173
TXN1005957,ACC100025,ACC100402,1462.25,2026-06-28 20:03:00,BANK_TRANSFER,DEV1096
TXN1005958,ACC100956,ACC100897,5873.55,2026-04-05 08:58:00,CARD,DEV1154
TXN1005959,ACC100410,ACC100213,679.07,2026-06-01 18:15:00,BANK_TRANSFER,DEV1229
TXN1005960,ACC100015,ACC100104,3285.27,2026-03-17 22:37:00,NEFT,DEV1184
TXN1005961,ACC100497,ACC100005,303.71,2026-03-01 20:27:00,IMPS,DEV1128
TXN1005962,ACC100677,ACC100135,42.7,2026-05-02 23:44:00,UPI,DEV1276
TXN1005963,ACC100404,ACC100407,979.05,2026-05-30 05:09:00,NEFT,DEV1164
TXN1005964,ACC100129,ACC100618,555.56,2026-06-16 01:52:00,NEFT,DEV1012
TXN1005965,ACC100636,ACC100946,310.76,2026-02-14 13:17:00,UPI,DEV1003
TXN1005966,ACC100049,ACC100682,3221.9,2026-01-21 03:47:00,UPI,DEV1042
TXN1005967,ACC100837,ACC100334,4674.59,2026-04-19 02:31:00,CARD,DEV1036
TXN1005968,ACC100866,ACC100599,1244.52,2026-04-28 06:34:00,BANK_TRANSFER,DEV1132
TXN1005969,ACC100806,ACC100258,880.93,2026-06-09 21:23:00,BANK_TRANSFER,DEV1041
TXN1005970,ACC100142,ACC100970,1182.34,2026-01-23 07:53:00,UPI,DEV1024
TXN1005971,ACC100688,ACC100757,500.94,2026-05-23 17:28:00,IMPS,DEV1098
TXN1005972,ACC100543,ACC100874,2154.07,2026-03-19 22:43:00,CARD,DEV1293
TXN1005973,ACC100639,ACC100052,172.91,2026-06-24 23:26:00,BANK_TRANSFER,DEV1207
TXN1005974,ACC100489,ACC100130,302.57,2026-02-20 23:00:00,IMPS,DEV1037
TXN1005975,ACC100062,ACC100270,424.32,2026-06-20 08:57:00,BANK_TRANSFER,DEV1063
TXN1005976,ACC100505,ACC100692,2099.86,2026-04-30 21:26:00,IMPS,DEV1211
TXN1005977,ACC100876,ACC100922,762.81,2026-04-03 10:49:00,CARD,DEV1035
TXN1005978,ACC100620,ACC100141,5610.91,2026-02-02 02:27:00,BANK_TRANSFER,DEV1280
TXN1005979,ACC100139,ACC100899,2875.47,2026-02-05 00:42:00,CARD,DEV1109
TXN1005980,ACC100768,ACC100083,419.34,2026-05-15 13:34:00,NEFT,DEV1062
TXN1005981,ACC100492,ACC100393,2345.28,2026-01-17 21:46:00,IMPS,DEV1014
TXN1005982,ACC100159,ACC100194,671.93,2026-04-16 08:56:00,UPI,DEV1223
TXN1005983,ACC100622,ACC100244,1934.91,2026-04-19 17:17:00,IMPS,DEV1162
TXN1005984,ACC100934,ACC100640,3047.65,2026-06-06 20:10:00,UPI,DEV1211
TXN1005985,ACC100867,ACC100473,4178.29,2026-04-22 09:20:00,UPI,DEV1124
TXN1005986,ACC100150,ACC100230,1397.48,2026-05-28 22:44:00,UPI,DEV1292
TXN1005987,ACC100751,ACC100233,7481.2,2026-06-18 06:07:00,NEFT,DEV1071
TXN1005988,ACC100807,ACC100921,1862.32,2026-05-17 05:05:00,CARD,DEV1232
TXN1005989,ACC100933,ACC100104,1289.57,2026-02-14 12:59:00,BANK_TRANSFER,DEV1123
TXN1005990,ACC100472,ACC100597,762.79,2026-03-08 20:39:00,BANK_TRANSFER,DEV1290
TXN1005991,ACC100328,ACC100865,514.11,2026-02-12 06:21:00,NEFT,DEV1094
TXN1005992,ACC100928,ACC100629,1815.04,2026-04-17 08:46:00,NEFT,DEV1154
TXN1005993,ACC100700,ACC100532,1237.58,2026-03-13 08:28:00,CARD,DEV1277
TXN1005994,ACC100445,ACC100519,1499.66,2026-01-29 03:57:00,UPI,DEV1158
TXN1005995,ACC100801,ACC100994,1952.56,2026-02-26 07:32:00,UPI,DEV1218
TXN1005996,ACC100263,ACC100024,1492.07,2026-06-04 17:44:00,UPI,DEV1164
TXN1005997,ACC100575,ACC100511,12282.79,2026-05-03 02:54:00,NEFT,DEV1162
TXN1005998,ACC100719,ACC100356,581.98,2026-06-02 23:02:00,UPI,DEV1198
TXN1005999,ACC100715,ACC100910,1842.27,2026-02-12 16:26:00,BANK_TRANSFER,DEV1245
TXN1006000,ACC100951,ACC100624,834.45,2026-01-14 05:51:00,NEFT,DEV1295
TXN1006001,ACC100100,ACC100704,57.18,2026-02-08 00:32:00,NEFT,DEV1199
TXN1006002,ACC100976,ACC100241,869.43,2026-04-30 05:44:00,UPI,DEV1211
TXN1006003,ACC100182,ACC100907,356.45,2026-04-12 13:29:00,UPI,DEV1110
TXN1006004,ACC100149,ACC100194,1012.13,2026-03-24 17:21:00,NEFT,DEV1037
TXN1006005,ACC100548,ACC100815,1062.43,2026-01-02 05:58:00,BANK_TRANSFER,DEV1163
TXN1006006,ACC100352,ACC100673,1741.37,2026-06-08 20:07:00,BANK_TRANSFER,DEV1250
TXN1006007,ACC100479,ACC100788,580.44,2026-02-28 15:32:00,BANK_TRANSFER,DEV1100
TXN1006008,ACC100616,ACC100850,674.44,2026-04-02 16:41:00,BANK_TRANSFER,DEV1161
TXN1006009,ACC100781,ACC100354,2542.32,2026-01-18 19:15:00,IMPS,DEV1130
TXN1006010,ACC100737,ACC100462,415.35,2026-03-10 23:17:00,UPI,DEV1037
TXN1006011,ACC100065,ACC100490,120.77,2026-06-22 07:23:00,CARD,DEV1233
TXN1006012,ACC100012,ACC100223,1324.03,2026-05-16 14:31:00,IMPS,DEV1181
TXN1006013,ACC100402,ACC100980,3964.04,2026-06-17 15:48:00,CARD,DEV1053
TXN1006014,ACC100105,ACC100164,2507.44,2026-04-04 18:57:00,NEFT,DEV1082
TXN1006015,ACC100210,ACC100212,1353.68,2026-01-08 00:29:00,BANK_TRANSFER,DEV1021
TXN1006016,ACC100370,ACC100407,4918.58,2026-03-05 01:05:00,BANK_TRANSFER,DEV1074
TXN1006017,ACC100591,ACC100987,4017.52,2026-02-12 21:26:00,NEFT,DEV1286
TXN1006018,ACC100142,ACC100523,737.23,2026-04-30 07:37:00,IMPS,DEV1056
TXN1006019,ACC100040,ACC100909,1475.9,2026-05-01 23:18:00,BANK_TRANSFER,DEV1268
TXN1006020,ACC100207,ACC100085,1553.95,2026-02-13 21:43:00,CARD,DEV1117
TXN1006021,ACC100733,ACC100437,988.21,2026-04-01 09:55:00,BANK_TRANSFER,DEV1178
TXN1006022,ACC100152,ACC100188,4277.38,2026-01-01 16:06:00,IMPS,DEV1003
TXN1006023,ACC100065,ACC100631,913.64,2026-04-25 00:46:00,BANK_TRANSFER,DEV1151
TXN1006024,ACC100141,ACC100557,601.64,2026-05-01 08:38:00,UPI,DEV1223
TXN1006025,ACC100698,ACC100733,48.92,2026-02-11 16:43:00,BANK_TRANSFER,DEV1220
TXN1006026,ACC100780,ACC100909,420.75,2026-02-23 21:28:00,CARD,DEV1167
TXN1006027,ACC100067,ACC100160,226.22,2026-06-09 11:10:00,NEFT,DEV1169
TXN1006028,ACC100093,ACC100700,1044.74,2026-01-05 00:37:00,NEFT,DEV1041
TXN1006029,ACC100033,ACC100525,243.61,2026-01-30 21:06:00,NEFT,DEV1275
TXN1006030,ACC100787,ACC100262,2276.56,2026-02-02 04:23:00,CARD,DEV1088
TXN1006031,ACC100212,ACC100706,4146.94,2026-01-13 00:26:00,IMPS,DEV1214
TXN1006032,ACC100010,ACC100462,1056.39,2026-02-04 04:24:00,IMPS,DEV1164
TXN1006033,ACC100039,ACC100157,336.7,2026-06-17 18:03:00,IMPS,DEV1001
TXN1006034,ACC100722,ACC100926,1546.39,2026-02-18 22:51:00,NEFT,DEV1072
TXN1006035,ACC100898,ACC100838,10637.81,2026-06-13 09:22:00,IMPS,DEV1233
TXN1006036,ACC100338,ACC100826,7324.47,2026-02-22 19:36:00,UPI,DEV1222
TXN1006037,ACC100785,ACC100586,202.9,2026-02-06 19:07:00,UPI,DEV1057
TXN1006038,ACC100892,ACC100425,194.06,2026-04-12 07:32:00,UPI,DEV1216
TXN1006039,ACC100860,ACC100921,142.67,2026-04-20 20:53:00,CARD,DEV1285
TXN1006040,ACC100482,ACC100744,280.23,2026-06-23 10:25:00,UPI,DEV1127
TXN1006041,ACC100211,ACC100878,1483.13,2026-01-01 08:40:00,NEFT,DEV1142
TXN1006042,ACC100931,ACC100258,562.26,2026-01-17 00:38:00,CARD,DEV1050
TXN1006043,ACC100446,ACC100400,400.85,2026-03-09 19:48:00,CARD,DEV1002
TXN1006044,ACC100031,ACC100702,3815.9,2026-05-20 09:48:00,NEFT,DEV1169
TXN1006045,ACC100565,ACC100028,2071.67,2026-01-26 11:14:00,UPI,DEV1250
TXN1006046,ACC100416,ACC100306,141.79,2026-02-06 19:48:00,CARD,DEV1087
TXN1006047,ACC100528,ACC100003,3561.97,2026-05-31 04:25:00,NEFT,DEV1049
TXN1006048,ACC100121,ACC100367,2012.72,2026-01-02 10:50:00,UPI,DEV1208
TXN1006049,ACC100630,ACC100586,2067.13,2026-06-30 14:11:00,UPI,DEV1099
TXN1006050,ACC100125,ACC100337,553.04,2026-02-11 11:18:00,NEFT,DEV1081
TXN1006051,ACC100714,ACC100250,875.89,2026-06-28 05:33:00,IMPS,DEV1282
TXN1006052,ACC100957,ACC100049,102.79,2026-03-25 17:10:00,BANK_TRANSFER,DEV1098
TXN1006053,ACC100466,ACC100663,3103.8,2026-04-24 21:42:00,NEFT,DEV1120
TXN1006054,ACC100358,ACC100943,330.73,2026-03-11 01:57:00,NEFT,DEV1254
TXN1006055,ACC100414,ACC100178,385.77,2026-03-29 23:05:00,IMPS,DEV1186
TXN1006056,ACC100047,ACC100790,379.57,2026-01-28 02:58:00,UPI,DEV1168
TXN1006057,ACC100794,ACC100162,9513.64,2026-03-25 10:54:00,BANK_TRANSFER,DEV1222
TXN1006058,ACC100854,ACC100185,491.55,2026-04-29 15:12:00,BANK_TRANSFER,DEV1282
TXN1006059,ACC100551,ACC100181,3397.22,2026-04-13 01:22:00,IMPS,DEV1042
TXN1006060,ACC100455,ACC100282,1065.51,2026-05-17 20:03:00,UPI,DEV1121
TXN1006061,ACC100020,ACC100260,405.48,2026-04-02 18:12:00,BANK_TRANSFER,DEV1003
TXN1006062,ACC100723,ACC100777,326.2,2026-06-01 16:04:00,UPI,DEV1278
TXN1006063,ACC100442,ACC100069,515.62,2026-03-21 04:28:00,IMPS,DEV1112
TXN1006064,ACC100376,ACC100980,1002.9,2026-06-29 11:12:00,NEFT,DEV1186
TXN1006065,ACC100610,ACC100900,2257.66,2026-02-16 01:32:00,NEFT,DEV1180
TXN1006066,ACC100577,ACC100416,623.16,2026-04-24 10:57:00,CARD,DEV1253
TXN1006067,ACC100613,ACC100621,595.8,2026-01-23 03:39:00,IMPS,DEV1229
TXN1006068,ACC100606,ACC100816,380.93,2026-05-21 07:37:00,UPI,DEV1156
TXN1006069,ACC100776,ACC100339,261.69,2026-04-30 14:03:00,IMPS,DEV1226
TXN1006070,ACC100895,ACC100256,236.69,2026-03-25 23:18:00,UPI,DEV1044
TXN1006071,ACC100398,ACC100000,3589.02,2026-05-21 19:27:00,NEFT,DEV1271
TXN1006072,ACC100584,ACC100475,581.37,2026-01-10 03:43:00,NEFT,DEV1085
TXN1006073,ACC100185,ACC100119,646.56,2026-02-22 06:52:00,CARD,DEV1267
TXN1006074,ACC100609,ACC100795,492.78,2026-04-07 02:04:00,UPI,DEV1263
TXN1006075,ACC100200,ACC100278,749.77,2026-04-28 14:46:00,UPI,DEV1066
TXN1006076,ACC100687,ACC100519,1711.78,2026-06-12 19:43:00,BANK_TRANSFER,DEV1300
TXN1006077,ACC100632,ACC100738,611.39,2026-02-28 00:14:00,CARD,DEV1143
TXN1006078,ACC100399,ACC100924,1362.24,2026-01-28 03:59:00,IMPS,DEV1292
TXN1006079,ACC100618,ACC100773,6014.03,2026-06-13 16:21:00,BANK_TRANSFER,DEV1064
TXN1006080,ACC100477,ACC100107,410.1,2026-06-12 11:12:00,CARD,DEV1024
TXN1006081,ACC100934,ACC100801,647.19,2026-02-26 07:12:00,BANK_TRANSFER,DEV1248
TXN1006082,ACC100766,ACC100553,2366.75,2026-05-13 23:05:00,NEFT,DEV1074
TXN1006083,ACC100525,ACC100374,6612.75,2026-06-14 19:08:00,BANK_TRANSFER,DEV1262
TXN1006084,ACC100406,ACC100524,246.96,2026-06-16 03:34:00,BANK_TRANSFER,DEV1132
TXN1006085,ACC100794,ACC100240,142.46,2026-05-28 15:57:00,CARD,DEV1124
TXN1006086,ACC100052,ACC100728,1095.84,2026-05-26 00:17:00,UPI,DEV1240
TXN1006087,ACC100242,ACC100508,968.11,2026-05-31 09:42:00,BANK_TRANSFER,DEV1298
TXN1006088,ACC100626,ACC100870,2540.72,2026-06-17 10:08:00,NEFT,DEV1160
TXN1006089,ACC100473,ACC100700,2115.55,2026-06-14 22:30:00,NEFT,DEV1158
TXN1006090,ACC100283,ACC100112,1052.84,2026-01-12 15:25:00,CARD,DEV1297
TXN1006091,ACC100927,ACC100848,3862.45,2026-02-13 14:32:00,IMPS,DEV1197
TXN1006092,ACC100655,ACC100789,484.34,2026-03-29 09:43:00,IMPS,DEV1152
TXN1006093,ACC100787,ACC100462,1413.6,2026-04-01 19:23:00,UPI,DEV1200
TXN1006094,ACC100031,ACC100959,254.97,2026-03-08 08:30:00,NEFT,DEV1296
TXN1006095,ACC100667,ACC100941,1042.57,2026-05-12 07:08:00,BANK_TRANSFER,DEV1264
TXN1006096,ACC100337,ACC100977,189.93,2026-06-10 21:44:00,BANK_TRANSFER,DEV1027
TXN1006097,ACC100473,ACC100831,287.43,2026-06-05 19:32:00,CARD,DEV1186
TXN1006098,ACC100518,ACC100875,8529.98,2026-03-22 15:22:00,BANK_TRANSFER,DEV1114
TXN1006099,ACC100944,ACC100688,122.8,2026-05-08 11:15:00,CARD,DEV1282
TXN1006100,ACC100073,ACC100387,845.58,2026-05-03 17:57:00,NEFT,DEV1111
TXN1006101,ACC100313,ACC100693,2959.15,2026-01-10 16:41:00,IMPS,DEV1029
TXN1006102,ACC100453,ACC100667,15766.25,2026-06-21 03:20:00,CARD,DEV1238
TXN1006103,ACC100980,ACC100397,1356.27,2026-01-25 23:25:00,IMPS,DEV1161
TXN1006104,ACC100673,ACC100026,1452.53,2026-06-14 21:22:00,UPI,DEV1251
TXN1006105,ACC100520,ACC100547,1150.12,2026-02-25 13:14:00,BANK_TRANSFER,DEV1080
TXN1006106,ACC100152,ACC100195,3899.8,2026-02-20 17:06:00,NEFT,DEV1144
TXN1006107,ACC100013,ACC100241,1840.96,2026-02-18 13:57:00,BANK_TRANSFER,DEV1300
TXN1006108,ACC100618,ACC100348,549.99,2026-02-03 18:55:00,NEFT,DEV1022
TXN1006109,ACC100745,ACC100191,4182.29,2026-02-27 02:58:00,IMPS,DEV1201
TXN1006110,ACC100322,ACC100200,629.78,2026-02-10 15:39:00,IMPS,DEV1160
TXN1006111,ACC100711,ACC100687,161.06,2026-03-26 04:03:00,NEFT,DEV1230
TXN1006112,ACC100159,ACC100268,161.68,2026-06-02 23:33:00,UPI,DEV1096
TXN1006113,ACC100143,ACC100991,861.54,2026-02-02 08:23:00,NEFT,DEV1246
TXN1006114,ACC100498,ACC100076,1240.97,2026-03-16 14:28:00,BANK_TRANSFER,DEV1168
TXN1006115,ACC100907,ACC100034,3452.16,2026-05-30 08:17:00,NEFT,DEV1160
TXN1006116,ACC100376,ACC100352,2366.06,2026-06-27 15:24:00,UPI,DEV1076
TXN1006117,ACC100037,ACC100041,1206.91,2026-04-16 03:52:00,CARD,DEV1128
TXN1006118,ACC100075,ACC100199,3691.59,2026-04-18 10:33:00,NEFT,DEV1184
TXN1006119,ACC100577,ACC100280,1113.52,2026-05-01 13:22:00,UPI,DEV1081
TXN1006120,ACC100110,ACC100564,233.09,2026-05-25 08:30:00,BANK_TRANSFER,DEV1047
TXN1006121,ACC100979,ACC100650,179.44,2026-02-07 16:18:00,UPI,DEV1214
TXN1006122,ACC100332,ACC100030,5086.91,2026-04-23 13:49:00,UPI,DEV1078
TXN1006123,ACC100172,ACC100890,74.12,2026-02-08 18:28:00,IMPS,DEV1013
TXN1006124,ACC100373,ACC100395,861.88,2026-03-17 09:40:00,CARD,DEV1285
TXN1006125,ACC100711,ACC100361,39267.49,2026-03-05 22:54:00,UPI,DEV1131
TXN1006126,ACC100379,ACC100378,1902.8,2026-03-24 11:36:00,BANK_TRANSFER,DEV1170
TXN1006127,ACC100052,ACC100129,853.84,2026-04-15 07:14:00,NEFT,DEV1219
TXN1006128,ACC100006,ACC100511,145.28,2026-05-08 16:37:00,BANK_TRANSFER,DEV1159
TXN1006129,ACC100945,ACC100812,7637.65,2026-02-25 07:55:00,IMPS,DEV1249
TXN1006130,ACC100419,ACC100878,4706.0,2026-02-19 19:40:00,BANK_TRANSFER,DEV1031
TXN1006131,ACC100269,ACC100694,2494.28,2026-04-16 01:12:00,UPI,DEV1266
TXN1006132,ACC100182,ACC100710,1095.9,2026-03-04 13:39:00,BANK_TRANSFER,DEV1193
TXN1006133,ACC100738,ACC100676,2178.55,2026-02-06 14:28:00,BANK_TRANSFER,DEV1008
TXN1006134,ACC100188,ACC100969,917.5,2026-06-25 06:16:00,IMPS,DEV1031
TXN1006135,ACC100577,ACC100454,341.07,2026-04-06 11:30:00,UPI,DEV1205
TXN1006136,ACC100106,ACC100468,3455.08,2026-06-05 01:16:00,CARD,DEV1236
TXN1006137,ACC100024,ACC100939,1031.95,2026-01-18 11:37:00,UPI,DEV1088
TXN1006138,ACC100039,ACC100057,2051.51,2026-02-23 19:56:00,IMPS,DEV1129
TXN1006139,ACC100316,ACC100626,948.28,2026-01-09 15:36:00,CARD,DEV1243
TXN1006140,ACC100915,ACC100167,1908.71,2026-01-30 13:03:00,IMPS,DEV1037
TXN1006141,ACC100564,ACC100664,1077.73,2026-02-19 23:24:00,IMPS,DEV1118
TXN1006142,ACC100602,ACC100752,981.36,2026-06-12 02:28:00,BANK_TRANSFER,DEV1080
TXN1006143,ACC100591,ACC100941,1136.82,2026-04-07 22:08:00,BANK_TRANSFER,DEV1075
TXN1006144,ACC100115,ACC100002,38293.81,2026-03-28 07:39:00,UPI,DEV1245
TXN1006145,ACC100087,ACC100163,2872.36,2026-02-14 14:15:00,UPI,DEV1028
TXN1006146,ACC100919,ACC100572,24422.73,2026-02-02 04:57:00,BANK_TRANSFER,DEV1119
TXN1006147,ACC100668,ACC100474,1086.02,2026-04-24 09:32:00,IMPS,DEV1232
TXN1006148,ACC100798,ACC100055,756.82,2026-03-22 09:45:00,BANK_TRANSFER,DEV1286
TXN1006149,ACC100331,ACC100502,302.16,2026-05-19 18:16:00,CARD,DEV1085
TXN1006150,ACC100912,ACC100560,7509.15,2026-02-07 02:07:00,CARD,DEV1099
TXN1006151,ACC100154,ACC100162,370.1,2026-06-27 22:32:00,BANK_TRANSFER,DEV1013
TXN1006152,ACC100983,ACC100081,9618.78,2026-02-12 14:23:00,BANK_TRANSFER,DEV1283
TXN1006153,ACC100054,ACC100923,323.95,2026-03-16 08:49:00,CARD,DEV1214
TXN1006154,ACC100374,ACC100515,3177.95,2026-05-29 11:03:00,IMPS,DEV1138
TXN1006155,ACC100502,ACC100418,162.52,2026-01-04 19:22:00,CARD,DEV1009
TXN1006156,ACC100662,ACC100436,645.26,2026-03-09 15:01:00,IMPS,DEV1131
TXN1006157,ACC100938,ACC100836,1126.08,2026-03-29 06:02:00,NEFT,DEV1236
TXN1006158,ACC100222,ACC100463,535.4,2026-05-21 15:53:00,NEFT,DEV1240
TXN1006159,ACC100506,ACC100560,894.99,2026-05-18 08:54:00,UPI,DEV1226
TXN1006160,ACC100003,ACC100829,900.14,2026-06-28 23:51:00,BANK_TRANSFER,DEV1139
TXN1006161,ACC100426,ACC100325,2888.0,2026-05-03 15:58:00,CARD,DEV1027
TXN1006162,ACC100444,ACC100088,89.65,2026-02-06 20:59:00,BANK_TRANSFER,DEV1256
TXN1006163,ACC100621,ACC100464,558.08,2026-02-09 18:37:00,NEFT,DEV1079
TXN1006164,ACC100408,ACC100534,4942.19,2026-01-16 20:26:00,IMPS,DEV1262
TXN1006165,ACC100815,ACC100150,2153.77,2026-04-13 23:27:00,UPI,DEV1193
TXN1006166,ACC100263,ACC100122,5041.93,2026-04-23 00:54:00,UPI,DEV1174
TXN1006167,ACC100200,ACC100886,2725.88,2026-05-07 02:32:00,BANK_TRANSFER,DEV1217
TXN1006168,ACC100034,ACC100342,298.8,2026-04-10 13:34:00,BANK_TRANSFER,DEV1263
TXN1006169,ACC100010,ACC100813,2423.76,2026-02-21 02:32:00,CARD,DEV1193
TXN1006170,ACC100312,ACC100483,1236.74,2026-05-28 12:33:00,UPI,DEV1073
TXN1006171,ACC100477,ACC100596,16675.13,2026-05-15 06:30:00,UPI,DEV1089
TXN1006172,ACC100779,ACC100780,2871.52,2026-03-09 04:33:00,BANK_TRANSFER,DEV1184
TXN1006173,ACC100243,ACC100382,2055.02,2026-06-22 23:24:00,NEFT,DEV1042
TXN1006174,ACC100858,ACC100408,2448.69,2026-01-05 02:53:00,BANK_TRANSFER,DEV1043
TXN1006175,ACC100631,ACC100569,1924.87,2026-06-24 08:55:00,BANK_TRANSFER,DEV1010
TXN1006176,ACC100534,ACC100450,1863.41,2026-01-01 23:58:00,UPI,DEV1241
TXN1006177,ACC100001,ACC100708,796.68,2026-05-12 23:23:00,CARD,DEV1248
TXN1006178,ACC100893,ACC100919,2085.09,2026-01-27 12:31:00,IMPS,DEV1020
TXN1006179,ACC100491,ACC100478,3422.61,2026-06-16 03:31:00,UPI,DEV1241
TXN1006180,ACC100846,ACC100292,3914.31,2026-01-15 09:43:00,IMPS,DEV1115
TXN1006181,ACC100434,ACC100998,3384.43,2026-05-21 19:45:00,NEFT,DEV1226
TXN1006182,ACC100611,ACC100388,6698.75,2026-04-26 23:52:00,IMPS,DEV1150
TXN1006183,ACC100422,ACC100085,4219.49,2026-06-21 01:49:00,NEFT,DEV1034
TXN1006184,ACC100093,ACC100035,2331.39,2026-05-27 00:01:00,UPI,DEV1240
TXN1006185,ACC100052,ACC100834,278.0,2026-01-28 16:56:00,BANK_TRANSFER,DEV1185
TXN1006186,ACC100028,ACC100743,278.13,2026-02-15 00:24:00,NEFT,DEV1024
TXN1006187,ACC100152,ACC100356,814.23,2026-06-20 09:51:00,BANK_TRANSFER,DEV1242
TXN1006188,ACC100167,ACC100702,1159.92,2026-06-10 07:50:00,BANK_TRANSFER,DEV1089
TXN1006189,ACC100033,ACC100083,5869.95,2026-01-04 23:01:00,IMPS,DEV1240
TXN1006190,ACC100373,ACC100926,39.03,2026-06-09 20:35:00,CARD,DEV1137
TXN1006191,ACC100663,ACC100471,317.4,2026-06-22 23:38:00,NEFT,DEV1117
TXN1006192,ACC100888,ACC100613,868.65,2026-04-19 10:58:00,BANK_TRANSFER,DEV1231
TXN1006193,ACC100766,ACC100316,331.55,2026-03-07 05:42:00,NEFT,DEV1077
TXN1006194,ACC100392,ACC100679,420.85,2026-06-23 23:13:00,BANK_TRANSFER,DEV1132
TXN1006195,ACC100685,ACC100664,602.45,2026-02-12 01:55:00,NEFT,DEV1042
TXN1006196,ACC100414,ACC100291,352.49,2026-01-29 11:55:00,IMPS,DEV1225
TXN1006197,ACC100298,ACC100040,434.02,2026-06-24 12:30:00,UPI,DEV1096
TXN1006198,ACC100244,ACC100469,5630.08,2026-06-06 07:50:00,CARD,DEV1216
TXN1006199,ACC100815,ACC100769,2292.0,2026-04-12 19:34:00,BANK_TRANSFER,DEV1229
TXN1006200,ACC100388,ACC100546,2742.79,2026-01-30 23:04:00,CARD,DEV1002
TXN1006201,ACC100857,ACC100542,1052.64,2026-03-23 11:43:00,CARD,DEV1045
TXN1006202,ACC100827,ACC100814,3689.8,2026-04-28 10:16:00,BANK_TRANSFER,DEV1023
TXN1006203,ACC100819,ACC100371,3033.15,2026-05-14 10:10:00,BANK_TRANSFER,DEV1200
TXN1006204,ACC100528,ACC100521,2249.01,2026-01-21 09:23:00,NEFT,DEV1017
TXN1006205,ACC100527,ACC100059,500.2,2026-02-24 11:31:00,BANK_TRANSFER,DEV1205
TXN1006206,ACC100175,ACC100290,645.2,2026-01-12 23:00:00,NEFT,DEV1227
TXN1006207,ACC100261,ACC100271,3904.0,2026-03-26 00:54:00,BANK_TRANSFER,DEV1295
TXN1006208,ACC100571,ACC100447,589.88,2026-02-23 06:14:00,NEFT,DEV1191
TXN1006209,ACC100783,ACC100249,233.64,2026-03-23 04:57:00,CARD,DEV1055
TXN1006210,ACC100099,ACC100922,576.39,2026-01-30 03:05:00,UPI,DEV1265
TXN1006211,ACC100380,ACC100819,7124.44,2026-06-27 02:25:00,BANK_TRANSFER,DEV1128
TXN1006212,ACC100420,ACC100693,577.07,2026-04-19 17:27:00,BANK_TRANSFER,DEV1283
TXN1006213,ACC100684,ACC100744,1624.87,2026-03-24 20:21:00,IMPS,DEV1084
TXN1006214,ACC100078,ACC100248,523.83,2026-04-02 19:41:00,CARD,DEV1060
TXN1006215,ACC100512,ACC100681,2741.09,2026-02-23 01:47:00,CARD,DEV1101
TXN1006216,ACC100666,ACC100281,2088.41,2026-06-27 18:09:00,UPI,DEV1020
TXN1006217,ACC100905,ACC100159,183.2,2026-02-07 22:24:00,CARD,DEV1135
TXN1006218,ACC100158,ACC100354,1512.68,2026-06-07 16:54:00,IMPS,DEV1004
TXN1006219,ACC100342,ACC100871,145.6,2026-03-26 10:07:00,BANK_TRANSFER,DEV1083
TXN1006220,ACC100842,ACC100588,564.04,2026-05-13 16:31:00,BANK_TRANSFER,DEV1052
TXN1006221,ACC100735,ACC100624,1081.69,2026-02-06 02:11:00,NEFT,DEV1240
TXN1006222,ACC100995,ACC100699,10059.16,2026-03-07 20:46:00,BANK_TRANSFER,DEV1143
TXN1006223,ACC100457,ACC100312,1605.99,2026-04-09 00:10:00,NEFT,DEV1089
TXN1006224,ACC100597,ACC100253,436.81,2026-04-27 03:32:00,CARD,DEV1280
TXN1006225,ACC100940,ACC100258,749.46,2026-06-24 16:11:00,IMPS,DEV1041
TXN1006226,ACC100268,ACC100440,3324.37,2026-01-21 15:38:00,IMPS,DEV1255
TXN1006227,ACC100344,ACC100548,443.98,2026-01-13 09:15:00,NEFT,DEV1073
TXN1006228,ACC100636,ACC100852,4090.3,2026-02-16 14:27:00,CARD,DEV1219
TXN1006229,ACC100634,ACC100941,585.43,2026-05-09 17:41:00,BANK_TRANSFER,DEV1232
TXN1006230,ACC100603,ACC100554,365.63,2026-05-15 15:44:00,CARD,DEV1169
TXN1006231,ACC100300,ACC100285,608.38,2026-03-26 17:30:00,NEFT,DEV1231
TXN1006232,ACC100776,ACC100301,157.66,2026-01-18 08:02:00,NEFT,DEV1002
TXN1006233,ACC100118,ACC100940,80.88,2026-06-06 04:38:00,BANK_TRANSFER,DEV1109
TXN1006234,ACC100425,ACC100911,993.23,2026-01-01 23:35:00,NEFT,DEV1222
TXN1006235,ACC100186,ACC100712,1011.55,2026-04-27 11:21:00,UPI,DEV1297
TXN1006236,ACC100213,ACC100257,1491.82,2026-04-07 08:30:00,BANK_TRANSFER,DEV1013
TXN1006237,ACC100113,ACC100156,987.36,2026-03-13 18:01:00,NEFT,DEV1150
TXN1006238,ACC100490,ACC100618,17945.66,2026-03-04 14:24:00,NEFT,DEV1208
TXN1006239,ACC100121,ACC100943,1342.23,2026-01-18 12:17:00,CARD,DEV1283
TXN1006240,ACC100822,ACC100411,210.24,2026-02-04 04:30:00,IMPS,DEV1031
TXN1006241,ACC100989,ACC100964,286.03,2026-04-30 00:57:00,CARD,DEV1171
TXN1006242,ACC100628,ACC100258,1097.03,2026-05-13 01:01:00,NEFT,DEV1118
TXN1006243,ACC100104,ACC100387,650.34,2026-01-09 04:28:00,IMPS,DEV1230
TXN1006244,ACC100650,ACC100945,251.09,2026-03-18 08:14:00,IMPS,DEV1027
TXN1006245,ACC100218,ACC100857,1021.86,2026-04-23 23:02:00,IMPS,DEV1251
TXN1006246,ACC100069,ACC100549,1039.95,2026-04-16 21:41:00,IMPS,DEV1145
TXN1006247,ACC100305,ACC100467,7441.54,2026-04-01 14:16:00,IMPS,DEV1032
TXN1006248,ACC100818,ACC100825,365.29,2026-01-27 04:26:00,UPI,DEV1107
TXN1006249,ACC100556,ACC100715,664.3,2026-01-04 16:46:00,BANK_TRANSFER,DEV1095
TXN1006250,ACC100570,ACC100925,7414.11,2026-05-05 18:25:00,UPI,DEV1202
TXN1006251,ACC100426,ACC100079,1626.69,2026-03-23 23:47:00,NEFT,DEV1177
TXN1006252,ACC100637,ACC100882,362.73,2026-05-11 11:18:00,BANK_TRANSFER,DEV1205
TXN1006253,ACC100385,ACC100237,465.13,2026-04-01 14:46:00,NEFT,DEV1151
TXN1006254,ACC100081,ACC100535,255.45,2026-01-08 05:38:00,BANK_TRANSFER,DEV1267
TXN1006255,ACC100180,ACC100346,1203.18,2026-02-05 02:35:00,IMPS,DEV1267
TXN1006256,ACC100721,ACC100553,3779.67,2026-04-08 14:46:00,BANK_TRANSFER,DEV1021
TXN1006257,ACC100933,ACC100947,7762.67,2026-03-22 20:56:00,NEFT,DEV1199
TXN1006258,ACC100603,ACC100944,184.28,2026-06-05 17:57:00,NEFT,DEV1089
TXN1006259,ACC100549,ACC100513,3111.75,2026-02-10 23:38:00,BANK_TRANSFER,DEV1146
TXN1006260,ACC100459,ACC100904,1335.65,2026-01-10 11:12:00,IMPS,DEV1022
TXN1006261,ACC100248,ACC100081,800.86,2026-06-21 07:31:00,IMPS,DEV1276
TXN1006262,ACC100568,ACC100887,664.61,2026-04-28 03:06:00,IMPS,DEV1107
TXN1006263,ACC100763,ACC100163,109.39,2026-01-05 07:05:00,CARD,DEV1195
TXN1006264,ACC100535,ACC100446,2358.07,2026-03-17 04:19:00,CARD,DEV1246
TXN1006265,ACC100558,ACC100398,225.29,2026-02-04 14:35:00,BANK_TRANSFER,DEV1173
TXN1006266,ACC100190,ACC100482,446.82,2026-02-06 18:03:00,CARD,DEV1193
TXN1006267,ACC100029,ACC100739,1810.9,2026-03-04 05:06:00,UPI,DEV1258
TXN1006268,ACC100934,ACC100494,123.97,2026-04-25 19:09:00,IMPS,DEV1137
TXN1006269,ACC100448,ACC100993,224.76,2026-01-21 00:14:00,CARD,DEV1093
TXN1006270,ACC100681,ACC100549,4733.38,2026-02-28 07:34:00,NEFT,DEV1177
TXN1006271,ACC100832,ACC100890,1269.62,2026-06-12 12:34:00,CARD,DEV1124
TXN1006272,ACC100350,ACC100912,495.4,2026-04-19 05:55:00,IMPS,DEV1066
TXN1006273,ACC100879,ACC100823,1275.63,2026-04-26 17:03:00,UPI,DEV1028
TXN1006274,ACC100260,ACC100338,2448.84,2026-02-24 11:35:00,BANK_TRANSFER,DEV1182
TXN1006275,ACC100722,ACC100598,4229.0,2026-05-01 07:27:00,UPI,DEV1064
TXN1006276,ACC100794,ACC100473,288.61,2026-02-26 21:42:00,IMPS,DEV1087
TXN1006277,ACC100563,ACC100352,320.6,2026-04-25 00:46:00,NEFT,DEV1083
TXN1006278,ACC100807,ACC100260,2275.63,2026-01-11 05:12:00,NEFT,DEV1175
TXN1006279,ACC100345,ACC100297,2364.91,2026-04-16 17:47:00,BANK_TRANSFER,DEV1114
TXN1006280,ACC100592,ACC100814,218.6,2026-04-26 15:38:00,UPI,DEV1150
TXN1006281,ACC100106,ACC100425,335.37,2026-05-03 19:02:00,BANK_TRANSFER,DEV1035
TXN1006282,ACC100368,ACC100807,869.14,2026-05-30 14:22:00,NEFT,DEV1204
TXN1006283,ACC100890,ACC100660,1128.1,2026-04-28 07:56:00,BANK_TRANSFER,DEV1200
TXN1006284,ACC100861,ACC100805,1167.14,2026-03-29 12:58:00,BANK_TRANSFER,DEV1005
TXN1006285,ACC100304,ACC100987,214.61,2026-03-13 17:34:00,NEFT,DEV1220
TXN1006286,ACC100511,ACC100764,1153.08,2026-02-28 07:04:00,IMPS,DEV1091
TXN1006287,ACC100638,ACC100868,463.66,2026-01-19 23:32:00,IMPS,DEV1145
TXN1006288,ACC100557,ACC100616,270.54,2026-03-26 12:01:00,BANK_TRANSFER,DEV1238
TXN1006289,ACC100940,ACC100706,1082.26,2026-04-23 00:59:00,UPI,DEV1216
TXN1006290,ACC100912,ACC100165,957.58,2026-03-03 23:07:00,BANK_TRANSFER,DEV1134
TXN1006291,ACC100962,ACC100320,2869.9,2026-05-30 20:14:00,NEFT,DEV1081
TXN1006292,ACC100431,ACC100281,390.27,2026-01-09 16:39:00,CARD,DEV1012
TXN1006293,ACC100651,ACC100568,1454.19,2026-06-02 11:01:00,IMPS,DEV1030
TXN1006294,ACC100087,ACC100131,166.93,2026-01-13 07:41:00,IMPS,DEV1294
TXN1006295,ACC100523,ACC100029,788.53,2026-06-27 04:00:00,IMPS,DEV1258
TXN1006296,ACC100510,ACC100093,1912.97,2026-04-07 04:54:00,BANK_TRANSFER,DEV1114
TXN1006297,ACC100253,ACC100364,2116.73,2026-04-19 18:45:00,BANK_TRANSFER,DEV1027
TXN1006298,ACC100328,ACC100912,2134.1,2026-05-21 02:35:00,UPI,DEV1276
TXN1006299,ACC100689,ACC100017,2879.15,2026-01-30 12:29:00,IMPS,DEV1105
TXN1006300,ACC100468,ACC100286,642.3,2026-02-20 11:07:00,CARD,DEV1234
TXN1006301,ACC100021,ACC100132,1987.97,2026-06-12 22:23:00,CARD,DEV1251
TXN1006302,ACC100169,ACC100523,10326.76,2026-04-28 02:25:00,NEFT,DEV1195
TXN1006303,ACC100374,ACC100622,626.06,2026-04-21 22:31:00,BANK_TRANSFER,DEV1188
TXN1006304,ACC100473,ACC100713,5745.88,2026-05-29 22:47:00,NEFT,DEV1180
TXN1006305,ACC100983,ACC100506,3139.34,2026-03-29 19:23:00,NEFT,DEV1291
TXN1006306,ACC100379,ACC100999,796.65,2026-04-05 00:52:00,NEFT,DEV1165
TXN1006307,ACC100918,ACC100664,880.55,2026-03-03 23:29:00,CARD,DEV1068
TXN1006308,ACC100576,ACC100727,1264.06,2026-06-11 02:49:00,CARD,DEV1058
TXN1006309,ACC100307,ACC100526,2934.22,2026-04-04 09:46:00,UPI,DEV1286
TXN1006310,ACC100229,ACC100639,1777.85,2026-03-30 05:28:00,NEFT,DEV1067
TXN1006311,ACC100756,ACC100873,620.18,2026-06-19 12:31:00,IMPS,DEV1031
TXN1006312,ACC100965,ACC100464,90.16,2026-06-21 18:04:00,BANK_TRANSFER,DEV1083
TXN1006313,ACC100793,ACC100777,2456.78,2026-01-20 13:27:00,NEFT,DEV1049
TXN1006314,ACC100894,ACC100068,107.88,2026-06-06 21:28:00,IMPS,DEV1047
TXN1006315,ACC100306,ACC100852,212.9,2026-04-06 16:46:00,NEFT,DEV1151
TXN1006316,ACC100327,ACC100152,676.56,2026-01-16 06:58:00,UPI,DEV1069
TXN1006317,ACC100484,ACC100645,255.47,2026-04-09 21:15:00,NEFT,DEV1237
TXN1006318,ACC100207,ACC100026,1605.25,2026-05-12 18:40:00,IMPS,DEV1153
TXN1006319,ACC100973,ACC100058,768.6,2026-02-18 12:22:00,IMPS,DEV1088
TXN1006320,ACC100740,ACC100959,2813.76,2026-01-24 05:45:00,NEFT,DEV1146
TXN1006321,ACC100009,ACC100754,159.29,2026-06-29 05:54:00,BANK_TRANSFER,DEV1102
TXN1006322,ACC100791,ACC100446,495.58,2026-03-01 09:53:00,UPI,DEV1294
TXN1006323,ACC100256,ACC100092,1102.17,2026-02-15 03:01:00,BANK_TRANSFER,DEV1019
TXN1006324,ACC100370,ACC100735,1154.33,2026-06-18 05:37:00,NEFT,DEV1244
TXN1006325,ACC100585,ACC100324,2522.09,2026-05-30 19:23:00,UPI,DEV1013
TXN1006326,ACC100289,ACC100947,365.95,2026-05-03 20:44:00,NEFT,DEV1045
TXN1006327,ACC100139,ACC100819,625.4,2026-06-17 08:04:00,IMPS,DEV1166
TXN1006328,ACC100309,ACC100416,2015.9,2026-01-03 02:56:00,BANK_TRANSFER,DEV1044
TXN1006329,ACC100977,ACC100989,78.39,2026-01-30 06:57:00,NEFT,DEV1119
TXN1006330,ACC100268,ACC100820,1740.49,2026-05-09 12:31:00,CARD,DEV1035
TXN1006331,ACC100206,ACC100219,2742.81,2026-06-03 23:24:00,BANK_TRANSFER,DEV1221
TXN1006332,ACC100708,ACC100180,221.32,2026-04-29 14:35:00,BANK_TRANSFER,DEV1212
TXN1006333,ACC100089,ACC100190,751.43,2026-05-07 08:09:00,NEFT,DEV1065
TXN1006334,ACC100118,ACC100786,6576.06,2026-01-30 05:08:00,UPI,DEV1084
TXN1006335,ACC100634,ACC100088,2420.66,2026-06-28 06:57:00,BANK_TRANSFER,DEV1042
TXN1006336,ACC100229,ACC100040,1875.01,2026-01-24 09:53:00,BANK_TRANSFER,DEV1156
TXN1006337,ACC100573,ACC100035,3601.66,2026-02-11 21:05:00,BANK_TRANSFER,DEV1025
TXN1006338,ACC100569,ACC100558,9561.06,2026-06-15 18:01:00,UPI,DEV1296
TXN1006339,ACC100388,ACC100693,1121.3,2026-04-16 10:18:00,NEFT,DEV1080
TXN1006340,ACC100192,ACC100119,672.75,2026-05-27 03:40:00,BANK_TRANSFER,DEV1018
TXN1006341,ACC100525,ACC100157,3591.22,2026-01-18 22:53:00,IMPS,DEV1098
TXN1006342,ACC100328,ACC100401,875.73,2026-05-24 23:45:00,IMPS,DEV1048
TXN1006343,ACC100452,ACC100982,360.1,2026-02-08 07:58:00,CARD,DEV1204
TXN1006344,ACC100500,ACC100055,573.59,2026-03-18 23:44:00,UPI,DEV1247
TXN1006345,ACC100087,ACC100011,1595.27,2026-06-17 07:25:00,BANK_TRANSFER,DEV1288
TXN1006346,ACC100094,ACC100633,639.37,2026-01-30 17:16:00,CARD,DEV1148
TXN1006347,ACC100036,ACC100328,699.26,2026-01-08 03:49:00,IMPS,DEV1105
TXN1006348,ACC100800,ACC100162,319.65,2026-01-06 08:29:00,NEFT,DEV1134
TXN1006349,ACC100606,ACC100376,6139.14,2026-04-21 00:56:00,CARD,DEV1039
TXN1006350,ACC100262,ACC100915,726.94,2026-05-13 16:12:00,CARD,DEV1176
TXN1006351,ACC100059,ACC100846,466.93,2026-05-07 15:29:00,NEFT,DEV1078
TXN1006352,ACC100366,ACC100724,530.52,2026-06-17 15:40:00,IMPS,DEV1115
TXN1006353,ACC100077,ACC100845,2872.77,2026-04-07 07:07:00,UPI,DEV1201
TXN1006354,ACC100026,ACC100855,2181.65,2026-02-20 22:36:00,CARD,DEV1257
TXN1006355,ACC100745,ACC100078,600.51,2026-01-24 22:15:00,UPI,DEV1161
TXN1006356,ACC100789,ACC100910,1139.99,2026-06-26 15:00:00,UPI,DEV1096
TXN1006357,ACC100777,ACC100877,1528.5,2026-05-27 20:53:00,CARD,DEV1105
TXN1006358,ACC100061,ACC100434,471.12,2026-04-13 15:45:00,UPI,DEV1006
TXN1006359,ACC100353,ACC100608,172.65,2026-06-05 09:35:00,CARD,DEV1203
TXN1006360,ACC100406,ACC100702,2034.58,2026-06-04 08:22:00,IMPS,DEV1126
TXN1006361,ACC100223,ACC100706,503.47,2026-04-29 02:01:00,UPI,DEV1252
TXN1006362,ACC100110,ACC100760,1860.16,2026-06-24 10:51:00,BANK_TRANSFER,DEV1004
TXN1006363,ACC100800,ACC100027,1612.0,2026-05-29 16:54:00,UPI,DEV1140
TXN1006364,ACC100671,ACC100049,1172.57,2026-05-24 14:21:00,IMPS,DEV1127
TXN1006365,ACC100186,ACC100221,657.63,2026-03-18 07:21:00,UPI,DEV1207
TXN1006366,ACC100345,ACC100910,512.49,2026-05-17 16:45:00,NEFT,DEV1146
TXN1006367,ACC100902,ACC100712,279.75,2026-05-19 23:40:00,BANK_TRANSFER,DEV1282
TXN1006368,ACC100197,ACC100638,524.43,2026-06-16 05:50:00,IMPS,DEV1239
TXN1006369,ACC100343,ACC100614,2170.21,2026-01-02 19:43:00,CARD,DEV1095
TXN1006370,ACC100145,ACC100537,5868.71,2026-03-25 18:29:00,IMPS,DEV1191
TXN1006371,ACC100563,ACC100968,4921.26,2026-03-28 09:21:00,NEFT,DEV1161
TXN1006372,ACC100891,ACC100115,1305.72,2026-02-24 21:10:00,UPI,DEV1294
TXN1006373,ACC100977,ACC100430,5864.97,2026-01-07 07:19:00,NEFT,DEV1265
TXN1006374,ACC100882,ACC100169,758.86,2026-03-02 14:37:00,CARD,DEV1277
TXN1006375,ACC100574,ACC100930,232.93,2026-02-22 18:41:00,CARD,DEV1100
TXN1006376,ACC100405,ACC100899,10993.39,2026-05-25 21:40:00,IMPS,DEV1074
TXN1006377,ACC100975,ACC100246,2078.43,2026-05-17 00:34:00,UPI,DEV1132
TXN1006378,ACC100711,ACC100241,173.89,2026-04-16 08:42:00,CARD,DEV1186
TXN1006379,ACC100531,ACC100318,7121.39,2026-04-16 14:22:00,NEFT,DEV1264
TXN1006380,ACC100441,ACC100755,449.39,2026-05-03 09:04:00,UPI,DEV1201
TXN1006381,ACC100236,ACC100502,583.44,2026-01-23 04:26:00,UPI,DEV1204
TXN1006382,ACC100233,ACC100108,3735.59,2026-04-28 11:21:00,NEFT,DEV1086
TXN1006383,ACC100588,ACC100452,5619.78,2026-05-04 13:38:00,UPI,DEV1062
TXN1006384,ACC100266,ACC100366,330.01,2026-05-12 10:18:00,UPI,DEV1262
TXN1006385,ACC100105,ACC100113,6407.27,2026-03-10 08:38:00,UPI,DEV1189
TXN1006386,ACC100449,ACC100182,3130.93,2026-05-20 03:50:00,NEFT,DEV1109
TXN1006387,ACC100719,ACC100388,420.02,2026-01-18 02:28:00,CARD,DEV1275
TXN1006388,ACC100390,ACC100121,816.41,2026-01-27 10:28:00,CARD,DEV1015
TXN1006389,ACC100880,ACC100203,6763.96,2026-04-07 02:35:00,UPI,DEV1264
TXN1006390,ACC100622,ACC100170,168.57,2026-04-13 00:45:00,NEFT,DEV1174
TXN1006391,ACC100347,ACC100726,5749.44,2026-06-11 09:12:00,CARD,DEV1179
TXN1006392,ACC100931,ACC100264,3028.09,2026-02-14 13:35:00,BANK_TRANSFER,DEV1126
TXN1006393,ACC100388,ACC100518,2020.23,2026-03-07 07:54:00,CARD,DEV1231
TXN1006394,ACC100091,ACC100273,1284.38,2026-01-07 06:46:00,NEFT,DEV1139
TXN1006395,ACC100647,ACC100702,11662.87,2026-03-22 09:35:00,NEFT,DEV1290
TXN1006396,ACC100362,ACC100690,13925.94,2026-04-16 14:28:00,UPI,DEV1004
TXN1006397,ACC100236,ACC100007,524.12,2026-01-23 03:09:00,BANK_TRANSFER,DEV1211
TXN1006398,ACC100658,ACC100140,2286.2,2026-02-08 16:56:00,IMPS,DEV1112
TXN1006399,ACC100991,ACC100535,10396.78,2026-04-07 20:02:00,CARD,DEV1136
TXN1006400,ACC100703,ACC100128,427.5,2026-06-26 03:22:00,CARD,DEV1106
TXN1006401,ACC100399,ACC100816,1468.16,2026-05-16 07:54:00,BANK_TRANSFER,DEV1188
TXN1006402,ACC100673,ACC100804,3657.92,2026-01-15 19:49:00,NEFT,DEV1230
TXN1006403,ACC100021,ACC100808,97.72,2026-05-30 06:36:00,NEFT,DEV1015
TXN1006404,ACC100799,ACC100733,2963.91,2026-06-04 19:34:00,UPI,DEV1208
TXN1006405,ACC100699,ACC100940,297.04,2026-04-03 01:07:00,BANK_TRANSFER,DEV1058
TXN1006406,ACC100071,ACC100193,1381.32,2026-04-16 23:39:00,NEFT,DEV1009
TXN1006407,ACC100246,ACC100281,4329.53,2026-05-16 21:26:00,NEFT,DEV1287
TXN1006408,ACC100278,ACC100193,62.36,2026-05-02 15:49:00,UPI,DEV1007
TXN1006409,ACC100707,ACC100430,2815.88,2026-02-14 16:37:00,BANK_TRANSFER,DEV1169
TXN1006410,ACC100729,ACC100676,12657.37,2026-05-28 11:26:00,UPI,DEV1156
TXN1006411,ACC100830,ACC100185,578.27,2026-06-02 12:07:00,NEFT,DEV1145
TXN1006412,ACC100627,ACC100766,2190.81,2026-04-10 14:36:00,BANK_TRANSFER,DEV1168
TXN1006413,ACC100300,ACC100141,5444.4,2026-01-22 23:46:00,CARD,DEV1181
TXN1006414,ACC100865,ACC100445,162.14,2026-02-03 16:12:00,NEFT,DEV1086
TXN1006415,ACC100512,ACC100007,2721.24,2026-01-04 03:49:00,CARD,DEV1034
TXN1006416,ACC100663,ACC100457,3746.28,2026-02-22 09:14:00,NEFT,DEV1236
TXN1006417,ACC100593,ACC100678,2359.83,2026-03-14 23:47:00,NEFT,DEV1299
TXN1006418,ACC100188,ACC100239,1216.76,2026-03-22 23:00:00,UPI,DEV1209
TXN1006419,ACC100728,ACC100217,330.14,2026-05-22 07:46:00,IMPS,DEV1216
TXN1006420,ACC100285,ACC100931,5823.8,2026-05-12 20:41:00,CARD,DEV1046
TXN1006421,ACC100703,ACC100978,1142.99,2026-06-24 01:34:00,UPI,DEV1046
TXN1006422,ACC100455,ACC100013,370.68,2026-04-30 18:59:00,UPI,DEV1064
TXN1006423,ACC100699,ACC100729,748.72,2026-06-09 09:41:00,NEFT,DEV1229
TXN1006424,ACC100414,ACC100974,1706.27,2026-01-20 08:10:00,UPI,DEV1138
TXN1006425,ACC100894,ACC100796,168.44,2026-05-25 10:17:00,BANK_TRANSFER,DEV1144
TXN1006426,ACC100092,ACC100715,1120.48,2026-03-15 05:55:00,IMPS,DEV1160
TXN1006427,ACC100730,ACC100359,664.97,2026-02-08 18:29:00,IMPS,DEV1109
TXN1006428,ACC100494,ACC100173,5449.24,2026-06-22 18:15:00,CARD,DEV1183
TXN1006429,ACC100880,ACC100415,115.6,2026-06-18 16:47:00,BANK_TRANSFER,DEV1284
TXN1006430,ACC100127,ACC100675,3382.97,2026-02-23 01:38:00,IMPS,DEV1212
TXN1006431,ACC100906,ACC100333,6006.0,2026-04-07 09:20:00,CARD,DEV1241
TXN1006432,ACC100098,ACC100847,120.96,2026-01-22 11:39:00,BANK_TRANSFER,DEV1286
TXN1006433,ACC100133,ACC100904,139.68,2026-01-17 17:54:00,CARD,DEV1019
TXN1006434,ACC100691,ACC100911,9349.52,2026-05-14 20:17:00,NEFT,DEV1037
TXN1006435,ACC100954,ACC100738,370.46,2026-01-01 16:38:00,BANK_TRANSFER,DEV1061
TXN1006436,ACC100118,ACC100426,44971.98,2026-01-31 02:35:00,NEFT,DEV1205
TXN1006437,ACC100263,ACC100260,125.59,2026-04-08 22:10:00,UPI,DEV1052
TXN1006438,ACC100596,ACC100876,1344.88,2026-05-10 08:13:00,UPI,DEV1295
TXN1006439,ACC100468,ACC100371,1066.28,2026-03-19 05:53:00,NEFT,DEV1250
TXN1006440,ACC100217,ACC100982,854.2,2026-06-21 17:37:00,BANK_TRANSFER,DEV1172
TXN1006441,ACC100993,ACC100727,1911.33,2026-02-17 08:13:00,CARD,DEV1247
TXN1006442,ACC100993,ACC100299,2048.32,2026-05-24 23:01:00,CARD,DEV1234
TXN1006443,ACC100004,ACC100057,896.78,2026-05-01 19:07:00,BANK_TRANSFER,DEV1061
TXN1006444,ACC100647,ACC100150,324.73,2026-03-29 08:16:00,IMPS,DEV1171
TXN1006445,ACC100953,ACC100097,3855.72,2026-02-10 02:57:00,BANK_TRANSFER,DEV1015
TXN1006446,ACC100563,ACC100992,2330.09,2026-02-11 05:39:00,CARD,DEV1247
TXN1006447,ACC100585,ACC100994,1258.28,2026-05-30 02:03:00,BANK_TRANSFER,DEV1209
TXN1006448,ACC100681,ACC100415,2243.16,2026-04-16 00:39:00,IMPS,DEV1277
TXN1006449,ACC100440,ACC100369,2759.29,2026-02-22 18:44:00,IMPS,DEV1292
TXN1006450,ACC100662,ACC100369,439.62,2026-04-28 02:09:00,CARD,DEV1157
TXN1006451,ACC100412,ACC100776,2149.13,2026-06-21 18:04:00,IMPS,DEV1055
TXN1006452,ACC100786,ACC100734,564.74,2026-01-01 00:28:00,IMPS,DEV1241
TXN1006453,ACC100009,ACC100851,2871.07,2026-06-01 00:43:00,CARD,DEV1023
TXN1006454,ACC100830,ACC100251,870.55,2026-05-05 17:45:00,UPI,DEV1270
TXN1006455,ACC100646,ACC100524,2284.87,2026-04-17 14:50:00,BANK_TRANSFER,DEV1115
TXN1006456,ACC100168,ACC100037,651.61,2026-05-08 01:11:00,BANK_TRANSFER,DEV1263
TXN1006457,ACC100240,ACC100279,2431.94,2026-05-10 09:15:00,BANK_TRANSFER,DEV1079
TXN1006458,ACC100688,ACC100711,338.82,2026-06-27 14:51:00,CARD,DEV1155
TXN1006459,ACC100553,ACC100450,1145.28,2026-04-15 23:21:00,IMPS,DEV1209
TXN1006460,ACC100355,ACC100060,3557.31,2026-05-02 09:46:00,NEFT,DEV1174
TXN1006461,ACC100404,ACC100324,1921.09,2026-04-24 04:32:00,CARD,DEV1241
TXN1006462,ACC100404,ACC100369,1380.82,2026-06-23 09:25:00,UPI,DEV1261
TXN1006463,ACC100164,ACC100514,9549.78,2026-01-27 15:14:00,BANK_TRANSFER,DEV1138
TXN1006464,ACC100510,ACC100488,3745.7,2026-05-28 11:56:00,UPI,DEV1020
TXN1006465,ACC100198,ACC100314,3061.46,2026-03-27 04:31:00,IMPS,DEV1031
TXN1006466,ACC100190,ACC100447,2415.43,2026-02-15 13:33:00,BANK_TRANSFER,DEV1115
TXN1006467,ACC100059,ACC100221,2805.22,2026-02-02 13:16:00,NEFT,DEV1176
TXN1006468,ACC100175,ACC100975,8010.61,2026-04-06 15:07:00,IMPS,DEV1123
TXN1006469,ACC100010,ACC100626,664.34,2026-01-09 15:45:00,NEFT,DEV1020
TXN1006470,ACC100750,ACC100390,3682.27,2026-02-28 11:26:00,UPI,DEV1221
TXN1006471,ACC100527,ACC100351,1682.08,2026-02-07 22:05:00,IMPS,DEV1139
TXN1006472,ACC100476,ACC100409,692.47,2026-05-03 12:33:00,UPI,DEV1064
TXN1006473,ACC100350,ACC100725,972.95,2026-05-23 06:49:00,CARD,DEV1294
TXN1006474,ACC100607,ACC100025,1426.51,2026-01-16 12:13:00,IMPS,DEV1204
TXN1006475,ACC100740,ACC100946,390.75,2026-04-15 20:29:00,IMPS,DEV1099
TXN1006476,ACC100139,ACC100504,3092.75,2026-04-22 07:52:00,IMPS,DEV1132
TXN1006477,ACC100132,ACC100153,969.3,2026-05-17 12:06:00,CARD,DEV1081
TXN1006478,ACC100791,ACC100969,1214.29,2026-05-14 07:52:00,CARD,DEV1071
TXN1006479,ACC100916,ACC100805,5589.49,2026-02-26 16:58:00,IMPS,DEV1095
TXN1006480,ACC100345,ACC100768,1281.39,2026-05-29 07:05:00,UPI,DEV1018
TXN1006481,ACC100238,ACC100829,7067.08,2026-02-28 16:05:00,UPI,DEV1003
TXN1006482,ACC100556,ACC100709,584.19,2026-05-30 10:39:00,IMPS,DEV1106
TXN1006483,ACC100257,ACC100958,293.98,2026-01-09 06:58:00,CARD,DEV1005
TXN1006484,ACC100273,ACC100202,774.34,2026-02-18 07:57:00,IMPS,DEV1063
TXN1006485,ACC100647,ACC100641,37.43,2026-05-18 17:33:00,IMPS,DEV1273
TXN1006486,ACC100287,ACC100375,3251.64,2026-04-13 21:39:00,UPI,DEV1065
TXN1006487,ACC100368,ACC100661,315.24,2026-05-05 18:41:00,UPI,DEV1137
TXN1006488,ACC100475,ACC100224,522.57,2026-04-23 03:26:00,BANK_TRANSFER,DEV1268
TXN1006489,ACC100820,ACC100727,2590.31,2026-06-14 21:22:00,NEFT,DEV1058
TXN1006490,ACC100488,ACC100972,1265.15,2026-04-18 19:30:00,CARD,DEV1276
TXN1006491,ACC100016,ACC100915,646.35,2026-06-17 21:25:00,CARD,DEV1151
TXN1006492,ACC100378,ACC100864,95.22,2026-06-30 12:10:00,NEFT,DEV1154
TXN1006493,ACC100745,ACC100851,5223.74,2026-06-26 04:55:00,UPI,DEV1188
TXN1006494,ACC100501,ACC100681,2611.54,2026-06-28 18:24:00,IMPS,DEV1237
TXN1006495,ACC100635,ACC100684,12924.31,2026-02-10 14:51:00,NEFT,DEV1015
TXN1006496,ACC100330,ACC100211,536.11,2026-02-07 21:28:00,CARD,DEV1101
TXN1006497,ACC100663,ACC100992,191.46,2026-06-04 14:37:00,BANK_TRANSFER,DEV1271
TXN1006498,ACC100371,ACC100631,3618.11,2026-02-22 08:58:00,IMPS,DEV1269
TXN1006499,ACC100569,ACC100218,875.09,2026-06-12 19:31:00,UPI,DEV1113
TXN1006500,ACC100617,ACC100467,2330.42,2026-06-07 20:43:00,CARD,DEV1265
TXN1006501,ACC100883,ACC100222,7661.0,2026-06-23 07:12:00,UPI,DEV1190
TXN1006502,ACC100023,ACC100243,1747.22,2026-02-12 03:13:00,BANK_TRANSFER,DEV1261
TXN1006503,ACC100383,ACC100775,1340.45,2026-05-29 23:00:00,CARD,DEV1176
TXN1006504,ACC100817,ACC100371,1445.2,2026-01-21 23:14:00,UPI,DEV1065
TXN1006505,ACC100339,ACC100011,153.75,2026-04-12 14:52:00,CARD,DEV1268
TXN1006506,ACC100414,ACC100653,4144.95,2026-06-21 01:15:00,CARD,DEV1234
TXN1006507,ACC100228,ACC100304,4476.08,2026-05-07 14:15:00,CARD,DEV1047
TXN1006508,ACC100891,ACC100304,2072.86,2026-05-26 19:41:00,BANK_TRANSFER,DEV1219
TXN1006509,ACC100252,ACC100145,177.95,2026-05-24 19:55:00,NEFT,DEV1045
TXN1006510,ACC100911,ACC100748,948.25,2026-01-01 07:53:00,BANK_TRANSFER,DEV1171
TXN1006511,ACC100189,ACC100317,6162.46,2026-02-07 16:01:00,CARD,DEV1086
TXN1006512,ACC100156,ACC100105,556.18,2026-03-25 12:01:00,BANK_TRANSFER,DEV1205
TXN1006513,ACC100247,ACC100929,4541.91,2026-06-23 15:04:00,NEFT,DEV1105
TXN1006514,ACC100586,ACC100692,1171.59,2026-04-17 07:46:00,BANK_TRANSFER,DEV1131
TXN1006515,ACC100629,ACC100344,2578.61,2026-06-02 09:51:00,UPI,DEV1102
TXN1006516,ACC100569,ACC100576,668.76,2026-03-31 10:56:00,NEFT,DEV1212
TXN1006517,ACC100370,ACC100445,1213.49,2026-06-19 22:17:00,NEFT,DEV1101
TXN1006518,ACC100076,ACC100481,1852.07,2026-01-15 17:31:00,CARD,DEV1111
TXN1006519,ACC100032,ACC100054,298.9,2026-02-08 03:06:00,UPI,DEV1074
TXN1006520,ACC100753,ACC100826,1523.39,2026-04-30 06:57:00,CARD,DEV1192
TXN1006521,ACC100226,ACC100699,43.54,2026-02-12 11:58:00,CARD,DEV1236
TXN1006522,ACC100209,ACC100737,532.83,2026-06-30 06:20:00,IMPS,DEV1104
TXN1006523,ACC100291,ACC100940,2106.24,2026-05-10 15:25:00,NEFT,DEV1288
TXN1006524,ACC100218,ACC100612,4206.2,2026-01-17 14:32:00,CARD,DEV1002
TXN1006525,ACC100816,ACC100098,1933.92,2026-05-29 04:13:00,UPI,DEV1005
TXN1006526,ACC100309,ACC100561,206.77,2026-05-13 14:42:00,CARD,DEV1011
TXN1006527,ACC100765,ACC100452,3787.38,2026-02-23 05:15:00,CARD,DEV1158
TXN1006528,ACC100311,ACC100946,279.51,2026-04-25 19:02:00,BANK_TRANSFER,DEV1101
TXN1006529,ACC100680,ACC100480,2291.67,2026-05-12 12:11:00,BANK_TRANSFER,DEV1185
TXN1006530,ACC100645,ACC100961,290.91,2026-03-13 03:07:00,CARD,DEV1220
TXN1006531,ACC100814,ACC100059,433.61,2026-06-07 22:53:00,UPI,DEV1101
TXN1006532,ACC100507,ACC100099,348.06,2026-04-17 09:59:00,NEFT,DEV1286
TXN1006533,ACC100110,ACC100014,1295.63,2026-03-15 11:56:00,CARD,DEV1126
TXN1006534,ACC100732,ACC100278,867.28,2026-04-18 14:51:00,BANK_TRANSFER,DEV1153
TXN1006535,ACC100261,ACC100936,2019.67,2026-05-07 07:17:00,IMPS,DEV1276
TXN1006536,ACC100451,ACC100786,1072.38,2026-05-21 01:56:00,NEFT,DEV1066
TXN1006537,ACC100513,ACC100966,177.43,2026-05-27 01:01:00,NEFT,DEV1199
TXN1006538,ACC100447,ACC100353,1526.87,2026-01-23 18:52:00,IMPS,DEV1226
TXN1006539,ACC100555,ACC100818,132.34,2026-03-19 15:20:00,CARD,DEV1046
TXN1006540,ACC100607,ACC100541,379.7,2026-05-19 17:09:00,IMPS,DEV1227
TXN1006541,ACC100280,ACC100251,708.61,2026-03-09 12:06:00,UPI,DEV1206
TXN1006542,ACC100520,ACC100326,652.07,2026-06-08 07:18:00,BANK_TRANSFER,DEV1020
TXN1006543,ACC100404,ACC100161,151.88,2026-03-24 01:58:00,IMPS,DEV1122
TXN1006544,ACC100046,ACC100523,5683.89,2026-05-27 22:00:00,BANK_TRANSFER,DEV1199
TXN1006545,ACC100287,ACC100402,7923.62,2026-06-05 21:50:00,IMPS,DEV1135
TXN1006546,ACC100952,ACC100227,16332.79,2026-03-18 07:55:00,NEFT,DEV1128
TXN1006547,ACC100541,ACC100415,4346.74,2026-06-02 11:15:00,IMPS,DEV1057
TXN1006548,ACC100191,ACC100839,682.3,2026-01-27 23:24:00,NEFT,DEV1199
TXN1006549,ACC100032,ACC100842,668.33,2026-03-02 17:13:00,CARD,DEV1032
TXN1006550,ACC100005,ACC100533,625.49,2026-05-20 01:32:00,IMPS,DEV1169
TXN1006551,ACC100888,ACC100317,11881.83,2026-04-18 21:13:00,NEFT,DEV1195
TXN1006552,ACC100437,ACC100000,954.66,2026-03-18 20:03:00,UPI,DEV1108
TXN1006553,ACC100488,ACC100412,5029.52,2026-03-08 15:03:00,NEFT,DEV1235
TXN1006554,ACC100440,ACC100752,4581.23,2026-05-30 04:10:00,UPI,DEV1218
TXN1006555,ACC100083,ACC100190,1376.72,2026-02-15 03:57:00,NEFT,DEV1022
TXN1006556,ACC100772,ACC100243,192.1,2026-05-28 23:13:00,CARD,DEV1160
TXN1006557,ACC100359,ACC100564,979.75,2026-04-15 17:09:00,UPI,DEV1288
TXN1006558,ACC100924,ACC100654,1308.14,2026-01-12 01:26:00,NEFT,DEV1062
TXN1006559,ACC100321,ACC100533,5082.23,2026-06-04 07:33:00,IMPS,DEV1110
TXN1006560,ACC100381,ACC100134,1122.54,2026-05-20 14:11:00,CARD,DEV1000
TXN1006561,ACC100102,ACC100834,257.15,2026-02-27 17:35:00,NEFT,DEV1161
TXN1006562,ACC100767,ACC100000,3588.51,2026-01-07 05:42:00,BANK_TRANSFER,DEV1173
TXN1006563,ACC100804,ACC100875,834.6,2026-05-04 06:35:00,BANK_TRANSFER,DEV1005
TXN1006564,ACC100108,ACC100896,51.71,2026-01-08 02:20:00,IMPS,DEV1150
TXN1006565,ACC100830,ACC100362,1619.68,2026-04-30 03:13:00,BANK_TRANSFER,DEV1047
TXN1006566,ACC100933,ACC100383,2000.05,2026-05-24 01:52:00,CARD,DEV1046
TXN1006567,ACC100612,ACC100302,398.81,2026-06-05 19:23:00,BANK_TRANSFER,DEV1059
TXN1006568,ACC100194,ACC100935,870.92,2026-04-13 21:20:00,NEFT,DEV1018
TXN1006569,ACC100898,ACC100364,2414.53,2026-03-28 04:07:00,BANK_TRANSFER,DEV1048
TXN1006570,ACC100687,ACC100832,1632.95,2026-06-01 07:35:00,BANK_TRANSFER,DEV1210
TXN1006571,ACC100545,ACC100448,168.14,2026-01-21 17:07:00,CARD,DEV1252
TXN1006572,ACC100078,ACC100494,4935.75,2026-01-02 18:18:00,UPI,DEV1159
TXN1006573,ACC100624,ACC100970,8498.09,2026-02-07 20:23:00,IMPS,DEV1083
TXN1006574,ACC100769,ACC100855,594.53,2026-05-23 12:28:00,UPI,DEV1251
TXN1006575,ACC100940,ACC100933,110.85,2026-06-29 03:27:00,BANK_TRANSFER,DEV1216
TXN1006576,ACC100085,ACC100157,2766.49,2026-06-01 07:30:00,IMPS,DEV1071
TXN1006577,ACC100076,ACC100780,488.96,2026-02-19 09:32:00,BANK_TRANSFER,DEV1180
TXN1006578,ACC100167,ACC100984,2085.03,2026-02-04 01:26:00,BANK_TRANSFER,DEV1135
TXN1006579,ACC100042,ACC100681,15407.42,2026-01-14 07:16:00,CARD,DEV1037
TXN1006580,ACC100958,ACC100951,171.47,2026-05-01 16:55:00,NEFT,DEV1267
TXN1006581,ACC100569,ACC100357,421.6,2026-04-09 05:16:00,CARD,DEV1130
TXN1006582,ACC100553,ACC100007,868.38,2026-04-10 13:38:00,UPI,DEV1034
TXN1006583,ACC100707,ACC100940,5166.83,2026-02-16 14:08:00,IMPS,DEV1016
TXN1006584,ACC100665,ACC100235,78177.77,2026-01-16 13:15:00,BANK_TRANSFER,DEV1189
TXN1006585,ACC100965,ACC100075,1475.13,2026-04-20 10:51:00,CARD,DEV1047
TXN1006586,ACC100172,ACC100112,154.68,2026-01-31 18:55:00,CARD,DEV1024
TXN1006587,ACC100851,ACC100658,724.42,2026-01-17 18:30:00,UPI,DEV1062
TXN1006588,ACC100683,ACC100747,432.75,2026-02-03 22:48:00,IMPS,DEV1113
TXN1006589,ACC100200,ACC100060,2606.86,2026-02-16 11:04:00,NEFT,DEV1298
TXN1006590,ACC100895,ACC100763,1723.76,2026-05-11 16:54:00,BANK_TRANSFER,DEV1069
TXN1006591,ACC100060,ACC100439,314.14,2026-02-08 07:32:00,UPI,DEV1145
TXN1006592,ACC100835,ACC100678,403.36,2026-03-29 20:28:00,CARD,DEV1284
TXN1006593,ACC100673,ACC100704,711.9,2026-05-10 23:55:00,BANK_TRANSFER,DEV1053
TXN1006594,ACC100866,ACC100020,822.85,2026-05-30 13:12:00,UPI,DEV1292
TXN1006595,ACC100781,ACC100414,1042.5,2026-05-21 01:39:00,NEFT,DEV1183
TXN1006596,ACC100031,ACC100352,1162.87,2026-02-11 03:02:00,UPI,DEV1072
TXN1006597,ACC100772,ACC100050,4826.23,2026-02-25 14:24:00,UPI,DEV1265
TXN1006598,ACC100125,ACC100414,681.67,2026-03-12 03:31:00,BANK_TRANSFER,DEV1006
TXN1006599,ACC100259,ACC100261,571.19,2026-04-15 01:27:00,BANK_TRANSFER,DEV1038
TXN1006600,ACC100708,ACC100625,219.97,2026-05-08 03:29:00,NEFT,DEV1019
TXN1006601,ACC100823,ACC100793,838.29,2026-05-22 08:03:00,NEFT,DEV1217
TXN1006602,ACC100577,ACC100333,1491.35,2026-03-09 09:34:00,BANK_TRANSFER,DEV1180
TXN1006603,ACC100030,ACC100839,138.53,2026-04-14 00:23:00,BANK_TRANSFER,DEV1170
TXN1006604,ACC100848,ACC100930,727.12,2026-05-09 01:11:00,CARD,DEV1067
TXN1006605,ACC100708,ACC100967,4413.19,2026-04-27 08:57:00,NEFT,DEV1203
TXN1006606,ACC100442,ACC100608,2387.42,2026-05-23 07:31:00,BANK_TRANSFER,DEV1279
TXN1006607,ACC100936,ACC100853,1716.63,2026-03-31 19:30:00,UPI,DEV1249
TXN1006608,ACC100264,ACC100145,2311.04,2026-06-05 09:21:00,UPI,DEV1156
TXN1006609,ACC100146,ACC100681,550.9,2026-06-08 22:27:00,UPI,DEV1148
TXN1006610,ACC100635,ACC100367,469.51,2026-04-27 22:12:00,CARD,DEV1220
TXN1006611,ACC100183,ACC100323,5045.69,2026-02-18 23:01:00,BANK_TRANSFER,DEV1147
TXN1006612,ACC100465,ACC100415,2964.21,2026-04-10 20:38:00,UPI,DEV1176
TXN1006613,ACC100199,ACC100045,447.86,2026-01-25 13:20:00,NEFT,DEV1253
TXN1006614,ACC100142,ACC100537,115.07,2026-06-11 13:40:00,UPI,DEV1240
TXN1006615,ACC100300,ACC100688,459.15,2026-04-07 17:42:00,NEFT,DEV1298
TXN1006616,ACC100928,ACC100014,2105.36,2026-02-04 23:25:00,CARD,DEV1066
TXN1006617,ACC100623,ACC100825,497.74,2026-04-25 13:14:00,UPI,DEV1061
TXN1006618,ACC100776,ACC100399,1629.59,2026-04-10 04:40:00,BANK_TRANSFER,DEV1204
TXN1006619,ACC100445,ACC100008,6025.31,2026-02-18 10:31:00,BANK_TRANSFER,DEV1267
TXN1006620,ACC100130,ACC100276,980.8,2026-04-13 18:43:00,BANK_TRANSFER,DEV1211
TXN1006621,ACC100494,ACC100666,1452.08,2026-01-12 04:15:00,CARD,DEV1189
TXN1006622,ACC100387,ACC100161,2494.6,2026-05-08 16:45:00,NEFT,DEV1022
TXN1006623,ACC100161,ACC100064,299.32,2026-04-04 16:58:00,IMPS,DEV1105
TXN1006624,ACC100088,ACC100734,433.69,2026-02-07 11:00:00,IMPS,DEV1140
TXN1006625,ACC100183,ACC100984,2621.22,2026-02-21 11:36:00,IMPS,DEV1174
TXN1006626,ACC100847,ACC100760,1146.38,2026-04-10 01:09:00,UPI,DEV1266
TXN1006627,ACC100328,ACC100763,1269.16,2026-05-14 21:08:00,NEFT,DEV1199
TXN1006628,ACC100899,ACC100064,1141.32,2026-04-26 06:08:00,UPI,DEV1185
TXN1006629,ACC100978,ACC100869,3547.34,2026-01-15 11:35:00,IMPS,DEV1004
TXN1006630,ACC100640,ACC100368,1849.84,2026-02-28 11:16:00,IMPS,DEV1044
TXN1006631,ACC100192,ACC100736,1879.17,2026-01-31 17:34:00,NEFT,DEV1190
TXN1006632,ACC100940,ACC100423,4753.51,2026-01-05 11:14:00,BANK_TRANSFER,DEV1117
TXN1006633,ACC100295,ACC100679,7539.33,2026-02-08 08:16:00,IMPS,DEV1064
TXN1006634,ACC100743,ACC100735,16192.61,2026-02-01 00:13:00,BANK_TRANSFER,DEV1043
TXN1006635,ACC100904,ACC100150,547.4,2026-05-29 09:14:00,NEFT,DEV1115
TXN1006636,ACC100742,ACC100111,21232.51,2026-03-12 23:50:00,UPI,DEV1143
TXN1006637,ACC100882,ACC100031,294.09,2026-05-18 16:34:00,BANK_TRANSFER,DEV1113
TXN1006638,ACC100271,ACC100711,11184.64,2026-02-20 23:14:00,CARD,DEV1246
TXN1006639,ACC100605,ACC100780,512.47,2026-05-20 05:09:00,NEFT,DEV1023
TXN1006640,ACC100774,ACC100152,1009.56,2026-01-25 03:55:00,CARD,DEV1271
TXN1006641,ACC100150,ACC100233,1121.35,2026-01-24 07:24:00,CARD,DEV1289
TXN1006642,ACC100886,ACC100697,387.47,2026-05-13 02:45:00,BANK_TRANSFER,DEV1055
TXN1006643,ACC100668,ACC100015,1216.9,2026-01-11 23:14:00,BANK_TRANSFER,DEV1196
TXN1006644,ACC100154,ACC100882,412.24,2026-03-21 05:33:00,CARD,DEV1176
TXN1006645,ACC100474,ACC100531,249.15,2026-06-07 14:51:00,IMPS,DEV1170
TXN1006646,ACC100370,ACC100516,1046.84,2026-05-02 15:24:00,NEFT,DEV1177
TXN1006647,ACC100887,ACC100130,7389.77,2026-04-17 07:16:00,NEFT,DEV1257
TXN1006648,ACC100535,ACC100973,808.5,2026-05-17 04:54:00,IMPS,DEV1252
TXN1006649,ACC100843,ACC100641,3392.17,2026-02-08 10:44:00,NEFT,DEV1151
TXN1006650,ACC100765,ACC100190,397.5,2026-02-02 21:49:00,NEFT,DEV1103
TXN1006651,ACC100334,ACC100119,235.06,2026-01-18 15:54:00,BANK_TRANSFER,DEV1285
TXN1006652,ACC100775,ACC100191,1890.57,2026-05-22 00:51:00,NEFT,DEV1023
TXN1006653,ACC100255,ACC100257,9015.81,2026-03-28 12:28:00,IMPS,DEV1283
TXN1006654,ACC100753,ACC100539,1409.15,2026-02-17 17:26:00,CARD,DEV1081
TXN1006655,ACC100007,ACC100268,2957.14,2026-04-23 13:32:00,CARD,DEV1222
TXN1006656,ACC100388,ACC100937,6595.54,2026-04-07 01:30:00,BANK_TRANSFER,DEV1065
TXN1006657,ACC100553,ACC100559,1049.6,2026-05-07 10:12:00,NEFT,DEV1256
TXN1006658,ACC100457,ACC100080,913.72,2026-06-20 04:24:00,UPI,DEV1241
TXN1006659,ACC100320,ACC100212,1932.38,2026-01-19 23:20:00,IMPS,DEV1199
TXN1006660,ACC100568,ACC100368,2392.33,2026-06-04 06:28:00,UPI,DEV1190
TXN1006661,ACC100795,ACC100768,204.64,2026-02-04 13:31:00,IMPS,DEV1048
TXN1006662,ACC100672,ACC100670,1563.79,2026-01-09 16:24:00,NEFT,DEV1042
TXN1006663,ACC100263,ACC100809,1095.74,2026-03-09 07:30:00,UPI,DEV1062
TXN1006664,ACC100015,ACC100824,425.21,2026-04-10 02:47:00,NEFT,DEV1146
TXN1006665,ACC100364,ACC100145,1008.51,2026-06-01 20:23:00,CARD,DEV1156
TXN1006666,ACC100360,ACC100724,270.86,2026-04-29 10:38:00,NEFT,DEV1104
TXN1006667,ACC100218,ACC100070,178.91,2026-06-02 20:54:00,CARD,DEV1049
TXN1006668,ACC100830,ACC100125,1188.23,2026-06-24 12:22:00,IMPS,DEV1116
TXN1006669,ACC100838,ACC100248,3237.29,2026-03-12 19:49:00,CARD,DEV1084
TXN1006670,ACC100637,ACC100442,722.89,2026-06-07 15:57:00,UPI,DEV1047
TXN1006671,ACC100025,ACC100768,346.24,2026-01-12 07:01:00,NEFT,DEV1115
TXN1006672,ACC100301,ACC100308,417.23,2026-06-03 20:28:00,CARD,DEV1186
TXN1006673,ACC100756,ACC100728,2119.07,2026-05-19 23:55:00,NEFT,DEV1282
TXN1006674,ACC100734,ACC100423,8110.07,2026-06-10 02:20:00,BANK_TRANSFER,DEV1268
TXN1006675,ACC100518,ACC100094,2764.31,2026-05-02 17:28:00,CARD,DEV1027
TXN1006676,ACC100970,ACC100727,5223.64,2026-02-03 03:56:00,NEFT,DEV1293
TXN1006677,ACC100604,ACC100157,311.95,2026-05-08 20:43:00,NEFT,DEV1111
TXN1006678,ACC100467,ACC100447,1003.54,2026-02-26 17:34:00,IMPS,DEV1251
TXN1006679,ACC100924,ACC100295,3723.54,2026-05-30 01:32:00,IMPS,DEV1109
TXN1006680,ACC100120,ACC100164,204.59,2026-02-12 06:21:00,IMPS,DEV1164
TXN1006681,ACC100270,ACC100570,497.68,2026-01-11 14:59:00,UPI,DEV1148
TXN1006682,ACC100461,ACC100211,3396.24,2026-06-25 04:00:00,NEFT,DEV1268
TXN1006683,ACC100223,ACC100816,1495.34,2026-04-12 18:57:00,CARD,DEV1158
TXN1006684,ACC100470,ACC100482,344.42,2026-05-08 08:43:00,UPI,DEV1235
TXN1006685,ACC100018,ACC100226,154.94,2026-04-14 13:08:00,CARD,DEV1180
TXN1006686,ACC100411,ACC100012,5457.68,2026-01-01 22:56:00,CARD,DEV1193
TXN1006687,ACC100985,ACC100734,93.31,2026-02-05 05:31:00,BANK_TRANSFER,DEV1079
TXN1006688,ACC100123,ACC100886,2342.27,2026-02-16 23:27:00,BANK_TRANSFER,DEV1065
TXN1006689,ACC100123,ACC100594,578.45,2026-02-24 17:11:00,CARD,DEV1275
TXN1006690,ACC100168,ACC100492,3852.52,2026-05-23 08:55:00,CARD,DEV1068
TXN1006691,ACC100436,ACC100267,314.01,2026-02-25 20:26:00,IMPS,DEV1101
TXN1006692,ACC100870,ACC100011,25279.74,2026-03-18 12:17:00,BANK_TRANSFER,DEV1220
TXN1006693,ACC100583,ACC100170,1777.14,2026-06-19 01:15:00,CARD,DEV1205
TXN1006694,ACC100675,ACC100989,2165.67,2026-04-12 01:06:00,NEFT,DEV1278
TXN1006695,ACC100360,ACC100237,433.7,2026-01-25 06:12:00,IMPS,DEV1129
TXN1006696,ACC100669,ACC100936,934.44,2026-03-09 07:01:00,NEFT,DEV1266
TXN1006697,ACC100830,ACC100744,963.97,2026-03-12 19:44:00,BANK_TRANSFER,DEV1046
TXN1006698,ACC100115,ACC100989,9464.3,2026-05-14 22:27:00,NEFT,DEV1221
TXN1006699,ACC100359,ACC100100,1773.47,2026-02-09 08:55:00,IMPS,DEV1060
TXN1006700,ACC100029,ACC100893,2106.11,2026-04-10 08:01:00,CARD,DEV1285
TXN1006701,ACC100698,ACC100090,2078.04,2026-05-02 00:38:00,NEFT,DEV1286
TXN1006702,ACC100727,ACC100743,2331.65,2026-02-27 12:50:00,NEFT,DEV1270
TXN1006703,ACC100097,ACC100085,206.99,2026-06-26 14:01:00,NEFT,DEV1296
TXN1006704,ACC100358,ACC100947,12824.62,2026-04-03 18:51:00,NEFT,DEV1293
TXN1006705,ACC100954,ACC100264,382.61,2026-02-12 02:30:00,BANK_TRANSFER,DEV1126
TXN1006706,ACC100511,ACC100587,1047.24,2026-02-20 03:33:00,IMPS,DEV1209
TXN1006707,ACC100198,ACC100931,6889.68,2026-06-26 13:26:00,NEFT,DEV1295
TXN1006708,ACC100508,ACC100181,11176.3,2026-05-06 13:38:00,CARD,DEV1218
TXN1006709,ACC100532,ACC100504,2884.61,2026-05-02 16:39:00,NEFT,DEV1290
TXN1006710,ACC100214,ACC100369,598.46,2026-05-24 14:30:00,UPI,DEV1106
TXN1006711,ACC100853,ACC100794,1278.29,2026-03-21 03:02:00,CARD,DEV1131
TXN1006712,ACC100609,ACC100074,1339.91,2026-05-30 11:48:00,IMPS,DEV1284
TXN1006713,ACC100024,ACC100982,1398.1,2026-05-21 22:16:00,BANK_TRANSFER,DEV1152
TXN1006714,ACC100183,ACC100442,250.62,2026-05-06 04:26:00,IMPS,DEV1102
TXN1006715,ACC100622,ACC100621,4974.76,2026-01-04 23:11:00,CARD,DEV1207
TXN1006716,ACC100117,ACC100372,1288.85,2026-01-08 01:07:00,UPI,DEV1038
TXN1006717,ACC100083,ACC100229,460.97,2026-06-06 03:37:00,NEFT,DEV1157
TXN1006718,ACC100538,ACC100990,603.01,2026-01-01 10:30:00,NEFT,DEV1093
TXN1006719,ACC100767,ACC100203,1515.98,2026-04-16 08:34:00,CARD,DEV1080
TXN1006720,ACC100776,ACC100076,203.67,2026-03-08 19:58:00,BANK_TRANSFER,DEV1006
TXN1006721,ACC100089,ACC100002,3146.74,2026-05-15 13:26:00,UPI,DEV1196
TXN1006722,ACC100795,ACC100838,1453.42,2026-03-06 15:42:00,BANK_TRANSFER,DEV1009
TXN1006723,ACC100319,ACC100859,7178.37,2026-06-10 22:28:00,BANK_TRANSFER,DEV1292
TXN1006724,ACC100978,ACC100091,1203.63,2026-03-29 16:25:00,IMPS,DEV1271
TXN1006725,ACC100677,ACC100944,298.17,2026-01-07 13:01:00,CARD,DEV1293
TXN1006726,ACC100390,ACC100472,260.51,2026-06-20 07:53:00,CARD,DEV1231
TXN1006727,ACC100185,ACC100037,686.19,2026-05-30 23:03:00,CARD,DEV1060
TXN1006728,ACC100046,ACC100820,779.08,2026-02-16 06:36:00,CARD,DEV1092
TXN1006729,ACC100442,ACC100312,555.18,2026-02-27 23:01:00,IMPS,DEV1029
TXN1006730,ACC100372,ACC100521,1279.44,2026-04-10 19:22:00,BANK_TRANSFER,DEV1224
TXN1006731,ACC100162,ACC100917,538.52,2026-03-10 12:23:00,BANK_TRANSFER,DEV1240
TXN1006732,ACC100106,ACC100680,1487.79,2026-06-15 12:25:00,NEFT,DEV1227
TXN1006733,ACC100632,ACC100200,587.12,2026-02-10 16:41:00,CARD,DEV1003
TXN1006734,ACC100121,ACC100118,2340.32,2026-06-24 11:27:00,NEFT,DEV1049
TXN1006735,ACC100853,ACC100988,755.88,2026-04-30 23:04:00,CARD,DEV1105
TXN1006736,ACC100640,ACC100827,4892.45,2026-02-16 14:07:00,UPI,DEV1300
TXN1006737,ACC100434,ACC100520,2398.87,2026-03-29 13:52:00,BANK_TRANSFER,DEV1282
TXN1006738,ACC100704,ACC100548,1383.4,2026-06-14 23:26:00,BANK_TRANSFER,DEV1215
TXN1006739,ACC100772,ACC100064,854.73,2026-01-09 17:52:00,NEFT,DEV1242
TXN1006740,ACC100205,ACC100964,177.18,2026-03-30 17:05:00,CARD,DEV1245
TXN1006741,ACC100882,ACC100849,5980.5,2026-06-01 10:00:00,IMPS,DEV1099
TXN1006742,ACC100875,ACC100420,484.48,2026-03-12 09:16:00,CARD,DEV1026
TXN1006743,ACC100172,ACC100391,1222.78,2026-02-21 05:07:00,CARD,DEV1202
TXN1006744,ACC100859,ACC100504,1656.67,2026-06-18 14:28:00,NEFT,DEV1201
TXN1006745,ACC100827,ACC100892,879.88,2026-03-09 11:25:00,BANK_TRANSFER,DEV1227
TXN1006746,ACC100671,ACC100759,5572.07,2026-04-10 13:08:00,BANK_TRANSFER,DEV1132
TXN1006747,ACC100838,ACC100597,253.24,2026-06-12 09:02:00,CARD,DEV1040
TXN1006748,ACC100357,ACC100362,8784.3,2026-06-10 08:08:00,NEFT,DEV1226
TXN1006749,ACC100928,ACC100258,2454.97,2026-03-23 22:06:00,UPI,DEV1066
TXN1006750,ACC100259,ACC100024,815.9,2026-04-04 08:14:00,CARD,DEV1253
TXN1006751,ACC100173,ACC100614,826.93,2026-06-15 00:11:00,BANK_TRANSFER,DEV1139
TXN1006752,ACC100695,ACC100851,76.69,2026-05-15 20:51:00,CARD,DEV1161
TXN1006753,ACC100899,ACC100232,396.28,2026-06-14 21:17:00,NEFT,DEV1170
TXN1006754,ACC100898,ACC100027,717.17,2026-03-02 15:03:00,NEFT,DEV1143
TXN1006755,ACC100567,ACC100887,1354.69,2026-01-09 16:27:00,BANK_TRANSFER,DEV1003
TXN1006756,ACC100383,ACC100235,4971.6,2026-05-17 07:22:00,IMPS,DEV1273
TXN1006757,ACC100380,ACC100947,12645.48,2026-04-14 19:48:00,IMPS,DEV1095
TXN1006758,ACC100738,ACC100621,1520.39,2026-01-31 08:27:00,CARD,DEV1194
TXN1006759,ACC100310,ACC100999,1403.51,2026-05-15 01:27:00,NEFT,DEV1014
TXN1006760,ACC100486,ACC100226,608.85,2026-04-28 07:08:00,UPI,DEV1140
TXN1006761,ACC100089,ACC100360,140.03,2026-01-01 13:11:00,IMPS,DEV1090
TXN1006762,ACC100830,ACC100723,530.09,2026-03-07 01:00:00,NEFT,DEV1052
TXN1006763,ACC100046,ACC100821,856.97,2026-02-06 13:54:00,NEFT,DEV1264
TXN1006764,ACC100235,ACC100890,3535.02,2026-05-17 15:25:00,BANK_TRANSFER,DEV1221
TXN1006765,ACC100210,ACC100206,2045.54,2026-03-16 13:28:00,CARD,DEV1143
TXN1006766,ACC100663,ACC100437,1430.61,2026-03-10 23:36:00,CARD,DEV1221
TXN1006767,ACC100763,ACC100038,546.23,2026-03-05 07:27:00,IMPS,DEV1248
TXN1006768,ACC100201,ACC100841,101.64,2026-05-27 21:08:00,CARD,DEV1135
TXN1006769,ACC100114,ACC100343,109.28,2026-06-02 05:00:00,UPI,DEV1294
TXN1006770,ACC100290,ACC100837,148.94,2026-01-18 01:49:00,UPI,DEV1010
TXN1006771,ACC100183,ACC100643,772.47,2026-05-06 14:53:00,UPI,DEV1247
TXN1006772,ACC100823,ACC100546,3615.02,2026-01-29 23:16:00,BANK_TRANSFER,DEV1167
TXN1006773,ACC100117,ACC100401,3499.86,2026-03-18 17:40:00,NEFT,DEV1236
TXN1006774,ACC100487,ACC100579,2842.56,2026-06-12 16:01:00,IMPS,DEV1265
TXN1006775,ACC100201,ACC100241,591.04,2026-01-06 14:34:00,UPI,DEV1134
TXN1006776,ACC100257,ACC100220,4329.1,2026-03-24 15:15:00,NEFT,DEV1138
TXN1006777,ACC100722,ACC100969,358.78,2026-05-02 18:01:00,BANK_TRANSFER,DEV1107
TXN1006778,ACC100875,ACC100349,3053.59,2026-01-06 11:44:00,IMPS,DEV1209
TXN1006779,ACC100032,ACC100190,147.01,2026-04-30 00:59:00,CARD,DEV1270
TXN1006780,ACC100481,ACC100342,267.06,2026-04-21 16:03:00,UPI,DEV1246
TXN1006781,ACC100087,ACC100651,7967.6,2026-06-29 18:29:00,UPI,DEV1081
TXN1006782,ACC100614,ACC100186,858.68,2026-03-03 13:37:00,UPI,DEV1111
TXN1006783,ACC100583,ACC100112,484.36,2026-02-02 06:24:00,CARD,DEV1236
TXN1006784,ACC100259,ACC100372,4118.77,2026-06-03 22:00:00,BANK_TRANSFER,DEV1266
TXN1006785,ACC100988,ACC100304,4726.05,2026-06-22 03:29:00,IMPS,DEV1127
TXN1006786,ACC100510,ACC100421,652.01,2026-05-09 15:13:00,UPI,DEV1171
TXN1006787,ACC100938,ACC100710,1531.73,2026-05-10 00:23:00,CARD,DEV1296
TXN1006788,ACC100067,ACC100776,1292.44,2026-01-12 21:26:00,CARD,DEV1186
TXN1006789,ACC100121,ACC100907,36.87,2026-01-08 14:35:00,NEFT,DEV1020
TXN1006790,ACC100507,ACC100036,205.4,2026-04-27 18:00:00,IMPS,DEV1275
TXN1006791,ACC100697,ACC100660,3397.19,2026-03-19 15:03:00,BANK_TRANSFER,DEV1137
TXN1006792,ACC100524,ACC100992,403.78,2026-02-20 00:21:00,IMPS,DEV1130
TXN1006793,ACC100529,ACC100861,2071.04,2026-03-31 15:47:00,IMPS,DEV1221
TXN1006794,ACC100952,ACC100886,1503.65,2026-03-26 22:31:00,NEFT,DEV1003
TXN1006795,ACC100888,ACC100298,4715.07,2026-03-09 21:10:00,IMPS,DEV1245
TXN1006796,ACC100189,ACC100526,213.46,2026-01-15 20:58:00,UPI,DEV1096
TXN1006797,ACC100120,ACC100887,1759.96,2026-04-26 18:54:00,BANK_TRANSFER,DEV1125
TXN1006798,ACC100810,ACC100679,1013.84,2026-04-10 08:44:00,IMPS,DEV1042
TXN1006799,ACC100438,ACC100504,425.08,2026-05-13 11:06:00,BANK_TRANSFER,DEV1257
TXN1006800,ACC100848,ACC100273,421.51,2026-03-08 09:07:00,UPI,DEV1282
TXN1006801,ACC100575,ACC100674,1440.83,2026-05-27 10:46:00,BANK_TRANSFER,DEV1110
TXN1006802,ACC100024,ACC100204,2334.62,2026-02-17 21:21:00,UPI,DEV1236
TXN1006803,ACC100641,ACC100908,1183.6,2026-04-06 14:52:00,UPI,DEV1175
TXN1006804,ACC100158,ACC100433,1228.63,2026-06-08 21:19:00,UPI,DEV1063
TXN1006805,ACC100761,ACC100370,602.93,2026-02-10 07:03:00,UPI,DEV1066
TXN1006806,ACC100621,ACC100970,652.87,2026-06-03 22:28:00,BANK_TRANSFER,DEV1205
TXN1006807,ACC100390,ACC100200,423.7,2026-02-26 00:43:00,BANK_TRANSFER,DEV1084
TXN1006808,ACC100932,ACC100251,588.56,2026-04-02 13:38:00,NEFT,DEV1135
TXN1006809,ACC100992,ACC100003,2238.61,2026-03-04 01:00:00,CARD,DEV1060
TXN1006810,ACC100822,ACC100361,2559.81,2026-03-12 02:03:00,IMPS,DEV1237
TXN1006811,ACC100213,ACC100946,237.21,2026-02-11 00:52:00,UPI,DEV1074
TXN1006812,ACC100887,ACC100998,374.01,2026-06-10 20:47:00,NEFT,DEV1110
TXN1006813,ACC100095,ACC100571,467.56,2026-03-25 00:08:00,UPI,DEV1149
TXN1006814,ACC100131,ACC100205,1015.52,2026-01-21 22:40:00,BANK_TRANSFER,DEV1071
TXN1006815,ACC100716,ACC100039,145.51,2026-06-27 13:07:00,BANK_TRANSFER,DEV1064
TXN1006816,ACC100827,ACC100930,381.96,2026-01-15 10:16:00,BANK_TRANSFER,DEV1063
TXN1006817,ACC100800,ACC100709,207.95,2026-01-09 19:20:00,IMPS,DEV1028
TXN1006818,ACC100931,ACC100983,1773.27,2026-03-30 10:08:00,BANK_TRANSFER,DEV1147
TXN1006819,ACC100725,ACC100459,1058.27,2026-02-25 17:37:00,NEFT,DEV1227
TXN1006820,ACC100774,ACC100844,629.51,2026-05-05 20:28:00,CARD,DEV1104
TXN1006821,ACC100600,ACC100830,306.15,2026-05-15 05:07:00,NEFT,DEV1168
TXN1006822,ACC100653,ACC100696,641.29,2026-03-25 08:04:00,BANK_TRANSFER,DEV1053
TXN1006823,ACC100383,ACC100878,556.89,2026-01-22 18:17:00,IMPS,DEV1248
TXN1006824,ACC100148,ACC100880,7797.82,2026-06-23 06:24:00,BANK_TRANSFER,DEV1070
TXN1006825,ACC100447,ACC100954,3627.95,2026-03-12 04:29:00,BANK_TRANSFER,DEV1181
TXN1006826,ACC100888,ACC100979,478.74,2026-01-26 17:13:00,NEFT,DEV1094
TXN1006827,ACC100891,ACC100371,1337.07,2026-04-04 22:04:00,CARD,DEV1214
TXN1006828,ACC100792,ACC100540,3405.17,2026-05-15 22:34:00,UPI,DEV1172
TXN1006829,ACC100926,ACC100346,478.56,2026-06-01 01:24:00,IMPS,DEV1027
TXN1006830,ACC100959,ACC100525,200.23,2026-02-01 19:37:00,CARD,DEV1168
TXN1006831,ACC100865,ACC100310,126.95,2026-03-09 17:07:00,CARD,DEV1198
TXN1006832,ACC100105,ACC100691,5047.86,2026-03-28 00:30:00,NEFT,DEV1262
TXN1006833,ACC100567,ACC100288,871.94,2026-05-30 03:55:00,NEFT,DEV1015
TXN1006834,ACC100522,ACC100585,1555.56,2026-02-04 22:20:00,NEFT,DEV1147
TXN1006835,ACC100416,ACC100728,550.55,2026-03-16 01:24:00,IMPS,DEV1170
TXN1006836,ACC100027,ACC100454,239.49,2026-04-16 20:19:00,NEFT,DEV1177
TXN1006837,ACC100802,ACC100360,299.6,2026-06-03 23:49:00,IMPS,DEV1188
TXN1006838,ACC100881,ACC100340,219.37,2026-05-11 17:26:00,UPI,DEV1031
TXN1006839,ACC100519,ACC100774,3041.16,2026-02-04 22:39:00,IMPS,DEV1228
TXN1006840,ACC100449,ACC100794,6575.29,2026-03-26 10:14:00,CARD,DEV1231
TXN1006841,ACC100642,ACC100508,1146.76,2026-05-07 09:16:00,NEFT,DEV1294
TXN1006842,ACC100894,ACC100184,177.44,2026-04-05 09:41:00,UPI,DEV1064
TXN1006843,ACC100222,ACC100526,1990.02,2026-04-25 05:03:00,NEFT,DEV1300
TXN1006844,ACC100831,ACC100830,5003.94,2026-03-05 16:28:00,BANK_TRANSFER,DEV1240
TXN1006845,ACC100630,ACC100039,3519.24,2026-01-05 16:50:00,UPI,DEV1145
TXN1006846,ACC100895,ACC100338,1058.96,2026-04-04 20:28:00,NEFT,DEV1280
TXN1006847,ACC100852,ACC100317,827.68,2026-05-26 23:29:00,CARD,DEV1236
TXN1006848,ACC100917,ACC100271,1048.8,2026-01-28 14:53:00,CARD,DEV1067
TXN1006849,ACC100202,ACC100694,4770.94,2026-05-25 11:38:00,CARD,DEV1250
TXN1006850,ACC100120,ACC100157,2731.04,2026-03-26 12:25:00,BANK_TRANSFER,DEV1113
TXN1006851,ACC100351,ACC100923,690.28,2026-01-08 05:45:00,CARD,DEV1220
TXN1006852,ACC100457,ACC100269,669.75,2026-06-09 00:42:00,CARD,DEV1154
TXN1006853,ACC100126,ACC100801,615.21,2026-02-09 05:13:00,CARD,DEV1075
TXN1006854,ACC100695,ACC100494,305.65,2026-04-12 12:18:00,IMPS,DEV1032
TXN1006855,ACC100964,ACC100289,5553.62,2026-04-05 03:51:00,IMPS,DEV1141
TXN1006856,ACC100105,ACC100508,426.07,2026-06-13 01:41:00,UPI,DEV1173
TXN1006857,ACC100289,ACC100983,1975.02,2026-04-04 11:28:00,BANK_TRANSFER,DEV1123
TXN1006858,ACC100809,ACC100296,495.86,2026-04-01 12:08:00,BANK_TRANSFER,DEV1172
TXN1006859,ACC100909,ACC100850,618.52,2026-04-04 14:51:00,IMPS,DEV1062
TXN1006860,ACC100434,ACC100571,956.56,2026-06-19 07:19:00,IMPS,DEV1190
TXN1006861,ACC100813,ACC100993,2109.68,2026-06-18 16:30:00,CARD,DEV1212
TXN1006862,ACC100521,ACC100055,803.46,2026-05-24 20:54:00,NEFT,DEV1003
TXN1006863,ACC100308,ACC100822,279.49,2026-05-29 03:07:00,UPI,DEV1257
TXN1006864,ACC100427,ACC100777,1122.03,2026-01-14 10:01:00,IMPS,DEV1040
TXN1006865,ACC100485,ACC100090,437.03,2026-04-05 11:15:00,CARD,DEV1286
TXN1006866,ACC100328,ACC100784,6992.59,2026-02-10 03:11:00,BANK_TRANSFER,DEV1233
TXN1006867,ACC100597,ACC100237,802.77,2026-02-27 13:20:00,BANK_TRANSFER,DEV1196
TXN1006868,ACC100908,ACC100047,491.98,2026-06-07 23:16:00,IMPS,DEV1035
TXN1006869,ACC100684,ACC100696,11728.31,2026-04-18 01:13:00,BANK_TRANSFER,DEV1294
TXN1006870,ACC100978,ACC100986,2661.56,2026-05-13 17:16:00,BANK_TRANSFER,DEV1179
TXN1006871,ACC100661,ACC100695,373.86,2026-01-07 03:00:00,UPI,DEV1188
TXN1006872,ACC100380,ACC100809,424.5,2026-05-22 06:43:00,BANK_TRANSFER,DEV1040
TXN1006873,ACC100095,ACC100110,1937.24,2026-04-05 06:59:00,IMPS,DEV1022
TXN1006874,ACC100165,ACC100415,1155.36,2026-03-14 01:39:00,UPI,DEV1097
TXN1006875,ACC100702,ACC100694,3191.39,2026-03-02 07:24:00,BANK_TRANSFER,DEV1221
TXN1006876,ACC100248,ACC100511,495.11,2026-05-31 01:27:00,IMPS,DEV1001
TXN1006877,ACC100681,ACC100685,2543.59,2026-03-02 18:32:00,BANK_TRANSFER,DEV1229
TXN1006878,ACC100531,ACC100173,74.74,2026-06-17 02:08:00,BANK_TRANSFER,DEV1272
TXN1006879,ACC100629,ACC100216,911.12,2026-05-16 10:08:00,NEFT,DEV1230
TXN1006880,ACC100532,ACC100101,522.9,2026-04-16 15:27:00,CARD,DEV1206
TXN1006881,ACC100254,ACC100765,635.2,2026-03-11 04:36:00,UPI,DEV1278
TXN1006882,ACC100238,ACC100306,969.28,2026-05-12 23:52:00,UPI,DEV1095
TXN1006883,ACC100301,ACC100190,4299.29,2026-04-14 14:50:00,NEFT,DEV1246
TXN1006884,ACC100284,ACC100152,274.56,2026-04-16 10:28:00,NEFT,DEV1015
TXN1006885,ACC100263,ACC100474,79.39,2026-06-15 19:04:00,IMPS,DEV1085
TXN1006886,ACC100779,ACC100506,315.56,2026-06-03 14:49:00,CARD,DEV1122
TXN1006887,ACC100452,ACC100608,3740.31,2026-06-16 11:10:00,BANK_TRANSFER,DEV1047
TXN1006888,ACC100699,ACC100709,152.32,2026-05-21 16:11:00,CARD,DEV1154
TXN1006889,ACC100279,ACC100624,552.06,2026-05-26 05:45:00,NEFT,DEV1198
TXN1006890,ACC100539,ACC100456,3003.38,2026-06-19 03:00:00,NEFT,DEV1131
TXN1006891,ACC100393,ACC100835,1022.38,2026-06-06 07:24:00,BANK_TRANSFER,DEV1171
TXN1006892,ACC100255,ACC100094,4249.04,2026-03-25 11:16:00,CARD,DEV1206
TXN1006893,ACC100318,ACC100669,95.4,2026-02-06 06:41:00,BANK_TRANSFER,DEV1142
TXN1006894,ACC100010,ACC100964,745.51,2026-02-09 21:23:00,CARD,DEV1298
TXN1006895,ACC100777,ACC100011,5456.77,2026-05-23 19:17:00,CARD,DEV1137
TXN1006896,ACC100784,ACC100978,283.65,2026-05-31 13:15:00,CARD,DEV1214
TXN1006897,ACC100683,ACC100827,3796.26,2026-05-13 02:10:00,UPI,DEV1275
TXN1006898,ACC100186,ACC100859,826.48,2026-02-05 19:40:00,IMPS,DEV1124
TXN1006899,ACC100680,ACC100790,1846.33,2026-06-16 21:30:00,IMPS,DEV1136
TXN1006900,ACC100392,ACC100573,5001.98,2026-05-06 04:41:00,IMPS,DEV1026
TXN1006901,ACC100231,ACC100478,1836.84,2026-02-23 07:51:00,CARD,DEV1285
TXN1006902,ACC100792,ACC100276,539.42,2026-01-14 13:12:00,UPI,DEV1104
TXN1006903,ACC100527,ACC100423,2152.69,2026-05-06 10:16:00,BANK_TRANSFER,DEV1167
TXN1006904,ACC100507,ACC100513,495.64,2026-03-04 01:45:00,NEFT,DEV1168
TXN1006905,ACC100335,ACC100598,1522.4,2026-04-09 23:25:00,NEFT,DEV1230
TXN1006906,ACC100678,ACC100408,244.15,2026-06-16 22:44:00,NEFT,DEV1235
TXN1006907,ACC100514,ACC100394,1135.6,2026-05-24 23:06:00,UPI,DEV1027
TXN1006908,ACC100907,ACC100361,4569.47,2026-03-28 02:17:00,IMPS,DEV1202
TXN1006909,ACC100652,ACC100766,766.23,2026-05-03 22:14:00,CARD,DEV1133
TXN1006910,ACC100654,ACC100261,4074.2,2026-06-04 09:00:00,IMPS,DEV1212
TXN1006911,ACC100937,ACC100229,44896.51,2026-02-12 15:56:00,UPI,DEV1188
TXN1006912,ACC100420,ACC100109,1059.19,2026-03-07 14:49:00,NEFT,DEV1098
TXN1006913,ACC100903,ACC100257,2291.66,2026-03-06 06:03:00,UPI,DEV1031
TXN1006914,ACC100298,ACC100154,1943.48,2026-01-23 23:22:00,BANK_TRANSFER,DEV1220
TXN1006915,ACC100453,ACC100256,1436.73,2026-04-27 03:24:00,NEFT,DEV1070
TXN1006916,ACC100051,ACC100255,2822.77,2026-03-25 02:49:00,BANK_TRANSFER,DEV1047
TXN1006917,ACC100585,ACC100994,814.27,2026-05-16 11:51:00,UPI,DEV1174
TXN1006918,ACC100418,ACC100383,495.19,2026-06-10 03:27:00,IMPS,DEV1114
TXN1006919,ACC100324,ACC100900,175.64,2026-05-21 10:54:00,UPI,DEV1278
TXN1006920,ACC100089,ACC100640,726.83,2026-03-09 06:24:00,IMPS,DEV1095
TXN1006921,ACC100726,ACC100576,3234.8,2026-05-09 16:14:00,CARD,DEV1210
TXN1006922,ACC100727,ACC100209,355.04,2026-02-17 16:43:00,BANK_TRANSFER,DEV1024
TXN1006923,ACC100798,ACC100285,1474.41,2026-02-02 07:04:00,IMPS,DEV1280
TXN1006924,ACC100098,ACC100001,946.02,2026-04-13 01:23:00,BANK_TRANSFER,DEV1039
TXN1006925,ACC100754,ACC100843,520.68,2026-05-06 01:28:00,UPI,DEV1186
TXN1006926,ACC100154,ACC100129,118.67,2026-06-04 02:46:00,BANK_TRANSFER,DEV1136
TXN1006927,ACC100357,ACC100470,5627.53,2026-06-17 10:05:00,BANK_TRANSFER,DEV1208
TXN1006928,ACC100370,ACC100632,2039.84,2026-06-03 00:42:00,NEFT,DEV1067
TXN1006929,ACC100484,ACC100019,26858.71,2026-06-30 06:09:00,NEFT,DEV1219
TXN1006930,ACC100097,ACC100980,4004.99,2026-01-29 09:53:00,IMPS,DEV1162
TXN1006931,ACC100925,ACC100515,5478.86,2026-02-19 01:31:00,NEFT,DEV1003
TXN1006932,ACC100642,ACC100495,134.39,2026-05-03 12:30:00,UPI,DEV1113
TXN1006933,ACC100041,ACC100438,131.6,2026-01-20 00:22:00,BANK_TRANSFER,DEV1078
TXN1006934,ACC100918,ACC100910,1153.75,2026-02-05 03:42:00,CARD,DEV1281
TXN1006935,ACC100601,ACC100466,276.51,2026-03-15 11:34:00,IMPS,DEV1235
TXN1006936,ACC100112,ACC100289,484.18,2026-04-25 08:09:00,IMPS,DEV1022
TXN1006937,ACC100290,ACC100251,22731.73,2026-01-22 20:48:00,IMPS,DEV1227
TXN1006938,ACC100288,ACC100254,4572.66,2026-01-23 06:07:00,CARD,DEV1217
TXN1006939,ACC100421,ACC100359,356.81,2026-04-12 01:28:00,IMPS,DEV1113
TXN1006940,ACC100206,ACC100411,64.11,2026-01-23 14:07:00,NEFT,DEV1173
TXN1006941,ACC100522,ACC100022,322.49,2026-04-18 04:58:00,NEFT,DEV1232
TXN1006942,ACC100333,ACC100339,561.92,2026-03-28 05:06:00,CARD,DEV1233
TXN1006943,ACC100962,ACC100142,745.82,2026-01-14 23:01:00,IMPS,DEV1207
TXN1006944,ACC100644,ACC100913,236.31,2026-05-02 01:57:00,IMPS,DEV1232
TXN1006945,ACC100741,ACC100321,4254.88,2026-01-29 00:15:00,UPI,DEV1182
TXN1006946,ACC100925,ACC100766,466.96,2026-06-25 14:54:00,BANK_TRANSFER,DEV1249
TXN1006947,ACC100042,ACC100436,2388.2,2026-05-29 00:05:00,NEFT,DEV1236
TXN1006948,ACC100979,ACC100077,1169.89,2026-01-19 06:04:00,UPI,DEV1267
TXN1006949,ACC100093,ACC100869,3381.83,2026-04-09 15:29:00,BANK_TRANSFER,DEV1103
TXN1006950,ACC100829,ACC100184,824.27,2026-03-03 12:27:00,IMPS,DEV1294
TXN1006951,ACC100822,ACC100235,361.41,2026-06-28 07:53:00,UPI,DEV1189
TXN1006952,ACC100279,ACC100542,534.69,2026-03-14 19:53:00,NEFT,DEV1041
TXN1006953,ACC100891,ACC100428,543.82,2026-03-26 16:08:00,UPI,DEV1226
TXN1006954,ACC100595,ACC100303,13061.98,2026-02-18 04:57:00,UPI,DEV1270
TXN1006955,ACC100232,ACC100032,1202.08,2026-02-07 09:15:00,IMPS,DEV1202
TXN1006956,ACC100699,ACC100271,1102.75,2026-04-16 18:02:00,NEFT,DEV1169
TXN1006957,ACC100756,ACC100113,3160.33,2026-05-27 00:50:00,IMPS,DEV1017
TXN1006958,ACC100311,ACC100070,1096.54,2026-06-17 02:12:00,NEFT,DEV1156
TXN1006959,ACC100557,ACC100516,4213.34,2026-01-09 10:47:00,UPI,DEV1025
TXN1006960,ACC100621,ACC100226,701.7,2026-02-18 09:42:00,CARD,DEV1186
TXN1006961,ACC100740,ACC100253,621.19,2026-02-27 14:13:00,IMPS,DEV1121
TXN1006962,ACC100006,ACC100323,338.21,2026-05-04 12:34:00,NEFT,DEV1099
TXN1006963,ACC100476,ACC100717,10097.64,2026-01-14 00:05:00,BANK_TRANSFER,DEV1276
TXN1006964,ACC100921,ACC100288,1008.49,2026-01-31 13:50:00,NEFT,DEV1119
TXN1006965,ACC100461,ACC100951,268.04,2026-04-25 01:07:00,IMPS,DEV1049
TXN1006966,ACC100805,ACC100473,1388.8,2026-01-03 09:12:00,CARD,DEV1031
TXN1006967,ACC100113,ACC100838,502.67,2026-02-17 11:38:00,BANK_TRANSFER,DEV1086
TXN1006968,ACC100565,ACC100920,687.1,2026-06-24 07:38:00,IMPS,DEV1289
TXN1006969,ACC100762,ACC100481,1592.25,2026-01-24 15:19:00,BANK_TRANSFER,DEV1191
TXN1006970,ACC100389,ACC100541,6803.43,2026-01-28 15:29:00,CARD,DEV1227
TXN1006971,ACC100383,ACC100037,1238.8,2026-04-01 20:37:00,UPI,DEV1252
TXN1006972,ACC100974,ACC100757,467.2,2026-03-02 23:31:00,BANK_TRANSFER,DEV1122
TXN1006973,ACC100031,ACC100781,598.31,2026-06-29 02:21:00,UPI,DEV1177
TXN1006974,ACC100738,ACC100371,2410.85,2026-05-31 02:51:00,CARD,DEV1280
TXN1006975,ACC100193,ACC100253,104.58,2026-06-16 02:30:00,CARD,DEV1108
TXN1006976,ACC100910,ACC100384,313.81,2026-03-15 21:58:00,CARD,DEV1014
TXN1006977,ACC100531,ACC100616,1415.41,2026-03-07 10:14:00,UPI,DEV1197
TXN1006978,ACC100358,ACC100721,141.46,2026-06-11 10:06:00,NEFT,DEV1076
TXN1006979,ACC100757,ACC100342,753.69,2026-05-27 06:54:00,NEFT,DEV1239
TXN1006980,ACC100021,ACC100679,617.75,2026-05-08 13:02:00,NEFT,DEV1003
TXN1006981,ACC100590,ACC100267,3143.02,2026-04-11 06:08:00,UPI,DEV1240
TXN1006982,ACC100550,ACC100901,812.13,2026-06-15 10:56:00,CARD,DEV1075
TXN1006983,ACC100668,ACC100964,4555.22,2026-02-16 15:21:00,UPI,DEV1297
TXN1006984,ACC100677,ACC100838,1205.5,2026-02-10 14:01:00,UPI,DEV1065
TXN1006985,ACC100954,ACC100850,9244.11,2026-06-11 22:26:00,CARD,DEV1033
TXN1006986,ACC100124,ACC100574,207.48,2026-04-22 17:29:00,UPI,DEV1060
TXN1006987,ACC100027,ACC100620,7635.41,2026-02-26 14:52:00,UPI,DEV1300
TXN1006988,ACC100664,ACC100069,669.58,2026-05-31 09:30:00,BANK_TRANSFER,DEV1001
TXN1006989,ACC100834,ACC100569,6430.06,2026-01-18 22:18:00,CARD,DEV1025
TXN1006990,ACC100050,ACC100893,4547.27,2026-02-20 04:38:00,CARD,DEV1207
TXN1006991,ACC100682,ACC100172,35.79,2026-05-16 00:49:00,NEFT,DEV1268
TXN1006992,ACC100472,ACC100476,1948.86,2026-05-06 16:55:00,UPI,DEV1043
TXN1006993,ACC100284,ACC100687,3630.57,2026-05-31 15:50:00,IMPS,DEV1197
TXN1006994,ACC100518,ACC100132,5400.85,2026-01-26 03:35:00,BANK_TRANSFER,DEV1171
TXN1006995,ACC100437,ACC100663,267.21,2026-06-17 20:28:00,CARD,DEV1156
TXN1006996,ACC100444,ACC100028,2227.0,2026-05-06 15:20:00,IMPS,DEV1162
TXN1006997,ACC100984,ACC100608,1385.88,2026-04-03 13:19:00,BANK_TRANSFER,DEV1057
TXN1006998,ACC100607,ACC100837,1840.31,2026-02-12 05:05:00,UPI,DEV1181
TXN1006999,ACC100886,ACC100835,3636.31,2026-01-31 06:59:00,NEFT,DEV1205
TXN1007000,ACC100245,ACC100876,4394.25,2026-05-26 22:37:00,CARD,DEV1144
TXN1007001,ACC100748,ACC100543,499.25,2026-06-21 20:48:00,IMPS,DEV1180
TXN1007002,ACC100045,ACC100049,1507.95,2026-05-07 12:10:00,UPI,DEV1217
TXN1007003,ACC100478,ACC100764,1152.12,2026-03-10 17:55:00,CARD,DEV1242
TXN1007004,ACC100193,ACC100371,822.85,2026-05-19 04:07:00,BANK_TRANSFER,DEV1066
TXN1007005,ACC100748,ACC100115,922.85,2026-05-06 16:57:00,NEFT,DEV1260
TXN1007006,ACC100460,ACC100966,1387.4,2026-03-14 17:02:00,CARD,DEV1122
TXN1007007,ACC100382,ACC100884,532.52,2026-06-07 21:15:00,NEFT,DEV1281
TXN1007008,ACC100314,ACC100221,3164.16,2026-05-18 08:01:00,NEFT,DEV1197
TXN1007009,ACC100618,ACC100592,5029.97,2026-06-01 16:01:00,UPI,DEV1090
TXN1007010,ACC100359,ACC100148,409.65,2026-01-10 02:44:00,BANK_TRANSFER,DEV1102
TXN1007011,ACC100063,ACC100713,5334.74,2026-04-08 08:40:00,CARD,DEV1295
TXN1007012,ACC100126,ACC100152,410.58,2026-04-08 16:45:00,UPI,DEV1295
TXN1007013,ACC100091,ACC100582,3220.67,2026-04-18 19:58:00,BANK_TRANSFER,DEV1096
TXN1007014,ACC100215,ACC100378,5322.91,2026-03-03 23:09:00,UPI,DEV1108
TXN1007015,ACC100642,ACC100078,979.05,2026-03-04 18:56:00,CARD,DEV1285
TXN1007016,ACC100221,ACC100040,414.64,2026-03-24 21:53:00,CARD,DEV1271
TXN1007017,ACC100135,ACC100527,541.09,2026-05-03 12:45:00,IMPS,DEV1120
TXN1007018,ACC100337,ACC100863,1692.95,2026-03-26 06:04:00,CARD,DEV1087
TXN1007019,ACC100054,ACC100139,11586.38,2026-06-03 23:03:00,NEFT,DEV1281
TXN1007020,ACC100979,ACC100502,143.84,2026-03-06 16:23:00,BANK_TRANSFER,DEV1063
TXN1007021,ACC100116,ACC100190,1236.81,2026-05-23 05:22:00,CARD,DEV1100
TXN1007022,ACC100297,ACC100763,986.65,2026-04-05 04:10:00,CARD,DEV1118
TXN1007023,ACC100584,ACC100996,634.08,2026-02-12 04:21:00,IMPS,DEV1296
TXN1007024,ACC100226,ACC100084,995.32,2026-04-23 22:00:00,CARD,DEV1261
TXN1007025,ACC100441,ACC100343,572.13,2026-01-03 08:20:00,BANK_TRANSFER,DEV1141
TXN1007026,ACC100702,ACC100738,4874.57,2026-04-23 12:44:00,UPI,DEV1161
TXN1007027,ACC100333,ACC100988,5491.7,2026-05-04 23:38:00,CARD,DEV1247
TXN1007028,ACC100799,ACC100865,1218.97,2026-05-25 02:41:00,CARD,DEV1153
TXN1007029,ACC100208,ACC100075,925.77,2026-02-02 22:50:00,NEFT,DEV1108
TXN1007030,ACC100309,ACC100656,606.9,2026-03-23 07:02:00,NEFT,DEV1126
TXN1007031,ACC100514,ACC100947,1222.11,2026-06-28 02:36:00,UPI,DEV1169
TXN1007032,ACC100506,ACC100360,10070.82,2026-01-09 20:03:00,IMPS,DEV1235
TXN1007033,ACC100161,ACC100051,968.28,2026-06-08 09:16:00,BANK_TRANSFER,DEV1017
TXN1007034,ACC100750,ACC100806,400.49,2026-02-18 12:59:00,BANK_TRANSFER,DEV1191
TXN1007035,ACC100461,ACC100659,680.4,2026-04-01 14:15:00,IMPS,DEV1131
TXN1007036,ACC100201,ACC100204,2708.54,2026-05-28 03:25:00,CARD,DEV1274
TXN1007037,ACC100386,ACC100911,463.46,2026-04-28 00:09:00,BANK_TRANSFER,DEV1274
TXN1007038,ACC100322,ACC100332,1053.16,2026-01-05 13:38:00,BANK_TRANSFER,DEV1139
TXN1007039,ACC100233,ACC100792,1934.22,2026-05-29 21:57:00,NEFT,DEV1136
TXN1007040,ACC100821,ACC100108,507.64,2026-01-16 02:18:00,UPI,DEV1153
TXN1007041,ACC100149,ACC100878,131.99,2026-05-05 20:14:00,CARD,DEV1133
TXN1007042,ACC100637,ACC100197,303.18,2026-03-31 09:30:00,BANK_TRANSFER,DEV1076
TXN1007043,ACC100117,ACC100942,391.3,2026-01-01 03:38:00,BANK_TRANSFER,DEV1036
TXN1007044,ACC100517,ACC100558,833.31,2026-06-13 20:59:00,CARD,DEV1058
TXN1007045,ACC100219,ACC100982,1156.51,2026-02-09 21:25:00,BANK_TRANSFER,DEV1125
TXN1007046,ACC100378,ACC100459,2946.7,2026-03-24 07:10:00,BANK_TRANSFER,DEV1157
TXN1007047,ACC100815,ACC100514,251.46,2026-06-12 02:38:00,UPI,DEV1045
TXN1007048,ACC100332,ACC100733,2474.87,2026-05-08 01:16:00,IMPS,DEV1153
TXN1007049,ACC100469,ACC100378,702.67,2026-04-12 01:48:00,UPI,DEV1210
TXN1007050,ACC100293,ACC100861,128.68,2026-06-25 05:30:00,CARD,DEV1095
TXN1007051,ACC100309,ACC100852,1114.64,2026-03-27 11:02:00,NEFT,DEV1213
TXN1007052,ACC100166,ACC100003,5321.56,2026-02-15 04:12:00,IMPS,DEV1174
TXN1007053,ACC100726,ACC100256,3164.46,2026-04-10 21:15:00,IMPS,DEV1073
TXN1007054,ACC100679,ACC100255,1000.72,2026-05-26 09:42:00,UPI,DEV1250
TXN1007055,ACC100856,ACC100880,4234.09,2026-01-22 15:10:00,IMPS,DEV1151
TXN1007056,ACC100234,ACC100282,1381.14,2026-04-09 13:04:00,UPI,DEV1174
TXN1007057,ACC100853,ACC100948,3559.68,2026-03-08 16:07:00,UPI,DEV1025
TXN1007058,ACC100427,ACC100051,149.32,2026-03-05 19:28:00,BANK_TRANSFER,DEV1039
TXN1007059,ACC100052,ACC100452,244.79,2026-05-28 12:12:00,UPI,DEV1200
TXN1007060,ACC100194,ACC100345,2630.27,2026-02-04 02:32:00,NEFT,DEV1043
TXN1007061,ACC100757,ACC100181,6954.46,2026-01-01 05:49:00,IMPS,DEV1149
TXN1007062,ACC100648,ACC100109,1809.41,2026-05-05 11:32:00,CARD,DEV1034
TXN1007063,ACC100392,ACC100526,603.77,2026-01-11 20:43:00,NEFT,DEV1223
TXN1007064,ACC100259,ACC100680,395.2,2026-01-22 18:02:00,NEFT,DEV1138
TXN1007065,ACC100124,ACC100196,751.16,2026-02-25 23:00:00,IMPS,DEV1222
TXN1007066,ACC100401,ACC100368,4704.92,2026-01-04 04:47:00,BANK_TRANSFER,DEV1174
TXN1007067,ACC100962,ACC100611,727.03,2026-01-18 11:13:00,CARD,DEV1163
TXN1007068,ACC100565,ACC100119,3855.72,2026-04-23 22:04:00,BANK_TRANSFER,DEV1050
TXN1007069,ACC100682,ACC100382,2399.67,2026-05-02 18:43:00,IMPS,DEV1289
TXN1007070,ACC100060,ACC100720,8575.9,2026-03-26 06:03:00,NEFT,DEV1091
TXN1007071,ACC100174,ACC100087,1394.53,2026-05-30 03:57:00,UPI,DEV1144
TXN1007072,ACC100163,ACC100584,1033.27,2026-05-30 20:44:00,NEFT,DEV1257
TXN1007073,ACC100115,ACC100297,4093.71,2026-01-29 09:42:00,UPI,DEV1043
TXN1007074,ACC100221,ACC100835,356.98,2026-05-12 12:21:00,CARD,DEV1295
TXN1007075,ACC100595,ACC100194,643.67,2026-05-29 04:07:00,NEFT,DEV1086
TXN1007076,ACC100422,ACC100329,146.06,2026-02-09 00:11:00,UPI,DEV1083
TXN1007077,ACC100840,ACC100727,243.43,2026-01-08 03:41:00,CARD,DEV1154
TXN1007078,ACC100911,ACC100043,11026.38,2026-02-08 01:45:00,BANK_TRANSFER,DEV1259
TXN1007079,ACC100662,ACC100309,2516.89,2026-06-29 10:29:00,CARD,DEV1257
TXN1007080,ACC100525,ACC100983,211.7,2026-05-14 13:20:00,CARD,DEV1186
TXN1007081,ACC100639,ACC100304,4599.92,2026-05-20 02:31:00,BANK_TRANSFER,DEV1075
TXN1007082,ACC100474,ACC100191,471.33,2026-06-03 04:15:00,IMPS,DEV1197
TXN1007083,ACC100468,ACC100908,2366.44,2026-06-21 11:09:00,BANK_TRANSFER,DEV1052
TXN1007084,ACC100935,ACC100426,2324.4,2026-03-21 09:19:00,BANK_TRANSFER,DEV1063
TXN1007085,ACC100930,ACC100989,8086.8,2026-03-22 06:31:00,IMPS,DEV1058
TXN1007086,ACC100573,ACC100670,575.2,2026-01-07 03:14:00,UPI,DEV1097
TXN1007087,ACC100063,ACC100529,451.12,2026-03-22 04:41:00,IMPS,DEV1052
TXN1007088,ACC100367,ACC100412,43.52,2026-05-17 05:49:00,IMPS,DEV1148
TXN1007089,ACC100187,ACC100556,947.54,2026-03-06 00:25:00,IMPS,DEV1075
TXN1007090,ACC100902,ACC100743,2618.6,2026-03-06 13:28:00,IMPS,DEV1201
TXN1007091,ACC100488,ACC100853,3085.19,2026-01-21 21:29:00,IMPS,DEV1080
TXN1007092,ACC100010,ACC100142,4928.94,2026-03-22 08:25:00,NEFT,DEV1081
TXN1007093,ACC100247,ACC100549,1552.73,2026-04-19 15:03:00,UPI,DEV1229
TXN1007094,ACC100485,ACC100394,2009.69,2026-01-08 10:36:00,IMPS,DEV1101
TXN1007095,ACC100667,ACC100649,1190.04,2026-06-19 22:33:00,BANK_TRANSFER,DEV1274
TXN1007096,ACC100505,ACC100655,2563.03,2026-06-30 14:33:00,CARD,DEV1240
TXN1007097,ACC100309,ACC100053,357.42,2026-05-19 23:55:00,CARD,DEV1249
TXN1007098,ACC100883,ACC100137,202.32,2026-01-20 01:21:00,CARD,DEV1173
TXN1007099,ACC100182,ACC100812,405.66,2026-03-16 23:29:00,UPI,DEV1010
TXN1007100,ACC100246,ACC100852,1417.07,2026-02-25 23:51:00,UPI,DEV1189
TXN1007101,ACC100874,ACC100074,230.32,2026-01-05 23:28:00,BANK_TRANSFER,DEV1252
TXN1007102,ACC100989,ACC100939,512.91,2026-02-07 09:40:00,CARD,DEV1070
TXN1007103,ACC100352,ACC100283,532.96,2026-02-16 14:45:00,NEFT,DEV1148
TXN1007104,ACC100906,ACC100066,2802.27,2026-04-22 22:44:00,BANK_TRANSFER,DEV1106
TXN1007105,ACC100607,ACC100182,2421.43,2026-05-05 14:49:00,IMPS,DEV1297
TXN1007106,ACC100564,ACC100326,1193.43,2026-06-29 06:19:00,IMPS,DEV1284
TXN1007107,ACC100673,ACC100105,1884.24,2026-05-22 05:46:00,BANK_TRANSFER,DEV1295
TXN1007108,ACC100195,ACC100929,1929.37,2026-04-08 22:07:00,IMPS,DEV1085
TXN1007109,ACC100795,ACC100854,708.86,2026-04-28 18:44:00,CARD,DEV1264
TXN1007110,ACC100021,ACC100489,571.92,2026-01-11 09:21:00,IMPS,DEV1118
TXN1007111,ACC100360,ACC100925,6932.83,2026-04-27 22:12:00,IMPS,DEV1040
TXN1007112,ACC100533,ACC100628,55.32,2026-06-04 12:32:00,BANK_TRANSFER,DEV1120
TXN1007113,ACC100072,ACC100840,450.54,2026-01-21 14:33:00,BANK_TRANSFER,DEV1095
TXN1007114,ACC100690,ACC100082,858.74,2026-06-16 06:31:00,NEFT,DEV1127
TXN1007115,ACC100319,ACC100724,2147.25,2026-04-30 01:56:00,NEFT,DEV1003
TXN1007116,ACC100834,ACC100480,4283.85,2026-06-17 00:06:00,CARD,DEV1245
TXN1007117,ACC100383,ACC100006,10178.96,2026-05-23 18:49:00,NEFT,DEV1289
TXN1007118,ACC100289,ACC100674,982.35,2026-05-28 20:48:00,BANK_TRANSFER,DEV1204
TXN1007119,ACC100202,ACC100801,1064.56,2026-03-30 15:34:00,CARD,DEV1258
TXN1007120,ACC100426,ACC100721,1694.48,2026-04-17 04:16:00,UPI,DEV1121
TXN1007121,ACC100559,ACC100956,579.78,2026-01-03 11:06:00,BANK_TRANSFER,DEV1183
TXN1007122,ACC100074,ACC100625,264.78,2026-03-07 18:51:00,NEFT,DEV1183
TXN1007123,ACC100284,ACC100766,977.01,2026-02-13 05:33:00,NEFT,DEV1298
TXN1007124,ACC100340,ACC100344,2682.35,2026-01-26 06:41:00,IMPS,DEV1017
TXN1007125,ACC100760,ACC100335,819.33,2026-06-06 02:17:00,NEFT,DEV1150
TXN1007126,ACC100098,ACC100595,1801.05,2026-04-16 07:06:00,NEFT,DEV1056
TXN1007127,ACC100942,ACC100765,116.45,2026-06-30 03:23:00,UPI,DEV1210
TXN1007128,ACC100509,ACC100316,1121.12,2026-03-29 03:39:00,IMPS,DEV1219
TXN1007129,ACC100234,ACC100411,675.78,2026-04-02 20:39:00,UPI,DEV1171
TXN1007130,ACC100751,ACC100031,237.42,2026-03-06 02:12:00,CARD,DEV1121
TXN1007131,ACC100508,ACC100904,2413.07,2026-02-06 04:48:00,IMPS,DEV1133
TXN1007132,ACC100137,ACC100429,10044.44,2026-06-29 16:37:00,BANK_TRANSFER,DEV1238
TXN1007133,ACC100889,ACC100983,3597.34,2026-01-11 06:46:00,IMPS,DEV1110
TXN1007134,ACC100648,ACC100845,3883.53,2026-05-20 03:49:00,IMPS,DEV1264
TXN1007135,ACC100082,ACC100451,2578.52,2026-01-17 17:57:00,BANK_TRANSFER,DEV1291
TXN1007136,ACC100768,ACC100235,2382.11,2026-04-01 10:29:00,CARD,DEV1163
TXN1007137,ACC100898,ACC100142,126.56,2026-01-31 02:24:00,IMPS,DEV1225
TXN1007138,ACC100767,ACC100324,940.54,2026-05-29 14:26:00,IMPS,DEV1254
TXN1007139,ACC100912,ACC100836,2019.09,2026-02-25 02:24:00,UPI,DEV1156
TXN1007140,ACC100620,ACC100861,2074.94,2026-02-22 08:08:00,UPI,DEV1008
TXN1007141,ACC100547,ACC100515,5044.47,2026-04-14 05:31:00,IMPS,DEV1027
TXN1007142,ACC100836,ACC100442,317.7,2026-03-27 19:50:00,NEFT,DEV1013
TXN1007143,ACC100027,ACC100240,2272.7,2026-05-17 03:15:00,BANK_TRANSFER,DEV1009
TXN1007144,ACC100249,ACC100721,305.5,2026-04-17 10:09:00,BANK_TRANSFER,DEV1190
TXN1007145,ACC100732,ACC100094,850.62,2026-06-23 01:16:00,UPI,DEV1066
TXN1007146,ACC100069,ACC100512,1018.05,2026-02-09 10:23:00,UPI,DEV1129
TXN1007147,ACC100024,ACC100557,3087.4,2026-01-23 15:16:00,UPI,DEV1068
TXN1007148,ACC100530,ACC100268,2681.0,2026-04-19 02:08:00,CARD,DEV1281
TXN1007149,ACC100481,ACC100545,1266.99,2026-04-25 21:53:00,IMPS,DEV1094
TXN1007150,ACC100777,ACC100065,82.89,2026-03-14 19:23:00,BANK_TRANSFER,DEV1293
TXN1007151,ACC100489,ACC100882,1870.2,2026-01-03 07:09:00,IMPS,DEV1010
TXN1007152,ACC100286,ACC100192,795.35,2026-06-14 10:37:00,CARD,DEV1130
TXN1007153,ACC100218,ACC100741,5826.47,2026-02-22 10:28:00,NEFT,DEV1066
TXN1007154,ACC100106,ACC100044,4377.32,2026-04-16 12:19:00,UPI,DEV1023
TXN1007155,ACC100824,ACC100021,355.8,2026-03-17 13:29:00,UPI,DEV1033
TXN1007156,ACC100012,ACC100644,2205.28,2026-03-16 03:46:00,IMPS,DEV1062
TXN1007157,ACC100240,ACC100344,2258.13,2026-04-04 11:23:00,CARD,DEV1292
TXN1007158,ACC100310,ACC100136,2069.41,2026-01-13 16:07:00,IMPS,DEV1065
TXN1007159,ACC100695,ACC100237,1771.35,2026-06-02 12:11:00,CARD,DEV1237
TXN1007160,ACC100133,ACC100672,2335.98,2026-01-22 16:41:00,CARD,DEV1039
TXN1007161,ACC100727,ACC100535,6646.08,2026-06-03 19:05:00,BANK_TRANSFER,DEV1283
TXN1007162,ACC100508,ACC100732,565.86,2026-05-22 15:29:00,CARD,DEV1216
TXN1007163,ACC100487,ACC100753,369.82,2026-04-23 12:39:00,UPI,DEV1111
TXN1007164,ACC100512,ACC100491,2805.28,2026-04-29 22:24:00,UPI,DEV1065
TXN1007165,ACC100808,ACC100218,114.43,2026-06-05 18:19:00,UPI,DEV1272
TXN1007166,ACC100994,ACC100587,2403.85,2026-02-27 20:58:00,CARD,DEV1082
TXN1007167,ACC100042,ACC100284,1943.66,2026-05-10 16:15:00,IMPS,DEV1019
TXN1007168,ACC100281,ACC100369,65.72,2026-01-30 20:02:00,NEFT,DEV1163
TXN1007169,ACC100349,ACC100757,511.01,2026-05-09 13:59:00,BANK_TRANSFER,DEV1043
TXN1007170,ACC100660,ACC100754,7267.51,2026-04-27 07:37:00,NEFT,DEV1058
TXN1007171,ACC100551,ACC100568,190.83,2026-06-25 01:02:00,CARD,DEV1296
TXN1007172,ACC100673,ACC100412,1415.32,2026-03-21 23:07:00,UPI,DEV1126
TXN1007173,ACC100641,ACC100648,328.36,2026-01-28 11:52:00,CARD,DEV1163
TXN1007174,ACC100522,ACC100339,468.37,2026-06-08 06:34:00,BANK_TRANSFER,DEV1054
TXN1007175,ACC100785,ACC100552,10933.45,2026-06-13 11:06:00,IMPS,DEV1200
TXN1007176,ACC100737,ACC100143,1271.73,2026-01-09 12:20:00,NEFT,DEV1156
TXN1007177,ACC100615,ACC100195,2039.26,2026-03-02 19:55:00,IMPS,DEV1229
TXN1007178,ACC100083,ACC100690,958.19,2026-05-25 10:47:00,NEFT,DEV1015
TXN1007179,ACC100965,ACC100420,178.01,2026-02-28 17:37:00,NEFT,DEV1215
TXN1007180,ACC100917,ACC100467,264.57,2026-01-03 04:47:00,UPI,DEV1239
TXN1007181,ACC100986,ACC100650,4510.29,2026-01-20 12:07:00,IMPS,DEV1234
TXN1007182,ACC100572,ACC100672,1317.47,2026-03-13 06:20:00,UPI,DEV1177
TXN1007183,ACC100367,ACC100698,435.13,2026-06-16 11:53:00,NEFT,DEV1112
TXN1007184,ACC100689,ACC100327,1067.99,2026-03-10 09:38:00,UPI,DEV1230
TXN1007185,ACC100777,ACC100961,2425.8,2026-05-13 20:15:00,CARD,DEV1233
TXN1007186,ACC100479,ACC100715,1891.99,2026-05-09 17:56:00,BANK_TRANSFER,DEV1300
TXN1007187,ACC100949,ACC100897,435.39,2026-02-12 21:59:00,IMPS,DEV1054
TXN1007188,ACC100780,ACC100947,165.61,2026-01-09 01:19:00,CARD,DEV1071
TXN1007189,ACC100695,ACC100682,672.86,2026-01-03 09:27:00,UPI,DEV1158
TXN1007190,ACC100506,ACC100778,4149.98,2026-01-18 04:15:00,IMPS,DEV1151
TXN1007191,ACC100412,ACC100108,3057.19,2026-06-26 15:08:00,NEFT,DEV1251
TXN1007192,ACC100550,ACC100709,1794.5,2026-01-04 09:32:00,UPI,DEV1011
TXN1007193,ACC100975,ACC100710,893.32,2026-03-21 18:50:00,CARD,DEV1209
TXN1007194,ACC100495,ACC100083,589.87,2026-05-14 14:16:00,NEFT,DEV1139
TXN1007195,ACC100152,ACC100982,913.43,2026-04-21 04:18:00,NEFT,DEV1153
TXN1007196,ACC100843,ACC100969,2802.1,2026-05-08 02:01:00,NEFT,DEV1288
TXN1007197,ACC100561,ACC100424,3685.75,2026-05-01 02:48:00,UPI,DEV1008
TXN1007198,ACC100120,ACC100514,801.0,2026-04-29 15:54:00,UPI,DEV1118
TXN1007199,ACC100248,ACC100160,23005.25,2026-03-25 15:48:00,UPI,DEV1146
TXN1007200,ACC100675,ACC100300,1225.23,2026-02-27 00:59:00,CARD,DEV1125
TXN1007201,ACC100137,ACC100315,723.18,2026-04-07 22:30:00,CARD,DEV1271
TXN1007202,ACC100579,ACC100628,6443.35,2026-05-04 22:26:00,NEFT,DEV1030
TXN1007203,ACC100772,ACC100218,95.02,2026-06-13 01:56:00,NEFT,DEV1116
TXN1007204,ACC100525,ACC100103,1950.89,2026-04-29 15:05:00,BANK_TRANSFER,DEV1256
TXN1007205,ACC100955,ACC100604,1004.9,2026-05-27 04:52:00,NEFT,DEV1206
TXN1007206,ACC100861,ACC100587,6234.3,2026-02-11 09:40:00,CARD,DEV1011
TXN1007207,ACC100289,ACC100875,2266.31,2026-05-16 04:08:00,UPI,DEV1098
TXN1007208,ACC100060,ACC100095,1295.85,2026-05-11 14:32:00,NEFT,DEV1125
TXN1007209,ACC100139,ACC100253,2428.82,2026-01-22 09:01:00,NEFT,DEV1194
TXN1007210,ACC100835,ACC100380,308.99,2026-01-25 17:24:00,UPI,DEV1085
TXN1007211,ACC100474,ACC100376,3498.83,2026-06-02 02:45:00,CARD,DEV1029
TXN1007212,ACC100022,ACC100251,218.44,2026-03-11 08:15:00,CARD,DEV1138
TXN1007213,ACC100202,ACC100746,1686.14,2026-02-09 12:05:00,CARD,DEV1240
TXN1007214,ACC100303,ACC100029,1144.52,2026-06-26 11:17:00,IMPS,DEV1194
TXN1007215,ACC100141,ACC100322,132.2,2026-01-24 22:09:00,IMPS,DEV1105
TXN1007216,ACC100126,ACC100074,1191.22,2026-03-28 08:48:00,UPI,DEV1034
TXN1007217,ACC100116,ACC100606,1538.22,2026-01-07 21:50:00,IMPS,DEV1014
TXN1007218,ACC100388,ACC100011,499.77,2026-05-06 03:29:00,IMPS,DEV1205
TXN1007219,ACC100665,ACC100597,325.41,2026-02-22 01:48:00,UPI,DEV1184
TXN1007220,ACC100892,ACC100131,1979.53,2026-02-15 02:34:00,NEFT,DEV1135
TXN1007221,ACC100167,ACC100662,1693.88,2026-04-19 14:56:00,IMPS,DEV1187
TXN1007222,ACC100835,ACC100204,1439.69,2026-05-24 09:03:00,IMPS,DEV1161
TXN1007223,ACC100793,ACC100434,1108.33,2026-01-31 04:13:00,CARD,DEV1055
TXN1007224,ACC100986,ACC100701,555.64,2026-03-22 22:48:00,BANK_TRANSFER,DEV1292
TXN1007225,ACC100732,ACC100625,16757.78,2026-03-21 09:13:00,IMPS,DEV1211
TXN1007226,ACC100811,ACC100718,766.63,2026-01-22 18:13:00,NEFT,DEV1168
TXN1007227,ACC100322,ACC100214,388.33,2026-04-23 10:48:00,BANK_TRANSFER,DEV1078
TXN1007228,ACC100411,ACC100542,1170.65,2026-02-02 21:53:00,BANK_TRANSFER,DEV1188
TXN1007229,ACC100061,ACC100546,882.6,2026-01-28 09:12:00,BANK_TRANSFER,DEV1297
TXN1007230,ACC100836,ACC100872,745.6,2026-06-18 10:36:00,UPI,DEV1093
TXN1007231,ACC100818,ACC100196,10395.53,2026-02-04 06:39:00,NEFT,DEV1284
TXN1007232,ACC100379,ACC100607,282.68,2026-02-28 11:52:00,BANK_TRANSFER,DEV1028
TXN1007233,ACC100710,ACC100211,1147.02,2026-06-21 21:27:00,NEFT,DEV1087
TXN1007234,ACC100520,ACC100530,306.37,2026-01-08 11:28:00,UPI,DEV1253
TXN1007235,ACC100323,ACC100046,572.93,2026-05-08 22:43:00,BANK_TRANSFER,DEV1045
TXN1007236,ACC100599,ACC100702,8807.33,2026-06-11 15:23:00,IMPS,DEV1184
TXN1007237,ACC100265,ACC100807,1537.22,2026-03-17 04:29:00,NEFT,DEV1092
TXN1007238,ACC100287,ACC100720,1515.11,2026-06-29 16:09:00,CARD,DEV1250
TXN1007239,ACC100494,ACC100259,355.18,2026-03-15 09:20:00,BANK_TRANSFER,DEV1199
TXN1007240,ACC100270,ACC100813,658.82,2026-05-31 08:22:00,UPI,DEV1156
TXN1007241,ACC100437,ACC100289,9776.59,2026-01-14 01:39:00,CARD,DEV1004
TXN1007242,ACC100395,ACC100581,1996.67,2026-05-17 17:26:00,IMPS,DEV1199
TXN1007243,ACC100304,ACC100559,729.49,2026-04-22 04:17:00,CARD,DEV1186
TXN1007244,ACC100825,ACC100373,1860.74,2026-02-23 16:57:00,CARD,DEV1116
TXN1007245,ACC100804,ACC100907,1512.01,2026-05-24 12:00:00,NEFT,DEV1194
TXN1007246,ACC100021,ACC100596,400.48,2026-01-26 04:46:00,UPI,DEV1011
TXN1007247,ACC100907,ACC100866,704.46,2026-03-07 00:49:00,CARD,DEV1080
TXN1007248,ACC100880,ACC100369,16406.67,2026-03-06 12:05:00,IMPS,DEV1222
TXN1007249,ACC100044,ACC100094,1755.31,2026-04-22 02:03:00,BANK_TRANSFER,DEV1113
TXN1007250,ACC100144,ACC100862,166.86,2026-06-11 08:37:00,CARD,DEV1015
TXN1007251,ACC100450,ACC100577,2022.83,2026-02-06 13:33:00,IMPS,DEV1184
TXN1007252,ACC100684,ACC100960,5238.06,2026-01-27 16:16:00,NEFT,DEV1103
TXN1007253,ACC100127,ACC100702,370.46,2026-04-11 01:56:00,IMPS,DEV1067
TXN1007254,ACC100380,ACC100060,633.84,2026-06-16 07:53:00,BANK_TRANSFER,DEV1152
TXN1007255,ACC100252,ACC100690,6276.23,2026-06-12 20:23:00,BANK_TRANSFER,DEV1271
TXN1007256,ACC100264,ACC100970,1143.55,2026-03-10 05:16:00,CARD,DEV1285
TXN1007257,ACC100586,ACC100366,923.85,2026-02-09 23:24:00,IMPS,DEV1218
TXN1007258,ACC100092,ACC100805,220.68,2026-05-08 20:11:00,NEFT,DEV1291
TXN1007259,ACC100424,ACC100743,3962.69,2026-03-09 11:28:00,NEFT,DEV1181
TXN1007260,ACC100728,ACC100638,874.66,2026-04-01 15:34:00,BANK_TRANSFER,DEV1059
TXN1007261,ACC100177,ACC100459,81.03,2026-02-19 03:43:00,CARD,DEV1147
TXN1007262,ACC100697,ACC100745,166.14,2026-06-18 04:54:00,CARD,DEV1054
TXN1007263,ACC100541,ACC100234,558.97,2026-02-03 04:57:00,NEFT,DEV1012
TXN1007264,ACC100165,ACC100218,302.65,2026-06-03 07:07:00,CARD,DEV1066
TXN1007265,ACC100487,ACC100396,365.35,2026-01-27 15:45:00,CARD,DEV1138
TXN1007266,ACC100727,ACC100031,18280.75,2026-06-20 09:26:00,UPI,DEV1142
TXN1007267,ACC100745,ACC100945,2563.24,2026-04-10 11:28:00,NEFT,DEV1050
TXN1007268,ACC100082,ACC100167,49.76,2026-05-22 12:53:00,IMPS,DEV1258
TXN1007269,ACC100081,ACC100979,752.06,2026-02-01 00:32:00,NEFT,DEV1003
TXN1007270,ACC100960,ACC100139,984.97,2026-02-03 18:09:00,BANK_TRANSFER,DEV1082
TXN1007271,ACC100038,ACC100488,186.36,2026-06-16 09:57:00,NEFT,DEV1300
TXN1007272,ACC100365,ACC100173,2082.37,2026-05-15 04:36:00,CARD,DEV1215
TXN1007273,ACC100502,ACC100493,94.66,2026-03-11 06:13:00,IMPS,DEV1107
TXN1007274,ACC100325,ACC100715,4090.15,2026-03-09 07:24:00,IMPS,DEV1233
TXN1007275,ACC100198,ACC100748,6184.71,2026-02-04 15:02:00,BANK_TRANSFER,DEV1110
TXN1007276,ACC100622,ACC100428,18455.21,2026-05-29 06:23:00,UPI,DEV1176
TXN1007277,ACC100122,ACC100042,165.8,2026-01-04 04:42:00,CARD,DEV1000
TXN1007278,ACC100501,ACC100451,211.65,2026-02-12 02:18:00,NEFT,DEV1099
TXN1007279,ACC100915,ACC100643,2517.97,2026-06-10 08:34:00,BANK_TRANSFER,DEV1197
TXN1007280,ACC100979,ACC100898,4533.35,2026-05-26 22:44:00,CARD,DEV1175
TXN1007281,ACC100221,ACC100895,2895.01,2026-05-08 02:19:00,NEFT,DEV1182
TXN1007282,ACC100487,ACC100254,4006.45,2026-01-29 00:53:00,NEFT,DEV1092
TXN1007283,ACC100004,ACC100573,5722.68,2026-05-26 19:05:00,IMPS,DEV1033
TXN1007284,ACC100569,ACC100464,1397.86,2026-02-26 01:02:00,BANK_TRANSFER,DEV1185
TXN1007285,ACC100052,ACC100487,849.75,2026-06-09 07:09:00,IMPS,DEV1239
TXN1007286,ACC100460,ACC100870,212.34,2026-02-28 03:35:00,IMPS,DEV1243
TXN1007287,ACC100197,ACC100910,766.84,2026-03-12 02:55:00,NEFT,DEV1264
TXN1007288,ACC100348,ACC100052,921.62,2026-02-10 23:21:00,CARD,DEV1191
TXN1007289,ACC100621,ACC100654,350.86,2026-06-28 00:54:00,BANK_TRANSFER,DEV1076
TXN1007290,ACC100421,ACC100557,1047.47,2026-01-05 00:00:00,BANK_TRANSFER,DEV1030
TXN1007291,ACC100483,ACC100154,306.48,2026-02-14 00:56:00,BANK_TRANSFER,DEV1244
TXN1007292,ACC100087,ACC100892,4171.37,2026-02-10 04:08:00,BANK_TRANSFER,DEV1299
TXN1007293,ACC100865,ACC100770,1828.02,2026-03-13 11:51:00,IMPS,DEV1125
TXN1007294,ACC100610,ACC100658,631.74,2026-06-29 11:02:00,BANK_TRANSFER,DEV1211
TXN1007295,ACC100790,ACC100038,1375.55,2026-02-03 08:00:00,IMPS,DEV1038
TXN1007296,ACC100832,ACC100335,291.17,2026-06-08 21:17:00,BANK_TRANSFER,DEV1237
TXN1007297,ACC100968,ACC100359,328.84,2026-01-30 15:42:00,NEFT,DEV1228
TXN1007298,ACC100808,ACC100635,512.54,2026-01-08 06:44:00,IMPS,DEV1100
TXN1007299,ACC100014,ACC100838,871.04,2026-05-22 17:56:00,BANK_TRANSFER,DEV1029
TXN1007300,ACC100813,ACC100444,1299.12,2026-01-01 20:39:00,NEFT,DEV1034
TXN1007301,ACC100476,ACC100344,1305.3,2026-01-04 05:46:00,NEFT,DEV1062
TXN1007302,ACC100969,ACC100226,225.31,2026-01-07 01:36:00,CARD,DEV1262
TXN1007303,ACC100640,ACC100559,995.38,2026-04-19 16:50:00,NEFT,DEV1264
TXN1007304,ACC100717,ACC100800,410.89,2026-05-05 11:04:00,NEFT,DEV1277
TXN1007305,ACC100346,ACC100972,18.34,2026-01-02 20:03:00,NEFT,DEV1294
TXN1007306,ACC100771,ACC100099,43945.37,2026-03-19 11:26:00,UPI,DEV1151
TXN1007307,ACC100633,ACC100848,420.57,2026-04-23 06:00:00,IMPS,DEV1200
TXN1007308,ACC100422,ACC100636,449.54,2026-03-16 23:06:00,CARD,DEV1065
TXN1007309,ACC100456,ACC100182,217.95,2026-05-09 14:39:00,NEFT,DEV1053
TXN1007310,ACC100553,ACC100933,308.28,2026-02-01 09:49:00,IMPS,DEV1020
TXN1007311,ACC100315,ACC100812,874.45,2026-02-27 22:13:00,BANK_TRANSFER,DEV1138
TXN1007312,ACC100783,ACC100678,5553.46,2026-03-24 01:34:00,NEFT,DEV1205
TXN1007313,ACC100149,ACC100108,868.51,2026-05-05 13:10:00,NEFT,DEV1099
TXN1007314,ACC100951,ACC100302,743.77,2026-06-04 06:52:00,BANK_TRANSFER,DEV1146
TXN1007315,ACC100109,ACC100435,4630.08,2026-04-07 15:19:00,NEFT,DEV1017
TXN1007316,ACC100452,ACC100569,584.48,2026-06-23 19:06:00,CARD,DEV1288
TXN1007317,ACC100523,ACC100753,1124.82,2026-06-28 12:17:00,BANK_TRANSFER,DEV1161
TXN1007318,ACC100457,ACC100277,362.9,2026-06-08 02:34:00,UPI,DEV1027
TXN1007319,ACC100404,ACC100661,8284.65,2026-04-22 15:37:00,IMPS,DEV1219
TXN1007320,ACC100296,ACC100972,3859.19,2026-01-24 17:12:00,CARD,DEV1120
TXN1007321,ACC100668,ACC100592,912.71,2026-04-26 18:21:00,BANK_TRANSFER,DEV1162
TXN1007322,ACC100221,ACC100465,679.03,2026-05-02 01:47:00,UPI,DEV1081
TXN1007323,ACC100285,ACC100588,1055.52,2026-02-24 03:44:00,CARD,DEV1136
TXN1007324,ACC100364,ACC100692,928.84,2026-06-21 20:23:00,BANK_TRANSFER,DEV1075
TXN1007325,ACC100948,ACC100915,171.37,2026-03-08 08:25:00,CARD,DEV1279
TXN1007326,ACC100014,ACC100276,4020.66,2026-04-23 00:05:00,NEFT,DEV1020
TXN1007327,ACC100494,ACC100643,835.0,2026-05-31 06:51:00,CARD,DEV1176
TXN1007328,ACC100069,ACC100821,10700.1,2026-05-11 15:15:00,NEFT,DEV1201
TXN1007329,ACC100805,ACC100593,1819.25,2026-02-15 14:44:00,BANK_TRANSFER,DEV1071
TXN1007330,ACC100775,ACC100051,53.23,2026-02-26 22:48:00,IMPS,DEV1240
TXN1007331,ACC100975,ACC100213,235.58,2026-03-29 16:56:00,UPI,DEV1072
TXN1007332,ACC100372,ACC100398,83.49,2026-05-04 06:18:00,UPI,DEV1079
TXN1007333,ACC100873,ACC100255,232.09,2026-01-02 00:55:00,BANK_TRANSFER,DEV1174
TXN1007334,ACC100468,ACC100675,154.42,2026-05-10 19:39:00,NEFT,DEV1300
TXN1007335,ACC100117,ACC100376,1484.87,2026-03-01 04:50:00,NEFT,DEV1092
TXN1007336,ACC100348,ACC100794,750.47,2026-04-10 12:59:00,UPI,DEV1003
TXN1007337,ACC100594,ACC100552,2666.84,2026-01-01 11:23:00,CARD,DEV1275
TXN1007338,ACC100217,ACC100417,1047.62,2026-06-17 20:40:00,UPI,DEV1105
TXN1007339,ACC100031,ACC100207,821.91,2026-03-10 02:29:00,IMPS,DEV1207
TXN1007340,ACC100346,ACC100669,12134.99,2026-02-18 04:16:00,BANK_TRANSFER,DEV1263
TXN1007341,ACC100330,ACC100444,1432.8,2026-05-18 09:06:00,BANK_TRANSFER,DEV1227
TXN1007342,ACC100886,ACC100737,995.64,2026-04-23 00:56:00,CARD,DEV1022
TXN1007343,ACC100436,ACC100045,393.81,2026-01-07 17:01:00,NEFT,DEV1193
TXN1007344,ACC100101,ACC100851,267.44,2026-03-13 08:10:00,IMPS,DEV1227
TXN1007345,ACC100032,ACC100052,2764.46,2026-03-13 20:10:00,UPI,DEV1249
TXN1007346,ACC100316,ACC100913,2573.02,2026-03-14 06:43:00,CARD,DEV1286
TXN1007347,ACC100448,ACC100084,7229.28,2026-06-19 21:44:00,CARD,DEV1122
TXN1007348,ACC100515,ACC100932,1948.26,2026-06-29 15:38:00,CARD,DEV1095
TXN1007349,ACC100895,ACC100081,684.22,2026-04-02 16:18:00,CARD,DEV1154
TXN1007350,ACC100852,ACC100006,2024.77,2026-03-25 08:42:00,NEFT,DEV1256
TXN1007351,ACC100447,ACC100439,995.89,2026-02-01 17:52:00,IMPS,DEV1148
TXN1007352,ACC100778,ACC100552,3097.85,2026-05-08 10:29:00,UPI,DEV1140
TXN1007353,ACC100174,ACC100500,5438.17,2026-05-10 12:20:00,IMPS,DEV1032
TXN1007354,ACC100256,ACC100111,895.81,2026-06-04 17:10:00,BANK_TRANSFER,DEV1240
TXN1007355,ACC100177,ACC100428,9034.19,2026-02-23 08:48:00,BANK_TRANSFER,DEV1088
TXN1007356,ACC100084,ACC100648,4564.28,2026-02-11 04:39:00,IMPS,DEV1112
TXN1007357,ACC100590,ACC100890,1120.15,2026-05-30 17:53:00,IMPS,DEV1062
TXN1007358,ACC100321,ACC100576,2452.57,2026-01-07 00:29:00,CARD,DEV1062
TXN1007359,ACC100216,ACC100881,1582.24,2026-02-05 22:35:00,UPI,DEV1148
TXN1007360,ACC100735,ACC100279,1125.96,2026-05-11 08:49:00,NEFT,DEV1214
TXN1007361,ACC100464,ACC100945,10891.89,2026-05-04 02:25:00,NEFT,DEV1136
TXN1007362,ACC100113,ACC100751,2040.86,2026-04-29 22:11:00,CARD,DEV1199
TXN1007363,ACC100007,ACC100303,399.75,2026-03-22 14:15:00,BANK_TRANSFER,DEV1118
TXN1007364,ACC100590,ACC100086,319.4,2026-01-26 13:43:00,NEFT,DEV1189
TXN1007365,ACC100450,ACC100668,335.45,2026-04-13 16:46:00,CARD,DEV1204
TXN1007366,ACC100954,ACC100381,1973.19,2026-05-02 14:46:00,CARD,DEV1205
TXN1007367,ACC100881,ACC100257,727.91,2026-05-04 13:27:00,UPI,DEV1287
TXN1007368,ACC100361,ACC100128,1635.91,2026-01-03 17:04:00,NEFT,DEV1071
TXN1007369,ACC100600,ACC100446,3373.4,2026-03-21 11:14:00,NEFT,DEV1094
TXN1007370,ACC100072,ACC100502,12512.16,2026-04-04 02:07:00,NEFT,DEV1293
TXN1007371,ACC100638,ACC100550,748.32,2026-05-13 16:53:00,BANK_TRANSFER,DEV1068
TXN1007372,ACC100607,ACC100571,202.3,2026-05-09 16:38:00,IMPS,DEV1239
TXN1007373,ACC100369,ACC100306,9422.75,2026-03-12 04:50:00,IMPS,DEV1002
TXN1007374,ACC100441,ACC100078,190.85,2026-06-25 23:53:00,BANK_TRANSFER,DEV1185
TXN1007375,ACC100708,ACC100041,182.05,2026-04-17 20:43:00,IMPS,DEV1274
TXN1007376,ACC100478,ACC100802,9133.83,2026-06-23 07:55:00,BANK_TRANSFER,DEV1221
TXN1007377,ACC100803,ACC100702,3942.14,2026-03-12 01:11:00,UPI,DEV1194
TXN1007378,ACC100819,ACC100490,1962.17,2026-02-05 10:25:00,CARD,DEV1221
TXN1007379,ACC100207,ACC100598,1032.87,2026-01-10 08:23:00,IMPS,DEV1044
TXN1007380,ACC100263,ACC100253,823.0,2026-01-15 06:37:00,UPI,DEV1278
TXN1007381,ACC100713,ACC100194,502.21,2026-05-26 08:09:00,IMPS,DEV1010
TXN1007382,ACC100918,ACC100080,780.82,2026-01-28 03:49:00,BANK_TRANSFER,DEV1134
TXN1007383,ACC100684,ACC100021,1035.98,2026-04-13 12:04:00,NEFT,DEV1256
TXN1007384,ACC100544,ACC100331,210.75,2026-03-29 17:51:00,CARD,DEV1163
TXN1007385,ACC100380,ACC100136,409.82,2026-06-28 09:52:00,NEFT,DEV1078
TXN1007386,ACC100583,ACC100402,86.98,2026-01-27 11:43:00,UPI,DEV1141
TXN1007387,ACC100197,ACC100421,1204.13,2026-06-05 15:36:00,NEFT,DEV1177
TXN1007388,ACC100465,ACC100724,1204.38,2026-05-14 07:12:00,NEFT,DEV1037
TXN1007389,ACC100959,ACC100463,9267.03,2026-05-27 18:38:00,IMPS,DEV1256
TXN1007390,ACC100467,ACC100729,1721.01,2026-01-23 22:24:00,IMPS,DEV1168
TXN1007391,ACC100357,ACC100992,562.7,2026-04-12 14:28:00,BANK_TRANSFER,DEV1221
TXN1007392,ACC100996,ACC100897,862.27,2026-03-05 22:25:00,IMPS,DEV1277
TXN1007393,ACC100729,ACC100824,1966.85,2026-05-28 12:07:00,BANK_TRANSFER,DEV1223
TXN1007394,ACC100680,ACC100256,1441.06,2026-01-18 15:50:00,BANK_TRANSFER,DEV1072
TXN1007395,ACC100334,ACC100967,2195.01,2026-06-24 13:12:00,UPI,DEV1062
TXN1007396,ACC100614,ACC100629,1724.09,2026-05-30 03:47:00,CARD,DEV1066
TXN1007397,ACC100270,ACC100881,809.83,2026-04-19 20:34:00,NEFT,DEV1240
TXN1007398,ACC100431,ACC100720,576.54,2026-02-13 20:12:00,IMPS,DEV1201
TXN1007399,ACC100820,ACC100906,540.52,2026-06-25 18:19:00,NEFT,DEV1070
TXN1007400,ACC100441,ACC100537,361.29,2026-04-03 03:59:00,CARD,DEV1234
TXN1007401,ACC100195,ACC100444,299.3,2026-05-04 19:16:00,BANK_TRANSFER,DEV1024
TXN1007402,ACC100092,ACC100832,9958.25,2026-01-02 04:28:00,CARD,DEV1039
TXN1007403,ACC100621,ACC100777,1273.66,2026-01-15 23:11:00,BANK_TRANSFER,DEV1160
TXN1007404,ACC100876,ACC100737,910.18,2026-06-23 04:20:00,UPI,DEV1096
TXN1007405,ACC100552,ACC100978,604.82,2026-06-19 15:30:00,IMPS,DEV1051
TXN1007406,ACC100937,ACC100131,1834.73,2026-02-01 12:28:00,UPI,DEV1292
TXN1007407,ACC100042,ACC100649,4648.95,2026-03-12 12:00:00,CARD,DEV1087
TXN1007408,ACC100846,ACC100312,2612.12,2026-03-11 14:14:00,IMPS,DEV1077
TXN1007409,ACC100036,ACC100096,3313.99,2026-04-11 11:29:00,CARD,DEV1208
TXN1007410,ACC100222,ACC100647,542.49,2026-03-02 20:32:00,IMPS,DEV1180
TXN1007411,ACC100037,ACC100534,1091.21,2026-02-09 09:49:00,IMPS,DEV1067
TXN1007412,ACC100392,ACC100131,551.12,2026-03-24 08:12:00,BANK_TRANSFER,DEV1046
TXN1007413,ACC100977,ACC100283,1246.93,2026-01-04 08:01:00,UPI,DEV1253
TXN1007414,ACC100321,ACC100320,5049.83,2026-06-02 17:59:00,NEFT,DEV1033
TXN1007415,ACC100688,ACC100280,1858.05,2026-02-10 02:05:00,IMPS,DEV1144
TXN1007416,ACC100541,ACC100304,7723.77,2026-02-18 11:49:00,UPI,DEV1249
TXN1007417,ACC100286,ACC100377,775.7,2026-01-04 20:29:00,IMPS,DEV1126
TXN1007418,ACC100964,ACC100188,416.4,2026-05-12 01:50:00,BANK_TRANSFER,DEV1289
TXN1007419,ACC100622,ACC100810,2027.49,2026-04-30 00:50:00,IMPS,DEV1135
TXN1007420,ACC100276,ACC100004,1264.75,2026-03-19 06:54:00,UPI,DEV1012
TXN1007421,ACC100929,ACC100634,1615.25,2026-01-04 15:58:00,CARD,DEV1049
TXN1007422,ACC100685,ACC100570,1350.01,2026-02-14 08:02:00,NEFT,DEV1123
TXN1007423,ACC100961,ACC100950,613.19,2026-02-03 16:41:00,CARD,DEV1112
TXN1007424,ACC100501,ACC100446,1386.98,2026-04-01 11:42:00,NEFT,DEV1225
TXN1007425,ACC100407,ACC100066,3526.44,2026-04-23 04:20:00,CARD,DEV1182
TXN1007426,ACC100487,ACC100969,3989.13,2026-02-27 11:31:00,NEFT,DEV1158
TXN1007427,ACC100570,ACC100948,609.46,2026-01-28 09:50:00,CARD,DEV1049
TXN1007428,ACC100184,ACC100930,1446.94,2026-04-10 13:52:00,CARD,DEV1054
TXN1007429,ACC100347,ACC100912,6454.5,2026-06-24 08:25:00,BANK_TRANSFER,DEV1111
TXN1007430,ACC100817,ACC100790,625.49,2026-05-28 04:21:00,BANK_TRANSFER,DEV1136
TXN1007431,ACC100183,ACC100473,503.04,2026-01-14 04:44:00,UPI,DEV1177
TXN1007432,ACC100060,ACC100956,2844.9,2026-06-14 03:21:00,IMPS,DEV1130
TXN1007433,ACC100850,ACC100874,2304.8,2026-02-26 21:43:00,IMPS,DEV1291
TXN1007434,ACC100051,ACC100447,401.67,2026-02-10 16:07:00,BANK_TRANSFER,DEV1276
TXN1007435,ACC100995,ACC100627,204.52,2026-06-14 11:16:00,BANK_TRANSFER,DEV1092
TXN1007436,ACC100913,ACC100294,1413.56,2026-04-25 16:09:00,IMPS,DEV1110
TXN1007437,ACC100721,ACC100905,663.6,2026-05-25 02:23:00,IMPS,DEV1022
TXN1007438,ACC100226,ACC100460,145.34,2026-01-29 23:30:00,BANK_TRANSFER,DEV1056
TXN1007439,ACC100151,ACC100452,480.75,2026-03-30 20:27:00,IMPS,DEV1290
TXN1007440,ACC100713,ACC100806,2260.03,2026-04-03 10:45:00,CARD,DEV1044
TXN1007441,ACC100971,ACC100294,914.44,2026-02-16 02:52:00,UPI,DEV1215
TXN1007442,ACC100962,ACC100689,7181.94,2026-02-17 06:03:00,UPI,DEV1200
TXN1007443,ACC100876,ACC100669,89.6,2026-06-22 11:06:00,BANK_TRANSFER,DEV1045
TXN1007444,ACC100046,ACC100003,5462.11,2026-03-12 08:34:00,IMPS,DEV1201
TXN1007445,ACC100257,ACC100897,725.83,2026-02-25 13:23:00,NEFT,DEV1148
TXN1007446,ACC100257,ACC100215,610.27,2026-02-11 19:13:00,CARD,DEV1047
TXN1007447,ACC100258,ACC100150,170.47,2026-02-10 23:33:00,UPI,DEV1028
TXN1007448,ACC100474,ACC100644,1916.2,2026-02-08 05:38:00,CARD,DEV1203
TXN1007449,ACC100735,ACC100512,122.47,2026-03-03 10:53:00,IMPS,DEV1236
TXN1007450,ACC100520,ACC100048,2926.27,2026-06-10 17:18:00,CARD,DEV1279
TXN1007451,ACC100327,ACC100684,178.39,2026-05-04 03:37:00,UPI,DEV1111
TXN1007452,ACC100192,ACC100553,215.54,2026-04-06 07:26:00,UPI,DEV1007
TXN1007453,ACC100044,ACC100602,262.58,2026-01-12 02:02:00,CARD,DEV1108
TXN1007454,ACC100649,ACC100998,464.45,2026-02-05 11:40:00,BANK_TRANSFER,DEV1217
TXN1007455,ACC100660,ACC100980,3396.47,2026-05-02 15:13:00,NEFT,DEV1145
TXN1007456,ACC100412,ACC100378,6665.82,2026-05-22 14:06:00,UPI,DEV1245
TXN1007457,ACC100169,ACC100566,525.78,2026-06-18 10:32:00,CARD,DEV1014
TXN1007458,ACC100247,ACC100296,1037.04,2026-03-12 14:22:00,IMPS,DEV1112
TXN1007459,ACC100188,ACC100728,1974.16,2026-03-15 12:55:00,NEFT,DEV1211
TXN1007460,ACC100876,ACC100884,738.65,2026-05-16 09:43:00,UPI,DEV1171
TXN1007461,ACC100303,ACC100766,1883.54,2026-04-16 06:51:00,NEFT,DEV1061
TXN1007462,ACC100476,ACC100320,1091.28,2026-05-07 06:57:00,NEFT,DEV1034
TXN1007463,ACC100837,ACC100527,809.04,2026-04-04 03:41:00,CARD,DEV1202
TXN1007464,ACC100582,ACC100690,199.58,2026-04-09 12:15:00,BANK_TRANSFER,DEV1184
TXN1007465,ACC100935,ACC100593,1311.4,2026-04-15 11:10:00,CARD,DEV1006
TXN1007466,ACC100042,ACC100804,3463.56,2026-06-13 07:48:00,IMPS,DEV1229
TXN1007467,ACC100761,ACC100322,430.98,2026-02-09 06:13:00,BANK_TRANSFER,DEV1202
TXN1007468,ACC100754,ACC100278,103.35,2026-05-13 08:44:00,IMPS,DEV1045
TXN1007469,ACC100008,ACC100577,747.35,2026-02-10 06:16:00,IMPS,DEV1166
TXN1007470,ACC100094,ACC100749,6712.49,2026-03-09 11:33:00,NEFT,DEV1245
TXN1007471,ACC100939,ACC100601,4695.41,2026-06-12 12:34:00,IMPS,DEV1232
TXN1007472,ACC100656,ACC100133,546.45,2026-02-28 16:32:00,CARD,DEV1211
TXN1007473,ACC100046,ACC100279,1894.33,2026-01-18 09:43:00,IMPS,DEV1219
TXN1007474,ACC100314,ACC100219,2289.88,2026-01-15 06:18:00,BANK_TRANSFER,DEV1241
TXN1007475,ACC100047,ACC100558,6557.77,2026-01-20 07:31:00,CARD,DEV1079
TXN1007476,ACC100183,ACC100604,170.6,2026-05-24 04:52:00,UPI,DEV1008
TXN1007477,ACC100634,ACC100797,304.12,2026-02-21 12:20:00,IMPS,DEV1159
TXN1007478,ACC100913,ACC100687,98.33,2026-02-18 20:41:00,IMPS,DEV1085
TXN1007479,ACC100621,ACC100653,485.85,2026-04-05 01:07:00,UPI,DEV1156
TXN1007480,ACC100581,ACC100403,3942.49,2026-02-04 19:00:00,NEFT,DEV1013
TXN1007481,ACC100471,ACC100824,560.22,2026-04-21 23:06:00,BANK_TRANSFER,DEV1168
TXN1007482,ACC100202,ACC100617,228.19,2026-01-14 18:37:00,CARD,DEV1275
TXN1007483,ACC100956,ACC100217,1439.37,2026-06-18 22:24:00,NEFT,DEV1255
TXN1007484,ACC100412,ACC100468,1484.51,2026-06-25 21:17:00,UPI,DEV1025
TXN1007485,ACC100973,ACC100448,323.61,2026-05-10 05:19:00,NEFT,DEV1155
TXN1007486,ACC100408,ACC100441,597.49,2026-04-11 12:52:00,BANK_TRANSFER,DEV1158
TXN1007487,ACC100704,ACC100575,1313.82,2026-02-26 14:43:00,UPI,DEV1289
TXN1007488,ACC100648,ACC100316,2684.32,2026-02-23 17:40:00,CARD,DEV1258
TXN1007489,ACC100162,ACC100899,503.38,2026-06-24 12:09:00,UPI,DEV1271
TXN1007490,ACC100334,ACC100343,423.45,2026-05-29 06:10:00,NEFT,DEV1218
TXN1007491,ACC100169,ACC100584,10884.18,2026-05-03 06:17:00,CARD,DEV1194
TXN1007492,ACC100579,ACC100768,789.32,2026-02-07 07:11:00,IMPS,DEV1167
TXN1007493,ACC100458,ACC100752,1479.3,2026-02-10 16:39:00,IMPS,DEV1155
TXN1007494,ACC100735,ACC100847,2387.59,2026-04-16 18:26:00,BANK_TRANSFER,DEV1084
TXN1007495,ACC100484,ACC100984,128.48,2026-01-15 23:16:00,NEFT,DEV1239
TXN1007496,ACC100181,ACC100197,1072.52,2026-06-22 23:12:00,IMPS,DEV1129
TXN1007497,ACC100653,ACC100257,152.19,2026-04-21 14:12:00,CARD,DEV1053
TXN1007498,ACC100047,ACC100361,937.36,2026-01-26 10:10:00,BANK_TRANSFER,DEV1197
TXN1007499,ACC100089,ACC100559,5697.31,2026-01-13 12:55:00,BANK_TRANSFER,DEV1202
TXN1007500,ACC100172,ACC100514,330.91,2026-05-21 13:10:00,BANK_TRANSFER,DEV1267
TXN1007501,ACC100978,ACC100482,148.46,2026-06-07 05:46:00,NEFT,DEV1128
TXN1007502,ACC100618,ACC100915,10564.17,2026-03-07 00:38:00,IMPS,DEV1184
TXN1007503,ACC100085,ACC100532,276.87,2026-04-20 21:13:00,NEFT,DEV1213
TXN1007504,ACC100819,ACC100088,181.58,2026-02-28 22:46:00,NEFT,DEV1139
TXN1007505,ACC100048,ACC100870,7652.88,2026-05-24 18:26:00,IMPS,DEV1120
TXN1007506,ACC100889,ACC100103,264.08,2026-05-20 08:27:00,BANK_TRANSFER,DEV1014
TXN1007507,ACC100124,ACC100404,7894.31,2026-05-29 06:30:00,NEFT,DEV1240
TXN1007508,ACC100430,ACC100599,1523.72,2026-01-18 04:36:00,IMPS,DEV1252
TXN1007509,ACC100988,ACC100505,5119.17,2026-06-04 08:27:00,BANK_TRANSFER,DEV1282
TXN1007510,ACC100826,ACC100002,1370.98,2026-01-24 22:59:00,IMPS,DEV1081
TXN1007511,ACC100952,ACC100818,4006.38,2026-01-08 02:37:00,CARD,DEV1110
TXN1007512,ACC100098,ACC100513,364.26,2026-04-04 06:09:00,UPI,DEV1003
TXN1007513,ACC100642,ACC100156,525.15,2026-03-03 19:47:00,UPI,DEV1186
TXN1007514,ACC100155,ACC100221,86.61,2026-01-19 06:39:00,IMPS,DEV1202
TXN1007515,ACC100652,ACC100778,3519.72,2026-06-25 07:24:00,UPI,DEV1149
TXN1007516,ACC100786,ACC100004,1814.35,2026-06-01 18:53:00,IMPS,DEV1040
TXN1007517,ACC100171,ACC100496,327.41,2026-01-12 06:15:00,IMPS,DEV1062
TXN1007518,ACC100562,ACC100609,134.47,2026-04-20 16:31:00,IMPS,DEV1017
TXN1007519,ACC100853,ACC100115,1537.9,2026-02-16 21:14:00,NEFT,DEV1009
TXN1007520,ACC100919,ACC100868,8193.9,2026-03-04 03:20:00,CARD,DEV1248
TXN1007521,ACC100650,ACC100327,929.31,2026-04-13 19:38:00,UPI,DEV1003
TXN1007522,ACC100715,ACC100005,497.63,2026-06-26 03:35:00,BANK_TRANSFER,DEV1040
TXN1007523,ACC100974,ACC100474,356.21,2026-04-07 11:41:00,IMPS,DEV1089
TXN1007524,ACC100961,ACC100301,4910.93,2026-03-21 18:04:00,IMPS,DEV1131
TXN1007525,ACC100223,ACC100802,430.48,2026-05-11 16:25:00,UPI,DEV1190
TXN1007526,ACC100935,ACC100074,702.46,2026-03-22 09:43:00,CARD,DEV1155
TXN1007527,ACC100445,ACC100633,3827.94,2026-01-30 03:52:00,CARD,DEV1029
TXN1007528,ACC100919,ACC100732,2356.61,2026-06-26 18:51:00,CARD,DEV1005
TXN1007529,ACC100136,ACC100494,735.47,2026-02-06 18:11:00,IMPS,DEV1016
TXN1007530,ACC100864,ACC100260,474.01,2026-01-14 01:35:00,BANK_TRANSFER,DEV1121
TXN1007531,ACC100672,ACC100750,6365.79,2026-05-14 00:19:00,BANK_TRANSFER,DEV1103
TXN1007532,ACC100289,ACC100642,287.25,2026-05-26 21:53:00,UPI,DEV1091
TXN1007533,ACC100857,ACC100209,852.06,2026-02-12 03:51:00,CARD,DEV1006
TXN1007534,ACC100025,ACC100383,180.0,2026-06-03 07:19:00,IMPS,DEV1135
TXN1007535,ACC100714,ACC100077,4567.13,2026-05-20 07:58:00,IMPS,DEV1179
TXN1007536,ACC100191,ACC100728,620.26,2026-04-26 13:07:00,IMPS,DEV1184
TXN1007537,ACC100151,ACC100671,473.64,2026-01-11 05:35:00,UPI,DEV1112
TXN1007538,ACC100114,ACC100101,2425.99,2026-04-22 15:57:00,BANK_TRANSFER,DEV1177
TXN1007539,ACC100742,ACC100297,198.22,2026-02-12 18:03:00,IMPS,DEV1085
TXN1007540,ACC100911,ACC100395,2350.67,2026-05-07 23:11:00,UPI,DEV1051
TXN1007541,ACC100767,ACC100775,711.48,2026-01-22 13:41:00,CARD,DEV1258
TXN1007542,ACC100113,ACC100115,258.18,2026-04-21 15:59:00,BANK_TRANSFER,DEV1210
TXN1007543,ACC100754,ACC100138,334.18,2026-06-03 00:14:00,IMPS,DEV1163
TXN1007544,ACC100098,ACC100341,482.49,2026-02-18 17:18:00,CARD,DEV1131
TXN1007545,ACC100772,ACC100173,643.65,2026-04-21 15:06:00,IMPS,DEV1008
TXN1007546,ACC100174,ACC100175,260.28,2026-01-11 20:59:00,BANK_TRANSFER,DEV1153
TXN1007547,ACC100085,ACC100494,1561.53,2026-06-25 11:32:00,IMPS,DEV1011
TXN1007548,ACC100289,ACC100968,252.23,2026-06-22 00:24:00,NEFT,DEV1101
TXN1007549,ACC100079,ACC100622,64.19,2026-05-14 09:35:00,UPI,DEV1031
TXN1007550,ACC100680,ACC100350,10976.85,2026-01-08 15:16:00,NEFT,DEV1163
TXN1007551,ACC100002,ACC100540,1390.63,2026-03-08 17:07:00,NEFT,DEV1083
TXN1007552,ACC100560,ACC100298,12226.85,2026-04-16 16:42:00,CARD,DEV1031
TXN1007553,ACC100238,ACC100800,313.44,2026-05-08 17:12:00,NEFT,DEV1223
TXN1007554,ACC100462,ACC100624,1950.33,2026-05-06 01:41:00,UPI,DEV1286
TXN1007555,ACC100670,ACC100743,3208.41,2026-02-28 00:48:00,CARD,DEV1201
TXN1007556,ACC100279,ACC100675,873.74,2026-03-17 01:22:00,NEFT,DEV1261
TXN1007557,ACC100237,ACC100329,193.77,2026-03-25 00:15:00,UPI,DEV1254
TXN1007558,ACC100924,ACC100167,798.41,2026-04-24 05:42:00,CARD,DEV1226
TXN1007559,ACC100248,ACC100952,2325.47,2026-02-05 18:43:00,IMPS,DEV1289
TXN1007560,ACC100026,ACC100120,2221.34,2026-06-26 18:40:00,IMPS,DEV1066
TXN1007561,ACC100011,ACC100369,1094.49,2026-01-28 03:04:00,IMPS,DEV1032
TXN1007562,ACC100846,ACC100197,3218.74,2026-03-07 00:56:00,CARD,DEV1100
TXN1007563,ACC100870,ACC100392,3041.49,2026-05-17 01:03:00,UPI,DEV1020
TXN1007564,ACC100372,ACC100030,584.99,2026-02-15 10:20:00,UPI,DEV1205
TXN1007565,ACC100322,ACC100065,176.88,2026-01-17 23:01:00,CARD,DEV1139
TXN1007566,ACC100876,ACC100973,1378.18,2026-05-02 02:39:00,UPI,DEV1235
TXN1007567,ACC100050,ACC100684,447.66,2026-04-11 09:16:00,BANK_TRANSFER,DEV1180
TXN1007568,ACC100961,ACC100831,1303.1,2026-04-23 19:20:00,CARD,DEV1261
TXN1007569,ACC100569,ACC100415,5511.74,2026-02-19 21:31:00,UPI,DEV1083
TXN1007570,ACC100915,ACC100978,1853.8,2026-03-07 01:54:00,CARD,DEV1012
TXN1007571,ACC100315,ACC100649,5195.29,2026-03-18 18:32:00,UPI,DEV1126
TXN1007572,ACC100555,ACC100673,325.78,2026-05-14 04:06:00,BANK_TRANSFER,DEV1031
TXN1007573,ACC100935,ACC100127,4043.83,2026-01-26 09:21:00,NEFT,DEV1208
TXN1007574,ACC100511,ACC100814,8200.23,2026-06-27 13:43:00,CARD,DEV1224
TXN1007575,ACC100426,ACC100923,1184.63,2026-01-19 19:56:00,NEFT,DEV1066
TXN1007576,ACC100274,ACC100578,17791.29,2026-04-13 00:59:00,UPI,DEV1247
TXN1007577,ACC100039,ACC100581,391.93,2026-02-09 03:13:00,CARD,DEV1216
TXN1007578,ACC100313,ACC100339,509.48,2026-01-20 16:29:00,CARD,DEV1020
TXN1007579,ACC100132,ACC100905,2392.09,2026-02-09 22:42:00,IMPS,DEV1284
TXN1007580,ACC100004,ACC100257,1170.7,2026-06-30 11:56:00,IMPS,DEV1156
TXN1007581,ACC100462,ACC100516,449.67,2026-02-11 15:01:00,CARD,DEV1069
TXN1007582,ACC100330,ACC100882,2305.21,2026-02-18 05:04:00,UPI,DEV1180
TXN1007583,ACC100651,ACC100602,1680.17,2026-06-14 23:32:00,IMPS,DEV1272
TXN1007584,ACC100274,ACC100536,542.65,2026-05-25 18:57:00,CARD,DEV1120
TXN1007585,ACC100369,ACC100725,1375.9,2026-05-09 17:01:00,IMPS,DEV1234
TXN1007586,ACC100980,ACC100175,2726.65,2026-06-08 20:44:00,IMPS,DEV1110
TXN1007587,ACC100643,ACC100742,528.4,2026-03-28 23:54:00,CARD,DEV1008
TXN1007588,ACC100167,ACC100716,2039.37,2026-03-07 01:01:00,BANK_TRANSFER,DEV1124
TXN1007589,ACC100589,ACC100515,387.44,2026-04-13 22:43:00,CARD,DEV1100
TXN1007590,ACC100731,ACC100620,488.53,2026-05-16 10:31:00,CARD,DEV1146
TXN1007591,ACC100546,ACC100292,4162.64,2026-03-10 04:37:00,CARD,DEV1127
TXN1007592,ACC100599,ACC100570,2290.43,2026-03-01 10:53:00,CARD,DEV1177
TXN1007593,ACC100134,ACC100727,113.95,2026-03-03 20:34:00,UPI,DEV1283
TXN1007594,ACC100750,ACC100566,699.9,2026-04-17 22:34:00,CARD,DEV1207
TXN1007595,ACC100170,ACC100807,1973.64,2026-02-09 16:09:00,IMPS,DEV1170
TXN1007596,ACC100996,ACC100887,1295.48,2026-02-27 08:00:00,NEFT,DEV1001
TXN1007597,ACC100961,ACC100399,2302.72,2026-06-11 05:23:00,UPI,DEV1053
TXN1007598,ACC100420,ACC100434,1260.39,2026-02-19 08:23:00,NEFT,DEV1030
TXN1007599,ACC100119,ACC100268,935.31,2026-06-26 04:32:00,UPI,DEV1191
TXN1007600,ACC100407,ACC100706,901.63,2026-02-20 08:43:00,NEFT,DEV1090
TXN1007601,ACC100995,ACC100894,4061.94,2026-04-17 07:13:00,CARD,DEV1087
TXN1007602,ACC100818,ACC100889,2524.83,2026-05-16 18:59:00,CARD,DEV1093
TXN1007603,ACC100908,ACC100222,1782.36,2026-02-19 12:26:00,CARD,DEV1016
TXN1007604,ACC100290,ACC100282,1219.99,2026-03-10 12:25:00,NEFT,DEV1060
TXN1007605,ACC100757,ACC100929,567.6,2026-06-17 10:27:00,IMPS,DEV1138
TXN1007606,ACC100892,ACC100297,758.92,2026-02-07 02:52:00,UPI,DEV1053
TXN1007607,ACC100478,ACC100347,3934.76,2026-03-09 19:39:00,NEFT,DEV1150
TXN1007608,ACC100581,ACC100340,3514.33,2026-05-03 21:53:00,NEFT,DEV1085
TXN1007609,ACC100783,ACC100832,503.57,2026-01-21 21:33:00,BANK_TRANSFER,DEV1272
TXN1007610,ACC100735,ACC100306,1236.33,2026-02-15 21:20:00,NEFT,DEV1193
TXN1007611,ACC100243,ACC100517,1994.52,2026-01-29 12:31:00,UPI,DEV1082
TXN1007612,ACC100639,ACC100113,1844.24,2026-02-01 13:55:00,NEFT,DEV1251
TXN1007613,ACC100657,ACC100625,1827.27,2026-02-14 08:35:00,CARD,DEV1147
TXN1007614,ACC100182,ACC100600,288.74,2026-06-02 17:06:00,CARD,DEV1088
TXN1007615,ACC100259,ACC100451,268.87,2026-02-22 11:01:00,IMPS,DEV1270
TXN1007616,ACC100903,ACC100507,4465.93,2026-04-06 22:01:00,BANK_TRANSFER,DEV1060
TXN1007617,ACC100368,ACC100245,6706.48,2026-01-01 02:05:00,CARD,DEV1161
TXN1007618,ACC100828,ACC100122,185.34,2026-03-08 12:34:00,UPI,DEV1270
TXN1007619,ACC100225,ACC100877,1060.7,2026-03-13 16:23:00,BANK_TRANSFER,DEV1090
TXN1007620,ACC100939,ACC100703,2912.77,2026-03-02 01:39:00,NEFT,DEV1238
TXN1007621,ACC100832,ACC100909,77.9,2026-05-23 05:51:00,NEFT,DEV1166
TXN1007622,ACC100757,ACC100201,302.47,2026-01-20 00:52:00,BANK_TRANSFER,DEV1046
TXN1007623,ACC100143,ACC100257,981.78,2026-04-14 10:14:00,IMPS,DEV1244
TXN1007624,ACC100547,ACC100655,535.56,2026-06-24 13:06:00,IMPS,DEV1157
TXN1007625,ACC100210,ACC100762,1409.47,2026-01-13 21:41:00,UPI,DEV1137
TXN1007626,ACC100647,ACC100425,6403.36,2026-01-04 14:31:00,CARD,DEV1199
TXN1007627,ACC100116,ACC100742,394.12,2026-01-07 12:53:00,BANK_TRANSFER,DEV1211
TXN1007628,ACC100248,ACC100767,1164.83,2026-04-25 10:33:00,BANK_TRANSFER,DEV1052
TXN1007629,ACC100902,ACC100831,725.05,2026-02-07 02:10:00,BANK_TRANSFER,DEV1251
TXN1007630,ACC100612,ACC100978,1291.6,2026-06-29 21:27:00,UPI,DEV1197
TXN1007631,ACC100346,ACC100009,1104.29,2026-04-19 02:38:00,NEFT,DEV1224
TXN1007632,ACC100085,ACC100358,25968.46,2026-05-29 00:18:00,UPI,DEV1055
TXN1007633,ACC100922,ACC100168,6551.79,2026-03-23 00:04:00,IMPS,DEV1097
TXN1007634,ACC100083,ACC100425,164.49,2026-01-12 00:03:00,NEFT,DEV1026
TXN1007635,ACC100191,ACC100932,372.35,2026-05-04 05:38:00,BANK_TRANSFER,DEV1277
TXN1007636,ACC100425,ACC100808,431.2,2026-05-11 07:44:00,IMPS,DEV1057
TXN1007637,ACC100947,ACC100176,249.35,2026-01-16 18:54:00,CARD,DEV1040
TXN1007638,ACC100270,ACC100765,212.29,2026-06-29 21:03:00,BANK_TRANSFER,DEV1151
TXN1007639,ACC100144,ACC100380,885.33,2026-01-10 15:46:00,BANK_TRANSFER,DEV1202
TXN1007640,ACC100781,ACC100389,451.41,2026-06-08 20:38:00,CARD,DEV1258
TXN1007641,ACC100896,ACC100267,376.55,2026-02-11 01:06:00,UPI,DEV1034
TXN1007642,ACC100292,ACC100086,12389.06,2026-03-13 09:12:00,IMPS,DEV1131
TXN1007643,ACC100401,ACC100014,490.27,2026-06-14 16:14:00,IMPS,DEV1250
TXN1007644,ACC100173,ACC100252,644.32,2026-06-30 18:12:00,CARD,DEV1034
TXN1007645,ACC100735,ACC100362,2669.77,2026-05-29 12:34:00,IMPS,DEV1265
TXN1007646,ACC100721,ACC100948,641.73,2026-03-24 20:26:00,BANK_TRANSFER,DEV1139
TXN1007647,ACC100467,ACC100998,270.75,2026-03-24 22:31:00,CARD,DEV1223
TXN1007648,ACC100218,ACC100916,804.7,2026-05-06 23:58:00,BANK_TRANSFER,DEV1257
TXN1007649,ACC100174,ACC100607,12215.73,2026-02-28 00:58:00,NEFT,DEV1160
TXN1007650,ACC100510,ACC100489,615.4,2026-05-28 16:00:00,BANK_TRANSFER,DEV1273
TXN1007651,ACC100868,ACC100851,367.19,2026-02-23 13:18:00,CARD,DEV1222
TXN1007652,ACC100016,ACC100480,1815.79,2026-03-21 21:21:00,UPI,DEV1020
TXN1007653,ACC100377,ACC100600,759.68,2026-02-25 20:39:00,NEFT,DEV1274
TXN1007654,ACC100105,ACC100324,29342.52,2026-01-02 09:34:00,IMPS,DEV1291
TXN1007655,ACC100057,ACC100998,426.55,2026-03-02 11:38:00,CARD,DEV1013
TXN1007656,ACC100895,ACC100136,8782.15,2026-05-16 12:08:00,BANK_TRANSFER,DEV1209
TXN1007657,ACC100633,ACC100647,4429.61,2026-04-09 14:31:00,UPI,DEV1214
TXN1007658,ACC100216,ACC100365,693.94,2026-03-20 23:05:00,CARD,DEV1201
TXN1007659,ACC100017,ACC100928,1092.02,2026-05-05 11:08:00,UPI,DEV1087
TXN1007660,ACC100089,ACC100058,318.67,2026-01-23 17:04:00,NEFT,DEV1066
TXN1007661,ACC100398,ACC100169,574.71,2026-06-19 04:40:00,CARD,DEV1159
TXN1007662,ACC100858,ACC100671,688.05,2026-03-15 03:32:00,BANK_TRANSFER,DEV1011
TXN1007663,ACC100897,ACC100803,1325.34,2026-02-03 09:28:00,NEFT,DEV1298
TXN1007664,ACC100300,ACC100062,201.3,2026-05-09 11:54:00,BANK_TRANSFER,DEV1119
TXN1007665,ACC100329,ACC100415,1593.65,2026-04-06 08:12:00,NEFT,DEV1080
TXN1007666,ACC100820,ACC100283,920.54,2026-06-14 08:20:00,CARD,DEV1232
TXN1007667,ACC100782,ACC100747,1768.22,2026-06-01 11:17:00,UPI,DEV1228
TXN1007668,ACC100740,ACC100915,2114.91,2026-04-17 23:16:00,NEFT,DEV1165
TXN1007669,ACC100469,ACC100917,836.21,2026-02-27 16:35:00,NEFT,DEV1286
TXN1007670,ACC100831,ACC100767,1970.1,2026-04-01 05:16:00,NEFT,DEV1038
TXN1007671,ACC100174,ACC100965,987.71,2026-03-26 18:48:00,NEFT,DEV1214
TXN1007672,ACC100468,ACC100812,2676.24,2026-06-01 21:51:00,UPI,DEV1042
TXN1007673,ACC100675,ACC100503,1602.55,2026-03-25 05:47:00,IMPS,DEV1245
TXN1007674,ACC100603,ACC100769,1362.74,2026-06-12 05:58:00,BANK_TRANSFER,DEV1140
TXN1007675,ACC100576,ACC100702,969.78,2026-04-20 11:11:00,IMPS,DEV1107
TXN1007676,ACC100805,ACC100639,5192.54,2026-04-12 16:56:00,NEFT,DEV1299
TXN1007677,ACC100973,ACC100958,1783.3,2026-05-25 21:02:00,UPI,DEV1072
TXN1007678,ACC100061,ACC100839,224.58,2026-02-27 22:41:00,BANK_TRANSFER,DEV1173
TXN1007679,ACC100275,ACC100038,622.45,2026-04-23 00:01:00,UPI,DEV1286
TXN1007680,ACC100268,ACC100777,833.55,2026-01-23 11:41:00,BANK_TRANSFER,DEV1042
TXN1007681,ACC100963,ACC100131,1095.16,2026-03-14 04:53:00,CARD,DEV1288
TXN1007682,ACC100757,ACC100327,1355.67,2026-05-01 10:55:00,IMPS,DEV1278
TXN1007683,ACC100348,ACC100070,353.17,2026-02-21 23:03:00,BANK_TRANSFER,DEV1246
TXN1007684,ACC100384,ACC100722,1010.7,2026-03-05 11:23:00,IMPS,DEV1145
TXN1007685,ACC100427,ACC100072,752.24,2026-03-21 04:27:00,CARD,DEV1085
TXN1007686,ACC100022,ACC100277,4030.69,2026-01-16 17:26:00,NEFT,DEV1072
TXN1007687,ACC100022,ACC100407,332.26,2026-03-04 06:58:00,NEFT,DEV1208
TXN1007688,ACC100078,ACC100070,1074.0,2026-05-15 20:26:00,CARD,DEV1269
TXN1007689,ACC100507,ACC100193,481.8,2026-04-25 04:54:00,BANK_TRANSFER,DEV1091
TXN1007690,ACC100666,ACC100391,10255.76,2026-03-31 20:35:00,IMPS,DEV1111
TXN1007691,ACC100708,ACC100519,4953.93,2026-01-11 09:47:00,UPI,DEV1033
TXN1007692,ACC100492,ACC100087,152.81,2026-04-09 01:38:00,IMPS,DEV1103
TXN1007693,ACC100848,ACC100755,421.81,2026-06-23 07:53:00,UPI,DEV1258
TXN1007694,ACC100834,ACC100382,3118.5,2026-03-16 09:36:00,UPI,DEV1270
TXN1007695,ACC100665,ACC100308,1898.35,2026-03-05 14:19:00,CARD,DEV1027
TXN1007696,ACC100680,ACC100185,1828.26,2026-06-23 00:32:00,BANK_TRANSFER,DEV1101
TXN1007697,ACC100089,ACC100227,1378.88,2026-05-01 18:53:00,BANK_TRANSFER,DEV1024
TXN1007698,ACC100748,ACC100162,3433.86,2026-06-25 02:16:00,UPI,DEV1297
TXN1007699,ACC100246,ACC100952,2799.43,2026-04-17 16:34:00,CARD,DEV1255
TXN1007700,ACC100962,ACC100468,773.81,2026-04-29 15:31:00,IMPS,DEV1213
TXN1007701,ACC100350,ACC100783,260.05,2026-04-27 12:53:00,NEFT,DEV1182
TXN1007702,ACC100356,ACC100305,144.3,2026-03-26 21:04:00,UPI,DEV1106
TXN1007703,ACC100256,ACC100921,968.39,2026-05-10 03:46:00,BANK_TRANSFER,DEV1169
TXN1007704,ACC100825,ACC100881,120.56,2026-06-28 08:32:00,IMPS,DEV1183
TXN1007705,ACC100790,ACC100756,1482.07,2026-01-29 03:40:00,UPI,DEV1071
TXN1007706,ACC100390,ACC100639,757.76,2026-02-22 19:35:00,NEFT,DEV1190
TXN1007707,ACC100210,ACC100240,11301.53,2026-01-13 18:20:00,BANK_TRANSFER,DEV1069
TXN1007708,ACC100196,ACC100707,1655.33,2026-03-05 06:26:00,UPI,DEV1105
TXN1007709,ACC100373,ACC100695,1058.84,2026-01-18 10:37:00,BANK_TRANSFER,DEV1161
TXN1007710,ACC100344,ACC100764,157.68,2026-01-08 15:51:00,UPI,DEV1073
TXN1007711,ACC100385,ACC100256,241.1,2026-01-05 14:45:00,IMPS,DEV1216
TXN1007712,ACC100014,ACC100394,2484.0,2026-04-23 09:36:00,UPI,DEV1163
TXN1007713,ACC100647,ACC100126,753.16,2026-03-18 10:26:00,BANK_TRANSFER,DEV1244
TXN1007714,ACC100447,ACC100160,22981.64,2026-01-28 14:20:00,NEFT,DEV1287
TXN1007715,ACC100250,ACC100752,992.61,2026-03-07 22:33:00,IMPS,DEV1232
TXN1007716,ACC100713,ACC100899,1343.06,2026-05-29 15:28:00,IMPS,DEV1027
TXN1007717,ACC100178,ACC100597,225.82,2026-03-14 01:49:00,CARD,DEV1290
TXN1007718,ACC100335,ACC100844,3418.37,2026-05-03 05:45:00,NEFT,DEV1085
TXN1007719,ACC100682,ACC100034,361.09,2026-02-10 07:48:00,NEFT,DEV1259
TXN1007720,ACC100634,ACC100211,2057.6,2026-04-27 15:46:00,UPI,DEV1082
TXN1007721,ACC100383,ACC100559,2904.89,2026-02-16 18:19:00,NEFT,DEV1271
TXN1007722,ACC100784,ACC100572,1229.34,2026-06-04 02:53:00,BANK_TRANSFER,DEV1153
TXN1007723,ACC100850,ACC100617,9030.52,2026-04-02 02:49:00,CARD,DEV1170
TXN1007724,ACC100639,ACC100596,526.98,2026-01-18 23:54:00,BANK_TRANSFER,DEV1141
TXN1007725,ACC100321,ACC100856,8189.83,2026-04-11 22:25:00,NEFT,DEV1152
TXN1007726,ACC100442,ACC100257,238.62,2026-03-24 04:55:00,IMPS,DEV1299
TXN1007727,ACC100006,ACC100030,2860.74,2026-03-08 02:28:00,NEFT,DEV1086
TXN1007728,ACC100310,ACC100893,924.36,2026-02-09 17:57:00,CARD,DEV1253
TXN1007729,ACC100551,ACC100374,468.83,2026-03-26 08:43:00,CARD,DEV1004
TXN1007730,ACC100806,ACC100070,149.38,2026-05-09 20:04:00,CARD,DEV1249
TXN1007731,ACC100613,ACC100703,802.07,2026-03-30 01:32:00,UPI,DEV1154
TXN1007732,ACC100384,ACC100462,743.54,2026-01-12 21:01:00,IMPS,DEV1216
TXN1007733,ACC100501,ACC100146,1349.5,2026-06-14 11:43:00,UPI,DEV1065
TXN1007734,ACC100929,ACC100515,2616.98,2026-06-28 00:57:00,UPI,DEV1158
TXN1007735,ACC100682,ACC100078,415.65,2026-04-29 16:30:00,UPI,DEV1253
TXN1007736,ACC100247,ACC100276,9044.58,2026-06-29 14:27:00,UPI,DEV1127
TXN1007737,ACC100108,ACC100423,574.65,2026-01-26 07:33:00,NEFT,DEV1006
TXN1007738,ACC100764,ACC100499,2258.9,2026-05-31 21:05:00,IMPS,DEV1044
TXN1007739,ACC100394,ACC100906,1221.95,2026-03-10 11:56:00,CARD,DEV1165
TXN1007740,ACC100863,ACC100181,863.98,2026-05-05 11:47:00,NEFT,DEV1091
TXN1007741,ACC100734,ACC100514,1150.63,2026-06-20 06:52:00,IMPS,DEV1287
TXN1007742,ACC100772,ACC100409,354.84,2026-05-06 23:27:00,BANK_TRANSFER,DEV1173
TXN1007743,ACC100942,ACC100092,688.78,2026-04-01 23:12:00,UPI,DEV1216
TXN1007744,ACC100929,ACC100905,219.71,2026-04-11 17:47:00,BANK_TRANSFER,DEV1035
TXN1007745,ACC100355,ACC100367,567.29,2026-04-30 03:44:00,NEFT,DEV1186
TXN1007746,ACC100855,ACC100425,626.41,2026-06-23 14:12:00,UPI,DEV1215
TXN1007747,ACC100424,ACC100573,3023.79,2026-05-30 10:17:00,UPI,DEV1289
TXN1007748,ACC100245,ACC100430,736.34,2026-03-03 13:14:00,NEFT,DEV1208
TXN1007749,ACC100654,ACC100014,640.53,2026-03-29 19:24:00,NEFT,DEV1160
TXN1007750,ACC100122,ACC100712,1428.03,2026-04-16 03:58:00,UPI,DEV1112
TXN1007751,ACC100212,ACC100601,1362.43,2026-03-27 14:10:00,IMPS,DEV1095
TXN1007752,ACC100134,ACC100267,539.56,2026-04-06 02:32:00,BANK_TRANSFER,DEV1076
TXN1007753,ACC100382,ACC100404,1760.01,2026-06-05 13:47:00,UPI,DEV1065
TXN1007754,ACC100083,ACC100971,885.03,2026-02-07 21:53:00,CARD,DEV1290
TXN1007755,ACC100461,ACC100865,538.51,2026-03-21 19:02:00,CARD,DEV1296
TXN1007756,ACC100497,ACC100566,605.12,2026-03-19 17:56:00,CARD,DEV1292
TXN1007757,ACC100771,ACC100847,3426.25,2026-05-10 21:25:00,BANK_TRANSFER,DEV1209
TXN1007758,ACC100757,ACC100202,627.34,2026-01-22 19:30:00,CARD,DEV1114
TXN1007759,ACC100059,ACC100355,1500.2,2026-02-11 16:53:00,UPI,DEV1133
TXN1007760,ACC100725,ACC100209,235.36,2026-04-10 19:28:00,IMPS,DEV1092
TXN1007761,ACC100780,ACC100355,4181.25,2026-05-25 02:40:00,CARD,DEV1128
TXN1007762,ACC100136,ACC100240,544.79,2026-01-02 04:06:00,IMPS,DEV1247
TXN1007763,ACC100288,ACC100415,1772.86,2026-05-31 00:20:00,UPI,DEV1249
TXN1007764,ACC100399,ACC100208,810.88,2026-01-28 20:40:00,UPI,DEV1292
TXN1007765,ACC100845,ACC100514,1748.65,2026-04-19 08:19:00,CARD,DEV1008
TXN1007766,ACC100856,ACC100536,1867.07,2026-04-03 22:46:00,NEFT,DEV1115
TXN1007767,ACC100831,ACC100397,921.87,2026-01-02 14:20:00,IMPS,DEV1088
TXN1007768,ACC100197,ACC100012,116.84,2026-04-16 06:26:00,NEFT,DEV1213
TXN1007769,ACC100481,ACC100211,4061.14,2026-06-14 12:02:00,CARD,DEV1232
TXN1007770,ACC100382,ACC100400,927.15,2026-06-08 09:52:00,IMPS,DEV1266
TXN1007771,ACC100316,ACC100819,1705.49,2026-01-17 00:03:00,NEFT,DEV1004
TXN1007772,ACC100858,ACC100997,2515.09,2026-01-10 07:24:00,IMPS,DEV1240
TXN1007773,ACC100208,ACC100018,633.58,2026-02-25 04:21:00,NEFT,DEV1268
TXN1007774,ACC100178,ACC100726,2039.71,2026-04-24 10:23:00,CARD,DEV1105
TXN1007775,ACC100766,ACC100812,447.14,2026-03-25 04:20:00,IMPS,DEV1174
TXN1007776,ACC100859,ACC100423,1745.95,2026-01-21 03:57:00,BANK_TRANSFER,DEV1263
TXN1007777,ACC100707,ACC100770,1122.87,2026-02-08 00:26:00,IMPS,DEV1276
TXN1007778,ACC100003,ACC100703,660.51,2026-04-20 22:57:00,BANK_TRANSFER,DEV1168
TXN1007779,ACC100517,ACC100682,1160.25,2026-04-16 04:44:00,UPI,DEV1287
TXN1007780,ACC100342,ACC100204,309.13,2026-06-16 22:41:00,UPI,DEV1052
TXN1007781,ACC100096,ACC100671,1588.98,2026-02-11 17:09:00,UPI,DEV1238
TXN1007782,ACC100496,ACC100814,1799.72,2026-06-04 01:01:00,IMPS,DEV1200
TXN1007783,ACC100434,ACC100394,1660.32,2026-04-11 07:48:00,CARD,DEV1155
TXN1007784,ACC100491,ACC100179,6651.55,2026-05-10 02:30:00,IMPS,DEV1081
TXN1007785,ACC100424,ACC100974,978.51,2026-03-25 19:50:00,BANK_TRANSFER,DEV1143
TXN1007786,ACC100344,ACC100010,1062.79,2026-02-19 06:51:00,CARD,DEV1025
TXN1007787,ACC100734,ACC100177,269.26,2026-06-20 22:39:00,BANK_TRANSFER,DEV1142
TXN1007788,ACC100031,ACC100852,7237.01,2026-02-27 16:44:00,NEFT,DEV1111
TXN1007789,ACC100353,ACC100648,181.68,2026-06-26 06:45:00,UPI,DEV1102
TXN1007790,ACC100159,ACC100727,1442.71,2026-03-06 11:42:00,IMPS,DEV1229
TXN1007791,ACC100975,ACC100705,524.4,2026-03-26 14:09:00,CARD,DEV1050
TXN1007792,ACC100596,ACC100646,1181.78,2026-03-29 01:37:00,IMPS,DEV1027
TXN1007793,ACC100378,ACC100412,228.22,2026-05-09 15:31:00,BANK_TRANSFER,DEV1031
TXN1007794,ACC100467,ACC100808,3197.09,2026-01-18 04:17:00,CARD,DEV1168
TXN1007795,ACC100155,ACC100290,348.55,2026-06-09 09:58:00,BANK_TRANSFER,DEV1036
TXN1007796,ACC100512,ACC100364,4444.86,2026-02-10 20:27:00,BANK_TRANSFER,DEV1121
TXN1007797,ACC100519,ACC100514,360.27,2026-02-13 00:08:00,UPI,DEV1167
TXN1007798,ACC100123,ACC100283,3534.24,2026-05-31 15:56:00,CARD,DEV1254
TXN1007799,ACC100423,ACC100274,404.58,2026-05-28 03:02:00,IMPS,DEV1204
TXN1007800,ACC100743,ACC100086,524.51,2026-04-15 12:00:00,CARD,DEV1211
TXN1007801,ACC100859,ACC100354,1094.21,2026-02-05 17:20:00,IMPS,DEV1068
TXN1007802,ACC100720,ACC100969,396.43,2026-04-10 03:42:00,BANK_TRANSFER,DEV1167
TXN1007803,ACC100672,ACC100275,382.66,2026-05-25 22:44:00,UPI,DEV1067
TXN1007804,ACC100576,ACC100312,401.98,2026-05-24 08:59:00,BANK_TRANSFER,DEV1151
TXN1007805,ACC100194,ACC100687,1607.81,2026-03-07 10:55:00,CARD,DEV1245
TXN1007806,ACC100853,ACC100828,1096.04,2026-04-15 13:29:00,UPI,DEV1121
TXN1007807,ACC100940,ACC100555,1168.13,2026-05-18 14:54:00,NEFT,DEV1174
TXN1007808,ACC100016,ACC100795,742.81,2026-01-09 19:53:00,UPI,DEV1188
TXN1007809,ACC100608,ACC100354,2118.45,2026-04-13 15:08:00,BANK_TRANSFER,DEV1096
TXN1007810,ACC100145,ACC100968,3866.36,2026-02-23 19:15:00,NEFT,DEV1096
TXN1007811,ACC100392,ACC100826,2187.99,2026-01-04 03:59:00,BANK_TRANSFER,DEV1145
TXN1007812,ACC100089,ACC100157,853.4,2026-06-13 15:41:00,UPI,DEV1212
TXN1007813,ACC100392,ACC100108,253.42,2026-05-24 11:10:00,IMPS,DEV1209
TXN1007814,ACC100035,ACC100722,102.26,2026-05-16 16:49:00,BANK_TRANSFER,DEV1021
TXN1007815,ACC100958,ACC100448,1014.51,2026-02-04 00:01:00,IMPS,DEV1014
TXN1007816,ACC100924,ACC100878,100.3,2026-02-27 21:38:00,IMPS,DEV1281
TXN1007817,ACC100962,ACC100562,863.36,2026-01-26 02:16:00,IMPS,DEV1005
TXN1007818,ACC100776,ACC100934,5902.6,2026-05-28 21:05:00,CARD,DEV1202
TXN1007819,ACC100872,ACC100488,274.74,2026-04-20 07:30:00,CARD,DEV1083
TXN1007820,ACC100966,ACC100017,234.32,2026-02-21 22:04:00,CARD,DEV1114
TXN1007821,ACC100302,ACC100792,2355.06,2026-03-06 17:10:00,IMPS,DEV1192
TXN1007822,ACC100370,ACC100430,37.83,2026-05-04 00:01:00,CARD,DEV1051
TXN1007823,ACC100593,ACC100644,1733.97,2026-06-28 00:05:00,NEFT,DEV1207
TXN1007824,ACC100675,ACC100877,6388.22,2026-03-25 16:44:00,NEFT,DEV1099
TXN1007825,ACC100603,ACC100417,384.91,2026-05-06 16:19:00,UPI,DEV1162
TXN1007826,ACC100266,ACC100400,313.22,2026-04-26 06:52:00,BANK_TRANSFER,DEV1124
TXN1007827,ACC100077,ACC100401,2226.15,2026-03-06 20:22:00,UPI,DEV1174
TXN1007828,ACC100277,ACC100435,269.11,2026-05-21 22:18:00,BANK_TRANSFER,DEV1253
TXN1007829,ACC100764,ACC100990,2901.5,2026-03-03 22:33:00,UPI,DEV1181
TXN1007830,ACC100529,ACC100991,296.73,2026-05-09 14:38:00,BANK_TRANSFER,DEV1063
TXN1007831,ACC100059,ACC100870,9155.25,2026-02-11 11:16:00,IMPS,DEV1048
TXN1007832,ACC100139,ACC100990,2427.86,2026-05-31 06:00:00,CARD,DEV1214
TXN1007833,ACC100130,ACC100323,1147.86,2026-03-11 16:54:00,BANK_TRANSFER,DEV1024
TXN1007834,ACC100702,ACC100033,8543.33,2026-05-25 11:11:00,BANK_TRANSFER,DEV1026
TXN1007835,ACC100313,ACC100014,3781.41,2026-01-24 10:01:00,CARD,DEV1062
TXN1007836,ACC100851,ACC100323,1706.74,2026-06-05 15:56:00,UPI,DEV1020
TXN1007837,ACC100026,ACC100072,117.23,2026-05-29 22:55:00,UPI,DEV1017
TXN1007838,ACC100461,ACC100214,472.58,2026-05-13 17:17:00,NEFT,DEV1131
TXN1007839,ACC100401,ACC100451,4033.91,2026-03-01 21:31:00,NEFT,DEV1254
TXN1007840,ACC100289,ACC100249,230.41,2026-04-13 19:32:00,IMPS,DEV1293
TXN1007841,ACC100651,ACC100992,437.52,2026-01-09 18:55:00,BANK_TRANSFER,DEV1141
TXN1007842,ACC100107,ACC100215,321.66,2026-01-28 19:36:00,BANK_TRANSFER,DEV1162
TXN1007843,ACC100969,ACC100589,1777.26,2026-04-07 16:59:00,UPI,DEV1268
TXN1007844,ACC100224,ACC100146,3485.39,2026-01-28 06:51:00,UPI,DEV1179
TXN1007845,ACC100300,ACC100128,3489.52,2026-06-19 18:29:00,NEFT,DEV1089
TXN1007846,ACC100367,ACC100645,394.1,2026-01-18 03:32:00,UPI,DEV1298
TXN1007847,ACC100671,ACC100042,1748.28,2026-02-20 12:03:00,BANK_TRANSFER,DEV1153
TXN1007848,ACC100880,ACC100765,372.46,2026-01-04 19:43:00,NEFT,DEV1085
TXN1007849,ACC100677,ACC100591,851.79,2026-03-14 02:09:00,IMPS,DEV1160
TXN1007850,ACC100578,ACC100459,2047.15,2026-06-09 21:19:00,BANK_TRANSFER,DEV1018
TXN1007851,ACC100746,ACC100699,3919.23,2026-02-28 04:45:00,IMPS,DEV1285
TXN1007852,ACC100555,ACC100726,83.16,2026-04-25 23:11:00,CARD,DEV1239
TXN1007853,ACC100398,ACC100873,1234.43,2026-04-21 01:14:00,CARD,DEV1084
TXN1007854,ACC100861,ACC100745,5935.77,2026-05-15 19:42:00,NEFT,DEV1036
TXN1007855,ACC100915,ACC100206,1449.05,2026-03-21 00:34:00,IMPS,DEV1288
TXN1007856,ACC100626,ACC100837,1210.92,2026-05-01 18:46:00,IMPS,DEV1273
TXN1007857,ACC100472,ACC100293,558.02,2026-03-16 22:50:00,IMPS,DEV1010
TXN1007858,ACC100540,ACC100102,5749.7,2026-05-11 06:42:00,CARD,DEV1122
TXN1007859,ACC100164,ACC100707,589.84,2026-05-26 22:40:00,IMPS,DEV1229
TXN1007860,ACC100722,ACC100008,972.45,2026-02-16 13:08:00,CARD,DEV1124
TXN1007861,ACC100522,ACC100170,623.75,2026-01-02 16:06:00,UPI,DEV1178
TXN1007862,ACC100955,ACC100316,1248.67,2026-05-24 02:43:00,BANK_TRANSFER,DEV1166
TXN1007863,ACC100120,ACC100227,6067.99,2026-02-27 03:35:00,UPI,DEV1240
TXN1007864,ACC100521,ACC100424,369.69,2026-01-15 11:38:00,CARD,DEV1229
TXN1007865,ACC100415,ACC100862,1255.22,2026-04-26 16:50:00,UPI,DEV1069
TXN1007866,ACC100721,ACC100801,1753.34,2026-06-20 19:04:00,BANK_TRANSFER,DEV1069
TXN1007867,ACC100781,ACC100034,413.72,2026-02-28 02:00:00,IMPS,DEV1271
TXN1007868,ACC100993,ACC100454,1021.66,2026-03-23 14:56:00,NEFT,DEV1017
TXN1007869,ACC100366,ACC100515,10113.31,2026-06-09 06:20:00,IMPS,DEV1006
TXN1007870,ACC100214,ACC100427,131.34,2026-01-04 12:54:00,CARD,DEV1250
TXN1007871,ACC100542,ACC100493,661.53,2026-01-29 20:17:00,IMPS,DEV1136
TXN1007872,ACC100777,ACC100611,1481.29,2026-05-01 22:36:00,IMPS,DEV1193
TXN1007873,ACC100331,ACC100349,698.45,2026-04-30 02:11:00,IMPS,DEV1207
TXN1007874,ACC100288,ACC100590,35013.78,2026-04-17 16:16:00,NEFT,DEV1186
TXN1007875,ACC100097,ACC100711,2118.43,2026-03-21 10:47:00,IMPS,DEV1231
TXN1007876,ACC100364,ACC100783,313.17,2026-02-15 12:07:00,CARD,DEV1153
TXN1007877,ACC100995,ACC100826,66.41,2026-03-18 23:08:00,BANK_TRANSFER,DEV1272
TXN1007878,ACC100149,ACC100876,1649.67,2026-03-24 04:45:00,CARD,DEV1293
TXN1007879,ACC100990,ACC100049,442.86,2026-01-29 17:46:00,NEFT,DEV1053
TXN1007880,ACC100780,ACC100947,5149.62,2026-01-27 03:49:00,NEFT,DEV1221
TXN1007881,ACC100487,ACC100914,788.52,2026-03-05 07:55:00,BANK_TRANSFER,DEV1176
TXN1007882,ACC100076,ACC100327,554.45,2026-04-28 14:36:00,NEFT,DEV1215
TXN1007883,ACC100506,ACC100037,543.32,2026-06-16 12:34:00,UPI,DEV1211
TXN1007884,ACC100768,ACC100886,3582.48,2026-05-17 00:18:00,BANK_TRANSFER,DEV1278
TXN1007885,ACC100207,ACC100516,1805.69,2026-02-23 02:18:00,BANK_TRANSFER,DEV1114
TXN1007886,ACC100265,ACC100444,9019.54,2026-03-24 23:58:00,UPI,DEV1090
TXN1007887,ACC100777,ACC100496,847.14,2026-03-23 17:22:00,CARD,DEV1026
TXN1007888,ACC100254,ACC100943,3086.32,2026-06-10 10:12:00,NEFT,DEV1192
TXN1007889,ACC100207,ACC100704,3150.29,2026-03-03 07:03:00,BANK_TRANSFER,DEV1295
TXN1007890,ACC100154,ACC100250,2461.62,2026-03-18 21:17:00,NEFT,DEV1070
TXN1007891,ACC100285,ACC100787,594.77,2026-03-24 15:25:00,UPI,DEV1173
TXN1007892,ACC100078,ACC100324,1935.44,2026-03-28 16:03:00,BANK_TRANSFER,DEV1068
TXN1007893,ACC100412,ACC100196,975.85,2026-05-18 18:33:00,UPI,DEV1103
TXN1007894,ACC100823,ACC100170,945.56,2026-03-10 23:06:00,IMPS,DEV1237
TXN1007895,ACC100090,ACC100386,416.98,2026-01-29 22:42:00,BANK_TRANSFER,DEV1199
TXN1007896,ACC100791,ACC100164,86.11,2026-06-26 17:27:00,CARD,DEV1296
TXN1007897,ACC100957,ACC100473,4905.2,2026-03-06 16:25:00,CARD,DEV1092
TXN1007898,ACC100975,ACC100913,1840.64,2026-02-25 21:35:00,CARD,DEV1012
TXN1007899,ACC100214,ACC100700,218.8,2026-05-23 11:45:00,NEFT,DEV1240
TXN1007900,ACC100573,ACC100775,2594.77,2026-04-24 23:43:00,IMPS,DEV1211
TXN1007901,ACC100539,ACC100098,5022.9,2026-05-27 06:27:00,UPI,DEV1079
TXN1007902,ACC100183,ACC100741,2788.34,2026-05-27 09:34:00,UPI,DEV1089
TXN1007903,ACC100955,ACC100985,376.17,2026-06-29 07:36:00,IMPS,DEV1261
TXN1007904,ACC100771,ACC100713,455.6,2026-01-01 13:22:00,IMPS,DEV1178
TXN1007905,ACC100246,ACC100701,568.24,2026-05-29 08:33:00,UPI,DEV1256
TXN1007906,ACC100369,ACC100281,3081.9,2026-03-29 12:33:00,NEFT,DEV1032
TXN1007907,ACC100863,ACC100552,1948.38,2026-06-06 05:36:00,NEFT,DEV1275
TXN1007908,ACC100919,ACC100542,31205.51,2026-03-03 02:55:00,NEFT,DEV1001
TXN1007909,ACC100052,ACC100911,153.08,2026-03-01 11:50:00,CARD,DEV1115
TXN1007910,ACC100028,ACC100207,1029.56,2026-02-10 17:14:00,IMPS,DEV1220
TXN1007911,ACC100486,ACC100195,108.49,2026-03-25 22:47:00,NEFT,DEV1004
TXN1007912,ACC100315,ACC100457,2243.92,2026-05-29 18:39:00,CARD,DEV1184
TXN1007913,ACC100453,ACC100102,3945.27,2026-04-20 17:11:00,BANK_TRANSFER,DEV1223
TXN1007914,ACC100669,ACC100142,6188.99,2026-01-24 06:38:00,IMPS,DEV1187
TXN1007915,ACC100061,ACC100537,1375.02,2026-04-17 05:53:00,BANK_TRANSFER,DEV1208
TXN1007916,ACC100928,ACC100549,110.39,2026-03-22 13:10:00,NEFT,DEV1107
TXN1007917,ACC100305,ACC100448,1032.59,2026-04-09 01:43:00,BANK_TRANSFER,DEV1275
TXN1007918,ACC100179,ACC100215,1852.23,2026-01-06 19:40:00,IMPS,DEV1185
TXN1007919,ACC100557,ACC100449,328.27,2026-02-15 17:46:00,BANK_TRANSFER,DEV1148
TXN1007920,ACC100404,ACC100478,797.93,2026-06-20 07:17:00,CARD,DEV1107
TXN1007921,ACC100079,ACC100406,236.88,2026-02-21 08:19:00,UPI,DEV1283
TXN1007922,ACC100300,ACC100396,525.71,2026-01-11 03:31:00,CARD,DEV1080
TXN1007923,ACC100762,ACC100403,3277.91,2026-02-08 17:32:00,UPI,DEV1120
TXN1007924,ACC100967,ACC100212,2480.45,2026-06-29 13:49:00,NEFT,DEV1025
TXN1007925,ACC100527,ACC100845,205.56,2026-03-14 22:47:00,CARD,DEV1144
TXN1007926,ACC100584,ACC100082,470.6,2026-06-11 03:04:00,CARD,DEV1122
TXN1007927,ACC100260,ACC100873,1174.4,2026-06-16 07:35:00,UPI,DEV1117
TXN1007928,ACC100965,ACC100097,1439.18,2026-01-16 23:32:00,UPI,DEV1198
TXN1007929,ACC100421,ACC100240,494.98,2026-04-07 14:43:00,IMPS,DEV1073
TXN1007930,ACC100536,ACC100280,1942.53,2026-04-03 10:51:00,NEFT,DEV1037
TXN1007931,ACC100297,ACC100768,1051.17,2026-01-01 18:12:00,NEFT,DEV1232
TXN1007932,ACC100630,ACC100935,49.8,2026-04-07 05:11:00,IMPS,DEV1294
TXN1007933,ACC100360,ACC100077,552.25,2026-01-27 21:38:00,UPI,DEV1261
TXN1007934,ACC100319,ACC100539,533.64,2026-04-20 02:43:00,UPI,DEV1195
TXN1007935,ACC100748,ACC100792,2474.83,2026-04-17 01:29:00,UPI,DEV1093
TXN1007936,ACC100887,ACC100398,2528.22,2026-01-02 10:06:00,CARD,DEV1009
TXN1007937,ACC100652,ACC100106,147.45,2026-04-24 08:56:00,BANK_TRANSFER,DEV1171
TXN1007938,ACC100204,ACC100523,1855.98,2026-06-12 21:18:00,UPI,DEV1194
TXN1007939,ACC100912,ACC100840,1003.49,2026-02-04 10:39:00,NEFT,DEV1037
TXN1007940,ACC100987,ACC100024,1276.29,2026-04-17 13:16:00,CARD,DEV1279
TXN1007941,ACC100557,ACC100294,525.0,2026-03-23 16:03:00,IMPS,DEV1075
TXN1007942,ACC100930,ACC100077,1018.21,2026-04-21 11:55:00,UPI,DEV1090
TXN1007943,ACC100933,ACC100699,4360.72,2026-03-12 05:13:00,IMPS,DEV1268
TXN1007944,ACC100585,ACC100199,1254.66,2026-03-30 09:04:00,NEFT,DEV1007
TXN1007945,ACC100471,ACC100078,1042.2,2026-01-18 21:55:00,UPI,DEV1237
TXN1007946,ACC100774,ACC100175,617.05,2026-06-07 17:36:00,NEFT,DEV1012
TXN1007947,ACC100172,ACC100249,3876.57,2026-06-19 22:29:00,UPI,DEV1177
TXN1007948,ACC100654,ACC100952,235.82,2026-01-08 14:31:00,CARD,DEV1227
TXN1007949,ACC100096,ACC100258,418.9,2026-05-19 11:35:00,IMPS,DEV1113
TXN1007950,ACC100672,ACC100203,220.11,2026-02-01 17:03:00,UPI,DEV1130
TXN1007951,ACC100466,ACC100588,1395.24,2026-03-23 12:10:00,NEFT,DEV1033
TXN1007952,ACC100174,ACC100576,4517.42,2026-05-22 23:43:00,IMPS,DEV1149
TXN1007953,ACC100771,ACC100776,739.11,2026-05-29 06:04:00,IMPS,DEV1002
TXN1007954,ACC100840,ACC100801,303.9,2026-02-16 17:19:00,BANK_TRANSFER,DEV1036
TXN1007955,ACC100365,ACC100805,7814.5,2026-06-17 06:10:00,UPI,DEV1260
TXN1007956,ACC100600,ACC100880,1884.73,2026-06-24 12:05:00,IMPS,DEV1056
TXN1007957,ACC100865,ACC100451,1530.01,2026-04-11 18:41:00,UPI,DEV1061
TXN1007958,ACC100995,ACC100834,872.86,2026-02-10 14:14:00,BANK_TRANSFER,DEV1220
TXN1007959,ACC100170,ACC100342,2447.49,2026-01-12 11:10:00,UPI,DEV1244
TXN1007960,ACC100754,ACC100233,1501.51,2026-02-04 09:30:00,BANK_TRANSFER,DEV1032
TXN1007961,ACC100237,ACC100908,615.53,2026-06-03 10:04:00,IMPS,DEV1027
TXN1007962,ACC100252,ACC100837,752.53,2026-06-26 05:45:00,NEFT,DEV1023
TXN1007963,ACC100759,ACC100773,322.51,2026-02-13 16:36:00,NEFT,DEV1203
TXN1007964,ACC100833,ACC100155,277.69,2026-03-03 19:09:00,IMPS,DEV1258
TXN1007965,ACC100983,ACC100288,768.17,2026-03-17 01:36:00,IMPS,DEV1246
TXN1007966,ACC100657,ACC100402,4381.11,2026-04-01 08:46:00,IMPS,DEV1299
TXN1007967,ACC100606,ACC100272,317.03,2026-02-09 19:11:00,NEFT,DEV1268
TXN1007968,ACC100019,ACC100195,2991.84,2026-02-27 00:53:00,BANK_TRANSFER,DEV1210
TXN1007969,ACC100655,ACC100260,420.43,2026-01-25 09:48:00,BANK_TRANSFER,DEV1210
TXN1007970,ACC100671,ACC100251,128.52,2026-02-02 20:09:00,UPI,DEV1263
TXN1007971,ACC100326,ACC100831,2113.12,2026-01-06 11:21:00,UPI,DEV1139
TXN1007972,ACC100959,ACC100687,7742.82,2026-05-11 16:54:00,UPI,DEV1171
TXN1007973,ACC100598,ACC100028,392.73,2026-03-22 04:01:00,BANK_TRANSFER,DEV1064
TXN1007974,ACC100933,ACC100216,166.69,2026-04-30 16:39:00,IMPS,DEV1053
TXN1007975,ACC100060,ACC100629,1892.96,2026-01-14 16:29:00,NEFT,DEV1147
TXN1007976,ACC100263,ACC100481,362.2,2026-05-27 23:34:00,IMPS,DEV1290
TXN1007977,ACC100109,ACC100708,2088.03,2026-01-19 16:05:00,UPI,DEV1248
TXN1007978,ACC100962,ACC100257,4366.76,2026-01-03 01:00:00,IMPS,DEV1131
TXN1007979,ACC100365,ACC100403,1630.66,2026-05-16 23:11:00,BANK_TRANSFER,DEV1141
TXN1007980,ACC100937,ACC100970,2897.84,2026-05-16 13:31:00,NEFT,DEV1249
TXN1007981,ACC100772,ACC100213,2921.74,2026-05-03 10:01:00,NEFT,DEV1193
TXN1007982,ACC100414,ACC100386,3597.29,2026-01-02 15:06:00,IMPS,DEV1112
TXN1007983,ACC100403,ACC100387,1157.77,2026-01-15 09:58:00,CARD,DEV1134
TXN1007984,ACC100106,ACC100151,2793.06,2026-01-02 19:03:00,UPI,DEV1278
TXN1007985,ACC100001,ACC100197,1335.8,2026-04-22 17:38:00,BANK_TRANSFER,DEV1107
TXN1007986,ACC100513,ACC100654,1753.88,2026-02-09 12:08:00,IMPS,DEV1273
TXN1007987,ACC100694,ACC100966,42704.24,2026-05-30 21:20:00,NEFT,DEV1002
TXN1007988,ACC100313,ACC100221,1465.45,2026-05-29 08:25:00,NEFT,DEV1059
TXN1007989,ACC100411,ACC100018,181.76,2026-02-05 13:30:00,BANK_TRANSFER,DEV1168
TXN1007990,ACC100494,ACC100997,865.32,2026-04-23 12:44:00,IMPS,DEV1220
TXN1007991,ACC100428,ACC100574,755.49,2026-03-16 19:04:00,UPI,DEV1111
TXN1007992,ACC100682,ACC100758,798.11,2026-01-26 14:35:00,IMPS,DEV1204
TXN1007993,ACC100481,ACC100535,3443.11,2026-01-18 15:41:00,NEFT,DEV1076
TXN1007994,ACC100267,ACC100854,4258.66,2026-06-15 18:53:00,UPI,DEV1127
TXN1007995,ACC100346,ACC100249,966.07,2026-05-05 13:09:00,NEFT,DEV1080
TXN1007996,ACC100624,ACC100849,206.39,2026-05-12 07:51:00,BANK_TRANSFER,DEV1112
TXN1007997,ACC100011,ACC100214,1235.11,2026-06-09 12:12:00,IMPS,DEV1187
TXN1007998,ACC100138,ACC100758,571.31,2026-06-28 13:33:00,UPI,DEV1267
TXN1007999,ACC100669,ACC100550,1411.61,2026-03-30 06:25:00,IMPS,DEV1286
TXN1008000,ACC100856,ACC100479,948.47,2026-03-02 09:54:00,UPI,DEV1047
TXN1008001,ACC100086,ACC100260,4720.31,2026-06-08 20:33:00,CARD,DEV1155
TXN1008002,ACC100466,ACC100336,1525.03,2026-03-11 16:42:00,IMPS,DEV1230
TXN1008003,ACC100876,ACC100474,573.51,2026-01-10 09:24:00,BANK_TRANSFER,DEV1020
TXN1008004,ACC100589,ACC100427,207.96,2026-04-28 18:13:00,UPI,DEV1158
TXN1008005,ACC100373,ACC100842,1035.23,2026-04-10 11:28:00,BANK_TRANSFER,DEV1245
TXN1008006,ACC100968,ACC100461,1039.69,2026-03-01 20:48:00,CARD,DEV1048
TXN1008007,ACC100798,ACC100951,800.35,2026-01-09 22:38:00,IMPS,DEV1128
TXN1008008,ACC100021,ACC100351,2780.51,2026-05-01 07:01:00,CARD,DEV1277
TXN1008009,ACC100925,ACC100869,208.65,2026-05-29 03:17:00,UPI,DEV1265
TXN1008010,ACC100886,ACC100763,439.2,2026-01-06 10:00:00,UPI,DEV1254
TXN1008011,ACC100989,ACC100904,1168.53,2026-03-22 14:39:00,BANK_TRANSFER,DEV1142
TXN1008012,ACC100911,ACC100219,560.37,2026-01-09 16:10:00,IMPS,DEV1053
TXN1008013,ACC100919,ACC100701,714.76,2026-05-09 22:32:00,BANK_TRANSFER,DEV1233
TXN1008014,ACC100677,ACC100464,1020.14,2026-01-18 23:07:00,CARD,DEV1295
TXN1008015,ACC100602,ACC100103,2497.78,2026-04-10 10:55:00,BANK_TRANSFER,DEV1236
TXN1008016,ACC100185,ACC100237,971.96,2026-04-16 08:26:00,NEFT,DEV1035
TXN1008017,ACC100121,ACC100032,103.17,2026-03-09 18:21:00,NEFT,DEV1225
TXN1008018,ACC100569,ACC100939,532.0,2026-04-18 15:20:00,UPI,DEV1074
TXN1008019,ACC100394,ACC100335,1988.11,2026-05-03 23:41:00,IMPS,DEV1281
TXN1008020,ACC100851,ACC100068,2738.62,2026-05-22 04:54:00,BANK_TRANSFER,DEV1060
TXN1008021,ACC100170,ACC100869,2926.11,2026-05-06 19:11:00,BANK_TRANSFER,DEV1273
TXN1008022,ACC100521,ACC100375,4110.97,2026-06-16 05:37:00,NEFT,DEV1295
TXN1008023,ACC100978,ACC100689,1264.11,2026-05-30 02:11:00,BANK_TRANSFER,DEV1207
TXN1008024,ACC100026,ACC100653,1503.87,2026-05-16 09:58:00,UPI,DEV1178
TXN1008025,ACC100693,ACC100573,324.83,2026-03-27 12:33:00,IMPS,DEV1238
TXN1008026,ACC100730,ACC100232,80.68,2026-01-16 09:29:00,IMPS,DEV1233
TXN1008027,ACC100920,ACC100426,200.12,2026-02-22 04:13:00,BANK_TRANSFER,DEV1164
TXN1008028,ACC100377,ACC100579,472.39,2026-04-14 16:51:00,UPI,DEV1252
TXN1008029,ACC100841,ACC100126,214.51,2026-04-22 21:14:00,NEFT,DEV1130
TXN1008030,ACC100560,ACC100727,771.62,2026-01-25 09:14:00,NEFT,DEV1001
TXN1008031,ACC100004,ACC100060,629.86,2026-03-11 01:14:00,CARD,DEV1189
TXN1008032,ACC100420,ACC100046,3379.19,2026-02-08 08:08:00,UPI,DEV1026
TXN1008033,ACC100744,ACC100432,342.76,2026-03-21 01:22:00,CARD,DEV1248
TXN1008034,ACC100162,ACC100598,1298.15,2026-04-16 17:53:00,IMPS,DEV1090
TXN1008035,ACC100750,ACC100575,662.67,2026-05-09 22:35:00,NEFT,DEV1156
TXN1008036,ACC100157,ACC100464,327.7,2026-02-22 09:07:00,NEFT,DEV1248
TXN1008037,ACC100589,ACC100842,457.94,2026-06-03 05:05:00,NEFT,DEV1058
TXN1008038,ACC100816,ACC100873,93.55,2026-06-14 20:21:00,CARD,DEV1099
TXN1008039,ACC100831,ACC100420,2691.94,2026-04-15 21:32:00,NEFT,DEV1141
TXN1008040,ACC100456,ACC100750,5900.03,2026-04-04 17:21:00,CARD,DEV1286
TXN1008041,ACC100719,ACC100962,795.56,2026-06-20 08:18:00,CARD,DEV1034
TXN1008042,ACC100932,ACC100061,1135.55,2026-06-29 11:00:00,IMPS,DEV1300
TXN1008043,ACC100762,ACC100712,768.91,2026-02-06 12:06:00,BANK_TRANSFER,DEV1028
TXN1008044,ACC100815,ACC100440,409.89,2026-06-27 16:54:00,CARD,DEV1061
TXN1008045,ACC100571,ACC100331,2555.19,2026-02-19 13:41:00,UPI,DEV1054
TXN1008046,ACC100486,ACC100296,1608.22,2026-02-27 23:54:00,UPI,DEV1131
TXN1008047,ACC100062,ACC100986,33.3,2026-02-10 11:57:00,CARD,DEV1030
TXN1008048,ACC100047,ACC100300,316.86,2026-01-31 06:51:00,UPI,DEV1209
TXN1008049,ACC100698,ACC100406,93.35,2026-05-07 15:52:00,NEFT,DEV1075
TXN1008050,ACC100491,ACC100795,7090.4,2026-01-01 14:56:00,UPI,DEV1079
TXN1008051,ACC100902,ACC100458,892.3,2026-05-28 23:30:00,CARD,DEV1052
TXN1008052,ACC100449,ACC100440,1463.87,2026-02-24 11:07:00,UPI,DEV1210
TXN1008053,ACC100894,ACC100815,717.7,2026-03-17 06:05:00,CARD,DEV1080
TXN1008054,ACC100583,ACC100737,4118.47,2026-06-05 00:48:00,NEFT,DEV1107
TXN1008055,ACC100524,ACC100560,3080.5,2026-06-11 03:26:00,CARD,DEV1208
TXN1008056,ACC100472,ACC100407,846.77,2026-02-04 05:43:00,CARD,DEV1017
TXN1008057,ACC100147,ACC100755,8617.86,2026-03-31 10:38:00,IMPS,DEV1036
TXN1008058,ACC100405,ACC100655,1369.75,2026-03-01 19:36:00,UPI,DEV1163
TXN1008059,ACC100522,ACC100316,190.16,2026-04-18 09:18:00,CARD,DEV1064
TXN1008060,ACC100343,ACC100428,1236.48,2026-01-14 09:39:00,CARD,DEV1239
TXN1008061,ACC100912,ACC100524,2040.46,2026-02-10 22:18:00,UPI,DEV1104
TXN1008062,ACC100446,ACC100635,934.61,2026-01-06 13:20:00,UPI,DEV1163
TXN1008063,ACC100727,ACC100814,669.29,2026-06-29 11:58:00,UPI,DEV1094
TXN1008064,ACC100402,ACC100932,9110.96,2026-01-17 08:06:00,NEFT,DEV1015
TXN1008065,ACC100718,ACC100638,264.27,2026-05-01 07:43:00,UPI,DEV1069
TXN1008066,ACC100158,ACC100811,39.79,2026-06-22 01:53:00,CARD,DEV1196
TXN1008067,ACC100449,ACC100445,7653.09,2026-04-14 11:01:00,NEFT,DEV1002
TXN1008068,ACC100332,ACC100239,251.83,2026-06-12 06:06:00,NEFT,DEV1080
TXN1008069,ACC100642,ACC100994,777.48,2026-06-16 03:53:00,CARD,DEV1289
TXN1008070,ACC100284,ACC100226,697.21,2026-03-27 07:38:00,IMPS,DEV1256
TXN1008071,ACC100763,ACC100444,4808.3,2026-01-19 15:55:00,BANK_TRANSFER,DEV1006
TXN1008072,ACC100374,ACC100567,6135.38,2026-01-18 08:11:00,BANK_TRANSFER,DEV1016
TXN1008073,ACC100976,ACC100340,232.56,2026-04-26 07:39:00,IMPS,DEV1059
TXN1008074,ACC100228,ACC100387,5587.52,2026-04-24 19:02:00,BANK_TRANSFER,DEV1197
TXN1008075,ACC100303,ACC100365,5464.85,2026-03-27 12:42:00,IMPS,DEV1209
TXN1008076,ACC100112,ACC100322,1122.4,2026-01-31 01:01:00,CARD,DEV1005
TXN1008077,ACC100752,ACC100356,3357.83,2026-06-20 12:28:00,CARD,DEV1004
TXN1008078,ACC100372,ACC100987,3787.25,2026-02-10 21:15:00,NEFT,DEV1018
TXN1008079,ACC100575,ACC100408,810.04,2026-05-17 16:49:00,NEFT,DEV1148
TXN1008080,ACC100094,ACC100129,907.71,2026-02-18 11:43:00,BANK_TRANSFER,DEV1298
TXN1008081,ACC100857,ACC100871,2224.29,2026-06-28 18:38:00,BANK_TRANSFER,DEV1222
TXN1008082,ACC100671,ACC100177,155.36,2026-03-23 19:09:00,CARD,DEV1077
TXN1008083,ACC100895,ACC100408,717.26,2026-03-05 10:42:00,CARD,DEV1012
TXN1008084,ACC100035,ACC100392,259.71,2026-06-15 06:23:00,NEFT,DEV1177
TXN1008085,ACC100064,ACC100374,6052.91,2026-01-23 16:28:00,BANK_TRANSFER,DEV1228
TXN1008086,ACC100711,ACC100974,707.19,2026-04-03 02:34:00,BANK_TRANSFER,DEV1102
TXN1008087,ACC100486,ACC100898,1527.9,2026-05-14 08:32:00,BANK_TRANSFER,DEV1171
TXN1008088,ACC100223,ACC100068,843.79,2026-02-14 15:30:00,IMPS,DEV1136
TXN1008089,ACC100783,ACC100889,780.41,2026-03-06 11:24:00,BANK_TRANSFER,DEV1010
TXN1008090,ACC100685,ACC100067,1412.56,2026-06-09 16:48:00,CARD,DEV1081
TXN1008091,ACC100114,ACC100202,456.34,2026-03-10 14:13:00,UPI,DEV1203
TXN1008092,ACC100283,ACC100699,864.21,2026-04-07 02:37:00,NEFT,DEV1076
TXN1008093,ACC100961,ACC100716,856.61,2026-04-21 11:26:00,IMPS,DEV1077
TXN1008094,ACC100831,ACC100144,659.94,2026-02-02 23:02:00,NEFT,DEV1230
TXN1008095,ACC100040,ACC100759,1753.32,2026-06-23 17:24:00,UPI,DEV1001
TXN1008096,ACC100109,ACC100276,641.37,2026-05-16 23:35:00,UPI,DEV1085
TXN1008097,ACC100596,ACC100737,7580.53,2026-04-24 02:28:00,BANK_TRANSFER,DEV1285
TXN1008098,ACC100548,ACC100279,2332.64,2026-01-12 18:57:00,BANK_TRANSFER,DEV1128
TXN1008099,ACC100252,ACC100458,217.2,2026-03-19 18:54:00,UPI,DEV1069
TXN1008100,ACC100915,ACC100411,2123.99,2026-05-12 03:45:00,CARD,DEV1127
TXN1008101,ACC100008,ACC100745,479.44,2026-01-04 17:47:00,UPI,DEV1165
TXN1008102,ACC100527,ACC100554,1290.56,2026-06-01 20:45:00,UPI,DEV1168
TXN1008103,ACC100873,ACC100670,456.03,2026-05-11 01:25:00,BANK_TRANSFER,DEV1061
TXN1008104,ACC100274,ACC100016,78.78,2026-02-19 07:23:00,NEFT,DEV1012
TXN1008105,ACC100348,ACC100034,1068.4,2026-05-22 03:50:00,UPI,DEV1173
TXN1008106,ACC100385,ACC100971,196.11,2026-02-26 11:38:00,BANK_TRANSFER,DEV1221
TXN1008107,ACC100829,ACC100821,1814.67,2026-06-01 20:08:00,UPI,DEV1094
TXN1008108,ACC100984,ACC100108,1352.54,2026-03-02 02:20:00,UPI,DEV1210
TXN1008109,ACC100718,ACC100424,531.31,2026-05-26 10:21:00,CARD,DEV1011
TXN1008110,ACC100911,ACC100140,9804.97,2026-06-12 02:33:00,IMPS,DEV1148
TXN1008111,ACC100927,ACC100440,247.86,2026-04-25 14:24:00,NEFT,DEV1073
TXN1008112,ACC100517,ACC100117,518.42,2026-02-08 23:23:00,NEFT,DEV1289
TXN1008113,ACC100536,ACC100884,285.77,2026-02-18 13:32:00,IMPS,DEV1026
TXN1008114,ACC100468,ACC100837,12702.82,2026-03-10 21:13:00,BANK_TRANSFER,DEV1286
TXN1008115,ACC100802,ACC100859,5556.33,2026-03-09 19:57:00,NEFT,DEV1038
TXN1008116,ACC100867,ACC100176,199.03,2026-04-10 00:09:00,BANK_TRANSFER,DEV1076
TXN1008117,ACC100000,ACC100250,407.2,2026-02-27 02:41:00,NEFT,DEV1221
TXN1008118,ACC100378,ACC100427,424.12,2026-06-25 12:04:00,CARD,DEV1061
TXN1008119,ACC100777,ACC100429,566.3,2026-04-11 12:05:00,CARD,DEV1262
TXN1008120,ACC100646,ACC100098,313.77,2026-02-24 00:46:00,NEFT,DEV1294
TXN1008121,ACC100638,ACC100353,530.12,2026-01-15 10:20:00,IMPS,DEV1256
TXN1008122,ACC100583,ACC100691,3662.3,2026-04-12 09:55:00,UPI,DEV1203
TXN1008123,ACC100277,ACC100360,11342.3,2026-01-11 18:02:00,CARD,DEV1073
TXN1008124,ACC100896,ACC100741,171.87,2026-06-30 19:14:00,NEFT,DEV1097
TXN1008125,ACC100813,ACC100908,314.4,2026-02-03 04:20:00,IMPS,DEV1011
TXN1008126,ACC100483,ACC100151,1416.96,2026-03-11 18:51:00,CARD,DEV1197
TXN1008127,ACC100260,ACC100096,164.62,2026-02-17 14:06:00,UPI,DEV1111
TXN1008128,ACC100685,ACC100887,1461.65,2026-05-26 12:25:00,NEFT,DEV1250
TXN1008129,ACC100257,ACC100328,2096.71,2026-05-20 13:32:00,UPI,DEV1258
TXN1008130,ACC100763,ACC100013,2542.19,2026-06-26 11:01:00,BANK_TRANSFER,DEV1102
TXN1008131,ACC100590,ACC100251,2027.53,2026-03-21 01:14:00,BANK_TRANSFER,DEV1112
TXN1008132,ACC100377,ACC100277,576.92,2026-06-12 09:31:00,IMPS,DEV1242
TXN1008133,ACC100527,ACC100543,881.83,2026-04-01 19:16:00,BANK_TRANSFER,DEV1261
TXN1008134,ACC100127,ACC100603,266.28,2026-02-14 00:31:00,CARD,DEV1196
TXN1008135,ACC100381,ACC100390,1914.49,2026-06-06 06:41:00,IMPS,DEV1189
TXN1008136,ACC100680,ACC100937,7510.31,2026-06-03 14:09:00,IMPS,DEV1234
TXN1008137,ACC100446,ACC100704,1909.58,2026-02-11 04:44:00,IMPS,DEV1212
TXN1008138,ACC100551,ACC100241,476.28,2026-01-22 05:56:00,CARD,DEV1174
TXN1008139,ACC100236,ACC100927,3618.27,2026-03-07 04:11:00,BANK_TRANSFER,DEV1105
TXN1008140,ACC100627,ACC100757,18746.76,2026-06-05 11:45:00,NEFT,DEV1240
TXN1008141,ACC100855,ACC100574,1468.18,2026-01-09 05:29:00,IMPS,DEV1263
TXN1008142,ACC100018,ACC100090,2133.18,2026-04-27 16:58:00,UPI,DEV1013
TXN1008143,ACC100430,ACC100133,2473.13,2026-05-25 10:06:00,NEFT,DEV1009
TXN1008144,ACC100136,ACC100766,159.92,2026-04-09 22:32:00,BANK_TRANSFER,DEV1146
TXN1008145,ACC100273,ACC100465,669.58,2026-02-27 12:27:00,IMPS,DEV1142
TXN1008146,ACC100097,ACC100901,591.91,2026-06-14 09:37:00,IMPS,DEV1037
TXN1008147,ACC100031,ACC100760,2986.45,2026-02-25 06:21:00,IMPS,DEV1063
TXN1008148,ACC100846,ACC100541,2596.82,2026-04-21 22:37:00,CARD,DEV1239
TXN1008149,ACC100877,ACC100586,948.72,2026-06-13 01:42:00,CARD,DEV1216
TXN1008150,ACC100655,ACC100498,550.79,2026-03-07 16:03:00,CARD,DEV1069
TXN1008151,ACC100769,ACC100052,144.91,2026-01-25 02:42:00,UPI,DEV1151
TXN1008152,ACC100001,ACC100564,1076.54,2026-02-28 17:23:00,NEFT,DEV1126
TXN1008153,ACC100759,ACC100479,348.81,2026-05-23 05:55:00,CARD,DEV1009
TXN1008154,ACC100811,ACC100086,300.61,2026-06-14 18:38:00,CARD,DEV1240
TXN1008155,ACC100728,ACC100487,3332.65,2026-06-08 11:48:00,IMPS,DEV1096
TXN1008156,ACC100887,ACC100955,2940.41,2026-03-14 04:51:00,IMPS,DEV1166
TXN1008157,ACC100216,ACC100605,610.14,2026-02-27 21:01:00,IMPS,DEV1068
TXN1008158,ACC100270,ACC100131,166.86,2026-04-03 16:48:00,CARD,DEV1230
TXN1008159,ACC100788,ACC100185,407.09,2026-04-27 15:34:00,NEFT,DEV1185
TXN1008160,ACC100456,ACC100690,3611.59,2026-03-28 01:38:00,IMPS,DEV1054
TXN1008161,ACC100674,ACC100823,1922.27,2026-05-14 17:56:00,NEFT,DEV1095
TXN1008162,ACC100095,ACC100102,622.56,2026-03-14 17:57:00,NEFT,DEV1221
TXN1008163,ACC100035,ACC100232,1176.74,2026-04-07 06:28:00,BANK_TRANSFER,DEV1117
TXN1008164,ACC100596,ACC100846,90.94,2026-04-12 18:14:00,CARD,DEV1277
TXN1008165,ACC100852,ACC100517,83.04,2026-03-18 06:01:00,UPI,DEV1146
TXN1008166,ACC100473,ACC100339,11761.09,2026-06-26 21:21:00,BANK_TRANSFER,DEV1286
TXN1008167,ACC100252,ACC100377,2013.91,2026-06-19 17:10:00,BANK_TRANSFER,DEV1159
TXN1008168,ACC100457,ACC100770,1098.82,2026-05-02 01:54:00,CARD,DEV1295
TXN1008169,ACC100718,ACC100975,681.06,2026-03-04 23:17:00,BANK_TRANSFER,DEV1090
TXN1008170,ACC100538,ACC100348,132.4,2026-03-03 04:27:00,UPI,DEV1076
TXN1008171,ACC100996,ACC100956,3611.42,2026-03-23 10:35:00,CARD,DEV1041
TXN1008172,ACC100872,ACC100429,280.26,2026-06-20 22:01:00,CARD,DEV1148
TXN1008173,ACC100421,ACC100764,2552.99,2026-04-24 22:00:00,CARD,DEV1268
TXN1008174,ACC100680,ACC100812,1284.85,2026-01-18 17:44:00,BANK_TRANSFER,DEV1264
TXN1008175,ACC100806,ACC100444,1030.18,2026-02-25 14:08:00,UPI,DEV1115
TXN1008176,ACC100890,ACC100587,229.79,2026-03-25 21:06:00,NEFT,DEV1167
TXN1008177,ACC100804,ACC100599,233.49,2026-02-04 02:12:00,UPI,DEV1286
TXN1008178,ACC100343,ACC100766,1750.96,2026-04-23 05:54:00,IMPS,DEV1170
TXN1008179,ACC100984,ACC100645,1205.99,2026-01-14 02:58:00,BANK_TRANSFER,DEV1143
TXN1008180,ACC100471,ACC100218,1160.49,2026-05-07 16:38:00,BANK_TRANSFER,DEV1216
TXN1008181,ACC100140,ACC100410,1545.73,2026-06-22 06:42:00,BANK_TRANSFER,DEV1298
TXN1008182,ACC100388,ACC100904,107.33,2026-04-01 09:58:00,BANK_TRANSFER,DEV1252
TXN1008183,ACC100695,ACC100475,3707.72,2026-05-26 02:55:00,CARD,DEV1283
TXN1008184,ACC100642,ACC100646,715.46,2026-02-09 04:36:00,UPI,DEV1022
TXN1008185,ACC100563,ACC100735,4462.99,2026-06-15 04:12:00,UPI,DEV1015
TXN1008186,ACC100099,ACC100760,98.5,2026-03-07 06:04:00,BANK_TRANSFER,DEV1208
TXN1008187,ACC100683,ACC100426,2170.76,2026-06-02 01:58:00,CARD,DEV1093
TXN1008188,ACC100327,ACC100087,2146.29,2026-03-24 16:40:00,NEFT,DEV1300
TXN1008189,ACC100348,ACC100110,184.31,2026-03-06 19:53:00,UPI,DEV1289
TXN1008190,ACC100716,ACC100407,509.23,2026-04-24 03:21:00,UPI,DEV1261
TXN1008191,ACC100008,ACC100001,307.54,2026-03-09 21:32:00,NEFT,DEV1263
TXN1008192,ACC100711,ACC100495,3089.78,2026-02-16 09:18:00,IMPS,DEV1089
TXN1008193,ACC100495,ACC100878,1588.69,2026-06-22 21:52:00,NEFT,DEV1201
TXN1008194,ACC100433,ACC100357,7469.76,2026-06-30 22:30:00,IMPS,DEV1152
TXN1008195,ACC100835,ACC100528,1399.04,2026-02-20 01:31:00,NEFT,DEV1058
TXN1008196,ACC100467,ACC100127,2640.42,2026-05-31 15:51:00,IMPS,DEV1169
TXN1008197,ACC100065,ACC100184,4475.68,2026-06-17 07:24:00,NEFT,DEV1105
TXN1008198,ACC100777,ACC100965,2133.06,2026-03-02 11:10:00,IMPS,DEV1221
TXN1008199,ACC100474,ACC100382,691.58,2026-06-22 15:16:00,CARD,DEV1254
TXN1008200,ACC100454,ACC100217,553.16,2026-03-06 04:26:00,CARD,DEV1171
TXN1008201,ACC100544,ACC100874,996.57,2026-05-04 11:00:00,UPI,DEV1105
TXN1008202,ACC100681,ACC100071,2852.36,2026-01-03 10:13:00,BANK_TRANSFER,DEV1224
TXN1008203,ACC100613,ACC100094,437.32,2026-03-07 00:02:00,CARD,DEV1244
TXN1008204,ACC100076,ACC100644,2398.47,2026-06-25 21:25:00,IMPS,DEV1261
TXN1008205,ACC100030,ACC100978,1615.11,2026-04-16 02:54:00,BANK_TRANSFER,DEV1018
TXN1008206,ACC100492,ACC100862,243.72,2026-03-09 13:27:00,CARD,DEV1211
TXN1008207,ACC100618,ACC100781,2262.54,2026-05-08 22:49:00,NEFT,DEV1242
TXN1008208,ACC100155,ACC100812,1300.24,2026-01-24 15:40:00,UPI,DEV1087
TXN1008209,ACC100296,ACC100786,566.44,2026-02-28 12:34:00,CARD,DEV1216
TXN1008210,ACC100512,ACC100672,1277.82,2026-03-04 01:43:00,IMPS,DEV1078
TXN1008211,ACC100356,ACC100775,593.49,2026-02-20 13:12:00,BANK_TRANSFER,DEV1190
TXN1008212,ACC100732,ACC100147,1476.17,2026-04-03 11:07:00,BANK_TRANSFER,DEV1228
TXN1008213,ACC100745,ACC100753,896.45,2026-04-08 16:42:00,IMPS,DEV1163
TXN1008214,ACC100746,ACC100010,174.88,2026-05-02 19:07:00,UPI,DEV1028
TXN1008215,ACC100677,ACC100511,929.23,2026-02-15 17:50:00,IMPS,DEV1152
TXN1008216,ACC100831,ACC100472,644.7,2026-04-09 09:08:00,CARD,DEV1036
TXN1008217,ACC100187,ACC100696,2351.25,2026-04-07 03:00:00,NEFT,DEV1104
TXN1008218,ACC100672,ACC100414,3151.78,2026-06-21 08:04:00,UPI,DEV1293
TXN1008219,ACC100404,ACC100180,595.38,2026-04-23 11:23:00,CARD,DEV1152
TXN1008220,ACC100261,ACC100228,425.27,2026-05-29 01:18:00,BANK_TRANSFER,DEV1163
TXN1008221,ACC100065,ACC100644,146.03,2026-06-04 11:29:00,CARD,DEV1205
TXN1008222,ACC100222,ACC100016,412.88,2026-01-16 22:15:00,CARD,DEV1102
TXN1008223,ACC100399,ACC100148,744.03,2026-01-31 01:50:00,NEFT,DEV1039
TXN1008224,ACC100398,ACC100265,219.84,2026-01-15 15:12:00,BANK_TRANSFER,DEV1236
TXN1008225,ACC100891,ACC100758,3202.75,2026-06-15 01:53:00,NEFT,DEV1256
TXN1008226,ACC100110,ACC100092,1502.06,2026-02-22 22:19:00,NEFT,DEV1100
TXN1008227,ACC100894,ACC100954,949.09,2026-06-26 16:15:00,IMPS,DEV1212
TXN1008228,ACC100373,ACC100953,1074.91,2026-02-10 16:28:00,IMPS,DEV1162
TXN1008229,ACC100594,ACC100767,1583.28,2026-05-20 13:23:00,CARD,DEV1235
TXN1008230,ACC100480,ACC100713,2344.23,2026-01-16 11:25:00,NEFT,DEV1152
TXN1008231,ACC100529,ACC100606,2895.2,2026-05-30 01:15:00,CARD,DEV1045
TXN1008232,ACC100186,ACC100710,756.76,2026-05-31 20:39:00,CARD,DEV1049
TXN1008233,ACC100333,ACC100299,924.89,2026-06-30 18:44:00,IMPS,DEV1244
TXN1008234,ACC100009,ACC100050,1349.6,2026-06-18 04:20:00,BANK_TRANSFER,DEV1126
TXN1008235,ACC100222,ACC100794,880.67,2026-06-28 03:34:00,IMPS,DEV1065
TXN1008236,ACC100400,ACC100521,3123.72,2026-05-27 06:39:00,CARD,DEV1134
TXN1008237,ACC100430,ACC100020,4782.83,2026-02-10 02:11:00,IMPS,DEV1222
TXN1008238,ACC100776,ACC100558,1657.21,2026-05-18 09:48:00,UPI,DEV1184
TXN1008239,ACC100511,ACC100493,368.77,2026-01-22 23:39:00,IMPS,DEV1034
TXN1008240,ACC100538,ACC100272,2018.44,2026-02-14 23:54:00,NEFT,DEV1032
TXN1008241,ACC100739,ACC100604,1737.91,2026-04-01 14:07:00,UPI,DEV1242
TXN1008242,ACC100446,ACC100682,333.47,2026-04-04 11:28:00,BANK_TRANSFER,DEV1080
TXN1008243,ACC100158,ACC100225,1735.62,2026-06-27 12:34:00,NEFT,DEV1066
TXN1008244,ACC100707,ACC100559,570.76,2026-03-24 18:59:00,CARD,DEV1013
TXN1008245,ACC100890,ACC100919,2684.67,2026-04-22 06:39:00,UPI,DEV1077
TXN1008246,ACC100786,ACC100151,1998.84,2026-05-21 06:03:00,BANK_TRANSFER,DEV1114
TXN1008247,ACC100816,ACC100241,1433.08,2026-04-02 04:54:00,BANK_TRANSFER,DEV1224
TXN1008248,ACC100539,ACC100627,1148.55,2026-05-08 03:32:00,NEFT,DEV1099
TXN1008249,ACC100359,ACC100822,84.77,2026-06-03 22:08:00,CARD,DEV1153
TXN1008250,ACC100496,ACC100965,255.41,2026-02-10 14:00:00,BANK_TRANSFER,DEV1158
TXN1008251,ACC100870,ACC100755,937.33,2026-05-08 09:04:00,CARD,DEV1141
TXN1008252,ACC100692,ACC100368,6790.37,2026-03-24 01:09:00,CARD,DEV1077
TXN1008253,ACC100918,ACC100532,2159.47,2026-03-04 03:30:00,UPI,DEV1062
TXN1008254,ACC100563,ACC100971,9670.7,2026-04-01 23:21:00,UPI,DEV1269
TXN1008255,ACC100559,ACC100050,1211.46,2026-05-19 16:23:00,NEFT,DEV1206
TXN1008256,ACC100757,ACC100317,1056.78,2026-03-31 00:52:00,NEFT,DEV1277
TXN1008257,ACC100113,ACC100666,6064.15,2026-01-04 10:55:00,BANK_TRANSFER,DEV1005
TXN1008258,ACC100111,ACC100001,905.91,2026-05-24 21:54:00,BANK_TRANSFER,DEV1215
TXN1008259,ACC100498,ACC100608,335.71,2026-05-06 08:52:00,NEFT,DEV1255
TXN1008260,ACC100445,ACC100081,1603.76,2026-05-31 07:14:00,CARD,DEV1272
TXN1008261,ACC100830,ACC100790,4217.58,2026-05-21 14:34:00,CARD,DEV1099
TXN1008262,ACC100849,ACC100393,407.02,2026-06-12 10:05:00,CARD,DEV1169
TXN1008263,ACC100248,ACC100958,2223.53,2026-02-26 07:59:00,NEFT,DEV1227
TXN1008264,ACC100453,ACC100283,980.55,2026-05-27 13:56:00,IMPS,DEV1101
TXN1008265,ACC100975,ACC100491,1884.88,2026-05-28 05:02:00,IMPS,DEV1220
TXN1008266,ACC100941,ACC100913,1597.57,2026-02-13 17:08:00,UPI,DEV1038
TXN1008267,ACC100353,ACC100000,667.03,2026-02-16 07:27:00,CARD,DEV1148
TXN1008268,ACC100211,ACC100562,965.43,2026-06-13 17:01:00,IMPS,DEV1147
TXN1008269,ACC100320,ACC100051,717.75,2026-03-24 05:37:00,UPI,DEV1148
TXN1008270,ACC100008,ACC100327,1264.58,2026-06-12 00:07:00,NEFT,DEV1242
TXN1008271,ACC100133,ACC100769,397.3,2026-04-17 00:54:00,BANK_TRANSFER,DEV1244
TXN1008272,ACC100885,ACC100930,529.27,2026-06-14 19:14:00,CARD,DEV1083
TXN1008273,ACC100609,ACC100077,667.31,2026-03-11 12:07:00,BANK_TRANSFER,DEV1249
TXN1008274,ACC100461,ACC100241,1754.68,2026-04-15 12:53:00,UPI,DEV1292
TXN1008275,ACC100545,ACC100769,200.61,2026-03-23 19:49:00,UPI,DEV1285
TXN1008276,ACC100095,ACC100449,964.34,2026-03-18 16:32:00,IMPS,DEV1199
TXN1008277,ACC100446,ACC100373,468.79,2026-02-22 20:57:00,CARD,DEV1270
TXN1008278,ACC100539,ACC100358,669.35,2026-05-15 15:22:00,NEFT,DEV1259
TXN1008279,ACC100765,ACC100609,496.61,2026-06-24 23:12:00,NEFT,DEV1185
TXN1008280,ACC100463,ACC100119,1385.04,2026-03-04 03:51:00,BANK_TRANSFER,DEV1274
TXN1008281,ACC100259,ACC100982,908.2,2026-03-09 09:00:00,BANK_TRANSFER,DEV1199
TXN1008282,ACC100066,ACC100940,2575.84,2026-04-22 08:17:00,BANK_TRANSFER,DEV1163
TXN1008283,ACC100185,ACC100347,1775.93,2026-05-03 08:33:00,CARD,DEV1244
TXN1008284,ACC100494,ACC100284,173.39,2026-03-02 14:58:00,IMPS,DEV1040
TXN1008285,ACC100145,ACC100227,346.54,2026-05-10 09:21:00,BANK_TRANSFER,DEV1233
TXN1008286,ACC100455,ACC100378,890.93,2026-04-09 02:28:00,BANK_TRANSFER,DEV1041
TXN1008287,ACC100950,ACC100561,1041.56,2026-05-25 17:43:00,CARD,DEV1170
TXN1008288,ACC100382,ACC100504,385.24,2026-06-01 22:49:00,BANK_TRANSFER,DEV1113
TXN1008289,ACC100129,ACC100748,5243.63,2026-02-17 20:17:00,UPI,DEV1014
TXN1008290,ACC100940,ACC100061,3095.25,2026-03-24 20:06:00,UPI,DEV1163
TXN1008291,ACC100293,ACC100359,152.37,2026-01-30 14:57:00,IMPS,DEV1194
TXN1008292,ACC100329,ACC100563,1659.9,2026-04-04 09:42:00,UPI,DEV1165
TXN1008293,ACC100746,ACC100580,1037.99,2026-01-18 19:30:00,IMPS,DEV1141
TXN1008294,ACC100310,ACC100947,4878.78,2026-02-17 09:54:00,CARD,DEV1064
TXN1008295,ACC100880,ACC100673,166.69,2026-05-01 03:31:00,IMPS,DEV1096
TXN1008296,ACC100624,ACC100239,12988.58,2026-03-05 01:53:00,CARD,DEV1172
TXN1008297,ACC100242,ACC100207,398.8,2026-04-06 06:38:00,NEFT,DEV1241
TXN1008298,ACC100321,ACC100955,1727.16,2026-05-30 22:53:00,BANK_TRANSFER,DEV1010
TXN1008299,ACC100584,ACC100405,529.73,2026-02-10 17:11:00,IMPS,DEV1061
TXN1008300,ACC100608,ACC100413,698.27,2026-01-01 17:55:00,CARD,DEV1286
TXN1008301,ACC100500,ACC100782,144.42,2026-06-11 11:06:00,CARD,DEV1258
TXN1008302,ACC100667,ACC100880,4611.3,2026-05-22 04:59:00,CARD,DEV1097
TXN1008303,ACC100476,ACC100872,793.48,2026-04-19 08:26:00,UPI,DEV1240
TXN1008304,ACC100466,ACC100224,860.93,2026-05-29 21:53:00,BANK_TRANSFER,DEV1126
TXN1008305,ACC100888,ACC100447,17588.11,2026-04-09 14:03:00,UPI,DEV1291
TXN1008306,ACC100511,ACC100673,3467.99,2026-05-26 17:01:00,BANK_TRANSFER,DEV1166
TXN1008307,ACC100952,ACC100343,491.75,2026-01-03 01:53:00,NEFT,DEV1142
TXN1008308,ACC100372,ACC100677,527.26,2026-01-12 15:08:00,IMPS,DEV1204
TXN1008309,ACC100160,ACC100967,1497.81,2026-06-06 00:55:00,UPI,DEV1008
TXN1008310,ACC100951,ACC100452,2765.22,2026-06-06 07:53:00,IMPS,DEV1075
TXN1008311,ACC100414,ACC100364,8981.57,2026-02-07 15:18:00,BANK_TRANSFER,DEV1081
TXN1008312,ACC100353,ACC100296,159.22,2026-04-09 08:06:00,UPI,DEV1170
TXN1008313,ACC100636,ACC100311,2623.92,2026-06-21 02:40:00,NEFT,DEV1217
TXN1008314,ACC100511,ACC100123,3181.8,2026-01-18 15:39:00,CARD,DEV1163
TXN1008315,ACC100208,ACC100598,425.21,2026-05-22 15:05:00,IMPS,DEV1142
TXN1008316,ACC100820,ACC100652,711.72,2026-03-22 18:53:00,UPI,DEV1283
TXN1008317,ACC100471,ACC100686,155.03,2026-01-09 17:16:00,BANK_TRANSFER,DEV1155
TXN1008318,ACC100007,ACC100506,601.2,2026-03-26 10:45:00,IMPS,DEV1281
TXN1008319,ACC100825,ACC100002,1448.83,2026-04-04 06:40:00,CARD,DEV1173
TXN1008320,ACC100633,ACC100641,7427.47,2026-05-03 04:50:00,CARD,DEV1267
TXN1008321,ACC100222,ACC100891,8296.91,2026-06-08 12:39:00,UPI,DEV1232
TXN1008322,ACC100758,ACC100714,318.89,2026-01-07 11:55:00,UPI,DEV1097
TXN1008323,ACC100872,ACC100046,6307.1,2026-04-15 20:41:00,CARD,DEV1229
TXN1008324,ACC100186,ACC100066,105.72,2026-02-02 18:15:00,UPI,DEV1162
TXN1008325,ACC100397,ACC100560,543.53,2026-03-04 18:52:00,CARD,DEV1014
TXN1008326,ACC100847,ACC100953,763.43,2026-02-16 16:30:00,BANK_TRANSFER,DEV1170
TXN1008327,ACC100229,ACC100460,1483.48,2026-05-26 19:00:00,IMPS,DEV1057
TXN1008328,ACC100295,ACC100983,1246.15,2026-05-27 05:49:00,NEFT,DEV1043
TXN1008329,ACC100228,ACC100484,1700.77,2026-01-27 16:21:00,IMPS,DEV1001
TXN1008330,ACC100891,ACC100907,880.47,2026-04-20 23:30:00,IMPS,DEV1289
TXN1008331,ACC100036,ACC100848,3468.6,2026-05-16 12:41:00,BANK_TRANSFER,DEV1110
TXN1008332,ACC100034,ACC100417,2515.44,2026-05-24 08:54:00,BANK_TRANSFER,DEV1104
TXN1008333,ACC100881,ACC100435,774.74,2026-05-13 04:13:00,CARD,DEV1226
TXN1008334,ACC100165,ACC100203,3013.55,2026-05-18 13:28:00,CARD,DEV1172
TXN1008335,ACC100682,ACC100423,13123.01,2026-01-12 13:37:00,CARD,DEV1246
TXN1008336,ACC100380,ACC100956,488.87,2026-03-31 19:15:00,NEFT,DEV1229
TXN1008337,ACC100803,ACC100249,8187.83,2026-03-25 09:55:00,UPI,DEV1001
TXN1008338,ACC100326,ACC100966,544.48,2026-06-13 22:50:00,CARD,DEV1246
TXN1008339,ACC100921,ACC100674,5957.41,2026-02-03 12:04:00,UPI,DEV1150
TXN1008340,ACC100040,ACC100183,569.57,2026-03-26 23:29:00,BANK_TRANSFER,DEV1257
TXN1008341,ACC100561,ACC100066,2748.46,2026-01-07 21:26:00,BANK_TRANSFER,DEV1163
TXN1008342,ACC100825,ACC100333,1360.43,2026-05-16 15:16:00,IMPS,DEV1108
TXN1008343,ACC100350,ACC100496,128.73,2026-05-09 09:57:00,NEFT,DEV1241
TXN1008344,ACC100644,ACC100152,10923.4,2026-01-12 17:58:00,UPI,DEV1078
TXN1008345,ACC100295,ACC100963,374.45,2026-01-30 00:33:00,NEFT,DEV1043
TXN1008346,ACC100378,ACC100060,239.0,2026-04-30 10:20:00,BANK_TRANSFER,DEV1125
TXN1008347,ACC100119,ACC100415,509.11,2026-04-08 00:28:00,BANK_TRANSFER,DEV1060
TXN1008348,ACC100438,ACC100784,22868.07,2026-06-24 03:54:00,UPI,DEV1175
TXN1008349,ACC100650,ACC100375,243.6,2026-06-11 13:03:00,CARD,DEV1045
TXN1008350,ACC100236,ACC100663,1358.17,2026-03-14 00:34:00,NEFT,DEV1225
TXN1008351,ACC100679,ACC100670,284.92,2026-04-02 01:32:00,UPI,DEV1021
TXN1008352,ACC100892,ACC100849,350.01,2026-03-21 11:27:00,BANK_TRANSFER,DEV1154
TXN1008353,ACC100034,ACC100971,160.89,2026-06-14 18:54:00,BANK_TRANSFER,DEV1070
TXN1008354,ACC100133,ACC100641,1600.71,2026-05-03 00:47:00,CARD,DEV1292
TXN1008355,ACC100637,ACC100698,903.74,2026-01-10 22:12:00,CARD,DEV1158
TXN1008356,ACC100621,ACC100808,282.13,2026-03-20 21:17:00,IMPS,DEV1170
TXN1008357,ACC100447,ACC100664,3127.05,2026-03-31 23:45:00,BANK_TRANSFER,DEV1020
TXN1008358,ACC100942,ACC100694,3549.16,2026-02-27 22:22:00,CARD,DEV1108
TXN1008359,ACC100575,ACC100222,1787.66,2026-04-14 09:59:00,CARD,DEV1071
TXN1008360,ACC100891,ACC100168,4468.48,2026-03-19 12:23:00,NEFT,DEV1261
TXN1008361,ACC100938,ACC100761,721.4,2026-01-25 16:32:00,UPI,DEV1268
TXN1008362,ACC100747,ACC100226,1614.61,2026-03-02 11:55:00,UPI,DEV1151
TXN1008363,ACC100892,ACC100658,724.75,2026-06-20 06:16:00,NEFT,DEV1139
TXN1008364,ACC100662,ACC100651,179.68,2026-06-06 21:31:00,CARD,DEV1205
TXN1008365,ACC100719,ACC100253,1426.67,2026-06-21 20:44:00,UPI,DEV1020
TXN1008366,ACC100747,ACC100035,1326.65,2026-03-08 12:11:00,IMPS,DEV1280
TXN1008367,ACC100018,ACC100279,1057.61,2026-06-29 18:46:00,BANK_TRANSFER,DEV1213
TXN1008368,ACC100507,ACC100647,1717.54,2026-02-12 10:47:00,UPI,DEV1154
TXN1008369,ACC100010,ACC100703,5968.69,2026-05-28 12:51:00,UPI,DEV1224
TXN1008370,ACC100052,ACC100578,858.08,2026-05-29 17:08:00,CARD,DEV1107
TXN1008371,ACC100075,ACC100509,347.72,2026-01-04 20:08:00,BANK_TRANSFER,DEV1059
TXN1008372,ACC100908,ACC100407,814.6,2026-04-15 18:12:00,BANK_TRANSFER,DEV1052
TXN1008373,ACC100228,ACC100914,930.57,2026-01-05 07:50:00,BANK_TRANSFER,DEV1150
TXN1008374,ACC100388,ACC100617,3569.95,2026-01-28 23:11:00,IMPS,DEV1281
TXN1008375,ACC100098,ACC100373,1246.38,2026-01-14 03:27:00,CARD,DEV1129
TXN1008376,ACC100333,ACC100267,276.49,2026-04-15 13:08:00,IMPS,DEV1189
TXN1008377,ACC100449,ACC100237,2882.89,2026-01-29 05:17:00,NEFT,DEV1112
TXN1008378,ACC100431,ACC100110,2378.33,2026-02-02 15:03:00,CARD,DEV1256
TXN1008379,ACC100463,ACC100404,1247.03,2026-02-14 05:31:00,BANK_TRANSFER,DEV1181
TXN1008380,ACC100950,ACC100510,3421.71,2026-06-13 19:56:00,NEFT,DEV1250
TXN1008381,ACC100286,ACC100372,4182.77,2026-01-10 18:57:00,UPI,DEV1288
TXN1008382,ACC100663,ACC100517,697.2,2026-06-07 15:24:00,UPI,DEV1238
TXN1008383,ACC100925,ACC100237,372.34,2026-06-16 07:31:00,UPI,DEV1172
TXN1008384,ACC100792,ACC100507,1081.12,2026-01-25 14:28:00,UPI,DEV1142
TXN1008385,ACC100176,ACC100391,2087.94,2026-01-22 09:02:00,NEFT,DEV1229
TXN1008386,ACC100089,ACC100918,966.4,2026-04-17 11:21:00,UPI,DEV1135
TXN1008387,ACC100268,ACC100784,334.92,2026-01-27 12:37:00,IMPS,DEV1220
TXN1008388,ACC100267,ACC100290,1333.03,2026-03-30 23:17:00,BANK_TRANSFER,DEV1073
TXN1008389,ACC100613,ACC100924,95.56,2026-04-17 20:20:00,NEFT,DEV1188
TXN1008390,ACC100263,ACC100088,742.96,2026-06-18 22:58:00,BANK_TRANSFER,DEV1058
TXN1008391,ACC100855,ACC100224,3045.44,2026-04-29 19:02:00,UPI,DEV1130
TXN1008392,ACC100609,ACC100518,3250.38,2026-05-05 14:37:00,IMPS,DEV1010
TXN1008393,ACC100617,ACC100193,12.04,2026-05-21 06:33:00,CARD,DEV1126
TXN1008394,ACC100608,ACC100401,870.35,2026-03-25 05:37:00,NEFT,DEV1088
TXN1008395,ACC100836,ACC100486,2251.0,2026-06-21 14:13:00,UPI,DEV1248
TXN1008396,ACC100288,ACC100675,267.39,2026-06-23 04:07:00,NEFT,DEV1223
TXN1008397,ACC100267,ACC100865,701.8,2026-03-11 00:06:00,IMPS,DEV1222
TXN1008398,ACC100710,ACC100126,4671.61,2026-02-18 12:01:00,IMPS,DEV1144
TXN1008399,ACC100158,ACC100333,613.39,2026-04-01 11:39:00,CARD,DEV1044
TXN1008400,ACC100570,ACC100202,7467.91,2026-02-06 14:41:00,IMPS,DEV1045
TXN1008401,ACC100212,ACC100546,450.6,2026-03-07 04:11:00,NEFT,DEV1176
TXN1008402,ACC100074,ACC100862,5954.22,2026-01-03 19:38:00,NEFT,DEV1139
TXN1008403,ACC100952,ACC100135,1141.7,2026-06-10 12:21:00,IMPS,DEV1246
TXN1008404,ACC100347,ACC100006,382.22,2026-04-05 13:43:00,BANK_TRANSFER,DEV1257
TXN1008405,ACC100653,ACC100063,5978.09,2026-05-11 09:20:00,BANK_TRANSFER,DEV1088
TXN1008406,ACC100713,ACC100013,257.81,2026-04-23 05:20:00,CARD,DEV1036
TXN1008407,ACC100154,ACC100400,421.93,2026-02-18 07:00:00,NEFT,DEV1016
TXN1008408,ACC100708,ACC100679,1974.17,2026-02-17 22:24:00,BANK_TRANSFER,DEV1108
TXN1008409,ACC100500,ACC100542,1208.31,2026-01-27 08:28:00,IMPS,DEV1208
TXN1008410,ACC100481,ACC100162,1523.49,2026-04-26 08:26:00,IMPS,DEV1079
TXN1008411,ACC100899,ACC100419,704.87,2026-02-02 15:19:00,CARD,DEV1219
TXN1008412,ACC100449,ACC100298,260.01,2026-04-22 20:58:00,NEFT,DEV1259
TXN1008413,ACC100812,ACC100520,501.34,2026-02-01 19:49:00,NEFT,DEV1197
TXN1008414,ACC100550,ACC100992,5348.01,2026-04-25 21:51:00,CARD,DEV1150
TXN1008415,ACC100597,ACC100702,220.44,2026-02-08 19:37:00,NEFT,DEV1137
TXN1008416,ACC100621,ACC100625,7890.08,2026-02-19 02:29:00,IMPS,DEV1213
TXN1008417,ACC100500,ACC100354,1602.04,2026-06-13 16:53:00,IMPS,DEV1206
TXN1008418,ACC100418,ACC100516,535.84,2026-03-08 20:36:00,UPI,DEV1169
TXN1008419,ACC100235,ACC100414,99.24,2026-06-16 14:25:00,CARD,DEV1256
TXN1008420,ACC100214,ACC100781,116.18,2026-02-17 01:05:00,IMPS,DEV1038
TXN1008421,ACC100406,ACC100126,715.47,2026-02-22 03:39:00,CARD,DEV1230
TXN1008422,ACC100611,ACC100015,618.65,2026-03-29 08:18:00,NEFT,DEV1021
TXN1008423,ACC100937,ACC100212,1263.07,2026-05-22 23:13:00,BANK_TRANSFER,DEV1113
TXN1008424,ACC100193,ACC100204,8629.77,2026-01-27 22:19:00,NEFT,DEV1049
TXN1008425,ACC100524,ACC100016,2090.4,2026-01-27 13:35:00,CARD,DEV1143
TXN1008426,ACC100553,ACC100837,939.71,2026-01-03 05:22:00,IMPS,DEV1216
TXN1008427,ACC100138,ACC100550,4723.06,2026-01-15 04:04:00,BANK_TRANSFER,DEV1113
TXN1008428,ACC100512,ACC100541,1313.94,2026-06-27 20:58:00,NEFT,DEV1099
TXN1008429,ACC100073,ACC100112,7477.48,2026-04-01 09:25:00,IMPS,DEV1288
TXN1008430,ACC100495,ACC100557,489.55,2026-01-25 12:16:00,CARD,DEV1125
TXN1008431,ACC100266,ACC100828,276.62,2026-01-23 10:50:00,BANK_TRANSFER,DEV1043
TXN1008432,ACC100022,ACC100689,99.44,2026-04-07 14:33:00,UPI,DEV1256
TXN1008433,ACC100430,ACC100866,966.33,2026-02-16 08:02:00,CARD,DEV1180
TXN1008434,ACC100061,ACC100296,249.24,2026-04-12 01:17:00,IMPS,DEV1210
TXN1008435,ACC100934,ACC100668,245.04,2026-02-14 04:53:00,NEFT,DEV1253
TXN1008436,ACC100565,ACC100654,3794.03,2026-06-04 04:29:00,IMPS,DEV1172
TXN1008437,ACC100107,ACC100653,138.86,2026-05-21 23:46:00,IMPS,DEV1218
TXN1008438,ACC100984,ACC100656,1241.74,2026-01-26 08:21:00,NEFT,DEV1022
TXN1008439,ACC100978,ACC100425,992.39,2026-02-02 02:13:00,UPI,DEV1271
TXN1008440,ACC100296,ACC100033,1224.83,2026-01-20 11:01:00,CARD,DEV1297
TXN1008441,ACC100508,ACC100945,5772.86,2026-06-16 00:36:00,CARD,DEV1069
TXN1008442,ACC100726,ACC100629,407.15,2026-05-15 02:11:00,UPI,DEV1288
TXN1008443,ACC100626,ACC100489,5778.72,2026-06-14 12:04:00,IMPS,DEV1216
TXN1008444,ACC100543,ACC100405,132.66,2026-04-18 12:46:00,UPI,DEV1273
TXN1008445,ACC100219,ACC100428,2394.4,2026-05-22 03:10:00,CARD,DEV1285
TXN1008446,ACC100952,ACC100828,6448.79,2026-06-22 05:35:00,UPI,DEV1148
TXN1008447,ACC100042,ACC100453,8.46,2026-02-27 16:04:00,IMPS,DEV1027
TXN1008448,ACC100538,ACC100702,1051.03,2026-04-27 02:49:00,NEFT,DEV1101
TXN1008449,ACC100592,ACC100018,953.29,2026-02-19 21:07:00,UPI,DEV1079
TXN1008450,ACC100026,ACC100935,1195.38,2026-01-14 11:38:00,CARD,DEV1090
TXN1008451,ACC100407,ACC100815,8551.56,2026-01-11 16:27:00,UPI,DEV1090
TXN1008452,ACC100667,ACC100958,438.62,2026-03-14 16:48:00,NEFT,DEV1262
TXN1008453,ACC100845,ACC100334,264.7,2026-06-17 15:19:00,BANK_TRANSFER,DEV1267
TXN1008454,ACC100733,ACC100547,1205.86,2026-05-16 21:01:00,IMPS,DEV1032
TXN1008455,ACC100236,ACC100172,4226.7,2026-04-29 07:47:00,BANK_TRANSFER,DEV1060
TXN1008456,ACC100911,ACC100338,2143.86,2026-02-14 05:12:00,BANK_TRANSFER,DEV1106
TXN1008457,ACC100177,ACC100138,1142.74,2026-05-28 15:28:00,IMPS,DEV1167
TXN1008458,ACC100262,ACC100038,832.91,2026-01-29 10:07:00,BANK_TRANSFER,DEV1127
TXN1008459,ACC100563,ACC100700,98.66,2026-03-17 16:42:00,NEFT,DEV1149
TXN1008460,ACC100240,ACC100656,2215.06,2026-01-22 17:16:00,BANK_TRANSFER,DEV1205
TXN1008461,ACC100806,ACC100318,2556.54,2026-04-03 20:29:00,NEFT,DEV1232
TXN1008462,ACC100559,ACC100053,477.8,2026-01-15 16:13:00,BANK_TRANSFER,DEV1088
TXN1008463,ACC100754,ACC100276,627.87,2026-04-20 07:23:00,CARD,DEV1210
TXN1008464,ACC100613,ACC100855,311.73,2026-05-14 08:15:00,CARD,DEV1179
TXN1008465,ACC100368,ACC100653,3108.04,2026-06-16 12:28:00,UPI,DEV1143
TXN1008466,ACC100851,ACC100940,706.95,2026-03-28 18:34:00,IMPS,DEV1276
TXN1008467,ACC100504,ACC100369,916.75,2026-01-10 00:27:00,CARD,DEV1237
TXN1008468,ACC100992,ACC100032,2333.48,2026-06-07 19:50:00,UPI,DEV1096
TXN1008469,ACC100118,ACC100454,1623.55,2026-02-07 03:14:00,UPI,DEV1116
TXN1008470,ACC100784,ACC100371,2155.84,2026-05-31 17:04:00,UPI,DEV1144
TXN1008471,ACC100197,ACC100214,1352.63,2026-03-02 03:45:00,NEFT,DEV1215
TXN1008472,ACC100594,ACC100430,1389.28,2026-03-09 00:37:00,UPI,DEV1024
TXN1008473,ACC100085,ACC100319,1373.57,2026-04-14 01:03:00,UPI,DEV1102
TXN1008474,ACC100943,ACC100940,1888.43,2026-02-23 11:09:00,IMPS,DEV1003
TXN1008475,ACC100869,ACC100958,2001.81,2026-04-22 05:40:00,IMPS,DEV1196
TXN1008476,ACC100055,ACC100703,252.23,2026-05-26 07:04:00,UPI,DEV1198
TXN1008477,ACC100761,ACC100282,535.59,2026-02-03 13:11:00,CARD,DEV1116
TXN1008478,ACC100236,ACC100119,859.17,2026-04-08 03:13:00,NEFT,DEV1026
TXN1008479,ACC100925,ACC100562,1885.94,2026-02-09 06:29:00,UPI,DEV1003
TXN1008480,ACC100065,ACC100486,7457.0,2026-01-22 23:35:00,CARD,DEV1061
TXN1008481,ACC100616,ACC100813,413.28,2026-05-30 10:04:00,NEFT,DEV1238
TXN1008482,ACC100943,ACC100756,3147.56,2026-03-06 01:34:00,NEFT,DEV1056
TXN1008483,ACC100618,ACC100681,554.06,2026-06-13 19:32:00,NEFT,DEV1014
TXN1008484,ACC100567,ACC100075,5679.51,2026-06-03 00:23:00,UPI,DEV1170
TXN1008485,ACC100422,ACC100789,10881.43,2026-04-23 07:56:00,NEFT,DEV1080
TXN1008486,ACC100821,ACC100427,134.61,2026-02-27 12:27:00,BANK_TRANSFER,DEV1188
TXN1008487,ACC100089,ACC100483,741.3,2026-04-21 08:08:00,NEFT,DEV1093
TXN1008488,ACC100270,ACC100112,65.35,2026-03-03 22:15:00,UPI,DEV1076
TXN1008489,ACC100721,ACC100190,144.34,2026-05-15 12:50:00,CARD,DEV1050
TXN1008490,ACC100055,ACC100406,155.55,2026-04-17 11:08:00,CARD,DEV1011
TXN1008491,ACC100172,ACC100301,2318.97,2026-05-29 05:43:00,IMPS,DEV1187
TXN1008492,ACC100904,ACC100456,1852.66,2026-04-23 15:08:00,NEFT,DEV1041
TXN1008493,ACC100680,ACC100308,2868.35,2026-05-29 01:29:00,NEFT,DEV1241
TXN1008494,ACC100087,ACC100510,2274.46,2026-03-28 06:32:00,IMPS,DEV1065
TXN1008495,ACC100730,ACC100507,1962.7,2026-06-24 21:18:00,BANK_TRANSFER,DEV1252
TXN1008496,ACC100710,ACC100811,1254.17,2026-06-23 11:52:00,IMPS,DEV1201
TXN1008497,ACC100124,ACC100323,937.24,2026-05-15 15:51:00,BANK_TRANSFER,DEV1268
TXN1008498,ACC100609,ACC100826,3727.59,2026-01-30 13:41:00,BANK_TRANSFER,DEV1127
TXN1008499,ACC100101,ACC100488,1112.91,2026-01-28 10:49:00,UPI,DEV1047
TXN1008500,ACC100068,ACC100264,2059.49,2026-02-11 08:58:00,UPI,DEV1080
TXN1008501,ACC100299,ACC100718,66.93,2026-05-09 10:38:00,NEFT,DEV1156
TXN1008502,ACC100989,ACC100426,267.71,2026-04-23 07:24:00,UPI,DEV1104
TXN1008503,ACC100454,ACC100076,3555.56,2026-05-01 09:00:00,UPI,DEV1293
TXN1008504,ACC100912,ACC100944,491.7,2026-01-01 23:17:00,CARD,DEV1205
TXN1008505,ACC100611,ACC100328,205.53,2026-03-21 10:50:00,UPI,DEV1277
TXN1008506,ACC100360,ACC100487,2367.41,2026-01-02 06:33:00,NEFT,DEV1003
TXN1008507,ACC100914,ACC100125,1098.39,2026-06-16 03:05:00,CARD,DEV1206
TXN1008508,ACC100904,ACC100928,672.95,2026-01-23 15:45:00,UPI,DEV1198
TXN1008509,ACC100106,ACC100211,6707.18,2026-06-16 01:15:00,UPI,DEV1053
TXN1008510,ACC100688,ACC100128,5458.45,2026-04-26 07:16:00,BANK_TRANSFER,DEV1113
TXN1008511,ACC100877,ACC100092,875.33,2026-06-20 17:49:00,UPI,DEV1232
TXN1008512,ACC100166,ACC100030,2609.33,2026-03-04 10:51:00,CARD,DEV1300
TXN1008513,ACC100389,ACC100366,74.71,2026-04-19 08:51:00,UPI,DEV1015
TXN1008514,ACC100065,ACC100583,4072.58,2026-01-17 22:43:00,NEFT,DEV1148
TXN1008515,ACC100876,ACC100132,297.7,2026-04-13 01:57:00,CARD,DEV1283
TXN1008516,ACC100839,ACC100982,191.99,2026-02-08 09:55:00,UPI,DEV1062
TXN1008517,ACC100431,ACC100890,128.73,2026-03-13 07:01:00,NEFT,DEV1088
TXN1008518,ACC100310,ACC100983,117.32,2026-06-19 02:22:00,UPI,DEV1129
TXN1008519,ACC100899,ACC100484,4009.38,2026-03-23 09:57:00,CARD,DEV1223
TXN1008520,ACC100147,ACC100281,2338.75,2026-05-16 04:58:00,IMPS,DEV1117
TXN1008521,ACC100975,ACC100863,437.45,2026-01-16 21:59:00,CARD,DEV1150
TXN1008522,ACC100129,ACC100760,3059.11,2026-01-19 02:42:00,CARD,DEV1261
TXN1008523,ACC100267,ACC100409,537.01,2026-01-15 07:39:00,BANK_TRANSFER,DEV1178
TXN1008524,ACC100100,ACC100642,1617.08,2026-06-29 11:32:00,BANK_TRANSFER,DEV1076
TXN1008525,ACC100243,ACC100285,614.76,2026-06-26 14:25:00,CARD,DEV1163
TXN1008526,ACC100150,ACC100066,949.6,2026-05-07 09:47:00,CARD,DEV1131
TXN1008527,ACC100332,ACC100192,368.77,2026-03-01 03:21:00,CARD,DEV1138
TXN1008528,ACC100594,ACC100811,440.64,2026-03-22 00:19:00,CARD,DEV1017
TXN1008529,ACC100797,ACC100331,2106.78,2026-06-15 09:49:00,UPI,DEV1049
TXN1008530,ACC100707,ACC100902,2554.81,2026-02-24 16:14:00,UPI,DEV1114
TXN1008531,ACC100657,ACC100690,667.17,2026-03-16 21:52:00,CARD,DEV1123
TXN1008532,ACC100647,ACC100107,175.8,2026-06-25 00:24:00,CARD,DEV1278
TXN1008533,ACC100612,ACC100868,21279.44,2026-06-25 01:33:00,CARD,DEV1274
TXN1008534,ACC100438,ACC100590,1146.0,2026-06-25 10:57:00,CARD,DEV1192
TXN1008535,ACC100054,ACC100114,1594.9,2026-05-23 17:59:00,IMPS,DEV1007
TXN1008536,ACC100280,ACC100109,241.39,2026-06-28 22:59:00,NEFT,DEV1142
TXN1008537,ACC100654,ACC100290,4713.94,2026-05-06 10:27:00,CARD,DEV1123
TXN1008538,ACC100243,ACC100273,5661.67,2026-06-29 07:36:00,NEFT,DEV1240
TXN1008539,ACC100254,ACC100442,141.23,2026-06-04 16:18:00,UPI,DEV1048
TXN1008540,ACC100680,ACC100436,969.85,2026-05-09 12:17:00,IMPS,DEV1185
TXN1008541,ACC100856,ACC100247,883.13,2026-01-20 22:43:00,CARD,DEV1163
TXN1008542,ACC100049,ACC100260,19266.75,2026-01-02 19:14:00,IMPS,DEV1242
TXN1008543,ACC100018,ACC100084,6200.2,2026-01-30 17:41:00,NEFT,DEV1203
TXN1008544,ACC100570,ACC100586,192.3,2026-06-28 15:16:00,NEFT,DEV1009
TXN1008545,ACC100755,ACC100635,457.76,2026-04-02 05:46:00,BANK_TRANSFER,DEV1010
TXN1008546,ACC100335,ACC100741,375.56,2026-06-18 12:05:00,UPI,DEV1179
TXN1008547,ACC100494,ACC100943,1713.02,2026-05-27 05:13:00,BANK_TRANSFER,DEV1034
TXN1008548,ACC100543,ACC100273,7234.75,2026-04-25 05:13:00,CARD,DEV1203
TXN1008549,ACC100517,ACC100050,1250.14,2026-04-12 07:00:00,BANK_TRANSFER,DEV1088
TXN1008550,ACC100294,ACC100078,2000.99,2026-04-20 21:41:00,UPI,DEV1046
TXN1008551,ACC100611,ACC100354,494.15,2026-03-10 01:12:00,CARD,DEV1090
TXN1008552,ACC100757,ACC100499,1988.17,2026-05-12 22:03:00,BANK_TRANSFER,DEV1013
TXN1008553,ACC100522,ACC100545,622.47,2026-06-17 01:50:00,CARD,DEV1257
TXN1008554,ACC100818,ACC100206,153.1,2026-01-23 04:11:00,IMPS,DEV1060
TXN1008555,ACC100471,ACC100959,1839.12,2026-05-30 11:20:00,BANK_TRANSFER,DEV1071
TXN1008556,ACC100899,ACC100567,1083.74,2026-02-08 05:28:00,IMPS,DEV1123
TXN1008557,ACC100978,ACC100083,293.94,2026-02-17 11:14:00,CARD,DEV1248
TXN1008558,ACC100510,ACC100140,7898.77,2026-03-30 00:04:00,IMPS,DEV1265
TXN1008559,ACC100871,ACC100352,437.14,2026-04-20 04:12:00,CARD,DEV1089
TXN1008560,ACC100705,ACC100471,2277.7,2026-06-29 03:57:00,NEFT,DEV1047
TXN1008561,ACC100194,ACC100285,709.77,2026-02-14 16:57:00,CARD,DEV1096
TXN1008562,ACC100147,ACC100206,6990.4,2026-03-22 22:12:00,CARD,DEV1119
TXN1008563,ACC100716,ACC100501,824.6,2026-03-07 06:08:00,UPI,DEV1158
TXN1008564,ACC100739,ACC100154,147.0,2026-01-04 20:47:00,NEFT,DEV1094
TXN1008565,ACC100035,ACC100449,2898.66,2026-06-02 08:08:00,CARD,DEV1133
TXN1008566,ACC100114,ACC100378,6956.65,2026-06-16 17:20:00,CARD,DEV1033
TXN1008567,ACC100632,ACC100725,656.46,2026-06-07 09:48:00,IMPS,DEV1175
TXN1008568,ACC100051,ACC100880,2476.65,2026-06-19 11:14:00,BANK_TRANSFER,DEV1069
TXN1008569,ACC100679,ACC100982,1280.9,2026-03-26 07:43:00,UPI,DEV1294
TXN1008570,ACC100372,ACC100367,692.8,2026-06-26 23:20:00,BANK_TRANSFER,DEV1251
TXN1008571,ACC100506,ACC100622,3007.64,2026-06-30 20:42:00,IMPS,DEV1202
TXN1008572,ACC100302,ACC100687,419.87,2026-02-16 16:40:00,IMPS,DEV1235
TXN1008573,ACC100599,ACC100356,1140.24,2026-04-27 05:05:00,IMPS,DEV1266
TXN1008574,ACC100738,ACC100641,1493.43,2026-01-26 14:24:00,UPI,DEV1065
TXN1008575,ACC100596,ACC100152,1429.82,2026-01-22 08:10:00,NEFT,DEV1053
TXN1008576,ACC100104,ACC100675,432.47,2026-06-12 02:30:00,IMPS,DEV1106
TXN1008577,ACC100051,ACC100109,12984.69,2026-01-08 16:13:00,NEFT,DEV1096
TXN1008578,ACC100381,ACC100968,4987.52,2026-06-23 01:30:00,IMPS,DEV1133
TXN1008579,ACC100414,ACC100997,3599.3,2026-05-28 09:31:00,BANK_TRANSFER,DEV1147
TXN1008580,ACC100728,ACC100749,6123.29,2026-01-27 05:49:00,IMPS,DEV1071
TXN1008581,ACC100842,ACC100746,1190.96,2026-02-02 06:11:00,IMPS,DEV1087
TXN1008582,ACC100928,ACC100034,702.36,2026-05-23 16:31:00,IMPS,DEV1268
TXN1008583,ACC100770,ACC100329,296.83,2026-06-30 16:11:00,UPI,DEV1294
TXN1008584,ACC100311,ACC100212,471.48,2026-05-30 03:34:00,IMPS,DEV1245
TXN1008585,ACC100012,ACC100539,324.79,2026-04-01 19:10:00,CARD,DEV1265
TXN1008586,ACC100210,ACC100491,581.89,2026-06-08 05:47:00,UPI,DEV1115
TXN1008587,ACC100972,ACC100114,1528.09,2026-04-19 18:54:00,IMPS,DEV1071
TXN1008588,ACC100384,ACC100665,3284.04,2026-01-14 17:36:00,UPI,DEV1107
TXN1008589,ACC100457,ACC100069,3176.78,2026-04-06 03:38:00,BANK_TRANSFER,DEV1118
TXN1008590,ACC100076,ACC100947,268.86,2026-04-25 18:32:00,NEFT,DEV1138
TXN1008591,ACC100731,ACC100612,2507.28,2026-05-20 19:05:00,IMPS,DEV1276
TXN1008592,ACC100003,ACC100202,4327.0,2026-04-24 21:46:00,NEFT,DEV1224
TXN1008593,ACC100909,ACC100758,808.29,2026-03-01 18:33:00,UPI,DEV1049
TXN1008594,ACC100228,ACC100812,4616.07,2026-02-23 15:12:00,UPI,DEV1128
TXN1008595,ACC100588,ACC100272,3136.81,2026-04-12 05:46:00,NEFT,DEV1187
TXN1008596,ACC100320,ACC100315,240.44,2026-01-08 15:00:00,CARD,DEV1007
TXN1008597,ACC100015,ACC100328,15215.71,2026-03-01 12:09:00,NEFT,DEV1259
TXN1008598,ACC100531,ACC100133,464.62,2026-02-22 09:00:00,BANK_TRANSFER,DEV1051
TXN1008599,ACC100683,ACC100127,3459.59,2026-05-11 00:56:00,BANK_TRANSFER,DEV1091
TXN1008600,ACC100578,ACC100667,3312.53,2026-03-01 17:39:00,NEFT,DEV1029
TXN1008601,ACC100825,ACC100952,252.44,2026-02-04 18:15:00,NEFT,DEV1251
TXN1008602,ACC100492,ACC100605,1359.37,2026-05-22 05:39:00,NEFT,DEV1263
TXN1008603,ACC100497,ACC100753,3263.97,2026-04-01 07:28:00,CARD,DEV1035
TXN1008604,ACC100380,ACC100436,249.25,2026-03-17 03:25:00,NEFT,DEV1120
TXN1008605,ACC100221,ACC100761,1235.88,2026-01-09 15:13:00,UPI,DEV1195
TXN1008606,ACC100420,ACC100426,3609.08,2026-06-24 16:50:00,UPI,DEV1205
TXN1008607,ACC100218,ACC100783,3899.83,2026-03-01 03:05:00,UPI,DEV1293
TXN1008608,ACC100807,ACC100070,680.97,2026-04-21 23:47:00,UPI,DEV1053
TXN1008609,ACC100986,ACC100604,6997.04,2026-03-27 11:30:00,IMPS,DEV1013
TXN1008610,ACC100609,ACC100250,5253.38,2026-05-06 07:00:00,UPI,DEV1097
TXN1008611,ACC100261,ACC100701,1464.8,2026-01-15 07:51:00,CARD,DEV1252
TXN1008612,ACC100637,ACC100079,497.33,2026-04-30 00:17:00,IMPS,DEV1248
TXN1008613,ACC100585,ACC100646,270.69,2026-06-16 07:12:00,UPI,DEV1212
TXN1008614,ACC100099,ACC100830,1725.13,2026-05-18 19:49:00,IMPS,DEV1026
TXN1008615,ACC100917,ACC100014,6357.66,2026-03-15 12:39:00,BANK_TRANSFER,DEV1066
TXN1008616,ACC100046,ACC100488,919.12,2026-02-06 03:17:00,CARD,DEV1093
TXN1008617,ACC100848,ACC100276,391.15,2026-04-25 23:38:00,NEFT,DEV1065
TXN1008618,ACC100305,ACC100441,2951.03,2026-05-24 09:12:00,CARD,DEV1124
TXN1008619,ACC100150,ACC100368,1352.1,2026-03-24 02:04:00,CARD,DEV1168
TXN1008620,ACC100854,ACC100137,2036.7,2026-05-28 22:32:00,BANK_TRANSFER,DEV1012
TXN1008621,ACC100343,ACC100733,583.86,2026-02-26 13:07:00,CARD,DEV1061
TXN1008622,ACC100132,ACC100024,703.58,2026-04-26 05:25:00,UPI,DEV1176
TXN1008623,ACC100488,ACC100561,580.57,2026-06-19 20:39:00,UPI,DEV1119
TXN1008624,ACC100321,ACC100712,1996.2,2026-06-29 10:57:00,UPI,DEV1275
TXN1008625,ACC100101,ACC100582,729.77,2026-06-04 14:08:00,BANK_TRANSFER,DEV1134
TXN1008626,ACC100284,ACC100329,2232.57,2026-04-22 11:08:00,CARD,DEV1275
TXN1008627,ACC100798,ACC100081,520.27,2026-04-25 08:59:00,NEFT,DEV1094
TXN1008628,ACC100034,ACC100993,1992.21,2026-03-22 08:53:00,UPI,DEV1185
TXN1008629,ACC100925,ACC100086,2551.76,2026-04-05 23:34:00,NEFT,DEV1214
TXN1008630,ACC100495,ACC100816,1632.47,2026-03-13 00:19:00,BANK_TRANSFER,DEV1089
TXN1008631,ACC100049,ACC100119,3295.96,2026-04-11 22:02:00,CARD,DEV1161
TXN1008632,ACC100615,ACC100753,615.39,2026-06-02 23:11:00,IMPS,DEV1018
TXN1008633,ACC100946,ACC100024,2517.87,2026-01-19 07:38:00,NEFT,DEV1040
TXN1008634,ACC100310,ACC100894,1451.01,2026-01-09 11:54:00,BANK_TRANSFER,DEV1026
TXN1008635,ACC100396,ACC100645,415.02,2026-05-03 00:39:00,BANK_TRANSFER,DEV1036
TXN1008636,ACC100863,ACC100260,111.23,2026-03-11 14:47:00,NEFT,DEV1158
TXN1008637,ACC100531,ACC100263,143.77,2026-01-02 01:40:00,UPI,DEV1020
TXN1008638,ACC100910,ACC100300,77.48,2026-01-10 00:46:00,NEFT,DEV1211
TXN1008639,ACC100260,ACC100869,1828.69,2026-04-02 08:35:00,BANK_TRANSFER,DEV1236
TXN1008640,ACC100394,ACC100541,742.69,2026-02-24 10:05:00,BANK_TRANSFER,DEV1225
TXN1008641,ACC100359,ACC100174,1217.62,2026-04-03 13:52:00,UPI,DEV1144
TXN1008642,ACC100916,ACC100564,883.17,2026-05-29 20:39:00,IMPS,DEV1144
TXN1008643,ACC100405,ACC100435,2203.94,2026-02-04 10:47:00,CARD,DEV1216
TXN1008644,ACC100061,ACC100085,2282.66,2026-02-19 18:06:00,UPI,DEV1240
TXN1008645,ACC100616,ACC100339,1154.57,2026-01-21 03:02:00,BANK_TRANSFER,DEV1057
TXN1008646,ACC100174,ACC100683,1241.54,2026-01-28 13:06:00,NEFT,DEV1090
TXN1008647,ACC100697,ACC100673,1302.5,2026-04-06 02:02:00,BANK_TRANSFER,DEV1060
TXN1008648,ACC100376,ACC100579,5826.31,2026-03-26 20:32:00,UPI,DEV1157
TXN1008649,ACC100246,ACC100111,98.94,2026-03-28 00:44:00,CARD,DEV1036
TXN1008650,ACC100794,ACC100509,490.48,2026-03-07 02:25:00,CARD,DEV1140
TXN1008651,ACC100492,ACC100972,3097.39,2026-05-04 22:34:00,CARD,DEV1096
TXN1008652,ACC100838,ACC100788,4144.27,2026-01-26 21:21:00,UPI,DEV1117
TXN1008653,ACC100795,ACC100842,1831.04,2026-02-10 23:54:00,IMPS,DEV1062
TXN1008654,ACC100597,ACC100469,879.23,2026-04-13 16:06:00,UPI,DEV1083
TXN1008655,ACC100370,ACC100314,10238.1,2026-04-07 03:24:00,CARD,DEV1261
TXN1008656,ACC100260,ACC100942,1357.46,2026-03-16 09:29:00,CARD,DEV1214
TXN1008657,ACC100289,ACC100374,1137.9,2026-06-14 17:14:00,BANK_TRANSFER,DEV1092
TXN1008658,ACC100257,ACC100699,5421.58,2026-03-20 02:52:00,BANK_TRANSFER,DEV1116
TXN1008659,ACC100189,ACC100520,1940.42,2026-01-18 03:00:00,IMPS,DEV1227
TXN1008660,ACC100647,ACC100130,3387.33,2026-03-11 23:18:00,NEFT,DEV1252
TXN1008661,ACC100955,ACC100729,3898.58,2026-06-02 05:21:00,BANK_TRANSFER,DEV1234
TXN1008662,ACC100766,ACC100734,701.37,2026-03-25 19:36:00,UPI,DEV1136
TXN1008663,ACC100937,ACC100854,9147.89,2026-03-18 18:05:00,BANK_TRANSFER,DEV1156
TXN1008664,ACC100020,ACC100910,57.14,2026-01-02 19:36:00,NEFT,DEV1196
TXN1008665,ACC100347,ACC100871,101.94,2026-05-20 08:42:00,CARD,DEV1120
TXN1008666,ACC100903,ACC100993,484.8,2026-05-29 05:16:00,NEFT,DEV1286
TXN1008667,ACC100759,ACC100863,659.82,2026-05-09 16:52:00,BANK_TRANSFER,DEV1009
TXN1008668,ACC100659,ACC100980,1694.51,2026-05-03 08:19:00,CARD,DEV1203
TXN1008669,ACC100682,ACC100653,479.46,2026-06-22 16:17:00,CARD,DEV1130
TXN1008670,ACC100874,ACC100585,1081.06,2026-05-01 07:01:00,CARD,DEV1271
TXN1008671,ACC100046,ACC100329,857.34,2026-03-05 09:21:00,IMPS,DEV1179
TXN1008672,ACC100114,ACC100576,12153.33,2026-01-26 18:21:00,CARD,DEV1062
TXN1008673,ACC100433,ACC100129,417.39,2026-05-18 19:30:00,CARD,DEV1156
TXN1008674,ACC100452,ACC100445,145.52,2026-04-28 14:45:00,CARD,DEV1204
TXN1008675,ACC100771,ACC100058,4199.83,2026-06-27 20:50:00,UPI,DEV1061
TXN1008676,ACC100615,ACC100194,465.57,2026-04-04 05:35:00,CARD,DEV1129
TXN1008677,ACC100129,ACC100350,982.41,2026-05-28 22:27:00,BANK_TRANSFER,DEV1107
TXN1008678,ACC100115,ACC100459,505.02,2026-04-22 19:46:00,CARD,DEV1007
TXN1008679,ACC100543,ACC100812,2656.09,2026-04-01 14:21:00,CARD,DEV1163
TXN1008680,ACC100588,ACC100119,210.79,2026-01-07 21:26:00,NEFT,DEV1223
TXN1008681,ACC100751,ACC100805,38.13,2026-02-24 20:10:00,CARD,DEV1248
TXN1008682,ACC100047,ACC100677,5191.92,2026-03-19 09:28:00,CARD,DEV1244
TXN1008683,ACC100989,ACC100492,1475.81,2026-01-29 09:16:00,UPI,DEV1181
TXN1008684,ACC100824,ACC100461,3972.59,2026-04-30 01:53:00,IMPS,DEV1186
TXN1008685,ACC100974,ACC100767,4987.32,2026-01-05 23:47:00,UPI,DEV1184
TXN1008686,ACC100377,ACC100985,365.13,2026-03-14 08:44:00,BANK_TRANSFER,DEV1144
TXN1008687,ACC100036,ACC100655,1179.44,2026-06-08 23:37:00,BANK_TRANSFER,DEV1275
TXN1008688,ACC100328,ACC100469,2011.16,2026-03-24 04:30:00,NEFT,DEV1199
TXN1008689,ACC100645,ACC100221,963.0,2026-05-06 08:49:00,NEFT,DEV1281
TXN1008690,ACC100275,ACC100365,754.02,2026-03-28 11:29:00,CARD,DEV1199
TXN1008691,ACC100964,ACC100853,848.63,2026-06-22 13:59:00,IMPS,DEV1123
TXN1008692,ACC100847,ACC100346,4024.88,2026-06-26 09:16:00,IMPS,DEV1001
TXN1008693,ACC100725,ACC100926,803.67,2026-03-27 00:54:00,BANK_TRANSFER,DEV1174
TXN1008694,ACC100974,ACC100220,2253.58,2026-01-03 23:24:00,CARD,DEV1082
TXN1008695,ACC100481,ACC100950,1662.82,2026-05-01 04:27:00,BANK_TRANSFER,DEV1073
TXN1008696,ACC100486,ACC100398,344.81,2026-05-27 11:09:00,BANK_TRANSFER,DEV1284
TXN1008697,ACC100509,ACC100061,1575.56,2026-05-23 19:50:00,NEFT,DEV1080
TXN1008698,ACC100753,ACC100902,173.05,2026-06-15 14:33:00,CARD,DEV1011
TXN1008699,ACC100240,ACC100419,1775.29,2026-04-19 20:49:00,BANK_TRANSFER,DEV1015
TXN1008700,ACC100806,ACC100651,3194.99,2026-02-17 15:51:00,CARD,DEV1156
TXN1008701,ACC100270,ACC100553,4212.02,2026-02-14 21:53:00,BANK_TRANSFER,DEV1146
TXN1008702,ACC100201,ACC100708,349.59,2026-04-03 01:34:00,UPI,DEV1246
TXN1008703,ACC100617,ACC100850,576.29,2026-04-12 03:30:00,CARD,DEV1181
TXN1008704,ACC100229,ACC100489,1542.07,2026-05-07 15:56:00,BANK_TRANSFER,DEV1131
TXN1008705,ACC100142,ACC100284,619.49,2026-05-06 03:37:00,CARD,DEV1147
TXN1008706,ACC100577,ACC100066,108.35,2026-05-31 03:48:00,CARD,DEV1098
TXN1008707,ACC100967,ACC100696,572.47,2026-04-20 19:51:00,NEFT,DEV1011
TXN1008708,ACC100875,ACC100856,1534.93,2026-06-25 16:04:00,IMPS,DEV1175
TXN1008709,ACC100621,ACC100180,3948.27,2026-03-30 01:13:00,UPI,DEV1198
TXN1008710,ACC100620,ACC100075,8325.27,2026-03-31 14:34:00,BANK_TRANSFER,DEV1243
TXN1008711,ACC100542,ACC100063,1274.03,2026-05-03 21:19:00,BANK_TRANSFER,DEV1072
TXN1008712,ACC100213,ACC100054,2164.17,2026-05-03 22:51:00,UPI,DEV1010
TXN1008713,ACC100536,ACC100064,3473.58,2026-02-20 07:21:00,NEFT,DEV1296
TXN1008714,ACC100018,ACC100144,93.63,2026-02-23 16:23:00,NEFT,DEV1118
TXN1008715,ACC100182,ACC100851,322.77,2026-04-21 19:35:00,IMPS,DEV1142
TXN1008716,ACC100638,ACC100288,1240.26,2026-01-26 18:50:00,UPI,DEV1046
TXN1008717,ACC100713,ACC100388,7094.92,2026-06-22 19:42:00,NEFT,DEV1060
TXN1008718,ACC100120,ACC100660,2334.87,2026-06-27 05:57:00,BANK_TRANSFER,DEV1153
TXN1008719,ACC100430,ACC100922,1628.87,2026-03-09 01:20:00,IMPS,DEV1034
TXN1008720,ACC100109,ACC100555,834.03,2026-02-09 18:53:00,CARD,DEV1048
TXN1008721,ACC100269,ACC100445,1830.15,2026-04-02 20:08:00,NEFT,DEV1049
TXN1008722,ACC100084,ACC100669,536.07,2026-02-07 00:56:00,IMPS,DEV1118
TXN1008723,ACC100576,ACC100833,430.18,2026-01-16 12:32:00,BANK_TRANSFER,DEV1197
TXN1008724,ACC100442,ACC100696,477.46,2026-04-21 22:03:00,BANK_TRANSFER,DEV1129
TXN1008725,ACC100157,ACC100222,5478.45,2026-05-27 09:54:00,IMPS,DEV1285
TXN1008726,ACC100691,ACC100212,400.09,2026-05-04 12:11:00,NEFT,DEV1081
TXN1008727,ACC100542,ACC100512,679.57,2026-03-18 13:08:00,IMPS,DEV1242
TXN1008728,ACC100736,ACC100490,1929.88,2026-03-03 10:27:00,BANK_TRANSFER,DEV1166
TXN1008729,ACC100054,ACC100752,381.37,2026-03-04 00:19:00,IMPS,DEV1229
TXN1008730,ACC100486,ACC100809,1438.56,2026-02-04 23:20:00,UPI,DEV1232
TXN1008731,ACC100589,ACC100209,1437.94,2026-01-20 13:41:00,IMPS,DEV1183
TXN1008732,ACC100047,ACC100971,518.35,2026-03-26 12:01:00,IMPS,DEV1080
TXN1008733,ACC100434,ACC100454,803.89,2026-06-08 20:41:00,IMPS,DEV1142
TXN1008734,ACC100882,ACC100862,353.44,2026-06-17 21:37:00,NEFT,DEV1261
TXN1008735,ACC100251,ACC100707,5763.61,2026-04-30 04:54:00,CARD,DEV1285
TXN1008736,ACC100735,ACC100472,1493.85,2026-05-05 20:06:00,IMPS,DEV1261
TXN1008737,ACC100900,ACC100681,311.57,2026-05-15 19:26:00,NEFT,DEV1040
TXN1008738,ACC100820,ACC100175,1276.12,2026-05-15 14:53:00,CARD,DEV1084
TXN1008739,ACC100518,ACC100499,1347.37,2026-05-03 08:46:00,CARD,DEV1275
TXN1008740,ACC100392,ACC100941,74.3,2026-06-07 02:50:00,UPI,DEV1150
TXN1008741,ACC100018,ACC100453,5478.21,2026-04-08 05:38:00,BANK_TRANSFER,DEV1193
TXN1008742,ACC100886,ACC100635,334.44,2026-04-08 10:42:00,IMPS,DEV1144
TXN1008743,ACC100102,ACC100761,13470.5,2026-03-23 16:35:00,IMPS,DEV1038
TXN1008744,ACC100681,ACC100526,2847.93,2026-01-13 04:48:00,UPI,DEV1146
TXN1008745,ACC100020,ACC100270,283.67,2026-01-20 00:16:00,CARD,DEV1052
TXN1008746,ACC100580,ACC100070,752.12,2026-02-04 20:18:00,NEFT,DEV1127
TXN1008747,ACC100805,ACC100704,3318.08,2026-03-05 15:34:00,UPI,DEV1092
TXN1008748,ACC100432,ACC100373,824.43,2026-04-23 18:03:00,UPI,DEV1149
TXN1008749,ACC100635,ACC100405,4509.24,2026-02-26 12:12:00,NEFT,DEV1015
TXN1008750,ACC100080,ACC100596,698.35,2026-02-23 12:37:00,IMPS,DEV1032
TXN1008751,ACC100677,ACC100081,997.85,2026-01-08 03:53:00,NEFT,DEV1261
TXN1008752,ACC100309,ACC100378,3429.54,2026-04-12 15:07:00,IMPS,DEV1046
TXN1008753,ACC100832,ACC100224,2262.15,2026-05-03 01:57:00,UPI,DEV1033
TXN1008754,ACC100680,ACC100709,361.31,2026-04-29 09:23:00,BANK_TRANSFER,DEV1097
TXN1008755,ACC100094,ACC100926,1846.16,2026-04-26 12:16:00,CARD,DEV1014
TXN1008756,ACC100821,ACC100511,1340.69,2026-03-01 00:13:00,IMPS,DEV1053
TXN1008757,ACC100722,ACC100955,367.2,2026-06-29 15:11:00,IMPS,DEV1232
TXN1008758,ACC100218,ACC100241,206.73,2026-06-02 16:25:00,UPI,DEV1042
TXN1008759,ACC100861,ACC100906,108.02,2026-01-02 03:20:00,NEFT,DEV1289
TXN1008760,ACC100175,ACC100423,770.23,2026-02-10 02:37:00,BANK_TRANSFER,DEV1080
TXN1008761,ACC100941,ACC100885,1027.82,2026-02-10 23:07:00,NEFT,DEV1007
TXN1008762,ACC100000,ACC100425,2009.2,2026-01-20 07:07:00,BANK_TRANSFER,DEV1195
TXN1008763,ACC100342,ACC100276,2935.33,2026-06-27 20:15:00,CARD,DEV1206
TXN1008764,ACC100054,ACC100175,667.39,2026-06-16 10:41:00,UPI,DEV1138
TXN1008765,ACC100255,ACC100349,992.59,2026-05-19 01:24:00,NEFT,DEV1241
TXN1008766,ACC100085,ACC100065,441.22,2026-05-23 01:03:00,UPI,DEV1155
TXN1008767,ACC100347,ACC100053,1217.66,2026-01-22 10:46:00,IMPS,DEV1035
TXN1008768,ACC100724,ACC100115,3505.93,2026-05-27 11:11:00,BANK_TRANSFER,DEV1208
TXN1008769,ACC100059,ACC100850,1238.15,2026-02-08 16:26:00,CARD,DEV1097
TXN1008770,ACC100818,ACC100910,4429.27,2026-06-29 09:21:00,CARD,DEV1248
TXN1008771,ACC100621,ACC100447,3436.26,2026-04-17 01:41:00,NEFT,DEV1131
TXN1008772,ACC100934,ACC100514,6305.88,2026-03-27 12:50:00,IMPS,DEV1162
TXN1008773,ACC100483,ACC100358,1280.59,2026-01-03 09:19:00,IMPS,DEV1091
TXN1008774,ACC100317,ACC100410,578.87,2026-03-08 01:56:00,CARD,DEV1134
TXN1008775,ACC100678,ACC100764,2311.1,2026-06-27 17:04:00,CARD,DEV1056
TXN1008776,ACC100799,ACC100746,701.01,2026-05-06 11:31:00,NEFT,DEV1054
TXN1008777,ACC100756,ACC100530,2225.69,2026-02-10 17:01:00,CARD,DEV1055
TXN1008778,ACC100812,ACC100118,495.04,2026-03-18 19:10:00,BANK_TRANSFER,DEV1049
TXN1008779,ACC100391,ACC100056,405.82,2026-04-05 18:59:00,UPI,DEV1038
TXN1008780,ACC100581,ACC100511,4720.81,2026-06-21 11:16:00,NEFT,DEV1250
TXN1008781,ACC100043,ACC100570,325.35,2026-02-13 13:42:00,CARD,DEV1280
TXN1008782,ACC100390,ACC100870,3739.46,2026-03-25 01:35:00,NEFT,DEV1138
TXN1008783,ACC100751,ACC100296,2215.51,2026-01-24 10:12:00,NEFT,DEV1070
TXN1008784,ACC100639,ACC100996,1228.02,2026-03-08 04:56:00,CARD,DEV1252
TXN1008785,ACC100809,ACC100644,113.16,2026-01-05 18:05:00,BANK_TRANSFER,DEV1031
TXN1008786,ACC100716,ACC100354,6521.05,2026-01-12 02:12:00,NEFT,DEV1063
TXN1008787,ACC100232,ACC100448,357.16,2026-06-21 17:28:00,CARD,DEV1090
TXN1008788,ACC100420,ACC100522,3441.92,2026-03-06 21:04:00,CARD,DEV1022
TXN1008789,ACC100300,ACC100146,478.6,2026-03-07 02:08:00,CARD,DEV1288
TXN1008790,ACC100681,ACC100517,434.68,2026-01-30 10:03:00,IMPS,DEV1002
TXN1008791,ACC100455,ACC100999,2446.32,2026-04-08 22:30:00,BANK_TRANSFER,DEV1040
TXN1008792,ACC100449,ACC100669,2092.59,2026-01-03 01:30:00,CARD,DEV1273
TXN1008793,ACC100079,ACC100923,277.52,2026-03-09 07:30:00,CARD,DEV1184
TXN1008794,ACC100590,ACC100483,6149.41,2026-02-09 22:55:00,IMPS,DEV1239
TXN1008795,ACC100400,ACC100420,856.41,2026-01-27 23:19:00,UPI,DEV1160
TXN1008796,ACC100257,ACC100124,1191.2,2026-04-28 02:51:00,NEFT,DEV1019
TXN1008797,ACC100029,ACC100815,767.78,2026-05-07 14:45:00,UPI,DEV1041
TXN1008798,ACC100704,ACC100851,291.98,2026-04-28 11:52:00,UPI,DEV1274
TXN1008799,ACC100901,ACC100006,2649.88,2026-01-02 15:19:00,CARD,DEV1283
TXN1008800,ACC100256,ACC100183,1552.25,2026-05-10 09:41:00,NEFT,DEV1185
TXN1008801,ACC100467,ACC100447,417.34,2026-01-27 18:04:00,CARD,DEV1247
TXN1008802,ACC100493,ACC100818,3404.86,2026-01-12 14:47:00,CARD,DEV1249
TXN1008803,ACC100134,ACC100704,1171.22,2026-01-24 20:37:00,IMPS,DEV1090
TXN1008804,ACC100566,ACC100777,1201.89,2026-03-01 10:13:00,BANK_TRANSFER,DEV1060
TXN1008805,ACC100265,ACC100210,9244.85,2026-01-03 21:40:00,BANK_TRANSFER,DEV1077
TXN1008806,ACC100113,ACC100371,159.24,2026-02-10 15:26:00,IMPS,DEV1186
TXN1008807,ACC100637,ACC100496,156.73,2026-05-17 07:34:00,IMPS,DEV1216
TXN1008808,ACC100976,ACC100848,205.37,2026-04-29 09:34:00,UPI,DEV1268
TXN1008809,ACC100694,ACC100590,1696.56,2026-01-27 05:49:00,UPI,DEV1176
TXN1008810,ACC100607,ACC100598,712.76,2026-03-10 09:46:00,CARD,DEV1200
TXN1008811,ACC100605,ACC100752,784.11,2026-05-17 18:24:00,UPI,DEV1046
TXN1008812,ACC100180,ACC100687,353.93,2026-02-12 11:40:00,CARD,DEV1066
TXN1008813,ACC100062,ACC100544,8089.33,2026-02-25 14:09:00,UPI,DEV1007
TXN1008814,ACC100880,ACC100572,12103.16,2026-05-19 01:18:00,IMPS,DEV1183
TXN1008815,ACC100502,ACC100843,3224.99,2026-06-18 01:18:00,UPI,DEV1206
TXN1008816,ACC100895,ACC100664,179.69,2026-02-13 01:36:00,CARD,DEV1123
TXN1008817,ACC100468,ACC100063,611.38,2026-02-27 12:41:00,NEFT,DEV1180
TXN1008818,ACC100906,ACC100904,2960.03,2026-06-09 03:36:00,NEFT,DEV1063
TXN1008819,ACC100400,ACC100448,1037.95,2026-04-07 02:37:00,CARD,DEV1211
TXN1008820,ACC100155,ACC100586,3237.85,2026-04-14 11:51:00,BANK_TRANSFER,DEV1203
TXN1008821,ACC100945,ACC100894,4901.9,2026-02-19 13:10:00,UPI,DEV1067
TXN1008822,ACC100799,ACC100368,10814.41,2026-03-04 12:49:00,BANK_TRANSFER,DEV1249
TXN1008823,ACC100192,ACC100948,499.78,2026-02-06 02:04:00,BANK_TRANSFER,DEV1075
TXN1008824,ACC100182,ACC100334,1208.99,2026-03-12 12:16:00,UPI,DEV1281
TXN1008825,ACC100967,ACC100935,646.18,2026-01-06 13:13:00,BANK_TRANSFER,DEV1137
TXN1008826,ACC100018,ACC100627,99.39,2026-04-23 19:05:00,CARD,DEV1104
TXN1008827,ACC100842,ACC100981,2545.05,2026-06-16 19:04:00,CARD,DEV1049
TXN1008828,ACC100836,ACC100860,2156.26,2026-05-18 06:49:00,NEFT,DEV1060
TXN1008829,ACC100772,ACC100057,568.96,2026-01-14 21:50:00,UPI,DEV1223
TXN1008830,ACC100398,ACC100330,161.15,2026-05-19 09:59:00,BANK_TRANSFER,DEV1147
TXN1008831,ACC100983,ACC100990,691.63,2026-03-03 19:14:00,IMPS,DEV1013
TXN1008832,ACC100774,ACC100005,2636.88,2026-03-12 14:41:00,UPI,DEV1115
TXN1008833,ACC100718,ACC100831,5457.79,2026-03-22 22:11:00,CARD,DEV1000
TXN1008834,ACC100725,ACC100546,466.34,2026-06-05 23:46:00,CARD,DEV1019
TXN1008835,ACC100393,ACC100282,4143.25,2026-05-25 23:19:00,IMPS,DEV1240
TXN1008836,ACC100381,ACC100638,2314.54,2026-01-02 09:42:00,NEFT,DEV1239
TXN1008837,ACC100904,ACC100625,1800.61,2026-01-14 21:41:00,NEFT,DEV1283
TXN1008838,ACC100841,ACC100248,232.23,2026-01-15 08:58:00,CARD,DEV1007
TXN1008839,ACC100129,ACC100500,244.66,2026-06-17 18:04:00,BANK_TRANSFER,DEV1012
TXN1008840,ACC100163,ACC100869,404.66,2026-04-27 14:31:00,NEFT,DEV1188
TXN1008841,ACC100116,ACC100192,741.25,2026-01-02 23:24:00,UPI,DEV1164
TXN1008842,ACC100943,ACC100645,9517.57,2026-01-13 04:02:00,BANK_TRANSFER,DEV1279
TXN1008843,ACC100949,ACC100973,495.38,2026-03-25 16:45:00,NEFT,DEV1152
TXN1008844,ACC100493,ACC100214,2766.95,2026-05-19 17:20:00,UPI,DEV1277
TXN1008845,ACC100289,ACC100184,627.84,2026-05-05 10:29:00,UPI,DEV1195
TXN1008846,ACC100163,ACC100522,1933.81,2026-02-12 17:06:00,NEFT,DEV1001
TXN1008847,ACC100455,ACC100167,1016.81,2026-03-30 10:44:00,IMPS,DEV1094
TXN1008848,ACC100013,ACC100379,1356.18,2026-06-27 04:46:00,BANK_TRANSFER,DEV1184
TXN1008849,ACC100074,ACC100327,1708.78,2026-04-05 01:54:00,UPI,DEV1096
TXN1008850,ACC100337,ACC100160,812.94,2026-03-06 15:58:00,UPI,DEV1047
TXN1008851,ACC100820,ACC100448,1718.76,2026-05-22 17:24:00,CARD,DEV1176
TXN1008852,ACC100013,ACC100736,4820.82,2026-04-03 04:10:00,IMPS,DEV1061
TXN1008853,ACC100898,ACC100543,443.66,2026-06-12 09:07:00,UPI,DEV1262
TXN1008854,ACC100025,ACC100367,4550.71,2026-01-24 09:52:00,UPI,DEV1065
TXN1008855,ACC100022,ACC100991,797.72,2026-01-01 16:48:00,NEFT,DEV1021
TXN1008856,ACC100281,ACC100752,702.62,2026-04-06 02:18:00,NEFT,DEV1219
TXN1008857,ACC100594,ACC100618,2538.86,2026-02-24 07:22:00,IMPS,DEV1242
TXN1008858,ACC100416,ACC100716,728.22,2026-06-09 04:57:00,CARD,DEV1287
TXN1008859,ACC100585,ACC100914,1608.41,2026-05-30 09:03:00,CARD,DEV1115
TXN1008860,ACC100523,ACC100476,1437.84,2026-06-06 06:55:00,UPI,DEV1290
TXN1008861,ACC100958,ACC100154,90.0,2026-06-22 12:37:00,IMPS,DEV1104
TXN1008862,ACC100617,ACC100049,1810.04,2026-04-07 01:44:00,NEFT,DEV1211
TXN1008863,ACC100203,ACC100421,194.55,2026-01-12 14:58:00,UPI,DEV1076
TXN1008864,ACC100308,ACC100849,213.18,2026-02-01 06:56:00,CARD,DEV1105
TXN1008865,ACC100624,ACC100865,1702.34,2026-03-18 21:00:00,UPI,DEV1070
TXN1008866,ACC100660,ACC100320,2087.89,2026-05-18 02:22:00,BANK_TRANSFER,DEV1113
TXN1008867,ACC100915,ACC100440,4656.69,2026-04-10 19:44:00,NEFT,DEV1097
TXN1008868,ACC100441,ACC100304,296.71,2026-02-23 14:35:00,NEFT,DEV1099
TXN1008869,ACC100086,ACC100673,450.55,2026-03-20 10:45:00,BANK_TRANSFER,DEV1143
TXN1008870,ACC100381,ACC100975,1914.55,2026-04-18 18:50:00,UPI,DEV1188
TXN1008871,ACC100032,ACC100772,4765.38,2026-05-20 19:55:00,NEFT,DEV1055
TXN1008872,ACC100938,ACC100300,1381.06,2026-04-08 23:56:00,IMPS,DEV1055
TXN1008873,ACC100546,ACC100458,382.37,2026-06-08 18:47:00,BANK_TRANSFER,DEV1245
TXN1008874,ACC100898,ACC100420,6685.53,2026-02-28 08:11:00,UPI,DEV1065
TXN1008875,ACC100203,ACC100008,800.44,2026-03-13 05:18:00,IMPS,DEV1123
TXN1008876,ACC100832,ACC100227,830.94,2026-06-27 17:41:00,BANK_TRANSFER,DEV1122
TXN1008877,ACC100106,ACC100677,195.78,2026-05-26 13:11:00,UPI,DEV1074
TXN1008878,ACC100332,ACC100027,2614.7,2026-06-06 22:29:00,IMPS,DEV1253
TXN1008879,ACC100016,ACC100264,3050.7,2026-01-02 00:49:00,NEFT,DEV1125
TXN1008880,ACC100793,ACC100855,470.13,2026-05-20 14:51:00,CARD,DEV1219
TXN1008881,ACC100527,ACC100310,8968.27,2026-04-30 01:22:00,CARD,DEV1078
TXN1008882,ACC100398,ACC100043,542.1,2026-02-11 15:50:00,NEFT,DEV1244
TXN1008883,ACC100751,ACC100518,2322.28,2026-06-05 14:17:00,CARD,DEV1103
TXN1008884,ACC100423,ACC100515,1434.22,2026-01-08 12:10:00,IMPS,DEV1248
TXN1008885,ACC100198,ACC100542,96.48,2026-01-15 18:56:00,BANK_TRANSFER,DEV1075
TXN1008886,ACC100206,ACC100194,2106.29,2026-01-12 19:15:00,CARD,DEV1015
TXN1008887,ACC100095,ACC100623,1891.17,2026-05-29 18:30:00,IMPS,DEV1150
TXN1008888,ACC100475,ACC100511,131.68,2026-01-13 21:32:00,CARD,DEV1185
TXN1008889,ACC100101,ACC100536,6839.02,2026-06-27 13:31:00,IMPS,DEV1053
TXN1008890,ACC100003,ACC100576,1900.41,2026-05-10 22:32:00,CARD,DEV1096
TXN1008891,ACC100413,ACC100471,4852.66,2026-05-16 23:24:00,IMPS,DEV1258
TXN1008892,ACC100664,ACC100665,139.86,2026-01-18 14:27:00,BANK_TRANSFER,DEV1293
TXN1008893,ACC100396,ACC100011,670.14,2026-01-04 12:54:00,CARD,DEV1258
TXN1008894,ACC100697,ACC100929,4522.06,2026-05-15 02:09:00,IMPS,DEV1249
TXN1008895,ACC100602,ACC100048,167.01,2026-03-21 05:34:00,NEFT,DEV1087
TXN1008896,ACC100557,ACC100688,694.14,2026-03-10 12:52:00,NEFT,DEV1257
TXN1008897,ACC100951,ACC100023,1786.12,2026-04-19 18:38:00,UPI,DEV1230
TXN1008898,ACC100611,ACC100137,112.9,2026-02-10 21:32:00,NEFT,DEV1051
TXN1008899,ACC100681,ACC100625,224.6,2026-06-06 15:34:00,BANK_TRANSFER,DEV1226
TXN1008900,ACC100008,ACC100222,5758.9,2026-02-01 01:24:00,BANK_TRANSFER,DEV1031
TXN1008901,ACC100543,ACC100217,1178.21,2026-03-09 19:04:00,UPI,DEV1279
TXN1008902,ACC100936,ACC100870,4500.93,2026-03-30 08:49:00,NEFT,DEV1271
TXN1008903,ACC100466,ACC100564,1364.46,2026-05-27 01:31:00,NEFT,DEV1273
TXN1008904,ACC100252,ACC100197,20891.04,2026-03-07 14:12:00,NEFT,DEV1276
TXN1008905,ACC100386,ACC100939,1856.56,2026-06-27 15:37:00,IMPS,DEV1198
TXN1008906,ACC100061,ACC100187,5032.81,2026-01-26 07:23:00,UPI,DEV1258
TXN1008907,ACC100704,ACC100030,816.23,2026-04-19 14:25:00,CARD,DEV1152
TXN1008908,ACC100057,ACC100327,1412.16,2026-06-13 20:40:00,BANK_TRANSFER,DEV1243
TXN1008909,ACC100650,ACC100700,2369.05,2026-03-19 07:35:00,UPI,DEV1271
TXN1008910,ACC100510,ACC100742,2891.03,2026-05-23 00:17:00,IMPS,DEV1227
TXN1008911,ACC100536,ACC100177,1046.5,2026-06-14 11:24:00,IMPS,DEV1224
TXN1008912,ACC100109,ACC100129,1100.25,2026-04-18 17:57:00,BANK_TRANSFER,DEV1254
TXN1008913,ACC100023,ACC100294,2002.8,2026-01-21 11:23:00,NEFT,DEV1249
TXN1008914,ACC100553,ACC100973,2001.23,2026-06-12 03:21:00,IMPS,DEV1225
TXN1008915,ACC100205,ACC100731,320.52,2026-01-20 09:41:00,IMPS,DEV1061
TXN1008916,ACC100860,ACC100489,1436.48,2026-06-21 11:32:00,CARD,DEV1070
TXN1008917,ACC100276,ACC100492,1611.51,2026-06-02 20:33:00,NEFT,DEV1129
TXN1008918,ACC100252,ACC100201,339.82,2026-01-29 16:57:00,BANK_TRANSFER,DEV1081
TXN1008919,ACC100460,ACC100231,3252.28,2026-01-10 12:00:00,BANK_TRANSFER,DEV1244
TXN1008920,ACC100418,ACC100445,1799.55,2026-02-04 01:05:00,BANK_TRANSFER,DEV1158
TXN1008921,ACC100844,ACC100014,17975.75,2026-04-23 17:46:00,NEFT,DEV1205
TXN1008922,ACC100259,ACC100918,1062.93,2026-01-04 03:55:00,NEFT,DEV1226
TXN1008923,ACC100459,ACC100301,4286.96,2026-04-15 13:10:00,IMPS,DEV1059
TXN1008924,ACC100614,ACC100629,2094.25,2026-06-28 16:34:00,BANK_TRANSFER,DEV1162
TXN1008925,ACC100862,ACC100437,11000.85,2026-03-29 21:32:00,IMPS,DEV1161
TXN1008926,ACC100924,ACC100351,342.41,2026-06-19 10:15:00,IMPS,DEV1134
TXN1008927,ACC100342,ACC100575,605.24,2026-04-19 13:43:00,CARD,DEV1089
TXN1008928,ACC100624,ACC100182,356.79,2026-05-27 20:43:00,UPI,DEV1237
TXN1008929,ACC100165,ACC100138,998.74,2026-04-18 16:07:00,BANK_TRANSFER,DEV1138
TXN1008930,ACC100044,ACC100443,284.39,2026-06-20 00:48:00,UPI,DEV1160
TXN1008931,ACC100792,ACC100266,175.69,2026-01-27 07:46:00,BANK_TRANSFER,DEV1083
TXN1008932,ACC100448,ACC100734,84.77,2026-03-01 19:00:00,CARD,DEV1275
TXN1008933,ACC100538,ACC100223,78.5,2026-03-02 21:01:00,IMPS,DEV1103
TXN1008934,ACC100854,ACC100549,2410.69,2026-06-20 20:40:00,BANK_TRANSFER,DEV1199
TXN1008935,ACC100141,ACC100158,634.9,2026-04-02 22:04:00,NEFT,DEV1216
TXN1008936,ACC100664,ACC100513,249.51,2026-04-18 06:22:00,BANK_TRANSFER,DEV1211
TXN1008937,ACC100914,ACC100441,497.26,2026-01-23 02:03:00,IMPS,DEV1184
TXN1008938,ACC100411,ACC100381,582.03,2026-05-08 09:10:00,BANK_TRANSFER,DEV1026
TXN1008939,ACC100572,ACC100935,344.63,2026-03-21 06:51:00,CARD,DEV1040
TXN1008940,ACC100722,ACC100312,7530.08,2026-05-29 05:29:00,CARD,DEV1074
TXN1008941,ACC100492,ACC100237,6004.08,2026-06-10 12:28:00,UPI,DEV1204
TXN1008942,ACC100032,ACC100053,7377.48,2026-01-20 05:04:00,CARD,DEV1211
TXN1008943,ACC100882,ACC100292,1359.72,2026-04-10 21:43:00,UPI,DEV1299
TXN1008944,ACC100818,ACC100444,1535.42,2026-01-20 09:43:00,BANK_TRANSFER,DEV1018
TXN1008945,ACC100580,ACC100928,501.13,2026-01-22 00:13:00,UPI,DEV1054
TXN1008946,ACC100440,ACC100401,396.83,2026-04-02 22:43:00,BANK_TRANSFER,DEV1165
TXN1008947,ACC100316,ACC100347,1125.6,2026-03-21 08:29:00,UPI,DEV1027
TXN1008948,ACC100098,ACC100485,2399.05,2026-05-13 09:10:00,CARD,DEV1066
TXN1008949,ACC100670,ACC100752,4605.11,2026-05-06 10:10:00,IMPS,DEV1002
TXN1008950,ACC100933,ACC100662,569.53,2026-03-22 06:10:00,IMPS,DEV1174
TXN1008951,ACC100681,ACC100690,243.89,2026-05-21 19:28:00,BANK_TRANSFER,DEV1234
TXN1008952,ACC100702,ACC100952,2645.94,2026-02-20 01:55:00,CARD,DEV1101
TXN1008953,ACC100161,ACC100111,123.75,2026-04-16 13:32:00,NEFT,DEV1204
TXN1008954,ACC100583,ACC100907,1046.23,2026-01-28 01:33:00,CARD,DEV1030
TXN1008955,ACC100642,ACC100544,1220.68,2026-06-23 22:47:00,CARD,DEV1033
TXN1008956,ACC100885,ACC100120,696.07,2026-05-07 03:10:00,IMPS,DEV1129
TXN1008957,ACC100000,ACC100654,171.69,2026-02-07 12:12:00,UPI,DEV1011
TXN1008958,ACC100416,ACC100276,707.17,2026-02-15 05:02:00,CARD,DEV1215
TXN1008959,ACC100929,ACC100807,7871.87,2026-03-07 08:22:00,NEFT,DEV1294
TXN1008960,ACC100661,ACC100313,2230.69,2026-06-21 14:07:00,NEFT,DEV1071
TXN1008961,ACC100939,ACC100441,4420.72,2026-06-22 23:24:00,NEFT,DEV1031
TXN1008962,ACC100867,ACC100327,254.51,2026-02-19 09:42:00,CARD,DEV1251
TXN1008963,ACC100688,ACC100870,1490.47,2026-03-09 02:42:00,UPI,DEV1210
TXN1008964,ACC100015,ACC100160,1219.27,2026-05-11 12:45:00,BANK_TRANSFER,DEV1180
TXN1008965,ACC100196,ACC100734,1247.94,2026-05-21 18:20:00,CARD,DEV1175
TXN1008966,ACC100367,ACC100613,2136.69,2026-06-13 19:08:00,CARD,DEV1162
TXN1008967,ACC100577,ACC100954,1308.7,2026-02-17 02:01:00,NEFT,DEV1035
TXN1008968,ACC100689,ACC100352,263.13,2026-03-24 05:35:00,BANK_TRANSFER,DEV1084
TXN1008969,ACC100781,ACC100233,2289.08,2026-01-13 03:22:00,CARD,DEV1140
TXN1008970,ACC100746,ACC100236,3008.09,2026-01-06 22:29:00,IMPS,DEV1068
TXN1008971,ACC100617,ACC100982,5342.1,2026-05-07 15:37:00,NEFT,DEV1150
TXN1008972,ACC100658,ACC100793,5632.92,2026-03-15 07:45:00,IMPS,DEV1074
TXN1008973,ACC100607,ACC100719,1942.48,2026-03-21 11:46:00,CARD,DEV1268
TXN1008974,ACC100438,ACC100971,278.27,2026-05-08 23:39:00,NEFT,DEV1027
TXN1008975,ACC100302,ACC100877,174.99,2026-05-01 15:30:00,IMPS,DEV1134
TXN1008976,ACC100651,ACC100782,835.05,2026-04-11 09:21:00,BANK_TRANSFER,DEV1246
TXN1008977,ACC100153,ACC100805,3305.57,2026-05-11 07:12:00,NEFT,DEV1052
TXN1008978,ACC100576,ACC100814,3059.61,2026-01-03 13:59:00,CARD,DEV1038
TXN1008979,ACC100022,ACC100032,1523.55,2026-06-02 19:32:00,CARD,DEV1286
TXN1008980,ACC100298,ACC100177,1049.56,2026-06-07 17:20:00,IMPS,DEV1296
TXN1008981,ACC100583,ACC100253,10769.6,2026-01-17 12:56:00,NEFT,DEV1067
TXN1008982,ACC100124,ACC100131,2183.84,2026-05-09 04:19:00,CARD,DEV1182
TXN1008983,ACC100518,ACC100357,987.59,2026-06-04 16:02:00,UPI,DEV1092
TXN1008984,ACC100291,ACC100528,505.46,2026-06-01 02:26:00,UPI,DEV1175
TXN1008985,ACC100658,ACC100372,326.91,2026-05-01 19:14:00,BANK_TRANSFER,DEV1290
TXN1008986,ACC100090,ACC100370,290.48,2026-05-16 08:54:00,IMPS,DEV1135
TXN1008987,ACC100694,ACC100359,326.95,2026-04-07 11:57:00,UPI,DEV1075
TXN1008988,ACC100789,ACC100228,1536.32,2026-03-15 06:58:00,NEFT,DEV1140
TXN1008989,ACC100057,ACC100733,1073.11,2026-04-30 23:36:00,UPI,DEV1263
TXN1008990,ACC100790,ACC100020,741.67,2026-04-17 22:15:00,IMPS,DEV1036
TXN1008991,ACC100962,ACC100751,2653.87,2026-03-03 20:10:00,NEFT,DEV1149
TXN1008992,ACC100244,ACC100330,9614.33,2026-04-26 18:25:00,NEFT,DEV1166
TXN1008993,ACC100634,ACC100021,408.29,2026-05-01 07:08:00,UPI,DEV1079
TXN1008994,ACC100535,ACC100167,488.26,2026-01-19 21:44:00,UPI,DEV1036
TXN1008995,ACC100186,ACC100402,76.67,2026-03-20 21:45:00,IMPS,DEV1048
TXN1008996,ACC100995,ACC100675,1062.52,2026-05-11 02:41:00,NEFT,DEV1131
TXN1008997,ACC100268,ACC100786,940.92,2026-05-07 18:53:00,BANK_TRANSFER,DEV1298
TXN1008998,ACC100222,ACC100785,3201.42,2026-04-29 21:41:00,CARD,DEV1026
TXN1008999,ACC100499,ACC100059,988.14,2026-04-05 00:57:00,CARD,DEV1012
TXN1009000,ACC100636,ACC100379,541.46,2026-06-15 00:40:00,CARD,DEV1066
TXN1009001,ACC100394,ACC100684,1381.91,2026-02-25 06:19:00,CARD,DEV1207
TXN1009002,ACC100183,ACC100954,2139.83,2026-03-07 22:25:00,IMPS,DEV1066
TXN1009003,ACC100437,ACC100342,157.39,2026-04-26 05:13:00,UPI,DEV1253
TXN1009004,ACC100620,ACC100537,3671.18,2026-01-14 08:42:00,CARD,DEV1020
TXN1009005,ACC100492,ACC100525,5258.3,2026-06-09 21:52:00,IMPS,DEV1225
TXN1009006,ACC100618,ACC100946,2115.29,2026-05-13 17:01:00,CARD,DEV1168
TXN1009007,ACC100166,ACC100717,357.29,2026-06-16 06:30:00,BANK_TRANSFER,DEV1222
TXN1009008,ACC100855,ACC100854,741.57,2026-02-19 13:16:00,BANK_TRANSFER,DEV1055
TXN1009009,ACC100830,ACC100531,4534.41,2026-03-18 12:21:00,NEFT,DEV1137
TXN1009010,ACC100110,ACC100887,339.05,2026-06-23 20:00:00,BANK_TRANSFER,DEV1114
TXN1009011,ACC100519,ACC100936,2331.75,2026-04-03 15:26:00,BANK_TRANSFER,DEV1078
TXN1009012,ACC100539,ACC100169,1031.81,2026-04-13 05:00:00,BANK_TRANSFER,DEV1009
TXN1009013,ACC100103,ACC100429,1329.07,2026-04-01 03:34:00,NEFT,DEV1295
TXN1009014,ACC100321,ACC100169,402.25,2026-05-04 09:41:00,CARD,DEV1278
TXN1009015,ACC100851,ACC100758,1630.75,2026-05-07 03:22:00,NEFT,DEV1169
TXN1009016,ACC100752,ACC100229,1496.51,2026-02-19 06:59:00,UPI,DEV1228
TXN1009017,ACC100587,ACC100963,179.25,2026-02-28 02:25:00,IMPS,DEV1152
TXN1009018,ACC100836,ACC100506,1090.8,2026-03-26 13:04:00,UPI,DEV1216
TXN1009019,ACC100767,ACC100097,2290.85,2026-04-29 12:57:00,NEFT,DEV1025
TXN1009020,ACC100145,ACC100115,690.67,2026-01-06 00:41:00,UPI,DEV1087
TXN1009021,ACC100510,ACC100541,58.13,2026-04-19 10:30:00,BANK_TRANSFER,DEV1288
TXN1009022,ACC100365,ACC100909,955.49,2026-05-14 22:52:00,CARD,DEV1028
TXN1009023,ACC100786,ACC100005,6372.59,2026-03-31 04:07:00,IMPS,DEV1166
TXN1009024,ACC100232,ACC100525,725.34,2026-06-16 01:49:00,CARD,DEV1098
TXN1009025,ACC100097,ACC100628,6089.87,2026-06-29 00:05:00,NEFT,DEV1110
TXN1009026,ACC100908,ACC100507,413.71,2026-04-09 20:24:00,IMPS,DEV1087
TXN1009027,ACC100747,ACC100569,272.28,2026-04-30 21:37:00,BANK_TRANSFER,DEV1085
TXN1009028,ACC100725,ACC100891,1089.94,2026-05-08 09:47:00,CARD,DEV1095
TXN1009029,ACC100183,ACC100404,408.67,2026-05-12 23:05:00,BANK_TRANSFER,DEV1243
TXN1009030,ACC100324,ACC100199,1629.18,2026-01-23 02:37:00,NEFT,DEV1083
TXN1009031,ACC100684,ACC100266,701.29,2026-02-22 18:23:00,CARD,DEV1068
TXN1009032,ACC100879,ACC100672,6429.81,2026-01-07 15:10:00,NEFT,DEV1228
TXN1009033,ACC100617,ACC100197,645.48,2026-01-25 10:35:00,NEFT,DEV1128
TXN1009034,ACC100669,ACC100623,1221.32,2026-03-10 03:55:00,BANK_TRANSFER,DEV1289
TXN1009035,ACC100384,ACC100675,2243.07,2026-03-11 10:46:00,BANK_TRANSFER,DEV1196
TXN1009036,ACC100180,ACC100648,3455.01,2026-03-09 22:50:00,IMPS,DEV1283
TXN1009037,ACC100284,ACC100006,6474.14,2026-05-28 04:48:00,CARD,DEV1228
TXN1009038,ACC100963,ACC100680,827.3,2026-01-20 12:06:00,CARD,DEV1117
TXN1009039,ACC100681,ACC100651,679.14,2026-04-16 18:01:00,NEFT,DEV1002
TXN1009040,ACC100662,ACC100455,110.31,2026-01-16 10:56:00,UPI,DEV1277
TXN1009041,ACC100159,ACC100357,12708.85,2026-01-23 22:03:00,UPI,DEV1015
TXN1009042,ACC100960,ACC100196,1691.14,2026-01-23 22:17:00,BANK_TRANSFER,DEV1222
TXN1009043,ACC100463,ACC100133,2703.14,2026-01-05 16:16:00,NEFT,DEV1296
TXN1009044,ACC100107,ACC100280,2136.39,2026-03-13 12:44:00,CARD,DEV1219
TXN1009045,ACC100974,ACC100933,1163.8,2026-01-20 21:08:00,CARD,DEV1206
TXN1009046,ACC100745,ACC100470,1669.74,2026-06-25 12:50:00,UPI,DEV1047
TXN1009047,ACC100737,ACC100340,560.26,2026-01-14 09:13:00,IMPS,DEV1139
TXN1009048,ACC100001,ACC100787,763.17,2026-01-21 00:02:00,IMPS,DEV1200
TXN1009049,ACC100669,ACC100380,350.64,2026-03-29 15:28:00,CARD,DEV1155
TXN1009050,ACC100472,ACC100379,7105.99,2026-04-18 21:55:00,CARD,DEV1185
TXN1009051,ACC100763,ACC100468,2151.19,2026-02-19 04:45:00,BANK_TRANSFER,DEV1244
TXN1009052,ACC100491,ACC100997,11747.63,2026-03-19 02:51:00,UPI,DEV1172
TXN1009053,ACC100002,ACC100443,17251.6,2026-05-14 11:04:00,BANK_TRANSFER,DEV1010
TXN1009054,ACC100811,ACC100770,203.37,2026-02-08 08:14:00,IMPS,DEV1027
TXN1009055,ACC100626,ACC100802,3576.98,2026-03-18 14:32:00,IMPS,DEV1060
TXN1009056,ACC100318,ACC100719,214.96,2026-05-05 21:43:00,UPI,DEV1214
TXN1009057,ACC100857,ACC100100,1356.82,2026-04-07 11:24:00,IMPS,DEV1236
TXN1009058,ACC100225,ACC100856,1599.87,2026-01-04 10:59:00,IMPS,DEV1151
TXN1009059,ACC100168,ACC100556,234.02,2026-06-02 00:00:00,CARD,DEV1270
TXN1009060,ACC100071,ACC100650,452.59,2026-04-17 05:05:00,BANK_TRANSFER,DEV1103
TXN1009061,ACC100063,ACC100956,1689.9,2026-05-28 22:09:00,CARD,DEV1057
TXN1009062,ACC100360,ACC100888,1355.01,2026-01-15 16:20:00,UPI,DEV1025
TXN1009063,ACC100442,ACC100407,323.1,2026-02-01 13:33:00,BANK_TRANSFER,DEV1027
TXN1009064,ACC100225,ACC100443,474.55,2026-04-28 01:58:00,NEFT,DEV1295
TXN1009065,ACC100060,ACC100275,183.14,2026-01-31 04:04:00,CARD,DEV1293
TXN1009066,ACC100655,ACC100875,258.91,2026-06-24 16:01:00,CARD,DEV1220
TXN1009067,ACC100690,ACC100207,702.25,2026-01-27 20:17:00,BANK_TRANSFER,DEV1145
TXN1009068,ACC100422,ACC100453,3586.54,2026-01-09 19:22:00,BANK_TRANSFER,DEV1198
TXN1009069,ACC100689,ACC100049,4175.88,2026-05-21 15:44:00,NEFT,DEV1215
TXN1009070,ACC100847,ACC100070,9898.36,2026-02-08 05:06:00,BANK_TRANSFER,DEV1261
TXN1009071,ACC100224,ACC100018,1824.6,2026-05-12 22:51:00,CARD,DEV1277
TXN1009072,ACC100529,ACC100318,1374.63,2026-05-01 15:26:00,BANK_TRANSFER,DEV1276
TXN1009073,ACC100520,ACC100928,1986.59,2026-05-10 05:13:00,NEFT,DEV1110
TXN1009074,ACC100466,ACC100356,1963.86,2026-06-09 13:45:00,BANK_TRANSFER,DEV1200
TXN1009075,ACC100550,ACC100703,157.62,2026-04-21 06:02:00,CARD,DEV1129
TXN1009076,ACC100942,ACC100514,10579.23,2026-02-17 23:45:00,IMPS,DEV1006
TXN1009077,ACC100893,ACC100798,108.08,2026-01-10 19:27:00,CARD,DEV1033
TXN1009078,ACC100920,ACC100332,4352.54,2026-03-07 16:39:00,NEFT,DEV1181
TXN1009079,ACC100016,ACC100118,1173.4,2026-02-19 07:22:00,CARD,DEV1231
TXN1009080,ACC100878,ACC100155,296.66,2026-06-18 02:59:00,UPI,DEV1167
TXN1009081,ACC100391,ACC100456,2074.86,2026-05-14 02:15:00,NEFT,DEV1009
TXN1009082,ACC100548,ACC100163,951.68,2026-05-17 06:13:00,NEFT,DEV1207
TXN1009083,ACC100315,ACC100960,483.45,2026-06-05 21:55:00,UPI,DEV1122
TXN1009084,ACC100460,ACC100081,208.98,2026-04-18 11:07:00,UPI,DEV1290
TXN1009085,ACC100285,ACC100686,188.93,2026-06-13 05:43:00,IMPS,DEV1054
TXN1009086,ACC100382,ACC100928,526.85,2026-05-26 13:56:00,IMPS,DEV1240
TXN1009087,ACC100551,ACC100087,689.26,2026-02-27 04:01:00,BANK_TRANSFER,DEV1032
TXN1009088,ACC100373,ACC100108,256.56,2026-05-12 02:32:00,IMPS,DEV1195
TXN1009089,ACC100826,ACC100594,1148.46,2026-01-06 00:53:00,NEFT,DEV1225
TXN1009090,ACC100608,ACC100049,304.37,2026-03-19 14:45:00,NEFT,DEV1144
TXN1009091,ACC100612,ACC100268,1689.63,2026-01-16 11:50:00,BANK_TRANSFER,DEV1033
TXN1009092,ACC100336,ACC100100,4806.17,2026-06-04 07:36:00,BANK_TRANSFER,DEV1130
TXN1009093,ACC100929,ACC100159,1551.92,2026-05-07 19:06:00,BANK_TRANSFER,DEV1047
TXN1009094,ACC100886,ACC100720,979.85,2026-06-10 02:28:00,BANK_TRANSFER,DEV1082
TXN1009095,ACC100444,ACC100808,577.16,2026-05-17 20:21:00,UPI,DEV1010
TXN1009096,ACC100638,ACC100512,6218.71,2026-04-20 23:08:00,UPI,DEV1216
TXN1009097,ACC100846,ACC100944,869.38,2026-05-14 02:28:00,NEFT,DEV1157
TXN1009098,ACC100880,ACC100082,21769.57,2026-04-20 21:48:00,CARD,DEV1199
TXN1009099,ACC100098,ACC100105,265.17,2026-05-03 15:55:00,IMPS,DEV1142
TXN1009100,ACC100167,ACC100993,1552.91,2026-01-01 13:58:00,CARD,DEV1025
TXN1009101,ACC100570,ACC100992,5974.58,2026-01-08 11:41:00,BANK_TRANSFER,DEV1176
TXN1009102,ACC100567,ACC100157,479.07,2026-03-13 23:09:00,UPI,DEV1130
TXN1009103,ACC100638,ACC100663,826.05,2026-05-03 16:32:00,BANK_TRANSFER,DEV1165
TXN1009104,ACC100718,ACC100495,2324.77,2026-02-15 09:43:00,UPI,DEV1017
TXN1009105,ACC100236,ACC100060,1746.67,2026-02-20 02:51:00,NEFT,DEV1033
TXN1009106,ACC100764,ACC100805,2146.6,2026-05-14 14:07:00,UPI,DEV1229
TXN1009107,ACC100355,ACC100603,4413.0,2026-05-23 20:46:00,CARD,DEV1091
TXN1009108,ACC100791,ACC100155,723.35,2026-06-25 10:35:00,BANK_TRANSFER,DEV1155
TXN1009109,ACC100648,ACC100952,6151.38,2026-04-30 14:18:00,NEFT,DEV1051
TXN1009110,ACC100624,ACC100276,139.21,2026-05-31 11:49:00,BANK_TRANSFER,DEV1108
TXN1009111,ACC100185,ACC100371,3995.5,2026-01-20 20:26:00,BANK_TRANSFER,DEV1019
TXN1009112,ACC100084,ACC100010,4344.42,2026-02-04 13:46:00,IMPS,DEV1108
TXN1009113,ACC100268,ACC100954,432.96,2026-06-09 04:34:00,IMPS,DEV1226
TXN1009114,ACC100941,ACC100769,192.33,2026-05-05 23:48:00,CARD,DEV1028
TXN1009115,ACC100544,ACC100335,829.98,2026-05-28 10:26:00,IMPS,DEV1216
TXN1009116,ACC100518,ACC100176,1780.35,2026-03-02 21:03:00,NEFT,DEV1189
TXN1009117,ACC100270,ACC100203,733.54,2026-06-27 09:29:00,NEFT,DEV1275
TXN1009118,ACC100806,ACC100186,2002.86,2026-01-24 08:13:00,BANK_TRANSFER,DEV1002
TXN1009119,ACC100120,ACC100123,11218.2,2026-03-22 22:07:00,NEFT,DEV1244
TXN1009120,ACC100415,ACC100616,213.22,2026-03-12 03:24:00,NEFT,DEV1052
TXN1009121,ACC100215,ACC100637,105.12,2026-05-20 12:22:00,NEFT,DEV1127
TXN1009122,ACC100160,ACC100927,1009.13,2026-02-22 16:03:00,NEFT,DEV1007
TXN1009123,ACC100516,ACC100776,484.83,2026-02-25 20:48:00,CARD,DEV1124
TXN1009124,ACC100120,ACC100473,616.23,2026-03-23 05:41:00,NEFT,DEV1076
TXN1009125,ACC100697,ACC100734,5015.54,2026-02-26 05:01:00,NEFT,DEV1120
TXN1009126,ACC100257,ACC100715,948.86,2026-02-07 03:16:00,IMPS,DEV1291
TXN1009127,ACC100357,ACC100816,1059.13,2026-05-04 19:39:00,CARD,DEV1166
TXN1009128,ACC100965,ACC100447,649.27,2026-02-12 18:49:00,UPI,DEV1251
TXN1009129,ACC100202,ACC100907,1046.74,2026-02-27 12:45:00,UPI,DEV1006
TXN1009130,ACC100430,ACC100726,1513.53,2026-03-08 23:34:00,NEFT,DEV1166
TXN1009131,ACC100737,ACC100535,30992.66,2026-01-12 10:24:00,BANK_TRANSFER,DEV1087
TXN1009132,ACC100627,ACC100913,1533.93,2026-03-16 01:25:00,CARD,DEV1277
TXN1009133,ACC100163,ACC100531,4425.92,2026-04-08 06:23:00,NEFT,DEV1177
TXN1009134,ACC100534,ACC100451,1371.53,2026-02-16 19:40:00,IMPS,DEV1231
TXN1009135,ACC100023,ACC100784,96.22,2026-04-20 05:22:00,NEFT,DEV1259
TXN1009136,ACC100974,ACC100474,555.3,2026-02-25 12:59:00,UPI,DEV1268
TXN1009137,ACC100061,ACC100376,1532.56,2026-04-01 18:22:00,IMPS,DEV1069
TXN1009138,ACC100428,ACC100147,2612.59,2026-02-21 22:40:00,UPI,DEV1209
TXN1009139,ACC100471,ACC100382,1411.31,2026-01-06 02:10:00,UPI,DEV1189
TXN1009140,ACC100202,ACC100870,3309.07,2026-02-04 21:42:00,CARD,DEV1012
TXN1009141,ACC100794,ACC100220,190.19,2026-03-18 03:15:00,NEFT,DEV1227
TXN1009142,ACC100488,ACC100947,1162.76,2026-03-28 12:57:00,BANK_TRANSFER,DEV1260
TXN1009143,ACC100713,ACC100691,5396.77,2026-04-18 07:13:00,CARD,DEV1045
TXN1009144,ACC100242,ACC100450,341.77,2026-06-01 20:03:00,BANK_TRANSFER,DEV1241
TXN1009145,ACC100008,ACC100537,4207.86,2026-01-08 23:33:00,NEFT,DEV1127
TXN1009146,ACC100518,ACC100188,3954.81,2026-05-19 19:54:00,BANK_TRANSFER,DEV1038
TXN1009147,ACC100817,ACC100180,248.53,2026-06-30 05:07:00,IMPS,DEV1199
TXN1009148,ACC100820,ACC100847,1644.93,2026-03-26 15:27:00,NEFT,DEV1099
TXN1009149,ACC100777,ACC100660,1326.87,2026-05-05 13:16:00,NEFT,DEV1147
TXN1009150,ACC100340,ACC100116,887.46,2026-02-10 21:22:00,NEFT,DEV1196
TXN1009151,ACC100158,ACC100961,175.52,2026-02-13 05:13:00,UPI,DEV1277
TXN1009152,ACC100987,ACC100897,799.77,2026-06-18 07:00:00,NEFT,DEV1208
TXN1009153,ACC100851,ACC100262,909.09,2026-06-23 09:10:00,IMPS,DEV1289
TXN1009154,ACC100703,ACC100751,142.88,2026-04-09 04:09:00,IMPS,DEV1265
TXN1009155,ACC100058,ACC100458,229.02,2026-01-20 19:04:00,CARD,DEV1022
TXN1009156,ACC100937,ACC100746,360.54,2026-04-21 19:27:00,BANK_TRANSFER,DEV1103
TXN1009157,ACC100619,ACC100613,311.71,2026-03-09 11:36:00,UPI,DEV1018
TXN1009158,ACC100973,ACC100393,1622.18,2026-06-18 18:03:00,IMPS,DEV1265
TXN1009159,ACC100737,ACC100155,3274.15,2026-06-07 04:48:00,UPI,DEV1195
TXN1009160,ACC100149,ACC100997,755.48,2026-05-30 17:37:00,CARD,DEV1007
TXN1009161,ACC100313,ACC100710,2750.53,2026-02-17 16:32:00,BANK_TRANSFER,DEV1191
TXN1009162,ACC100717,ACC100507,3439.17,2026-01-28 01:57:00,IMPS,DEV1215
TXN1009163,ACC100666,ACC100195,989.94,2026-06-12 00:25:00,NEFT,DEV1192
TXN1009164,ACC100612,ACC100341,1789.43,2026-06-16 22:12:00,CARD,DEV1090
TXN1009165,ACC100323,ACC100641,838.81,2026-01-09 23:26:00,BANK_TRANSFER,DEV1196
TXN1009166,ACC100628,ACC100307,285.03,2026-01-19 04:47:00,IMPS,DEV1163
TXN1009167,ACC100172,ACC100560,447.59,2026-05-16 18:38:00,BANK_TRANSFER,DEV1298
TXN1009168,ACC100691,ACC100812,1621.94,2026-01-01 23:07:00,BANK_TRANSFER,DEV1263
TXN1009169,ACC100777,ACC100781,948.05,2026-05-13 13:05:00,UPI,DEV1268
TXN1009170,ACC100070,ACC100093,2656.08,2026-01-01 15:42:00,UPI,DEV1144
TXN1009171,ACC100610,ACC100762,113.93,2026-02-14 06:58:00,CARD,DEV1013
TXN1009172,ACC100250,ACC100798,152.04,2026-04-16 17:27:00,UPI,DEV1259
TXN1009173,ACC100665,ACC100341,175.24,2026-05-23 22:36:00,BANK_TRANSFER,DEV1146
TXN1009174,ACC100267,ACC100800,1339.41,2026-03-11 07:08:00,CARD,DEV1068
TXN1009175,ACC100798,ACC100115,209.83,2026-02-20 05:55:00,CARD,DEV1253
TXN1009176,ACC100507,ACC100874,1610.27,2026-04-17 07:15:00,BANK_TRANSFER,DEV1114
TXN1009177,ACC100794,ACC100965,2707.04,2026-01-19 20:02:00,UPI,DEV1258
TXN1009178,ACC100056,ACC100820,6764.88,2026-03-19 07:57:00,BANK_TRANSFER,DEV1152
TXN1009179,ACC100715,ACC100246,5925.91,2026-01-12 20:10:00,CARD,DEV1291
TXN1009180,ACC100991,ACC100499,476.04,2026-03-26 12:49:00,BANK_TRANSFER,DEV1133
TXN1009181,ACC100180,ACC100120,147.88,2026-05-23 04:08:00,BANK_TRANSFER,DEV1016
TXN1009182,ACC100067,ACC100830,513.72,2026-05-15 16:07:00,NEFT,DEV1236
TXN1009183,ACC100170,ACC100612,3541.14,2026-01-24 23:38:00,IMPS,DEV1053
TXN1009184,ACC100125,ACC100163,687.03,2026-04-09 12:10:00,BANK_TRANSFER,DEV1225
TXN1009185,ACC100316,ACC100396,1065.09,2026-01-02 07:24:00,UPI,DEV1067
TXN1009186,ACC100702,ACC100217,561.95,2026-01-28 04:32:00,UPI,DEV1250
TXN1009187,ACC100540,ACC100116,7313.25,2026-04-25 00:34:00,NEFT,DEV1090
TXN1009188,ACC100720,ACC100250,324.62,2026-02-05 16:51:00,NEFT,DEV1269
TXN1009189,ACC100557,ACC100564,1188.11,2026-01-24 02:42:00,BANK_TRANSFER,DEV1162
TXN1009190,ACC100625,ACC100831,4145.95,2026-02-12 00:49:00,CARD,DEV1111
TXN1009191,ACC100024,ACC100877,9995.19,2026-03-08 03:58:00,CARD,DEV1176
TXN1009192,ACC100133,ACC100886,476.39,2026-04-27 05:42:00,CARD,DEV1045
TXN1009193,ACC100566,ACC100909,3473.67,2026-05-26 03:30:00,UPI,DEV1294
TXN1009194,ACC100352,ACC100230,513.52,2026-01-25 01:27:00,UPI,DEV1035
TXN1009195,ACC100470,ACC100616,5724.97,2026-06-18 06:10:00,NEFT,DEV1032
TXN1009196,ACC100230,ACC100406,8737.33,2026-06-13 05:47:00,IMPS,DEV1099
TXN1009197,ACC100556,ACC100667,377.09,2026-01-05 02:33:00,IMPS,DEV1229
TXN1009198,ACC100977,ACC100032,2402.24,2026-02-15 01:01:00,BANK_TRANSFER,DEV1286
TXN1009199,ACC100908,ACC100867,4171.14,2026-01-24 20:22:00,NEFT,DEV1002
TXN1009200,ACC100076,ACC100886,770.38,2026-03-12 13:14:00,BANK_TRANSFER,DEV1198
TXN1009201,ACC100084,ACC100886,2115.95,2026-06-30 08:03:00,CARD,DEV1018
TXN1009202,ACC100958,ACC100476,2253.01,2026-05-07 04:52:00,CARD,DEV1080
TXN1009203,ACC100037,ACC100647,12229.18,2026-03-14 12:26:00,UPI,DEV1292
TXN1009204,ACC100978,ACC100564,103.01,2026-01-02 14:48:00,IMPS,DEV1179
TXN1009205,ACC100234,ACC100246,1025.47,2026-02-22 12:22:00,UPI,DEV1057
TXN1009206,ACC100977,ACC100411,244.62,2026-02-17 14:22:00,IMPS,DEV1166
TXN1009207,ACC100997,ACC100069,1114.94,2026-01-10 10:39:00,BANK_TRANSFER,DEV1139
TXN1009208,ACC100386,ACC100960,428.62,2026-01-31 16:33:00,IMPS,DEV1018
TXN1009209,ACC100899,ACC100915,807.63,2026-04-03 22:43:00,UPI,DEV1173
TXN1009210,ACC100102,ACC100211,384.15,2026-02-26 22:26:00,IMPS,DEV1015
TXN1009211,ACC100605,ACC100405,1321.39,2026-04-24 06:55:00,UPI,DEV1300
TXN1009212,ACC100854,ACC100959,3978.55,2026-02-08 10:00:00,UPI,DEV1244
TXN1009213,ACC100316,ACC100095,701.15,2026-06-13 06:52:00,NEFT,DEV1290
TXN1009214,ACC100646,ACC100696,6104.29,2026-04-18 14:09:00,NEFT,DEV1122
TXN1009215,ACC100242,ACC100576,3838.16,2026-01-13 07:35:00,CARD,DEV1115
TXN1009216,ACC100676,ACC100529,12592.83,2026-04-03 16:24:00,NEFT,DEV1102
TXN1009217,ACC100226,ACC100619,1796.56,2026-01-26 20:04:00,NEFT,DEV1258
TXN1009218,ACC100019,ACC100719,1018.44,2026-01-03 00:56:00,BANK_TRANSFER,DEV1152
TXN1009219,ACC100104,ACC100401,163.65,2026-02-06 23:16:00,CARD,DEV1249
TXN1009220,ACC100369,ACC100044,429.22,2026-01-24 10:35:00,CARD,DEV1265
TXN1009221,ACC100246,ACC100663,854.5,2026-02-01 09:08:00,CARD,DEV1185
TXN1009222,ACC100005,ACC100988,984.95,2026-01-05 07:41:00,BANK_TRANSFER,DEV1130
TXN1009223,ACC100786,ACC100648,18369.87,2026-04-05 12:18:00,BANK_TRANSFER,DEV1148
TXN1009224,ACC100397,ACC100880,855.45,2026-03-15 21:56:00,IMPS,DEV1030
TXN1009225,ACC100100,ACC100514,131.36,2026-01-28 22:02:00,BANK_TRANSFER,DEV1010
TXN1009226,ACC100143,ACC100218,2434.47,2026-02-13 00:04:00,UPI,DEV1192
TXN1009227,ACC100356,ACC100107,2270.6,2026-06-03 17:49:00,BANK_TRANSFER,DEV1003
TXN1009228,ACC100415,ACC100761,632.25,2026-01-05 20:16:00,UPI,DEV1249
TXN1009229,ACC100784,ACC100357,14089.77,2026-01-09 15:34:00,NEFT,DEV1061
TXN1009230,ACC100941,ACC100760,112.62,2026-05-29 05:30:00,CARD,DEV1236
TXN1009231,ACC100484,ACC100649,4911.57,2026-04-01 00:42:00,NEFT,DEV1205
TXN1009232,ACC100096,ACC100906,773.31,2026-04-11 22:06:00,IMPS,DEV1074
TXN1009233,ACC100689,ACC100652,350.55,2026-05-12 21:24:00,NEFT,DEV1100
TXN1009234,ACC100750,ACC100618,19545.06,2026-06-22 14:43:00,NEFT,DEV1217
TXN1009235,ACC100550,ACC100900,2654.56,2026-06-12 19:02:00,CARD,DEV1084
TXN1009236,ACC100010,ACC100145,766.53,2026-01-01 08:46:00,BANK_TRANSFER,DEV1248
TXN1009237,ACC100082,ACC100911,748.06,2026-01-08 07:45:00,CARD,DEV1173
TXN1009238,ACC100232,ACC100291,1526.15,2026-05-05 12:51:00,NEFT,DEV1045
TXN1009239,ACC100258,ACC100298,629.95,2026-02-06 16:00:00,UPI,DEV1298
TXN1009240,ACC100958,ACC100448,5216.23,2026-03-17 11:30:00,IMPS,DEV1032
TXN1009241,ACC100884,ACC100303,1218.31,2026-04-04 19:48:00,NEFT,DEV1181
TXN1009242,ACC100015,ACC100980,3718.51,2026-05-24 01:44:00,UPI,DEV1074
TXN1009243,ACC100643,ACC100632,1407.42,2026-01-05 14:33:00,BANK_TRANSFER,DEV1179
TXN1009244,ACC100312,ACC100481,3114.43,2026-02-20 10:45:00,CARD,DEV1130
TXN1009245,ACC100138,ACC100830,5511.61,2026-04-25 23:28:00,IMPS,DEV1130
TXN1009246,ACC100208,ACC100422,8242.97,2026-06-11 03:10:00,UPI,DEV1012
TXN1009247,ACC100579,ACC100533,1976.61,2026-02-10 08:54:00,NEFT,DEV1029
TXN1009248,ACC100660,ACC100534,387.67,2026-01-30 09:00:00,CARD,DEV1152
TXN1009249,ACC100452,ACC100042,891.5,2026-02-08 06:45:00,CARD,DEV1003
TXN1009250,ACC100450,ACC100302,1062.77,2026-01-29 16:47:00,UPI,DEV1219
TXN1009251,ACC100013,ACC100171,551.23,2026-02-14 12:23:00,IMPS,DEV1171
TXN1009252,ACC100330,ACC100929,451.16,2026-02-21 22:33:00,UPI,DEV1096
TXN1009253,ACC100260,ACC100760,1352.08,2026-01-24 15:21:00,CARD,DEV1095
TXN1009254,ACC100191,ACC100559,336.98,2026-01-08 19:39:00,NEFT,DEV1153
TXN1009255,ACC100948,ACC100070,266.97,2026-05-06 12:37:00,NEFT,DEV1016
TXN1009256,ACC100098,ACC100397,143.55,2026-03-05 15:19:00,BANK_TRANSFER,DEV1018
TXN1009257,ACC100359,ACC100789,1951.6,2026-05-21 09:09:00,BANK_TRANSFER,DEV1084
TXN1009258,ACC100566,ACC100116,1651.6,2026-04-25 06:24:00,BANK_TRANSFER,DEV1104
TXN1009259,ACC100216,ACC100773,742.77,2026-06-06 13:51:00,BANK_TRANSFER,DEV1052
TXN1009260,ACC100026,ACC100779,3615.83,2026-05-20 05:35:00,BANK_TRANSFER,DEV1216
TXN1009261,ACC100667,ACC100676,330.77,2026-04-01 14:48:00,UPI,DEV1069
TXN1009262,ACC100831,ACC100062,1732.03,2026-04-08 09:43:00,CARD,DEV1142
TXN1009263,ACC100738,ACC100418,1170.28,2026-05-03 12:50:00,NEFT,DEV1237
TXN1009264,ACC100568,ACC100836,450.87,2026-04-02 13:03:00,IMPS,DEV1169
TXN1009265,ACC100920,ACC100048,607.26,2026-05-23 08:55:00,NEFT,DEV1029
TXN1009266,ACC100762,ACC100696,553.69,2026-01-20 22:08:00,NEFT,DEV1126
TXN1009267,ACC100813,ACC100848,1485.2,2026-05-27 19:48:00,BANK_TRANSFER,DEV1079
TXN1009268,ACC100364,ACC100479,2235.26,2026-01-04 19:48:00,BANK_TRANSFER,DEV1087
TXN1009269,ACC100526,ACC100442,657.42,2026-01-31 00:16:00,IMPS,DEV1266
TXN1009270,ACC100352,ACC100643,466.6,2026-03-27 03:39:00,NEFT,DEV1122
TXN1009271,ACC100541,ACC100692,1292.93,2026-02-09 11:00:00,NEFT,DEV1072
TXN1009272,ACC100011,ACC100252,151.09,2026-02-17 22:57:00,BANK_TRANSFER,DEV1209
TXN1009273,ACC100345,ACC100852,1142.79,2026-05-25 04:01:00,BANK_TRANSFER,DEV1062
TXN1009274,ACC100881,ACC100859,7144.73,2026-05-25 18:03:00,UPI,DEV1178
TXN1009275,ACC100190,ACC100542,471.18,2026-02-22 20:38:00,UPI,DEV1173
TXN1009276,ACC100199,ACC100015,886.94,2026-04-21 16:41:00,IMPS,DEV1007
TXN1009277,ACC100751,ACC100686,3749.86,2026-05-19 07:40:00,UPI,DEV1116
TXN1009278,ACC100575,ACC100922,2712.45,2026-05-15 09:52:00,UPI,DEV1053
TXN1009279,ACC100755,ACC100441,1181.11,2026-06-13 16:12:00,CARD,DEV1205
TXN1009280,ACC100606,ACC100145,1022.25,2026-06-28 23:30:00,UPI,DEV1297
TXN1009281,ACC100885,ACC100662,248.97,2026-02-01 00:35:00,NEFT,DEV1006
TXN1009282,ACC100864,ACC100501,1977.09,2026-01-26 19:45:00,CARD,DEV1017
TXN1009283,ACC100616,ACC100362,218.75,2026-05-05 10:00:00,NEFT,DEV1178
TXN1009284,ACC100958,ACC100723,92.0,2026-03-13 00:50:00,CARD,DEV1059
TXN1009285,ACC100910,ACC100316,3676.53,2026-03-05 17:24:00,CARD,DEV1222
TXN1009286,ACC100482,ACC100212,1744.78,2026-05-22 21:57:00,NEFT,DEV1125
TXN1009287,ACC100119,ACC100790,3151.65,2026-06-27 21:37:00,NEFT,DEV1190
TXN1009288,ACC100423,ACC100507,453.13,2026-04-19 20:45:00,NEFT,DEV1236
TXN1009289,ACC100639,ACC100167,1919.15,2026-05-25 12:52:00,IMPS,DEV1209
TXN1009290,ACC100232,ACC100168,647.5,2026-05-02 07:27:00,IMPS,DEV1135
TXN1009291,ACC100970,ACC100233,740.49,2026-05-06 01:27:00,IMPS,DEV1040
TXN1009292,ACC100584,ACC100682,3528.07,2026-01-11 11:08:00,CARD,DEV1207
TXN1009293,ACC100783,ACC100328,916.21,2026-06-24 03:43:00,NEFT,DEV1032
TXN1009294,ACC100701,ACC100239,475.49,2026-03-20 06:31:00,UPI,DEV1229
TXN1009295,ACC100406,ACC100530,213.02,2026-06-16 07:52:00,IMPS,DEV1295
TXN1009296,ACC100798,ACC100519,1690.58,2026-04-24 13:07:00,BANK_TRANSFER,DEV1043
TXN1009297,ACC100656,ACC100648,3910.31,2026-04-21 01:08:00,NEFT,DEV1044
TXN1009298,ACC100597,ACC100105,428.48,2026-05-01 00:15:00,IMPS,DEV1137
TXN1009299,ACC100190,ACC100886,2506.83,2026-03-02 14:36:00,IMPS,DEV1226
TXN1009300,ACC100256,ACC100746,353.78,2026-06-19 07:20:00,CARD,DEV1127
TXN1009301,ACC100546,ACC100046,2695.03,2026-01-18 07:26:00,UPI,DEV1269
TXN1009302,ACC100269,ACC100197,1140.81,2026-03-15 02:33:00,IMPS,DEV1176
TXN1009303,ACC100880,ACC100690,1512.32,2026-05-04 04:04:00,CARD,DEV1287
TXN1009304,ACC100146,ACC100423,474.9,2026-02-01 02:13:00,UPI,DEV1146
TXN1009305,ACC100472,ACC100390,1684.23,2026-02-13 00:51:00,CARD,DEV1104
TXN1009306,ACC100261,ACC100472,535.27,2026-05-18 16:26:00,IMPS,DEV1176
TXN1009307,ACC100319,ACC100123,667.53,2026-03-13 11:02:00,NEFT,DEV1213
TXN1009308,ACC100891,ACC100312,177.48,2026-04-26 06:37:00,UPI,DEV1050
TXN1009309,ACC100797,ACC100405,434.16,2026-05-12 18:13:00,NEFT,DEV1090
TXN1009310,ACC100414,ACC100412,583.71,2026-03-01 16:09:00,UPI,DEV1007
TXN1009311,ACC100558,ACC100889,1596.18,2026-06-15 17:50:00,BANK_TRANSFER,DEV1137
TXN1009312,ACC100228,ACC100561,2241.25,2026-02-19 01:32:00,UPI,DEV1152
TXN1009313,ACC100560,ACC100683,528.73,2026-04-04 16:10:00,BANK_TRANSFER,DEV1053
TXN1009314,ACC100414,ACC100382,900.24,2026-04-21 00:20:00,BANK_TRANSFER,DEV1271
TXN1009315,ACC100991,ACC100048,8297.11,2026-06-23 09:01:00,UPI,DEV1260
TXN1009316,ACC100700,ACC100635,1283.48,2026-01-10 22:54:00,IMPS,DEV1144
TXN1009317,ACC100291,ACC100970,575.78,2026-04-13 06:18:00,BANK_TRANSFER,DEV1269
TXN1009318,ACC100800,ACC100174,146.12,2026-04-21 02:14:00,CARD,DEV1105
TXN1009319,ACC100268,ACC100709,393.58,2026-04-07 01:09:00,BANK_TRANSFER,DEV1234
TXN1009320,ACC100222,ACC100782,375.61,2026-04-22 06:52:00,UPI,DEV1134
TXN1009321,ACC100577,ACC100199,11771.64,2026-06-26 03:11:00,BANK_TRANSFER,DEV1043
TXN1009322,ACC100194,ACC100462,396.17,2026-02-04 05:10:00,BANK_TRANSFER,DEV1103
TXN1009323,ACC100532,ACC100762,1165.9,2026-01-02 10:25:00,NEFT,DEV1003
TXN1009324,ACC100665,ACC100234,1711.13,2026-01-01 21:55:00,BANK_TRANSFER,DEV1117
TXN1009325,ACC100283,ACC100581,4137.43,2026-01-29 22:20:00,UPI,DEV1205
TXN1009326,ACC100293,ACC100501,1107.24,2026-04-16 08:42:00,BANK_TRANSFER,DEV1094
TXN1009327,ACC100742,ACC100488,594.44,2026-02-20 19:08:00,CARD,DEV1284
TXN1009328,ACC100829,ACC100098,549.03,2026-02-22 07:58:00,CARD,DEV1067
TXN1009329,ACC100909,ACC100715,1681.86,2026-02-11 21:41:00,CARD,DEV1285
TXN1009330,ACC100105,ACC100571,482.41,2026-01-20 12:25:00,NEFT,DEV1106
TXN1009331,ACC100674,ACC100593,291.48,2026-02-17 12:27:00,BANK_TRANSFER,DEV1273
TXN1009332,ACC100255,ACC100034,594.31,2026-02-14 03:00:00,IMPS,DEV1203
TXN1009333,ACC100498,ACC100064,223.77,2026-04-15 01:45:00,IMPS,DEV1125
TXN1009334,ACC100515,ACC100318,10104.54,2026-01-19 16:09:00,BANK_TRANSFER,DEV1232
TXN1009335,ACC100413,ACC100013,2243.66,2026-02-09 17:26:00,CARD,DEV1158
TXN1009336,ACC100612,ACC100014,7669.55,2026-05-01 05:27:00,CARD,DEV1128
TXN1009337,ACC100543,ACC100521,1963.58,2026-01-19 00:07:00,NEFT,DEV1015
TXN1009338,ACC100254,ACC100601,6832.95,2026-01-23 14:14:00,CARD,DEV1274
TXN1009339,ACC100076,ACC100177,1704.38,2026-05-16 17:25:00,IMPS,DEV1227
TXN1009340,ACC100624,ACC100648,2621.28,2026-02-26 20:32:00,BANK_TRANSFER,DEV1168
TXN1009341,ACC100927,ACC100649,84.74,2026-05-26 07:37:00,UPI,DEV1284
TXN1009342,ACC100914,ACC100158,366.06,2026-02-17 15:17:00,BANK_TRANSFER,DEV1049
TXN1009343,ACC100280,ACC100435,1146.32,2026-05-27 11:53:00,IMPS,DEV1162
TXN1009344,ACC100250,ACC100847,1180.18,2026-04-18 20:08:00,BANK_TRANSFER,DEV1076
TXN1009345,ACC100248,ACC100969,1000.59,2026-02-14 01:27:00,CARD,DEV1085
TXN1009346,ACC100647,ACC100307,1888.61,2026-05-11 14:08:00,UPI,DEV1043
TXN1009347,ACC100348,ACC100442,1984.34,2026-06-22 05:26:00,IMPS,DEV1026
TXN1009348,ACC100837,ACC100711,3096.84,2026-04-10 17:00:00,BANK_TRANSFER,DEV1015
TXN1009349,ACC100066,ACC100695,2447.43,2026-05-28 09:32:00,CARD,DEV1251
TXN1009350,ACC100038,ACC100086,4651.31,2026-03-12 02:38:00,IMPS,DEV1287
TXN1009351,ACC100908,ACC100000,4697.0,2026-03-07 10:03:00,CARD,DEV1053
TXN1009352,ACC100908,ACC100884,1352.35,2026-02-10 01:16:00,BANK_TRANSFER,DEV1103
TXN1009353,ACC100775,ACC100429,13332.75,2026-02-02 09:43:00,BANK_TRANSFER,DEV1228
TXN1009354,ACC100314,ACC100515,5603.78,2026-03-26 13:44:00,IMPS,DEV1109
TXN1009355,ACC100835,ACC100459,416.41,2026-05-20 22:04:00,BANK_TRANSFER,DEV1217
TXN1009356,ACC100719,ACC100071,1756.58,2026-05-03 07:33:00,IMPS,DEV1231
TXN1009357,ACC100470,ACC100992,120.16,2026-04-15 00:51:00,CARD,DEV1096
TXN1009358,ACC100625,ACC100897,147.08,2026-06-16 23:26:00,NEFT,DEV1033
TXN1009359,ACC100722,ACC100245,602.21,2026-04-15 19:01:00,BANK_TRANSFER,DEV1298
TXN1009360,ACC100050,ACC100436,383.55,2026-04-03 16:11:00,NEFT,DEV1038
TXN1009361,ACC100714,ACC100422,606.67,2026-06-01 18:43:00,NEFT,DEV1112
TXN1009362,ACC100981,ACC100909,1626.51,2026-04-17 13:48:00,IMPS,DEV1126
TXN1009363,ACC100487,ACC100759,4771.18,2026-04-06 14:12:00,UPI,DEV1259
TXN1009364,ACC100278,ACC100362,4474.29,2026-02-26 11:41:00,CARD,DEV1231
TXN1009365,ACC100493,ACC100731,1800.52,2026-05-07 17:54:00,NEFT,DEV1288
TXN1009366,ACC100141,ACC100704,297.51,2026-06-06 09:26:00,NEFT,DEV1258
TXN1009367,ACC100239,ACC100423,561.79,2026-01-19 18:17:00,BANK_TRANSFER,DEV1098
TXN1009368,ACC100450,ACC100298,2355.76,2026-03-21 18:28:00,BANK_TRANSFER,DEV1085
TXN1009369,ACC100194,ACC100776,406.94,2026-06-08 12:52:00,UPI,DEV1144
TXN1009370,ACC100133,ACC100275,239.77,2026-03-10 11:04:00,UPI,DEV1093
TXN1009371,ACC100359,ACC100852,1979.86,2026-04-10 16:56:00,UPI,DEV1079
TXN1009372,ACC100123,ACC100490,1034.8,2026-05-13 05:54:00,BANK_TRANSFER,DEV1170
TXN1009373,ACC100808,ACC100982,851.41,2026-05-31 18:57:00,BANK_TRANSFER,DEV1036
TXN1009374,ACC100935,ACC100407,4153.73,2026-01-28 00:06:00,IMPS,DEV1224
TXN1009375,ACC100738,ACC100420,4050.4,2026-02-23 05:31:00,BANK_TRANSFER,DEV1149
TXN1009376,ACC100002,ACC100228,9296.02,2026-05-11 01:03:00,NEFT,DEV1109
TXN1009377,ACC100502,ACC100261,501.85,2026-01-24 21:20:00,IMPS,DEV1223
TXN1009378,ACC100625,ACC100913,1836.62,2026-05-21 00:19:00,BANK_TRANSFER,DEV1192
TXN1009379,ACC100326,ACC100879,1121.94,2026-01-31 00:31:00,BANK_TRANSFER,DEV1211
TXN1009380,ACC100795,ACC100873,1645.8,2026-01-27 20:58:00,BANK_TRANSFER,DEV1236
TXN1009381,ACC100939,ACC100003,281.11,2026-05-07 17:08:00,IMPS,DEV1105
TXN1009382,ACC100694,ACC100081,203.78,2026-03-02 04:21:00,BANK_TRANSFER,DEV1155
TXN1009383,ACC100033,ACC100170,1044.97,2026-06-23 16:04:00,NEFT,DEV1148
TXN1009384,ACC100185,ACC100367,399.01,2026-01-11 02:15:00,CARD,DEV1191
TXN1009385,ACC100459,ACC100373,3380.74,2026-04-04 10:54:00,CARD,DEV1154
TXN1009386,ACC100533,ACC100387,181.12,2026-02-24 21:39:00,IMPS,DEV1284
TXN1009387,ACC100072,ACC100995,199.97,2026-01-03 23:23:00,CARD,DEV1001
TXN1009388,ACC100803,ACC100349,665.14,2026-04-11 02:01:00,NEFT,DEV1161
TXN1009389,ACC100490,ACC100215,173.18,2026-05-14 21:21:00,NEFT,DEV1059
TXN1009390,ACC100052,ACC100585,8194.38,2026-04-14 00:13:00,UPI,DEV1220
TXN1009391,ACC100950,ACC100388,880.51,2026-01-30 13:55:00,UPI,DEV1175
TXN1009392,ACC100198,ACC100081,532.0,2026-04-23 12:55:00,CARD,DEV1010
TXN1009393,ACC100823,ACC100709,1922.84,2026-02-12 10:00:00,NEFT,DEV1191
TXN1009394,ACC100385,ACC100615,3167.25,2026-04-29 23:58:00,BANK_TRANSFER,DEV1046
TXN1009395,ACC100522,ACC100086,1405.78,2026-03-17 07:16:00,IMPS,DEV1198
TXN1009396,ACC100887,ACC100634,1010.59,2026-04-26 11:12:00,CARD,DEV1170
TXN1009397,ACC100867,ACC100811,336.92,2026-04-03 08:58:00,CARD,DEV1008
TXN1009398,ACC100393,ACC100569,2338.09,2026-02-18 09:09:00,IMPS,DEV1213
TXN1009399,ACC100021,ACC100381,6003.17,2026-02-19 08:02:00,BANK_TRANSFER,DEV1279
TXN1009400,ACC100161,ACC100832,842.47,2026-06-11 10:35:00,BANK_TRANSFER,DEV1222
TXN1009401,ACC100602,ACC100409,396.02,2026-04-07 01:42:00,BANK_TRANSFER,DEV1059
TXN1009402,ACC100526,ACC100477,1363.48,2026-03-23 17:39:00,BANK_TRANSFER,DEV1018
TXN1009403,ACC100295,ACC100110,1100.13,2026-03-16 21:49:00,UPI,DEV1098
TXN1009404,ACC100429,ACC100228,254.77,2026-03-20 17:58:00,CARD,DEV1133
TXN1009405,ACC100341,ACC100107,599.91,2026-02-05 13:19:00,UPI,DEV1288
TXN1009406,ACC100900,ACC100246,9378.57,2026-04-26 20:54:00,UPI,DEV1084
TXN1009407,ACC100161,ACC100670,217.66,2026-06-05 07:06:00,UPI,DEV1149
TXN1009408,ACC100301,ACC100220,478.79,2026-01-18 23:25:00,IMPS,DEV1043
TXN1009409,ACC100810,ACC100202,351.27,2026-03-12 11:02:00,NEFT,DEV1225
TXN1009410,ACC100621,ACC100625,390.58,2026-06-02 01:02:00,UPI,DEV1243
TXN1009411,ACC100189,ACC100350,642.54,2026-04-13 13:13:00,BANK_TRANSFER,DEV1248
TXN1009412,ACC100134,ACC100961,1878.18,2026-03-05 01:57:00,CARD,DEV1107
TXN1009413,ACC100963,ACC100429,5272.58,2026-03-31 15:14:00,BANK_TRANSFER,DEV1101
TXN1009414,ACC100452,ACC100714,1399.66,2026-01-19 22:05:00,NEFT,DEV1055
TXN1009415,ACC100988,ACC100806,482.38,2026-01-14 09:43:00,UPI,DEV1120
TXN1009416,ACC100408,ACC100497,6959.75,2026-04-27 16:29:00,CARD,DEV1249
TXN1009417,ACC100620,ACC100369,91.63,2026-05-29 22:24:00,IMPS,DEV1065
TXN1009418,ACC100736,ACC100975,2460.63,2026-02-03 09:15:00,BANK_TRANSFER,DEV1196
TXN1009419,ACC100490,ACC100223,319.86,2026-04-30 02:42:00,BANK_TRANSFER,DEV1215
TXN1009420,ACC100482,ACC100321,1031.63,2026-03-26 15:24:00,BANK_TRANSFER,DEV1060
TXN1009421,ACC100828,ACC100135,2155.37,2026-01-08 20:38:00,NEFT,DEV1171
TXN1009422,ACC100270,ACC100686,159.74,2026-01-07 05:34:00,BANK_TRANSFER,DEV1142
TXN1009423,ACC100923,ACC100305,1299.82,2026-02-22 19:06:00,BANK_TRANSFER,DEV1070
TXN1009424,ACC100386,ACC100860,1425.35,2026-05-31 15:15:00,CARD,DEV1292
TXN1009425,ACC100285,ACC100978,6341.09,2026-01-31 08:02:00,CARD,DEV1198
TXN1009426,ACC100498,ACC100276,28514.82,2026-05-20 17:46:00,CARD,DEV1259
TXN1009427,ACC100618,ACC100597,170.11,2026-04-11 20:33:00,UPI,DEV1265
TXN1009428,ACC100784,ACC100490,6006.42,2026-05-13 14:28:00,IMPS,DEV1289
TXN1009429,ACC100934,ACC100080,1047.9,2026-03-18 04:10:00,BANK_TRANSFER,DEV1122
TXN1009430,ACC100331,ACC100598,415.6,2026-01-10 21:16:00,NEFT,DEV1027
TXN1009431,ACC100703,ACC100288,1707.63,2026-03-16 08:53:00,CARD,DEV1142
TXN1009432,ACC100190,ACC100469,229.81,2026-01-14 15:27:00,IMPS,DEV1185
TXN1009433,ACC100307,ACC100279,246.87,2026-03-29 05:08:00,CARD,DEV1287
TXN1009434,ACC100421,ACC100065,136.7,2026-01-16 20:32:00,NEFT,DEV1129
TXN1009435,ACC100471,ACC100847,2111.82,2026-06-16 05:34:00,BANK_TRANSFER,DEV1243
TXN1009436,ACC100283,ACC100926,1623.62,2026-01-15 15:34:00,NEFT,DEV1046
TXN1009437,ACC100893,ACC100628,412.71,2026-03-04 20:51:00,UPI,DEV1129
TXN1009438,ACC100390,ACC100816,6824.83,2026-01-02 08:09:00,CARD,DEV1279
TXN1009439,ACC100172,ACC100572,494.95,2026-01-08 07:47:00,NEFT,DEV1211
TXN1009440,ACC100535,ACC100972,5113.23,2026-06-03 20:47:00,UPI,DEV1009
TXN1009441,ACC100573,ACC100667,1269.65,2026-06-15 12:42:00,BANK_TRANSFER,DEV1253
TXN1009442,ACC100491,ACC100470,487.05,2026-01-01 16:01:00,NEFT,DEV1015
TXN1009443,ACC100108,ACC100195,955.3,2026-05-28 22:19:00,BANK_TRANSFER,DEV1110
TXN1009444,ACC100858,ACC100821,243.6,2026-06-03 21:25:00,IMPS,DEV1165
TXN1009445,ACC100403,ACC100991,1422.37,2026-04-26 20:53:00,CARD,DEV1155
TXN1009446,ACC100791,ACC100692,1137.58,2026-04-11 08:21:00,UPI,DEV1245
TXN1009447,ACC100796,ACC100493,2065.11,2026-01-18 17:42:00,CARD,DEV1092
TXN1009448,ACC100416,ACC100748,3149.45,2026-04-23 18:00:00,CARD,DEV1035
TXN1009449,ACC100413,ACC100923,1259.84,2026-03-01 07:43:00,BANK_TRANSFER,DEV1200
TXN1009450,ACC100212,ACC100810,186.5,2026-05-17 04:04:00,IMPS,DEV1005
TXN1009451,ACC100960,ACC100202,3357.11,2026-02-06 13:59:00,IMPS,DEV1155
TXN1009452,ACC100701,ACC100838,1116.1,2026-06-07 17:36:00,CARD,DEV1155
TXN1009453,ACC100027,ACC100624,112.97,2026-03-06 13:44:00,CARD,DEV1187
TXN1009454,ACC100828,ACC100844,1590.08,2026-03-12 19:21:00,CARD,DEV1231
TXN1009455,ACC100031,ACC100796,1740.88,2026-03-22 07:40:00,CARD,DEV1152
TXN1009456,ACC100275,ACC100986,713.24,2026-03-05 08:45:00,BANK_TRANSFER,DEV1172
TXN1009457,ACC100294,ACC100105,864.88,2026-02-03 03:43:00,CARD,DEV1194
TXN1009458,ACC100174,ACC100049,536.83,2026-05-19 22:15:00,UPI,DEV1039
TXN1009459,ACC100717,ACC100180,1806.87,2026-05-16 21:01:00,IMPS,DEV1130
TXN1009460,ACC100939,ACC100519,1297.23,2026-02-11 18:10:00,UPI,DEV1012
TXN1009461,ACC100808,ACC100690,368.75,2026-05-31 05:33:00,UPI,DEV1181
TXN1009462,ACC100252,ACC100879,7643.15,2026-04-09 10:58:00,UPI,DEV1147
TXN1009463,ACC100648,ACC100363,493.26,2026-04-13 17:54:00,CARD,DEV1214
TXN1009464,ACC100613,ACC100040,42.61,2026-01-10 02:43:00,BANK_TRANSFER,DEV1086
TXN1009465,ACC100897,ACC100223,623.4,2026-02-18 03:03:00,NEFT,DEV1068
TXN1009466,ACC100825,ACC100307,3778.66,2026-01-04 09:17:00,UPI,DEV1160
TXN1009467,ACC100652,ACC100467,855.91,2026-03-25 17:32:00,NEFT,DEV1074
TXN1009468,ACC100473,ACC100433,154.2,2026-05-13 14:14:00,UPI,DEV1089
TXN1009469,ACC100491,ACC100459,319.35,2026-05-27 06:44:00,IMPS,DEV1115
TXN1009470,ACC100244,ACC100848,299.71,2026-03-26 14:52:00,BANK_TRANSFER,DEV1159
TXN1009471,ACC100926,ACC100158,549.86,2026-01-06 03:11:00,BANK_TRANSFER,DEV1137
TXN1009472,ACC100262,ACC100815,801.07,2026-03-24 15:16:00,CARD,DEV1193
TXN1009473,ACC100085,ACC100424,1983.51,2026-06-21 05:58:00,BANK_TRANSFER,DEV1186
TXN1009474,ACC100054,ACC100748,1279.37,2026-04-17 09:36:00,UPI,DEV1007
TXN1009475,ACC100218,ACC100079,1355.17,2026-05-17 10:28:00,UPI,DEV1249
TXN1009476,ACC100909,ACC100251,9276.35,2026-06-21 06:09:00,CARD,DEV1188
TXN1009477,ACC100846,ACC100143,3080.96,2026-02-24 08:43:00,CARD,DEV1189
TXN1009478,ACC100717,ACC100914,2772.11,2026-04-03 09:36:00,CARD,DEV1032
TXN1009479,ACC100130,ACC100837,124.49,2026-06-18 02:06:00,IMPS,DEV1277
TXN1009480,ACC100287,ACC100755,444.89,2026-04-16 15:31:00,IMPS,DEV1223
TXN1009481,ACC100266,ACC100309,161.35,2026-06-22 01:46:00,UPI,DEV1262
TXN1009482,ACC100632,ACC100177,435.78,2026-06-30 17:24:00,BANK_TRANSFER,DEV1058
TXN1009483,ACC100914,ACC100307,2846.48,2026-06-23 07:10:00,NEFT,DEV1108
TXN1009484,ACC100347,ACC100897,684.44,2026-06-13 08:56:00,IMPS,DEV1175
TXN1009485,ACC100644,ACC100732,3971.62,2026-04-21 04:16:00,BANK_TRANSFER,DEV1216
TXN1009486,ACC100825,ACC100765,2519.37,2026-06-15 00:04:00,CARD,DEV1261
TXN1009487,ACC100086,ACC100855,1165.08,2026-03-05 17:17:00,NEFT,DEV1232
TXN1009488,ACC100814,ACC100341,4085.73,2026-01-19 08:21:00,NEFT,DEV1022
TXN1009489,ACC100474,ACC100688,5638.08,2026-03-11 21:06:00,UPI,DEV1257
TXN1009490,ACC100890,ACC100752,1891.76,2026-03-23 00:37:00,NEFT,DEV1274
TXN1009491,ACC100905,ACC100991,1445.14,2026-02-05 22:51:00,NEFT,DEV1026
TXN1009492,ACC100776,ACC100354,2345.0,2026-06-21 10:45:00,NEFT,DEV1213
TXN1009493,ACC100729,ACC100359,202.77,2026-01-20 04:28:00,UPI,DEV1205
TXN1009494,ACC100631,ACC100023,952.33,2026-06-19 21:24:00,CARD,DEV1055
TXN1009495,ACC100098,ACC100639,1065.51,2026-03-31 20:12:00,CARD,DEV1111
TXN1009496,ACC100654,ACC100450,704.51,2026-02-09 11:12:00,IMPS,DEV1000
TXN1009497,ACC100237,ACC100121,425.22,2026-03-22 18:15:00,NEFT,DEV1193
TXN1009498,ACC100316,ACC100233,3632.42,2026-06-02 08:32:00,NEFT,DEV1065
TXN1009499,ACC100560,ACC100016,1344.89,2026-06-26 10:56:00,NEFT,DEV1008
TXN1009500,ACC100062,ACC100598,1499.95,2026-02-12 07:11:00,UPI,DEV1294
TXN1009501,ACC100363,ACC100956,6060.19,2026-01-13 16:07:00,BANK_TRANSFER,DEV1254
TXN1009502,ACC100248,ACC100015,867.49,2026-03-29 23:21:00,IMPS,DEV1297
TXN1009503,ACC100027,ACC100869,687.78,2026-01-10 08:11:00,NEFT,DEV1107
TXN1009504,ACC100968,ACC100190,5616.99,2026-06-09 05:25:00,CARD,DEV1072
TXN1009505,ACC100025,ACC100915,183.3,2026-03-26 23:15:00,NEFT,DEV1188
TXN1009506,ACC100723,ACC100354,1166.11,2026-04-08 05:02:00,BANK_TRANSFER,DEV1154
TXN1009507,ACC100621,ACC100509,452.52,2026-04-06 13:07:00,NEFT,DEV1226
TXN1009508,ACC100559,ACC100708,1558.09,2026-02-26 07:49:00,BANK_TRANSFER,DEV1124
TXN1009509,ACC100616,ACC100594,2178.43,2026-03-16 07:05:00,UPI,DEV1015
TXN1009510,ACC100592,ACC100698,2328.8,2026-03-31 02:42:00,BANK_TRANSFER,DEV1258
TXN1009511,ACC100520,ACC100361,3757.42,2026-04-24 18:40:00,CARD,DEV1271
TXN1009512,ACC100943,ACC100191,809.95,2026-05-16 00:30:00,BANK_TRANSFER,DEV1174
TXN1009513,ACC100493,ACC100184,872.82,2026-05-11 08:16:00,BANK_TRANSFER,DEV1228
TXN1009514,ACC100530,ACC100203,2063.01,2026-01-04 23:16:00,UPI,DEV1287
TXN1009515,ACC100616,ACC100575,3181.16,2026-04-21 12:20:00,BANK_TRANSFER,DEV1267
TXN1009516,ACC100299,ACC100413,230.36,2026-06-12 23:36:00,UPI,DEV1230
TXN1009517,ACC100771,ACC100299,1598.7,2026-03-29 14:19:00,IMPS,DEV1163
TXN1009518,ACC100695,ACC100764,682.46,2026-04-07 21:51:00,CARD,DEV1001
TXN1009519,ACC100917,ACC100214,1217.53,2026-02-10 15:16:00,UPI,DEV1273
TXN1009520,ACC100826,ACC100654,714.78,2026-05-10 15:15:00,NEFT,DEV1266
TXN1009521,ACC100462,ACC100842,460.68,2026-03-26 01:49:00,BANK_TRANSFER,DEV1282
TXN1009522,ACC100891,ACC100032,323.04,2026-06-20 04:30:00,UPI,DEV1248
TXN1009523,ACC100349,ACC100907,914.86,2026-06-19 04:19:00,UPI,DEV1129
TXN1009524,ACC100409,ACC100812,1685.95,2026-05-30 01:36:00,CARD,DEV1147
TXN1009525,ACC100213,ACC100594,531.87,2026-01-06 21:35:00,CARD,DEV1132
TXN1009526,ACC100941,ACC100545,4572.31,2026-03-06 16:23:00,CARD,DEV1097
TXN1009527,ACC100628,ACC100171,20955.16,2026-01-11 05:05:00,NEFT,DEV1130
TXN1009528,ACC100844,ACC100917,1800.37,2026-03-10 00:26:00,CARD,DEV1120
TXN1009529,ACC100650,ACC100103,1043.69,2026-05-27 16:30:00,UPI,DEV1277
TXN1009530,ACC100668,ACC100639,366.97,2026-06-22 00:00:00,UPI,DEV1034
TXN1009531,ACC100185,ACC100059,1709.69,2026-02-20 13:34:00,CARD,DEV1092
TXN1009532,ACC100625,ACC100697,6455.0,2026-06-16 02:27:00,CARD,DEV1129
TXN1009533,ACC100950,ACC100128,11363.65,2026-04-21 02:49:00,CARD,DEV1212
TXN1009534,ACC100678,ACC100430,5856.97,2026-03-12 16:30:00,UPI,DEV1014
TXN1009535,ACC100500,ACC100711,3016.86,2026-05-27 07:30:00,NEFT,DEV1093
TXN1009536,ACC100453,ACC100349,1794.05,2026-04-18 12:30:00,IMPS,DEV1012
TXN1009537,ACC100556,ACC100253,311.56,2026-01-28 23:22:00,IMPS,DEV1005
TXN1009538,ACC100667,ACC100005,972.95,2026-01-20 13:11:00,UPI,DEV1268
TXN1009539,ACC100226,ACC100182,846.36,2026-01-24 11:16:00,IMPS,DEV1291
TXN1009540,ACC100957,ACC100047,980.59,2026-01-16 16:48:00,NEFT,DEV1035
TXN1009541,ACC100826,ACC100756,462.53,2026-04-09 12:53:00,NEFT,DEV1107
TXN1009542,ACC100972,ACC100038,2722.85,2026-05-21 12:53:00,UPI,DEV1151
TXN1009543,ACC100151,ACC100569,789.47,2026-06-19 08:01:00,UPI,DEV1203
TXN1009544,ACC100502,ACC100143,716.2,2026-02-24 04:27:00,NEFT,DEV1195
TXN1009545,ACC100856,ACC100757,464.41,2026-03-06 09:35:00,CARD,DEV1059
TXN1009546,ACC100039,ACC100389,1449.19,2026-01-13 13:25:00,UPI,DEV1220
TXN1009547,ACC100465,ACC100982,6608.62,2026-06-14 08:05:00,CARD,DEV1232
TXN1009548,ACC100541,ACC100544,1083.28,2026-06-08 05:36:00,UPI,DEV1130
TXN1009549,ACC100125,ACC100556,1537.77,2026-01-31 01:20:00,UPI,DEV1235
TXN1009550,ACC100164,ACC100825,11184.82,2026-06-05 00:52:00,BANK_TRANSFER,DEV1131
TXN1009551,ACC100482,ACC100635,4647.72,2026-05-17 01:35:00,UPI,DEV1048
TXN1009552,ACC100467,ACC100062,2220.07,2026-03-30 13:20:00,NEFT,DEV1238
TXN1009553,ACC100653,ACC100890,2110.83,2026-06-23 14:37:00,NEFT,DEV1276
TXN1009554,ACC100644,ACC100379,531.83,2026-04-27 12:26:00,CARD,DEV1010
TXN1009555,ACC100907,ACC100230,472.93,2026-02-27 13:36:00,CARD,DEV1163
TXN1009556,ACC100648,ACC100603,1299.44,2026-03-13 16:41:00,BANK_TRANSFER,DEV1042
TXN1009557,ACC100853,ACC100996,1339.6,2026-01-06 19:54:00,BANK_TRANSFER,DEV1298
TXN1009558,ACC100858,ACC100640,395.55,2026-02-25 16:29:00,BANK_TRANSFER,DEV1144
TXN1009559,ACC100552,ACC100733,2550.27,2026-04-13 10:44:00,IMPS,DEV1111
TXN1009560,ACC100789,ACC100044,786.22,2026-05-18 00:09:00,NEFT,DEV1161
TXN1009561,ACC100859,ACC100219,4241.98,2026-02-19 09:01:00,IMPS,DEV1012
TXN1009562,ACC100270,ACC100626,1026.09,2026-05-20 05:56:00,UPI,DEV1237
TXN1009563,ACC100869,ACC100033,922.69,2026-01-01 00:48:00,IMPS,DEV1201
TXN1009564,ACC100975,ACC100787,356.07,2026-04-30 11:55:00,NEFT,DEV1134
TXN1009565,ACC100457,ACC100355,406.09,2026-02-21 21:01:00,CARD,DEV1148
TXN1009566,ACC100808,ACC100728,5331.12,2026-01-23 14:29:00,IMPS,DEV1270
TXN1009567,ACC100142,ACC100349,1514.37,2026-01-21 03:33:00,CARD,DEV1072
TXN1009568,ACC100839,ACC100649,1749.64,2026-02-21 01:47:00,IMPS,DEV1178
TXN1009569,ACC100519,ACC100167,7485.9,2026-01-23 16:12:00,IMPS,DEV1198
TXN1009570,ACC100979,ACC100230,225.63,2026-06-25 08:28:00,UPI,DEV1278
TXN1009571,ACC100785,ACC100928,2454.08,2026-01-14 08:48:00,BANK_TRANSFER,DEV1006
TXN1009572,ACC100548,ACC100910,163.13,2026-06-26 17:35:00,CARD,DEV1040
TXN1009573,ACC100109,ACC100170,648.6,2026-04-05 17:08:00,UPI,DEV1154
TXN1009574,ACC100311,ACC100718,277.52,2026-03-01 02:03:00,CARD,DEV1163
TXN1009575,ACC100697,ACC100848,3072.69,2026-04-29 16:30:00,IMPS,DEV1047
TXN1009576,ACC100102,ACC100136,113.56,2026-04-24 03:39:00,CARD,DEV1264
TXN1009577,ACC100108,ACC100000,832.06,2026-05-25 18:07:00,UPI,DEV1232
TXN1009578,ACC100425,ACC100921,273.0,2026-04-20 07:57:00,NEFT,DEV1065
TXN1009579,ACC100087,ACC100341,393.17,2026-02-08 14:16:00,CARD,DEV1103
TXN1009580,ACC100847,ACC100669,473.02,2026-04-26 03:54:00,UPI,DEV1006
TXN1009581,ACC100462,ACC100783,5339.7,2026-01-02 13:28:00,BANK_TRANSFER,DEV1210
TXN1009582,ACC100538,ACC100660,733.42,2026-04-21 09:21:00,CARD,DEV1157
TXN1009583,ACC100103,ACC100297,8714.91,2026-05-02 08:01:00,NEFT,DEV1159
TXN1009584,ACC100437,ACC100562,11202.63,2026-05-26 11:27:00,IMPS,DEV1238
TXN1009585,ACC100298,ACC100190,13855.27,2026-03-29 05:53:00,NEFT,DEV1235
TXN1009586,ACC100454,ACC100947,1021.96,2026-04-08 18:22:00,BANK_TRANSFER,DEV1291
TXN1009587,ACC100655,ACC100711,1411.53,2026-05-06 16:27:00,IMPS,DEV1293
TXN1009588,ACC100382,ACC100090,1725.97,2026-04-10 21:23:00,CARD,DEV1017
TXN1009589,ACC100229,ACC100742,705.58,2026-02-11 22:48:00,IMPS,DEV1245
TXN1009590,ACC100757,ACC100848,1824.83,2026-01-08 03:24:00,NEFT,DEV1008
TXN1009591,ACC100903,ACC100629,357.01,2026-04-01 22:03:00,UPI,DEV1225
TXN1009592,ACC100815,ACC100661,115.52,2026-01-20 11:59:00,UPI,DEV1194
TXN1009593,ACC100745,ACC100683,2583.66,2026-06-11 07:35:00,IMPS,DEV1114
TXN1009594,ACC100059,ACC100666,720.74,2026-03-20 16:38:00,CARD,DEV1077
TXN1009595,ACC100344,ACC100734,339.67,2026-06-01 14:17:00,UPI,DEV1046
TXN1009596,ACC100370,ACC100653,395.33,2026-06-14 20:46:00,NEFT,DEV1117
TXN1009597,ACC100235,ACC100823,6755.73,2026-05-10 09:56:00,UPI,DEV1201
TXN1009598,ACC100128,ACC100946,1913.97,2026-06-24 19:47:00,UPI,DEV1222
TXN1009599,ACC100189,ACC100560,176.48,2026-05-11 02:58:00,NEFT,DEV1209
TXN1009600,ACC100407,ACC100054,263.91,2026-06-19 06:35:00,UPI,DEV1294
TXN1009601,ACC100547,ACC100059,772.59,2026-03-31 02:51:00,BANK_TRANSFER,DEV1110
TXN1009602,ACC100269,ACC100953,1942.42,2026-02-21 09:21:00,BANK_TRANSFER,DEV1104
TXN1009603,ACC100417,ACC100255,422.64,2026-03-24 14:51:00,BANK_TRANSFER,DEV1031
TXN1009604,ACC100709,ACC100955,891.11,2026-05-14 17:01:00,CARD,DEV1127
TXN1009605,ACC100291,ACC100498,1258.23,2026-02-07 10:03:00,NEFT,DEV1048
TXN1009606,ACC100720,ACC100434,1289.9,2026-04-29 13:13:00,IMPS,DEV1048
TXN1009607,ACC100819,ACC100549,61.92,2026-05-06 09:54:00,IMPS,DEV1010
TXN1009608,ACC100632,ACC100416,1430.77,2026-03-15 17:03:00,NEFT,DEV1066
TXN1009609,ACC100617,ACC100655,137.08,2026-02-21 04:46:00,CARD,DEV1270
TXN1009610,ACC100241,ACC100746,777.69,2026-03-19 17:50:00,CARD,DEV1012
TXN1009611,ACC100618,ACC100736,600.82,2026-06-13 05:52:00,BANK_TRANSFER,DEV1171
TXN1009612,ACC100106,ACC100430,300.52,2026-06-22 05:45:00,BANK_TRANSFER,DEV1020
TXN1009613,ACC100569,ACC100319,3016.34,2026-03-31 09:02:00,BANK_TRANSFER,DEV1079
TXN1009614,ACC100386,ACC100143,284.64,2026-04-23 16:16:00,IMPS,DEV1114
TXN1009615,ACC100104,ACC100882,585.51,2026-02-17 11:31:00,BANK_TRANSFER,DEV1049
TXN1009616,ACC100133,ACC100686,3147.87,2026-05-24 15:52:00,CARD,DEV1206
TXN1009617,ACC100228,ACC100272,565.78,2026-01-02 08:44:00,UPI,DEV1226
TXN1009618,ACC100998,ACC100887,441.33,2026-03-06 08:55:00,CARD,DEV1217
TXN1009619,ACC100349,ACC100732,794.9,2026-02-16 04:24:00,NEFT,DEV1205
TXN1009620,ACC100865,ACC100625,2097.71,2026-04-13 17:36:00,NEFT,DEV1058
TXN1009621,ACC100422,ACC100606,6220.27,2026-02-15 02:16:00,CARD,DEV1189
TXN1009622,ACC100073,ACC100472,356.61,2026-01-27 08:26:00,NEFT,DEV1073
TXN1009623,ACC100644,ACC100566,393.04,2026-03-18 11:11:00,NEFT,DEV1232
TXN1009624,ACC100029,ACC100728,787.13,2026-06-10 11:09:00,UPI,DEV1011
TXN1009625,ACC100362,ACC100824,1445.44,2026-04-23 08:52:00,NEFT,DEV1269
TXN1009626,ACC100977,ACC100044,435.16,2026-05-05 14:11:00,CARD,DEV1159
TXN1009627,ACC100547,ACC100470,2505.58,2026-05-13 10:10:00,UPI,DEV1115
TXN1009628,ACC100558,ACC100682,364.77,2026-03-05 04:03:00,IMPS,DEV1233
TXN1009629,ACC100446,ACC100047,112.05,2026-05-07 18:17:00,IMPS,DEV1100
TXN1009630,ACC100358,ACC100621,2075.86,2026-03-15 18:27:00,IMPS,DEV1065
TXN1009631,ACC100942,ACC100262,2385.36,2026-04-03 04:19:00,NEFT,DEV1277
TXN1009632,ACC100549,ACC100121,3841.36,2026-04-10 00:31:00,IMPS,DEV1186
TXN1009633,ACC100826,ACC100254,100.46,2026-03-21 03:40:00,CARD,DEV1217
TXN1009634,ACC100716,ACC100849,493.37,2026-04-01 10:37:00,CARD,DEV1054
TXN1009635,ACC100826,ACC100268,811.37,2026-01-26 03:31:00,BANK_TRANSFER,DEV1055
TXN1009636,ACC100033,ACC100669,9030.38,2026-01-26 09:59:00,CARD,DEV1113
TXN1009637,ACC100581,ACC100656,905.93,2026-06-19 23:13:00,UPI,DEV1086
TXN1009638,ACC100848,ACC100590,217.93,2026-05-10 22:15:00,IMPS,DEV1160
TXN1009639,ACC100532,ACC100256,1565.7,2026-03-14 19:06:00,UPI,DEV1050
TXN1009640,ACC100137,ACC100469,5278.24,2026-05-02 02:30:00,IMPS,DEV1226
TXN1009641,ACC100501,ACC100714,4088.64,2026-01-27 10:58:00,CARD,DEV1256
TXN1009642,ACC100346,ACC100199,2152.01,2026-06-04 00:09:00,BANK_TRANSFER,DEV1049
TXN1009643,ACC100697,ACC100461,1502.91,2026-03-14 09:15:00,CARD,DEV1291
TXN1009644,ACC100931,ACC100966,72.15,2026-03-06 00:28:00,BANK_TRANSFER,DEV1001
TXN1009645,ACC100672,ACC100196,1130.93,2026-01-08 18:21:00,BANK_TRANSFER,DEV1081
TXN1009646,ACC100170,ACC100579,1358.0,2026-06-12 01:31:00,CARD,DEV1133
TXN1009647,ACC100847,ACC100099,905.16,2026-06-04 21:05:00,CARD,DEV1166
TXN1009648,ACC100569,ACC100766,2561.94,2026-03-17 01:07:00,IMPS,DEV1289
TXN1009649,ACC100250,ACC100475,887.85,2026-04-18 08:35:00,NEFT,DEV1064
TXN1009650,ACC100841,ACC100425,704.67,2026-06-13 10:53:00,BANK_TRANSFER,DEV1231
TXN1009651,ACC100989,ACC100132,3815.39,2026-05-15 00:29:00,IMPS,DEV1121
TXN1009652,ACC100563,ACC100899,667.6,2026-04-09 10:55:00,CARD,DEV1091
TXN1009653,ACC100423,ACC100044,1185.1,2026-01-04 18:55:00,UPI,DEV1186
TXN1009654,ACC100593,ACC100556,3219.68,2026-01-07 22:50:00,UPI,DEV1269
TXN1009655,ACC100786,ACC100564,326.1,2026-05-11 00:27:00,UPI,DEV1126
TXN1009656,ACC100000,ACC100340,286.28,2026-02-19 15:34:00,BANK_TRANSFER,DEV1078
TXN1009657,ACC100559,ACC100995,5594.44,2026-04-12 17:52:00,CARD,DEV1082
TXN1009658,ACC100804,ACC100741,538.48,2026-06-17 21:24:00,IMPS,DEV1026
TXN1009659,ACC100930,ACC100773,2517.24,2026-02-18 00:20:00,CARD,DEV1036
TXN1009660,ACC100062,ACC100879,130.27,2026-05-19 02:08:00,CARD,DEV1292
TXN1009661,ACC100755,ACC100174,54.4,2026-02-12 06:59:00,BANK_TRANSFER,DEV1239
TXN1009662,ACC100387,ACC100967,1697.78,2026-06-15 13:21:00,IMPS,DEV1057
TXN1009663,ACC100375,ACC100275,941.03,2026-01-18 11:53:00,UPI,DEV1296
TXN1009664,ACC100574,ACC100060,1717.04,2026-04-25 00:05:00,IMPS,DEV1232
TXN1009665,ACC100751,ACC100137,10400.93,2026-06-08 22:38:00,IMPS,DEV1157
TXN1009666,ACC100869,ACC100841,248.44,2026-02-09 22:36:00,BANK_TRANSFER,DEV1209
TXN1009667,ACC100221,ACC100340,1148.06,2026-05-18 08:06:00,NEFT,DEV1298
TXN1009668,ACC100171,ACC100720,6457.25,2026-04-10 06:50:00,BANK_TRANSFER,DEV1298
TXN1009669,ACC100789,ACC100917,295.42,2026-06-13 18:27:00,CARD,DEV1137
TXN1009670,ACC100630,ACC100331,543.66,2026-03-31 20:47:00,UPI,DEV1027
TXN1009671,ACC100624,ACC100144,131.53,2026-02-28 08:11:00,NEFT,DEV1185
TXN1009672,ACC100869,ACC100537,16081.41,2026-05-10 11:53:00,CARD,DEV1076
TXN1009673,ACC100913,ACC100527,77.83,2026-06-16 07:32:00,NEFT,DEV1204
TXN1009674,ACC100670,ACC100220,2859.22,2026-06-15 17:36:00,BANK_TRANSFER,DEV1049
TXN1009675,ACC100908,ACC100445,225.03,2026-01-21 22:37:00,BANK_TRANSFER,DEV1013
TXN1009676,ACC100358,ACC100328,310.73,2026-05-23 16:39:00,NEFT,DEV1106
TXN1009677,ACC100018,ACC100714,3931.38,2026-06-12 05:06:00,BANK_TRANSFER,DEV1209
TXN1009678,ACC100088,ACC100278,449.88,2026-05-30 20:31:00,UPI,DEV1152
TXN1009679,ACC100066,ACC100438,2397.41,2026-04-30 19:19:00,NEFT,DEV1080
TXN1009680,ACC100667,ACC100043,5744.73,2026-02-17 15:50:00,BANK_TRANSFER,DEV1260
TXN1009681,ACC100629,ACC100698,1395.26,2026-06-26 03:16:00,NEFT,DEV1168
TXN1009682,ACC100871,ACC100269,3187.98,2026-05-19 02:45:00,UPI,DEV1287
TXN1009683,ACC100975,ACC100630,1208.1,2026-01-31 16:09:00,IMPS,DEV1262
TXN1009684,ACC100286,ACC100345,1277.18,2026-05-13 10:16:00,BANK_TRANSFER,DEV1247
TXN1009685,ACC100276,ACC100600,511.88,2026-03-07 01:27:00,UPI,DEV1295
TXN1009686,ACC100889,ACC100178,11099.23,2026-04-18 06:16:00,BANK_TRANSFER,DEV1264
TXN1009687,ACC100993,ACC100407,2674.22,2026-03-30 18:26:00,UPI,DEV1252
TXN1009688,ACC100672,ACC100189,2051.17,2026-01-06 01:54:00,BANK_TRANSFER,DEV1011
TXN1009689,ACC100364,ACC100467,2763.78,2026-01-06 02:44:00,BANK_TRANSFER,DEV1254
TXN1009690,ACC100292,ACC100884,486.51,2026-02-23 22:26:00,NEFT,DEV1228
TXN1009691,ACC100329,ACC100702,3351.51,2026-02-07 22:26:00,BANK_TRANSFER,DEV1065
TXN1009692,ACC100338,ACC100352,7094.37,2026-06-28 12:45:00,CARD,DEV1256
TXN1009693,ACC100025,ACC100719,209.17,2026-06-26 18:40:00,NEFT,DEV1217
TXN1009694,ACC100837,ACC100614,2100.38,2026-01-04 00:02:00,UPI,DEV1173
TXN1009695,ACC100711,ACC100668,1182.46,2026-05-24 03:47:00,IMPS,DEV1108
TXN1009696,ACC100389,ACC100877,588.15,2026-02-09 09:19:00,IMPS,DEV1150
TXN1009697,ACC100635,ACC100661,295.33,2026-06-24 09:44:00,CARD,DEV1019
TXN1009698,ACC100004,ACC100138,3875.01,2026-03-30 03:57:00,BANK_TRANSFER,DEV1020
TXN1009699,ACC100402,ACC100917,1407.52,2026-06-16 15:18:00,IMPS,DEV1157
TXN1009700,ACC100711,ACC100275,855.29,2026-04-19 01:43:00,BANK_TRANSFER,DEV1184
TXN1009701,ACC100828,ACC100984,2102.45,2026-05-02 23:31:00,CARD,DEV1081
TXN1009702,ACC100857,ACC100294,941.08,2026-05-17 16:21:00,CARD,DEV1147
TXN1009703,ACC100469,ACC100395,471.12,2026-03-04 01:51:00,BANK_TRANSFER,DEV1108
TXN1009704,ACC100341,ACC100450,1280.16,2026-02-03 22:50:00,BANK_TRANSFER,DEV1015
TXN1009705,ACC100967,ACC100632,1060.39,2026-01-25 23:01:00,UPI,DEV1018
TXN1009706,ACC100733,ACC100707,130.45,2026-04-17 08:31:00,NEFT,DEV1235
TXN1009707,ACC100314,ACC100642,515.18,2026-06-22 02:44:00,BANK_TRANSFER,DEV1007
TXN1009708,ACC100839,ACC100270,240.5,2026-02-04 01:33:00,IMPS,DEV1080
TXN1009709,ACC100199,ACC100015,151.16,2026-03-22 19:14:00,CARD,DEV1176
TXN1009710,ACC100467,ACC100255,1922.23,2026-02-24 14:46:00,BANK_TRANSFER,DEV1095
TXN1009711,ACC100953,ACC100513,491.51,2026-05-03 12:54:00,NEFT,DEV1230
TXN1009712,ACC100368,ACC100745,3826.43,2026-04-02 11:50:00,IMPS,DEV1169
TXN1009713,ACC100521,ACC100423,122.2,2026-05-23 11:03:00,CARD,DEV1276
TXN1009714,ACC100368,ACC100025,767.16,2026-04-20 13:07:00,NEFT,DEV1256
TXN1009715,ACC100488,ACC100537,523.68,2026-02-12 22:27:00,CARD,DEV1158
TXN1009716,ACC100895,ACC100996,165.08,2026-05-11 16:08:00,UPI,DEV1114
TXN1009717,ACC100046,ACC100052,1103.35,2026-01-14 05:59:00,NEFT,DEV1180
TXN1009718,ACC100267,ACC100414,183.31,2026-06-14 09:02:00,NEFT,DEV1127
TXN1009719,ACC100244,ACC100292,1432.62,2026-04-24 21:13:00,BANK_TRANSFER,DEV1178
TXN1009720,ACC100139,ACC100599,2604.28,2026-03-09 21:41:00,BANK_TRANSFER,DEV1146
TXN1009721,ACC100294,ACC100466,1511.81,2026-01-02 09:47:00,UPI,DEV1159
TXN1009722,ACC100380,ACC100036,1759.28,2026-03-26 22:44:00,CARD,DEV1108
TXN1009723,ACC100783,ACC100200,3780.01,2026-05-04 01:22:00,CARD,DEV1171
TXN1009724,ACC100664,ACC100108,1061.97,2026-01-17 17:50:00,UPI,DEV1201
TXN1009725,ACC100663,ACC100123,406.98,2026-02-20 18:15:00,CARD,DEV1186
TXN1009726,ACC100670,ACC100631,528.09,2026-03-31 11:07:00,BANK_TRANSFER,DEV1143
TXN1009727,ACC100167,ACC100182,541.94,2026-05-28 17:54:00,UPI,DEV1097
TXN1009728,ACC100252,ACC100905,313.56,2026-06-15 05:10:00,NEFT,DEV1039
TXN1009729,ACC100630,ACC100683,2810.32,2026-06-07 15:42:00,CARD,DEV1044
TXN1009730,ACC100082,ACC100532,2063.76,2026-01-02 03:41:00,CARD,DEV1226
TXN1009731,ACC100713,ACC100802,148.71,2026-04-28 10:03:00,IMPS,DEV1194
TXN1009732,ACC100052,ACC100849,406.84,2026-03-09 18:37:00,BANK_TRANSFER,DEV1001
TXN1009733,ACC100886,ACC100607,295.78,2026-05-14 11:19:00,BANK_TRANSFER,DEV1079
TXN1009734,ACC100449,ACC100101,1604.9,2026-03-08 07:37:00,CARD,DEV1293
TXN1009735,ACC100788,ACC100277,3991.06,2026-05-01 08:37:00,BANK_TRANSFER,DEV1105
TXN1009736,ACC100992,ACC100651,1877.74,2026-03-20 16:22:00,CARD,DEV1264
TXN1009737,ACC100546,ACC100596,472.75,2026-02-24 17:15:00,CARD,DEV1041
TXN1009738,ACC100400,ACC100647,747.87,2026-01-24 23:54:00,BANK_TRANSFER,DEV1246
TXN1009739,ACC100824,ACC100470,206.14,2026-04-09 10:28:00,NEFT,DEV1268
TXN1009740,ACC100690,ACC100057,226.02,2026-05-19 09:59:00,IMPS,DEV1041
TXN1009741,ACC100808,ACC100633,3026.8,2026-04-17 21:39:00,NEFT,DEV1083
TXN1009742,ACC100743,ACC100068,6203.91,2026-06-27 15:15:00,BANK_TRANSFER,DEV1018
TXN1009743,ACC100655,ACC100807,465.11,2026-01-08 10:57:00,IMPS,DEV1033
TXN1009744,ACC100137,ACC100429,1161.82,2026-01-06 12:38:00,NEFT,DEV1250
TXN1009745,ACC100306,ACC100063,2603.54,2026-02-05 21:26:00,BANK_TRANSFER,DEV1154
TXN1009746,ACC100948,ACC100344,148.92,2026-06-09 12:32:00,BANK_TRANSFER,DEV1226
TXN1009747,ACC100433,ACC100586,311.56,2026-03-24 12:46:00,BANK_TRANSFER,DEV1048
TXN1009748,ACC100655,ACC100174,11996.41,2026-04-17 17:36:00,UPI,DEV1116
TXN1009749,ACC100035,ACC100507,347.49,2026-05-13 08:15:00,CARD,DEV1107
TXN1009750,ACC100111,ACC100800,710.38,2026-05-14 23:43:00,IMPS,DEV1178
TXN1009751,ACC100595,ACC100940,531.91,2026-03-20 03:43:00,IMPS,DEV1120
TXN1009752,ACC100783,ACC100761,100.11,2026-03-08 11:11:00,BANK_TRANSFER,DEV1088
TXN1009753,ACC100206,ACC100180,1211.08,2026-04-05 23:39:00,BANK_TRANSFER,DEV1028
TXN1009754,ACC100987,ACC100767,1063.9,2026-02-16 09:51:00,NEFT,DEV1163
TXN1009755,ACC100856,ACC100511,1362.42,2026-01-20 03:28:00,CARD,DEV1091
TXN1009756,ACC100830,ACC100716,990.8,2026-04-30 09:12:00,IMPS,DEV1170
TXN1009757,ACC100105,ACC100932,631.54,2026-03-14 20:22:00,IMPS,DEV1263
TXN1009758,ACC100841,ACC100421,589.5,2026-02-21 04:34:00,CARD,DEV1028
TXN1009759,ACC100157,ACC100210,601.72,2026-01-26 15:51:00,NEFT,DEV1017
TXN1009760,ACC100132,ACC100537,334.81,2026-01-20 01:31:00,CARD,DEV1001
TXN1009761,ACC100799,ACC100646,403.2,2026-05-05 13:14:00,IMPS,DEV1151
TXN1009762,ACC100280,ACC100212,341.62,2026-02-23 09:33:00,CARD,DEV1001
TXN1009763,ACC100185,ACC100665,2182.21,2026-04-07 07:06:00,IMPS,DEV1187
TXN1009764,ACC100407,ACC100284,1583.39,2026-01-19 13:46:00,IMPS,DEV1280
TXN1009765,ACC100679,ACC100965,1132.93,2026-05-07 01:17:00,IMPS,DEV1169
TXN1009766,ACC100154,ACC100096,11279.23,2026-04-03 03:00:00,NEFT,DEV1116
TXN1009767,ACC100969,ACC100359,361.1,2026-01-25 16:12:00,IMPS,DEV1101
TXN1009768,ACC100684,ACC100390,4198.71,2026-05-10 12:29:00,UPI,DEV1134
TXN1009769,ACC100747,ACC100762,802.69,2026-06-18 10:38:00,BANK_TRANSFER,DEV1186
TXN1009770,ACC100173,ACC100397,1324.24,2026-01-14 21:37:00,IMPS,DEV1125
TXN1009771,ACC100341,ACC100294,2453.73,2026-06-17 16:03:00,IMPS,DEV1086
TXN1009772,ACC100262,ACC100036,618.29,2026-03-23 12:17:00,IMPS,DEV1023
TXN1009773,ACC100782,ACC100415,308.57,2026-01-20 03:57:00,IMPS,DEV1008
TXN1009774,ACC100004,ACC100272,376.11,2026-04-04 22:23:00,BANK_TRANSFER,DEV1069
TXN1009775,ACC100484,ACC100372,87.57,2026-06-12 05:38:00,IMPS,DEV1137
TXN1009776,ACC100052,ACC100518,2271.41,2026-05-06 01:13:00,NEFT,DEV1214
TXN1009777,ACC100575,ACC100813,2206.78,2026-06-20 07:41:00,IMPS,DEV1171
TXN1009778,ACC100374,ACC100972,7334.77,2026-04-02 13:42:00,IMPS,DEV1260
TXN1009779,ACC100379,ACC100604,1804.28,2026-05-23 02:09:00,BANK_TRANSFER,DEV1078
TXN1009780,ACC100569,ACC100266,2407.32,2026-02-23 20:54:00,BANK_TRANSFER,DEV1224
TXN1009781,ACC100304,ACC100542,994.4,2026-04-10 19:47:00,BANK_TRANSFER,DEV1021
TXN1009782,ACC100044,ACC100895,1915.73,2026-03-30 12:16:00,CARD,DEV1106
TXN1009783,ACC100845,ACC100884,4054.21,2026-02-21 17:54:00,UPI,DEV1235
TXN1009784,ACC100638,ACC100996,1363.44,2026-02-02 13:51:00,CARD,DEV1000
TXN1009785,ACC100591,ACC100689,586.7,2026-03-15 00:20:00,NEFT,DEV1128
TXN1009786,ACC100466,ACC100905,841.96,2026-04-05 00:53:00,UPI,DEV1232
TXN1009787,ACC100826,ACC100322,2703.32,2026-01-04 11:22:00,CARD,DEV1200
TXN1009788,ACC100355,ACC100800,608.19,2026-03-24 17:36:00,BANK_TRANSFER,DEV1019
TXN1009789,ACC100661,ACC100407,3187.14,2026-03-24 18:15:00,CARD,DEV1254
TXN1009790,ACC100886,ACC100808,10832.62,2026-02-04 05:35:00,IMPS,DEV1086
TXN1009791,ACC100296,ACC100186,3234.9,2026-01-11 08:36:00,IMPS,DEV1009
TXN1009792,ACC100062,ACC100408,2688.03,2026-03-03 23:33:00,UPI,DEV1293
TXN1009793,ACC100107,ACC100888,1664.3,2026-01-10 14:39:00,BANK_TRANSFER,DEV1240
TXN1009794,ACC100858,ACC100866,431.71,2026-01-26 08:24:00,CARD,DEV1123
TXN1009795,ACC100348,ACC100605,387.18,2026-01-21 22:55:00,UPI,DEV1154
TXN1009796,ACC100735,ACC100150,382.55,2026-01-13 05:15:00,BANK_TRANSFER,DEV1203
TXN1009797,ACC100111,ACC100136,2133.84,2026-02-06 07:22:00,IMPS,DEV1283
TXN1009798,ACC100421,ACC100695,687.21,2026-01-31 09:12:00,UPI,DEV1067
TXN1009799,ACC100651,ACC100294,1059.14,2026-03-26 10:10:00,IMPS,DEV1074
TXN1009800,ACC100267,ACC100755,1812.36,2026-06-02 05:19:00,IMPS,DEV1147
TXN1009801,ACC100245,ACC100022,400.01,2026-02-08 07:53:00,IMPS,DEV1028
TXN1009802,ACC100015,ACC100027,600.46,2026-01-25 06:30:00,IMPS,DEV1229
TXN1009803,ACC100539,ACC100960,1615.6,2026-06-04 05:50:00,BANK_TRANSFER,DEV1082
TXN1009804,ACC100271,ACC100678,773.54,2026-03-02 11:21:00,UPI,DEV1300
TXN1009805,ACC100856,ACC100500,865.28,2026-05-26 03:16:00,IMPS,DEV1171
TXN1009806,ACC100235,ACC100777,317.61,2026-02-11 20:37:00,NEFT,DEV1194
TXN1009807,ACC100119,ACC100651,879.46,2026-05-05 14:01:00,IMPS,DEV1143
TXN1009808,ACC100915,ACC100754,7963.34,2026-06-28 17:43:00,NEFT,DEV1208
TXN1009809,ACC100752,ACC100499,641.86,2026-04-07 09:45:00,UPI,DEV1275
TXN1009810,ACC100771,ACC100989,276.88,2026-06-02 15:30:00,CARD,DEV1296
TXN1009811,ACC100956,ACC100371,3462.56,2026-02-25 12:49:00,UPI,DEV1140
TXN1009812,ACC100003,ACC100565,2054.99,2026-02-18 00:00:00,CARD,DEV1020
TXN1009813,ACC100611,ACC100055,1415.36,2026-04-11 08:23:00,IMPS,DEV1192
TXN1009814,ACC100056,ACC100131,225.34,2026-05-05 06:24:00,UPI,DEV1171
TXN1009815,ACC100433,ACC100481,267.22,2026-02-11 14:23:00,UPI,DEV1250
TXN1009816,ACC100763,ACC100954,173.33,2026-02-20 14:39:00,IMPS,DEV1300
TXN1009817,ACC100149,ACC100298,1840.58,2026-03-24 20:25:00,BANK_TRANSFER,DEV1292
TXN1009818,ACC100481,ACC100724,3728.8,2026-04-26 15:31:00,IMPS,DEV1278
TXN1009819,ACC100743,ACC100759,1916.63,2026-02-16 23:35:00,NEFT,DEV1099
TXN1009820,ACC100969,ACC100514,11383.07,2026-02-09 02:11:00,NEFT,DEV1221
TXN1009821,ACC100170,ACC100608,645.3,2026-02-10 05:39:00,IMPS,DEV1082
TXN1009822,ACC100968,ACC100542,743.67,2026-02-27 06:43:00,BANK_TRANSFER,DEV1042
TXN1009823,ACC100201,ACC100512,1246.23,2026-03-25 06:01:00,IMPS,DEV1111
TXN1009824,ACC100345,ACC100615,832.64,2026-01-08 13:08:00,IMPS,DEV1248
TXN1009825,ACC100697,ACC100028,1995.11,2026-05-29 09:56:00,UPI,DEV1049
TXN1009826,ACC100284,ACC100306,509.0,2026-01-20 05:51:00,NEFT,DEV1173
TXN1009827,ACC100946,ACC100164,205.68,2026-02-17 20:08:00,IMPS,DEV1128
TXN1009828,ACC100830,ACC100378,128.1,2026-04-10 15:06:00,UPI,DEV1267
TXN1009829,ACC100681,ACC100843,1952.01,2026-06-15 19:21:00,IMPS,DEV1294
TXN1009830,ACC100723,ACC100232,583.42,2026-06-28 21:59:00,NEFT,DEV1017
TXN1009831,ACC100286,ACC100424,269.5,2026-02-10 23:41:00,BANK_TRANSFER,DEV1096
TXN1009832,ACC100201,ACC100658,521.72,2026-04-28 09:30:00,UPI,DEV1180
TXN1009833,ACC100945,ACC100201,11419.05,2026-03-29 18:52:00,IMPS,DEV1106
TXN1009834,ACC100732,ACC100534,289.14,2026-04-25 17:21:00,BANK_TRANSFER,DEV1186
TXN1009835,ACC100806,ACC100639,2624.46,2026-01-21 20:48:00,UPI,DEV1174
TXN1009836,ACC100248,ACC100780,1817.67,2026-01-09 19:46:00,NEFT,DEV1174
TXN1009837,ACC100574,ACC100493,5484.71,2026-04-03 19:28:00,NEFT,DEV1030
TXN1009838,ACC100520,ACC100716,946.04,2026-02-17 11:47:00,CARD,DEV1066
TXN1009839,ACC100230,ACC100186,168.61,2026-06-28 23:14:00,IMPS,DEV1007
TXN1009840,ACC100005,ACC100493,3608.52,2026-01-02 19:05:00,CARD,DEV1035
TXN1009841,ACC100570,ACC100446,812.58,2026-06-04 10:21:00,BANK_TRANSFER,DEV1152
TXN1009842,ACC100403,ACC100697,5061.18,2026-04-27 09:43:00,CARD,DEV1179
TXN1009843,ACC100172,ACC100760,2919.49,2026-06-08 03:20:00,NEFT,DEV1280
TXN1009844,ACC100255,ACC100757,3622.95,2026-04-04 22:03:00,CARD,DEV1185
TXN1009845,ACC100042,ACC100569,18810.64,2026-06-13 13:00:00,BANK_TRANSFER,DEV1069
TXN1009846,ACC100680,ACC100858,1538.25,2026-02-05 15:38:00,UPI,DEV1088
TXN1009847,ACC100340,ACC100838,6194.56,2026-02-03 23:07:00,NEFT,DEV1135
TXN1009848,ACC100913,ACC100640,674.64,2026-01-27 03:46:00,UPI,DEV1188
TXN1009849,ACC100363,ACC100756,2098.24,2026-04-16 06:04:00,NEFT,DEV1036
TXN1009850,ACC100146,ACC100432,600.21,2026-06-18 13:55:00,CARD,DEV1215
TXN1009851,ACC100917,ACC100660,1949.03,2026-05-10 00:53:00,BANK_TRANSFER,DEV1135
TXN1009852,ACC100972,ACC100050,1719.46,2026-03-22 19:24:00,CARD,DEV1154
TXN1009853,ACC100495,ACC100036,92.51,2026-03-05 06:50:00,CARD,DEV1136
TXN1009854,ACC100174,ACC100861,526.33,2026-03-15 11:05:00,IMPS,DEV1079
TXN1009855,ACC100024,ACC100440,1445.74,2026-03-23 09:14:00,IMPS,DEV1071
TXN1009856,ACC100417,ACC100649,73.05,2026-01-18 10:04:00,IMPS,DEV1152
TXN1009857,ACC100889,ACC100060,977.49,2026-06-28 22:43:00,IMPS,DEV1244
TXN1009858,ACC100072,ACC100353,3678.15,2026-02-08 09:05:00,IMPS,DEV1061
TXN1009859,ACC100044,ACC100623,5220.22,2026-01-17 11:26:00,CARD,DEV1273
TXN1009860,ACC100253,ACC100666,428.83,2026-01-08 21:07:00,NEFT,DEV1123
TXN1009861,ACC100744,ACC100991,5638.02,2026-01-20 06:21:00,IMPS,DEV1186
TXN1009862,ACC100167,ACC100755,4673.86,2026-04-13 09:24:00,BANK_TRANSFER,DEV1227
TXN1009863,ACC100288,ACC100448,83.31,2026-05-21 15:49:00,UPI,DEV1222
TXN1009864,ACC100448,ACC100666,1260.1,2026-06-10 22:48:00,CARD,DEV1148
TXN1009865,ACC100288,ACC100167,1439.02,2026-05-10 14:07:00,IMPS,DEV1018
TXN1009866,ACC100477,ACC100674,6785.57,2026-01-08 15:42:00,BANK_TRANSFER,DEV1040
TXN1009867,ACC100752,ACC100040,1546.36,2026-01-18 01:15:00,UPI,DEV1069
TXN1009868,ACC100301,ACC100859,5839.95,2026-03-16 17:52:00,UPI,DEV1190
TXN1009869,ACC100401,ACC100620,429.69,2026-06-13 10:08:00,IMPS,DEV1053
TXN1009870,ACC100115,ACC100756,161.15,2026-05-11 16:27:00,NEFT,DEV1300
TXN1009871,ACC100668,ACC100020,504.01,2026-01-07 09:32:00,NEFT,DEV1299
TXN1009872,ACC100071,ACC100846,7276.36,2026-01-14 22:27:00,UPI,DEV1224
TXN1009873,ACC100173,ACC100715,3331.25,2026-02-19 23:28:00,UPI,DEV1150
TXN1009874,ACC100939,ACC100583,17800.0,2026-02-14 01:03:00,NEFT,DEV1291
TXN1009875,ACC100615,ACC100212,194.03,2026-01-05 14:08:00,NEFT,DEV1028
TXN1009876,ACC100909,ACC100271,3826.04,2026-01-22 04:26:00,UPI,DEV1030
TXN1009877,ACC100469,ACC100041,2713.08,2026-06-21 09:22:00,IMPS,DEV1038
TXN1009878,ACC100029,ACC100819,778.7,2026-03-31 12:38:00,UPI,DEV1111
TXN1009879,ACC100090,ACC100373,2782.52,2026-05-14 17:31:00,CARD,DEV1281
TXN1009880,ACC100324,ACC100039,1297.19,2026-04-10 14:10:00,UPI,DEV1220
TXN1009881,ACC100455,ACC100989,1905.25,2026-04-02 22:06:00,UPI,DEV1136
TXN1009882,ACC100118,ACC100271,2481.6,2026-05-14 07:46:00,NEFT,DEV1036
TXN1009883,ACC100340,ACC100412,3555.07,2026-01-06 19:20:00,NEFT,DEV1061
TXN1009884,ACC100272,ACC100736,1217.04,2026-02-03 15:37:00,CARD,DEV1026
TXN1009885,ACC100701,ACC100159,9253.93,2026-01-17 11:41:00,IMPS,DEV1276
TXN1009886,ACC100397,ACC100117,846.52,2026-01-27 11:25:00,UPI,DEV1060
TXN1009887,ACC100081,ACC100928,10514.49,2026-04-22 05:56:00,CARD,DEV1049
TXN1009888,ACC100262,ACC100212,283.32,2026-04-05 21:02:00,IMPS,DEV1134
TXN1009889,ACC100114,ACC100036,336.27,2026-04-11 03:35:00,CARD,DEV1166
TXN1009890,ACC100010,ACC100646,360.75,2026-03-07 23:48:00,CARD,DEV1095
TXN1009891,ACC100969,ACC100325,3457.26,2026-03-31 07:21:00,UPI,DEV1018
TXN1009892,ACC100508,ACC100204,417.15,2026-05-08 02:32:00,IMPS,DEV1074
TXN1009893,ACC100007,ACC100449,6556.1,2026-02-07 10:59:00,UPI,DEV1279
TXN1009894,ACC100663,ACC100313,583.03,2026-03-24 06:02:00,NEFT,DEV1010
TXN1009895,ACC100561,ACC100529,1770.72,2026-04-22 01:10:00,BANK_TRANSFER,DEV1219
TXN1009896,ACC100690,ACC100607,2363.99,2026-02-02 10:50:00,IMPS,DEV1120
TXN1009897,ACC100417,ACC100039,324.12,2026-01-26 22:56:00,UPI,DEV1298
TXN1009898,ACC100753,ACC100670,206.66,2026-06-06 19:37:00,IMPS,DEV1038
TXN1009899,ACC100853,ACC100892,1539.88,2026-06-01 03:21:00,NEFT,DEV1030
TXN1009900,ACC100026,ACC100830,786.28,2026-06-02 20:51:00,BANK_TRANSFER,DEV1058
TXN1009901,ACC100168,ACC100854,1994.48,2026-06-09 15:25:00,UPI,DEV1300
TXN1009902,ACC100138,ACC100677,218.16,2026-06-29 21:56:00,IMPS,DEV1264
TXN1009903,ACC100533,ACC100458,714.72,2026-03-20 02:37:00,NEFT,DEV1131
TXN1009904,ACC100637,ACC100153,881.65,2026-04-02 09:02:00,IMPS,DEV1152
TXN1009905,ACC100724,ACC100338,58.85,2026-01-12 05:04:00,CARD,DEV1218
TXN1009906,ACC100266,ACC100660,3621.16,2026-02-14 16:21:00,IMPS,DEV1272
TXN1009907,ACC100959,ACC100726,441.89,2026-04-21 21:20:00,BANK_TRANSFER,DEV1201
TXN1009908,ACC100860,ACC100447,6627.57,2026-03-13 18:43:00,UPI,DEV1042
TXN1009909,ACC100038,ACC100342,477.52,2026-01-18 05:50:00,BANK_TRANSFER,DEV1069
TXN1009910,ACC100715,ACC100899,586.64,2026-04-30 05:03:00,NEFT,DEV1096
TXN1009911,ACC100019,ACC100753,247.08,2026-04-20 16:49:00,CARD,DEV1254
TXN1009912,ACC100632,ACC100529,4341.33,2026-03-01 22:38:00,CARD,DEV1233
TXN1009913,ACC100469,ACC100519,1891.25,2026-01-18 00:23:00,CARD,DEV1001
TXN1009914,ACC100522,ACC100707,5885.0,2026-02-04 08:34:00,UPI,DEV1257
TXN1009915,ACC100624,ACC100811,855.07,2026-02-27 21:36:00,NEFT,DEV1042
TXN1009916,ACC100733,ACC100711,1043.09,2026-02-26 06:31:00,UPI,DEV1181
TXN1009917,ACC100465,ACC100590,145.71,2026-02-15 01:52:00,BANK_TRANSFER,DEV1092
TXN1009918,ACC100687,ACC100254,518.61,2026-04-21 13:09:00,UPI,DEV1198
TXN1009919,ACC100658,ACC100167,1345.6,2026-01-05 02:48:00,CARD,DEV1077
TXN1009920,ACC100603,ACC100831,1745.23,2026-03-25 03:59:00,IMPS,DEV1195
TXN1009921,ACC100659,ACC100862,9786.17,2026-04-13 01:58:00,BANK_TRANSFER,DEV1214
TXN1009922,ACC100973,ACC100600,118.97,2026-04-19 03:46:00,UPI,DEV1010
TXN1009923,ACC100567,ACC100277,1444.25,2026-01-01 22:59:00,IMPS,DEV1013
TXN1009924,ACC100760,ACC100581,698.21,2026-02-16 22:28:00,CARD,DEV1200
TXN1009925,ACC100919,ACC100495,1200.63,2026-02-25 14:03:00,UPI,DEV1270
TXN1009926,ACC100427,ACC100234,1240.49,2026-02-22 07:27:00,BANK_TRANSFER,DEV1177
TXN1009927,ACC100045,ACC100400,871.82,2026-04-11 23:58:00,CARD,DEV1252
TXN1009928,ACC100438,ACC100008,281.54,2026-03-29 12:05:00,UPI,DEV1269
TXN1009929,ACC100661,ACC100027,225.31,2026-06-16 01:15:00,NEFT,DEV1024
TXN1009930,ACC100695,ACC100623,798.0,2026-01-14 18:43:00,IMPS,DEV1022
TXN1009931,ACC100426,ACC100640,199.39,2026-06-09 06:22:00,NEFT,DEV1024
TXN1009932,ACC100708,ACC100726,957.68,2026-06-01 17:14:00,UPI,DEV1179
TXN1009933,ACC100999,ACC100986,809.13,2026-04-05 14:42:00,NEFT,DEV1159
TXN1009934,ACC100819,ACC100079,57.97,2026-05-30 19:35:00,NEFT,DEV1034
TXN1009935,ACC100864,ACC100129,11162.73,2026-03-08 07:12:00,CARD,DEV1033
TXN1009936,ACC100401,ACC100049,1203.16,2026-04-06 00:26:00,IMPS,DEV1299
TXN1009937,ACC100624,ACC100991,58.86,2026-01-11 15:01:00,CARD,DEV1047
TXN1009938,ACC100595,ACC100120,1475.22,2026-06-11 17:13:00,UPI,DEV1158
TXN1009939,ACC100625,ACC100898,859.14,2026-05-18 07:11:00,CARD,DEV1252
TXN1009940,ACC100534,ACC100269,225.58,2026-06-06 00:29:00,IMPS,DEV1068
TXN1009941,ACC100857,ACC100968,1589.48,2026-01-24 15:21:00,CARD,DEV1142
TXN1009942,ACC100577,ACC100853,354.04,2026-06-28 03:11:00,UPI,DEV1244
TXN1009943,ACC100445,ACC100449,1382.49,2026-03-27 12:40:00,UPI,DEV1020
TXN1009944,ACC100285,ACC100192,472.57,2026-05-07 11:34:00,IMPS,DEV1053
TXN1009945,ACC100340,ACC100838,369.93,2026-04-25 12:05:00,IMPS,DEV1090
TXN1009946,ACC100635,ACC100329,1076.38,2026-01-14 18:22:00,IMPS,DEV1286
TXN1009947,ACC100403,ACC100036,156.57,2026-02-20 19:54:00,UPI,DEV1109
TXN1009948,ACC100434,ACC100507,993.22,2026-03-16 18:57:00,CARD,DEV1226
TXN1009949,ACC100870,ACC100368,2413.19,2026-04-12 16:06:00,NEFT,DEV1104
TXN1009950,ACC100790,ACC100813,5037.84,2026-03-25 02:33:00,NEFT,DEV1127
TXN1009951,ACC100264,ACC100677,4049.23,2026-06-28 16:51:00,NEFT,DEV1103
TXN1009952,ACC100612,ACC100956,5563.58,2026-02-04 16:56:00,UPI,DEV1265
TXN1009953,ACC100107,ACC100174,635.46,2026-01-15 15:38:00,BANK_TRANSFER,DEV1022
TXN1009954,ACC100780,ACC100846,320.68,2026-01-07 07:04:00,CARD,DEV1276
TXN1009955,ACC100091,ACC100876,2917.34,2026-01-01 03:56:00,UPI,DEV1127
TXN1009956,ACC100649,ACC100146,589.77,2026-01-02 17:09:00,IMPS,DEV1122
TXN1009957,ACC100263,ACC100928,1104.91,2026-01-25 13:49:00,UPI,DEV1012
TXN1009958,ACC100590,ACC100475,2687.16,2026-03-30 16:41:00,BANK_TRANSFER,DEV1273
TXN1009959,ACC100825,ACC100815,12398.33,2026-04-01 03:53:00,CARD,DEV1204
TXN1009960,ACC100086,ACC100576,2068.46,2026-01-05 17:01:00,CARD,DEV1133
TXN1009961,ACC100319,ACC100272,1402.66,2026-06-03 01:38:00,NEFT,DEV1114
TXN1009962,ACC100802,ACC100604,285.62,2026-03-15 22:55:00,CARD,DEV1038
TXN1009963,ACC100444,ACC100981,4461.44,2026-06-15 04:49:00,IMPS,DEV1086
TXN1009964,ACC100477,ACC100706,1790.72,2026-04-24 04:30:00,CARD,DEV1053
TXN1009965,ACC100019,ACC100348,723.01,2026-03-10 22:07:00,UPI,DEV1086
TXN1009966,ACC100741,ACC100390,638.74,2026-01-05 06:08:00,BANK_TRANSFER,DEV1154
TXN1009967,ACC100871,ACC100814,673.01,2026-04-16 12:08:00,NEFT,DEV1299
TXN1009968,ACC100145,ACC100924,1156.04,2026-01-24 18:06:00,BANK_TRANSFER,DEV1162
TXN1009969,ACC100392,ACC100553,190.41,2026-05-10 13:40:00,NEFT,DEV1294
TXN1009970,ACC100919,ACC100222,4729.75,2026-02-19 22:49:00,BANK_TRANSFER,DEV1230
TXN1009971,ACC100281,ACC100360,3795.64,2026-02-18 20:42:00,UPI,DEV1272
TXN1009972,ACC100043,ACC100180,896.96,2026-03-01 18:28:00,NEFT,DEV1284
TXN1009973,ACC100451,ACC100420,674.8,2026-01-22 21:48:00,NEFT,DEV1155
TXN1009974,ACC100261,ACC100229,1066.55,2026-02-27 22:51:00,CARD,DEV1118
TXN1009975,ACC100386,ACC100789,1307.5,2026-06-14 22:02:00,UPI,DEV1031
TXN1009976,ACC100524,ACC100337,765.01,2026-04-23 11:35:00,IMPS,DEV1239
TXN1009977,ACC100617,ACC100313,3636.95,2026-04-24 13:23:00,IMPS,DEV1053
TXN1009978,ACC100541,ACC100732,198.56,2026-02-25 22:19:00,NEFT,DEV1092
TXN1009979,ACC100727,ACC100586,466.7,2026-01-05 00:26:00,IMPS,DEV1146
TXN1009980,ACC100954,ACC100607,2780.23,2026-02-12 21:55:00,CARD,DEV1275
TXN1009981,ACC100959,ACC100815,1618.3,2026-03-29 05:21:00,IMPS,DEV1151
TXN1009982,ACC100409,ACC100741,485.19,2026-06-18 02:40:00,NEFT,DEV1035
TXN1009983,ACC100808,ACC100999,1773.24,2026-02-10 03:48:00,CARD,DEV1251
TXN1009984,ACC100412,ACC100752,423.46,2026-01-02 17:51:00,BANK_TRANSFER,DEV1209
TXN1009985,ACC100045,ACC100090,755.86,2026-01-06 12:54:00,CARD,DEV1162
TXN1009986,ACC100517,ACC100906,3837.06,2026-06-09 15:12:00,BANK_TRANSFER,DEV1081
TXN1009987,ACC100722,ACC100317,3360.01,2026-02-03 12:36:00,CARD,DEV1184
TXN1009988,ACC100565,ACC100133,1549.8,2026-05-28 07:27:00,BANK_TRANSFER,DEV1168
TXN1009989,ACC100256,ACC100719,310.64,2026-06-13 01:25:00,NEFT,DEV1150
TXN1009990,ACC100641,ACC100344,697.02,2026-01-05 23:31:00,IMPS,DEV1294
TXN1009991,ACC100563,ACC100408,1231.22,2026-02-19 17:59:00,IMPS,DEV1129
TXN1009992,ACC100386,ACC100971,6288.67,2026-04-10 20:34:00,UPI,DEV1267
TXN1009993,ACC100122,ACC100263,129.17,2026-03-17 20:43:00,BANK_TRANSFER,DEV1200
TXN1009994,ACC100044,ACC100140,385.07,2026-06-04 13:48:00,NEFT,DEV1115
TXN1009995,ACC100187,ACC100703,4248.51,2026-05-23 07:36:00,UPI,DEV1176
TXN1009996,ACC100678,ACC100958,5609.41,2026-02-21 00:45:00,CARD,DEV1008
TXN1009997,ACC100477,ACC100913,1008.63,2026-06-03 03:33:00,BANK_TRANSFER,DEV1021
TXN1009998,ACC100815,ACC100298,6947.11,2026-06-30 17:59:00,CARD,DEV1264
TXN1009999,ACC100435,ACC100966,454.84,2026-01-06 02:35:00,NEFT,DEV1031
TXN2000000,ACC100225,ACC100654,8514.0,2026-06-21 00:27:00,UPI,DEV1194
TXN2000001,ACC100459,ACC100654,4584.0,2026-06-21 01:32:00,IMPS,DEV1135
TXN2000002,ACC100603,ACC100654,3711.0,2026-06-21 01:58:00,BANK_TRANSFER,DEV1063
TXN2000003,ACC100284,ACC100654,9201.0,2026-06-21 00:21:00,BANK_TRANSFER,DEV1150
TXN2000004,ACC100829,ACC100654,13299.0,2026-06-21 02:39:00,IMPS,DEV1295
TXN2000005,ACC100891,ACC100654,6150.0,2026-06-21 00:18:00,UPI,DEV1116
TXN2000006,ACC100006,ACC100654,7741.0,2026-06-21 00:21:00,UPI,DEV1051
TXN2000007,ACC100778,ACC100654,9227.0,2026-06-21 01:12:00,IMPS,DEV1186
TXN2000008,ACC100826,ACC100654,5664.0,2026-06-21 01:35:00,IMPS,DEV1107
TXN2000009,ACC100163,ACC100654,13980.0,2026-06-21 01:09:00,BANK_TRANSFER,DEV1036
TXN2000010,ACC100715,ACC100654,12980.0,2026-06-21 02:43:00,UPI,DEV1273
TXN2000011,ACC100432,ACC100654,14946.0,2026-06-21 01:03:00,UPI,DEV1236
TXN2000012,ACC100348,ACC100654,9216.0,2026-06-21 01:10:00,BANK_TRANSFER,DEV1285
TXN2000013,ACC100159,ACC100654,6598.0,2026-06-21 02:56:00,IMPS,DEV1028
TXN2000014,ACC100654,ACC100234,115036.61,2026-06-21 00:20:00,IMPS,DEV1205
TXN2000015,ACC100067,ACC100114,10517.0,2026-07-05 00:37:00,IMPS,DEV1071
TXN2000016,ACC100217,ACC100114,7040.0,2026-07-05 02:24:00,BANK_TRANSFER,DEV1134
TXN2000017,ACC100936,ACC100114,12577.0,2026-07-05 01:50:00,BANK_TRANSFER,DEV1204
TXN2000018,ACC100966,ACC100114,8930.0,2026-07-05 00:57:00,UPI,DEV1260
TXN2000019,ACC100581,ACC100114,11085.0,2026-07-05 00:24:00,UPI,DEV1056
TXN2000020,ACC100898,ACC100114,5504.0,2026-07-05 02:41:00,UPI,DEV1216
TXN2000021,ACC100736,ACC100114,12771.0,2026-07-05 00:17:00,IMPS,DEV1195
TXN2000022,ACC100323,ACC100114,12763.0,2026-07-05 02:00:00,BANK_TRANSFER,DEV1128
TXN2000023,ACC100218,ACC100114,12064.0,2026-07-05 00:03:00,BANK_TRANSFER,DEV1058
TXN2000024,ACC100672,ACC100114,14169.0,2026-07-05 02:18:00,IMPS,DEV1174
TXN2000025,ACC100512,ACC100114,4827.0,2026-07-05 01:16:00,IMPS,DEV1080
TXN2000026,ACC100406,ACC100114,10433.0,2026-07-05 00:01:00,BANK_TRANSFER,DEV1134
TXN2000027,ACC100114,ACC100996,104292.38,2026-07-05 00:15:00,IMPS,DEV1259
TXN2000028,ACC100892,ACC100025,5646.0,2026-06-26 02:19:00,BANK_TRANSFER,DEV1000
TXN2000029,ACC100641,ACC100025,12813.0,2026-06-26 01:23:00,IMPS,DEV1009
TXN2000030,ACC100306,ACC100025,4832.0,2026-06-26 01:33:00,IMPS,DEV1122
TXN2000031,ACC100862,ACC100025,3949.0,2026-06-26 01:02:00,BANK_TRANSFER,DEV1040
TXN2000032,ACC100655,ACC100025,4403.0,2026-06-26 02:05:00,UPI,DEV1272
TXN2000033,ACC100520,ACC100025,5060.0,2026-06-26 00:33:00,BANK_TRANSFER,DEV1243
TXN2000034,ACC100624,ACC100025,12007.0,2026-06-26 00:43:00,IMPS,DEV1270
TXN2000035,ACC100204,ACC100025,12938.0,2026-06-26 01:49:00,UPI,DEV1276
TXN2000036,ACC100157,ACC100025,14959.0,2026-06-26 02:57:00,UPI,DEV1159
TXN2000037,ACC100025,ACC100409,72702.33,2026-06-26 00:30:00,IMPS,DEV1191
TXN2000038,ACC100922,ACC100759,3964.0,2026-07-05 00:59:00,UPI,DEV1016
TXN2000039,ACC100529,ACC100759,8413.0,2026-07-05 00:19:00,BANK_TRANSFER,DEV1121
TXN2000040,ACC100462,ACC100759,7562.0,2026-07-05 02:52:00,IMPS,DEV1109
TXN2000041,ACC100123,ACC100759,11834.0,2026-07-05 00:34:00,BANK_TRANSFER,DEV1292
TXN2000042,ACC100253,ACC100759,12440.0,2026-07-05 02:02:00,UPI,DEV1242
TXN2000043,ACC100230,ACC100759,9669.0,2026-07-05 00:49:00,UPI,DEV1049
TXN2000044,ACC100065,ACC100759,13796.0,2026-07-05 01:51:00,IMPS,DEV1216
TXN2000045,ACC100346,ACC100759,9735.0,2026-07-05 02:00:00,BANK_TRANSFER,DEV1027
TXN2000046,ACC100021,ACC100759,14032.0,2026-07-05 02:48:00,BANK_TRANSFER,DEV1050
TXN2000047,ACC100602,ACC100759,3993.0,2026-07-05 01:44:00,BANK_TRANSFER,DEV1173
TXN2000048,ACC100567,ACC100759,4790.0,2026-07-05 01:04:00,UPI,DEV1097
TXN2000049,ACC100235,ACC100759,11786.0,2026-07-05 01:55:00,UPI,DEV1216
TXN2000050,ACC100225,ACC100759,6006.0,2026-07-05 01:12:00,IMPS,DEV1127
TXN2000051,ACC100007,ACC100759,4235.0,2026-07-05 01:54:00,BANK_TRANSFER,DEV1050
TXN2000052,ACC100072,ACC100759,3828.0,2026-07-05 02:47:00,BANK_TRANSFER,DEV1007
TXN2000053,ACC100759,ACC100993,96914.02,2026-07-05 00:17:00,IMPS,DEV1085
TXN2000054,ACC100498,ACC100281,7673.0,2026-06-29 01:49:00,BANK_TRANSFER,DEV1284
TXN2000055,ACC100493,ACC100281,13844.0,2026-06-29 02:05:00,UPI,DEV1097
TXN2000056,ACC100218,ACC100281,7861.0,2026-06-29 00:56:00,UPI,DEV1296
TXN2000057,ACC100886,ACC100281,11883.0,2026-06-29 00:16:00,BANK_TRANSFER,DEV1160
TXN2000058,ACC100411,ACC100281,3936.0,2026-06-29 00:13:00,BANK_TRANSFER,DEV1244
TXN2000059,ACC100925,ACC100281,11238.0,2026-06-29 02:16:00,UPI,DEV1029
TXN2000060,ACC100060,ACC100281,11320.0,2026-06-29 00:21:00,UPI,DEV1035
TXN2000061,ACC100168,ACC100281,12749.0,2026-06-29 00:18:00,BANK_TRANSFER,DEV1120
TXN2000062,ACC100389,ACC100281,9615.0,2026-06-29 00:31:00,BANK_TRANSFER,DEV1126
TXN2000063,ACC100002,ACC100281,12485.0,2026-06-29 02:33:00,UPI,DEV1041
TXN2000064,ACC100400,ACC100281,9868.0,2026-06-29 02:49:00,BANK_TRANSFER,DEV1289
TXN2000065,ACC100271,ACC100281,11565.0,2026-06-29 01:21:00,IMPS,DEV1104
TXN2000066,ACC100949,ACC100281,13972.0,2026-06-29 01:21:00,UPI,DEV1135
TXN2000067,ACC100803,ACC100281,9484.0,2026-06-29 00:34:00,BANK_TRANSFER,DEV1153
TXN2000068,ACC100281,ACC100469,119946.53,2026-06-29 00:12:00,IMPS,DEV1004
TXN2000069,ACC100637,ACC100250,7669.0,2026-06-26 00:41:00,IMPS,DEV1278
TXN2000070,ACC100577,ACC100250,14526.0,2026-06-26 01:18:00,BANK_TRANSFER,DEV1270
TXN2000071,ACC100102,ACC100250,3128.0,2026-06-26 02:51:00,BANK_TRANSFER,DEV1153
TXN2000072,ACC100075,ACC100250,13868.0,2026-06-26 00:27:00,UPI,DEV1135
TXN2000073,ACC100551,ACC100250,4891.0,2026-06-26 00:28:00,BANK_TRANSFER,DEV1283
TXN2000074,ACC100218,ACC100250,5546.0,2026-06-26 01:10:00,IMPS,DEV1107
TXN2000075,ACC100519,ACC100250,14757.0,2026-06-26 01:28:00,UPI,DEV1135
TXN2000076,ACC100272,ACC100250,11280.0,2026-06-26 02:06:00,IMPS,DEV1026
TXN2000077,ACC100135,ACC100250,4512.0,2026-06-26 02:43:00,IMPS,DEV1141
TXN2000078,ACC100956,ACC100250,3722.0,2026-06-26 00:01:00,IMPS,DEV1066
TXN2000079,ACC100358,ACC100250,13438.0,2026-06-26 01:08:00,UPI,DEV1226
TXN2000080,ACC100903,ACC100250,12038.0,2026-06-26 01:50:00,BANK_TRANSFER,DEV1004
TXN2000081,ACC100070,ACC100250,4832.0,2026-06-26 00:20:00,BANK_TRANSFER,DEV1076
TXN2000082,ACC100901,ACC100250,11938.0,2026-06-26 00:10:00,IMPS,DEV1298
TXN2000083,ACC100251,ACC100250,12052.0,2026-06-26 00:38:00,IMPS,DEV1065
TXN2000084,ACC100250,ACC100042,112167.83,2026-06-26 00:11:00,IMPS,DEV1183
TXN2000085,ACC100699,ACC100228,5532.0,2026-07-04 01:01:00,UPI,DEV1090
TXN2000086,ACC100256,ACC100228,9755.0,2026-07-04 00:07:00,UPI,DEV1170
TXN2000087,ACC100683,ACC100228,9745.0,2026-07-04 02:52:00,BANK_TRANSFER,DEV1127
TXN2000088,ACC100105,ACC100228,7371.0,2026-07-04 00:41:00,BANK_TRANSFER,DEV1055
TXN2000089,ACC100363,ACC100228,9267.0,2026-07-04 00:10:00,IMPS,DEV1113
TXN2000090,ACC100799,ACC100228,6269.0,2026-07-04 01:58:00,IMPS,DEV1156
TXN2000091,ACC100574,ACC100228,6728.0,2026-07-04 00:58:00,UPI,DEV1098
TXN2000092,ACC100906,ACC100228,9528.0,2026-07-04 01:25:00,IMPS,DEV1035
TXN2000093,ACC100896,ACC100228,7573.0,2026-07-04 01:30:00,BANK_TRANSFER,DEV1260
TXN2000094,ACC100417,ACC100228,9548.0,2026-07-04 02:54:00,BANK_TRANSFER,DEV1169
TXN2000095,ACC100998,ACC100228,3452.0,2026-07-04 00:30:00,IMPS,DEV1091
TXN2000096,ACC100228,ACC100595,79894.42,2026-07-04 00:18:00,IMPS,DEV1019
TXN2000097,ACC100611,ACC100142,9311.0,2026-06-18 02:28:00,UPI,DEV1130
TXN2000098,ACC100445,ACC100142,3727.0,2026-06-18 01:52:00,UPI,DEV1266
TXN2000099,ACC100354,ACC100142,11821.0,2026-06-18 02:56:00,BANK_TRANSFER,DEV1100
TXN2000100,ACC100747,ACC100142,8967.0,2026-06-18 01:51:00,UPI,DEV1169
TXN2000101,ACC100806,ACC100142,13209.0,2026-06-18 01:21:00,BANK_TRANSFER,DEV1063
TXN2000102,ACC100322,ACC100142,14792.0,2026-06-18 01:17:00,BANK_TRANSFER,DEV1158
TXN2000103,ACC100447,ACC100142,13926.0,2026-06-18 01:45:00,IMPS,DEV1206
TXN2000104,ACC100621,ACC100142,14423.0,2026-06-18 01:16:00,BANK_TRANSFER,DEV1065
TXN2000105,ACC100524,ACC100142,6143.0,2026-06-18 01:48:00,BANK_TRANSFER,DEV1194
TXN2000106,ACC100142,ACC100694,86651.16,2026-06-18 00:15:00,IMPS,DEV1291
TXN2000107,ACC100415,ACC100754,10618.0,2026-06-25 01:54:00,IMPS,DEV1109
TXN2000108,ACC100561,ACC100754,11375.0,2026-06-25 02:02:00,BANK_TRANSFER,DEV1086
TXN2000109,ACC100854,ACC100754,13794.0,2026-06-25 00:22:00,IMPS,DEV1263
TXN2000110,ACC100000,ACC100754,13876.0,2026-06-25 02:43:00,BANK_TRANSFER,DEV1171
TXN2000111,ACC100311,ACC100754,4530.0,2026-06-25 01:01:00,BANK_TRANSFER,DEV1158
TXN2000112,ACC100293,ACC100754,6680.0,2026-06-25 00:51:00,UPI,DEV1012
TXN2000113,ACC100215,ACC100754,3757.0,2026-06-25 01:03:00,IMPS,DEV1037
TXN2000114,ACC100440,ACC100754,10461.0,2026-06-25 01:47:00,BANK_TRANSFER,DEV1294
TXN2000115,ACC100805,ACC100754,6185.0,2026-06-25 02:59:00,IMPS,DEV1253
TXN2000116,ACC100593,ACC100754,9547.0,2026-06-25 01:03:00,UPI,DEV1002
TXN2000117,ACC100621,ACC100754,4746.0,2026-06-25 01:49:00,UPI,DEV1090
TXN2000118,ACC100670,ACC100754,14401.0,2026-06-25 02:13:00,IMPS,DEV1025
TXN2000119,ACC100754,ACC100570,87958.37,2026-06-25 00:13:00,IMPS,DEV1233
TXN2000120,ACC100821,ACC100104,13037.0,2026-06-29 02:10:00,IMPS,DEV1280
TXN2000121,ACC100476,ACC100104,10305.0,2026-06-29 00:41:00,BANK_TRANSFER,DEV1243
TXN2000122,ACC100684,ACC100104,10373.0,2026-06-29 01:07:00,UPI,DEV1141
TXN2000123,ACC100544,ACC100104,11540.0,2026-06-29 02:05:00,BANK_TRANSFER,DEV1122
TXN2000124,ACC100573,ACC100104,7499.0,2026-06-29 01:53:00,UPI,DEV1146
TXN2000125,ACC100610,ACC100104,6841.0,2026-06-29 01:10:00,IMPS,DEV1163
TXN2000126,ACC100325,ACC100104,11849.0,2026-06-29 00:21:00,UPI,DEV1077
TXN2000127,ACC100973,ACC100104,6788.0,2026-06-29 01:39:00,BANK_TRANSFER,DEV1078
TXN2000128,ACC100774,ACC100104,14573.0,2026-06-29 00:55:00,UPI,DEV1212
TXN2000129,ACC100913,ACC100104,9678.0,2026-06-29 01:25:00,BANK_TRANSFER,DEV1238
TXN2000130,ACC100104,ACC100426,78138.49,2026-06-29 00:23:00,IMPS,DEV1199
TXN2000131,ACC100878,ACC100692,7892.0,2026-06-26 01:40:00,IMPS,DEV1275
TXN2000132,ACC100902,ACC100692,11947.0,2026-06-26 02:35:00,UPI,DEV1249
TXN2000133,ACC100784,ACC100692,6595.0,2026-06-26 01:10:00,IMPS,DEV1248
TXN2000134,ACC100589,ACC100692,3475.0,2026-06-26 01:40:00,IMPS,DEV1207
TXN2000135,ACC100389,ACC100692,14864.0,2026-06-26 00:43:00,IMPS,DEV1065
TXN2000136,ACC100488,ACC100692,13195.0,2026-06-26 02:17:00,UPI,DEV1201
TXN2000137,ACC100006,ACC100692,12697.0,2026-06-26 02:25:00,BANK_TRANSFER,DEV1013
TXN2000138,ACC100966,ACC100692,4375.0,2026-06-26 02:45:00,IMPS,DEV1069
TXN2000139,ACC100692,ACC100888,63209.17,2026-06-26 00:11:00,IMPS,DEV1133
TXN2000140,ACC100335,ACC100758,10705.0,2026-06-17 00:05:00,BANK_TRANSFER,DEV1276
TXN2000141,ACC100216,ACC100758,3853.0,2026-06-17 01:30:00,UPI,DEV1035
TXN2000142,ACC100465,ACC100758,13678.0,2026-06-17 00:11:00,UPI,DEV1126
TXN2000143,ACC100334,ACC100758,6266.0,2026-06-17 00:06:00,BANK_TRANSFER,DEV1078
TXN2000144,ACC100345,ACC100758,6908.0,2026-06-17 00:33:00,IMPS,DEV1058
TXN2000145,ACC100780,ACC100758,12240.0,2026-06-17 00:56:00,IMPS,DEV1131
TXN2000146,ACC100901,ACC100758,9043.0,2026-06-17 00:43:00,BANK_TRANSFER,DEV1058
TXN2000147,ACC100388,ACC100758,5683.0,2026-06-17 01:20:00,UPI,DEV1296
TXN2000148,ACC100284,ACC100758,3420.0,2026-06-17 01:20:00,BANK_TRANSFER,DEV1192
TXN2000149,ACC100771,ACC100758,9498.0,2026-06-17 00:51:00,UPI,DEV1124
TXN2000150,ACC100975,ACC100758,4669.0,2026-06-17 02:59:00,IMPS,DEV1061
TXN2000151,ACC100852,ACC100758,12272.0,2026-06-17 00:11:00,IMPS,DEV1272
TXN2000152,ACC100431,ACC100758,10018.0,2026-06-17 02:50:00,IMPS,DEV1035
TXN2000153,ACC100258,ACC100758,11289.0,2026-06-17 02:46:00,IMPS,DEV1006
TXN2000154,ACC100758,ACC100870,99699.43,2026-06-17 00:25:00,IMPS,DEV1054
TXN2000155,ACC100984,ACC100913,13091.0,2026-06-23 02:18:00,IMPS,DEV1238
TXN2000156,ACC100370,ACC100913,10136.0,2026-06-23 02:32:00,IMPS,DEV1165
TXN2000157,ACC100650,ACC100913,7022.0,2026-06-23 00:23:00,IMPS,DEV1230
TXN2000158,ACC100912,ACC100913,6995.0,2026-06-23 01:59:00,BANK_TRANSFER,DEV1194
TXN2000159,ACC100848,ACC100913,8511.0,2026-06-23 00:08:00,IMPS,DEV1166
TXN2000160,ACC100470,ACC100913,5979.0,2026-06-23 02:05:00,UPI,DEV1181
TXN2000161,ACC100724,ACC100913,7232.0,2026-06-23 01:28:00,IMPS,DEV1141
TXN2000162,ACC100156,ACC100913,12106.0,2026-06-23 00:03:00,BANK_TRANSFER,DEV1097
TXN2000163,ACC100445,ACC100913,4402.0,2026-06-23 01:02:00,BANK_TRANSFER,DEV1208
TXN2000164,ACC100180,ACC100913,11004.0,2026-06-23 02:23:00,UPI,DEV1243
TXN2000165,ACC100751,ACC100913,13582.0,2026-06-23 02:06:00,IMPS,DEV1008
TXN2000166,ACC100534,ACC100913,4524.0,2026-06-23 01:16:00,UPI,DEV1207
TXN2000167,ACC100989,ACC100913,14334.0,2026-06-23 01:03:00,IMPS,DEV1297
TXN2000168,ACC100666,ACC100913,9046.0,2026-06-23 02:02:00,BANK_TRANSFER,DEV1271
TXN2000169,ACC100913,ACC100352,106862.83,2026-06-23 00:27:00,IMPS,DEV1169
TXN2000170,ACC100720,ACC100558,6138.0,2026-06-20 00:56:00,BANK_TRANSFER,DEV1247
TXN2000171,ACC100464,ACC100558,7530.0,2026-06-20 02:31:00,BANK_TRANSFER,DEV1144
TXN2000172,ACC100277,ACC100558,4647.0,2026-06-20 00:50:00,IMPS,DEV1116
TXN2000173,ACC100313,ACC100558,8912.0,2026-06-20 00:46:00,IMPS,DEV1007
TXN2000174,ACC100257,ACC100558,14600.0,2026-06-20 02:17:00,UPI,DEV1140
TXN2000175,ACC100236,ACC100558,3745.0,2026-06-20 00:14:00,BANK_TRANSFER,DEV1149
TXN2000176,ACC100123,ACC100558,14426.0,2026-06-20 00:33:00,BANK_TRANSFER,DEV1251
TXN2000177,ACC100739,ACC100558,4680.0,2026-06-20 00:04:00,BANK_TRANSFER,DEV1145
TXN2000178,ACC100197,ACC100558,10690.0,2026-06-20 02:03:00,IMPS,DEV1174
TXN2000179,ACC100323,ACC100558,6020.0,2026-06-20 00:14:00,IMPS,DEV1244
TXN2000180,ACC100122,ACC100558,4869.0,2026-06-20 00:17:00,IMPS,DEV1251
TXN2000181,ACC100761,ACC100558,4213.0,2026-06-20 02:28:00,BANK_TRANSFER,DEV1027
TXN2000182,ACC100548,ACC100558,5485.0,2026-06-20 00:39:00,BANK_TRANSFER,DEV1155
TXN2000183,ACC100558,ACC100087,91040.53,2026-06-20 00:13:00,IMPS,DEV1285
TXN2000184,ACC100621,ACC100089,8003.0,2026-06-28 02:26:00,BANK_TRANSFER,DEV1030
TXN2000185,ACC100611,ACC100089,12988.0,2026-06-28 00:26:00,UPI,DEV1108
TXN2000186,ACC100810,ACC100089,7335.0,2026-06-28 02:50:00,UPI,DEV1080
TXN2000187,ACC100634,ACC100089,6929.0,2026-06-28 00:45:00,BANK_TRANSFER,DEV1038
TXN2000188,ACC100232,ACC100089,5564.0,2026-06-28 00:01:00,IMPS,DEV1230
TXN2000189,ACC100795,ACC100089,14294.0,2026-06-28 02:33:00,IMPS,DEV1149
TXN2000190,ACC100536,ACC100089,3534.0,2026-06-28 01:00:00,IMPS,DEV1144
TXN2000191,ACC100390,ACC100089,14517.0,2026-06-28 01:57:00,UPI,DEV1119
TXN2000192,ACC100462,ACC100089,7334.0,2026-06-28 02:41:00,BANK_TRANSFER,DEV1101
TXN2000193,ACC100931,ACC100089,9965.0,2026-06-28 00:30:00,BANK_TRANSFER,DEV1115
TXN2000194,ACC100454,ACC100089,13610.0,2026-06-28 00:39:00,IMPS,DEV1072
TXN2000195,ACC100305,ACC100089,4169.0,2026-06-28 00:16:00,UPI,DEV1157
TXN2000196,ACC100881,ACC100089,12749.0,2026-06-28 02:26:00,IMPS,DEV1224
TXN2000197,ACC100603,ACC100089,5037.0,2026-06-28 02:00:00,BANK_TRANSFER,DEV1155
TXN2000198,ACC100089,ACC100717,104666.47,2026-06-28 00:18:00,IMPS,DEV1256
TXN2000199,ACC100448,ACC100604,12619.0,2026-07-03 00:06:00,BANK_TRANSFER,DEV1137
TXN2000200,ACC100082,ACC100604,12441.0,2026-07-03 00:11:00,UPI,DEV1240
TXN2000201,ACC100613,ACC100604,11502.0,2026-07-03 02:47:00,IMPS,DEV1142
TXN2000202,ACC100040,ACC100604,5973.0,2026-07-03 02:30:00,IMPS,DEV1251
TXN2000203,ACC100911,ACC100604,4494.0,2026-07-03 02:01:00,IMPS,DEV1209
TXN2000204,ACC100442,ACC100604,8460.0,2026-07-03 01:23:00,BANK_TRANSFER,DEV1053
TXN2000205,ACC100753,ACC100604,5634.0,2026-07-03 01:25:00,IMPS,DEV1253
TXN2000206,ACC100330,ACC100604,7722.0,2026-07-03 02:50:00,IMPS,DEV1281
TXN2000207,ACC100619,ACC100604,3601.0,2026-07-03 01:57:00,UPI,DEV1161
TXN2000208,ACC100256,ACC100604,7135.0,2026-07-03 01:23:00,UPI,DEV1206
TXN2000209,ACC100026,ACC100604,11431.0,2026-07-03 00:01:00,BANK_TRANSFER,DEV1277
TXN2000210,ACC100093,ACC100604,10569.0,2026-07-03 01:46:00,UPI,DEV1096
TXN2000211,ACC100234,ACC100604,11494.0,2026-07-03 01:33:00,BANK_TRANSFER,DEV1255
TXN2000212,ACC100985,ACC100604,13246.0,2026-07-03 01:54:00,UPI,DEV1104
TXN2000213,ACC100691,ACC100604,7375.0,2026-07-03 02:21:00,UPI,DEV1147
TXN2000214,ACC100604,ACC100448,123825.13,2026-07-03 00:25:00,IMPS,DEV1062
TXN2000215,ACC100997,ACC100432,3224.0,2026-07-02 02:22:00,IMPS,DEV1047
TXN2000216,ACC100646,ACC100432,6681.0,2026-07-02 00:30:00,IMPS,DEV1060
TXN2000217,ACC100624,ACC100432,13612.0,2026-07-02 00:40:00,IMPS,DEV1149
TXN2000218,ACC100819,ACC100432,11337.0,2026-07-02 01:10:00,IMPS,DEV1247
TXN2000219,ACC100245,ACC100432,10736.0,2026-07-02 01:03:00,IMPS,DEV1282
TXN2000220,ACC100727,ACC100432,5369.0,2026-07-02 01:39:00,UPI,DEV1260
TXN2000221,ACC100162,ACC100432,5236.0,2026-07-02 00:18:00,IMPS,DEV1212
TXN2000222,ACC100318,ACC100432,8568.0,2026-07-02 02:10:00,IMPS,DEV1001
TXN2000223,ACC100432,ACC100289,57976.5,2026-07-02 00:28:00,IMPS,DEV1296
TXN2000224,ACC100887,ACC100032,14427.0,2026-06-21 01:02:00,BANK_TRANSFER,DEV1196
TXN2000225,ACC100153,ACC100032,6826.0,2026-06-21 01:46:00,UPI,DEV1162
TXN2000226,ACC100458,ACC100032,10749.0,2026-06-21 01:38:00,IMPS,DEV1077
TXN2000227,ACC100552,ACC100032,11115.0,2026-06-21 00:10:00,UPI,DEV1257
TXN2000228,ACC100496,ACC100032,12669.0,2026-06-21 01:25:00,UPI,DEV1225
TXN2000229,ACC100354,ACC100032,4633.0,2026-06-21 02:15:00,IMPS,DEV1007
TXN2000230,ACC100341,ACC100032,14836.0,2026-06-21 00:37:00,IMPS,DEV1079
TXN2000231,ACC100566,ACC100032,4225.0,2026-06-21 02:01:00,IMPS,DEV1173
TXN2000232,ACC100782,ACC100032,13211.0,2026-06-21 02:58:00,IMPS,DEV1041
TXN2000233,ACC100557,ACC100032,8383.0,2026-06-21 02:53:00,BANK_TRANSFER,DEV1194
TXN2000234,ACC100387,ACC100032,8188.0,2026-06-21 02:41:00,BANK_TRANSFER,DEV1249
TXN2000235,ACC100467,ACC100032,11864.0,2026-06-21 00:10:00,BANK_TRANSFER,DEV1035
TXN2000236,ACC100956,ACC100032,6846.0,2026-06-21 02:42:00,BANK_TRANSFER,DEV1147
TXN2000237,ACC100330,ACC100032,6727.0,2026-06-21 00:24:00,IMPS,DEV1050
TXN2000238,ACC100891,ACC100032,13383.0,2026-06-21 00:26:00,IMPS,DEV1085
TXN2000239,ACC100032,ACC100711,119930.61,2026-06-21 00:10:00,IMPS,DEV1023
TXN2000240,ACC100816,ACC100030,5785.0,2026-06-20 00:45:00,UPI,DEV1195
TXN2000241,ACC100058,ACC100030,13153.0,2026-06-20 02:55:00,UPI,DEV1254
TXN2000242,ACC100301,ACC100030,12554.0,2026-06-20 00:37:00,UPI,DEV1236
TXN2000243,ACC100368,ACC100030,13451.0,2026-06-20 01:06:00,IMPS,DEV1130
TXN2000244,ACC100384,ACC100030,13925.0,2026-06-20 00:03:00,IMPS,DEV1147
TXN2000245,ACC100442,ACC100030,14101.0,2026-06-20 02:20:00,UPI,DEV1037
TXN2000246,ACC100150,ACC100030,10237.0,2026-06-20 01:29:00,BANK_TRANSFER,DEV1153
TXN2000247,ACC100251,ACC100030,13468.0,2026-06-20 01:49:00,BANK_TRANSFER,DEV1128
TXN2000248,ACC100544,ACC100030,10484.0,2026-06-20 01:18:00,UPI,DEV1196
TXN2000249,ACC100422,ACC100030,10916.0,2026-06-20 00:28:00,UPI,DEV1195
TXN2000250,ACC100580,ACC100030,12370.0,2026-06-20 01:32:00,BANK_TRANSFER,DEV1151
TXN2000251,ACC100699,ACC100030,14456.0,2026-06-20 01:16:00,UPI,DEV1202
TXN2000252,ACC100812,ACC100030,7497.0,2026-06-20 00:03:00,BANK_TRANSFER,DEV1025
TXN2000253,ACC100030,ACC100933,132780.66,2026-06-20 00:25:00,IMPS,DEV1146
TXN2000254,ACC100622,ACC100095,13293.0,2026-06-19 00:25:00,BANK_TRANSFER,DEV1020
TXN2000255,ACC100822,ACC100095,8061.0,2026-06-19 01:53:00,UPI,DEV1296
TXN2000256,ACC100361,ACC100095,8977.0,2026-06-19 00:34:00,UPI,DEV1151
TXN2000257,ACC100225,ACC100095,8352.0,2026-06-19 01:47:00,UPI,DEV1102
TXN2000258,ACC100652,ACC100095,5165.0,2026-06-19 02:19:00,IMPS,DEV1271
TXN2000259,ACC100195,ACC100095,11221.0,2026-06-19 01:10:00,UPI,DEV1131
TXN2000260,ACC100636,ACC100095,10894.0,2026-06-19 01:16:00,BANK_TRANSFER,DEV1173
TXN2000261,ACC100257,ACC100095,4886.0,2026-06-19 02:00:00,UPI,DEV1072
TXN2000262,ACC100695,ACC100095,6696.0,2026-06-19 02:54:00,BANK_TRANSFER,DEV1203
TXN2000263,ACC100774,ACC100095,12131.0,2026-06-19 01:34:00,UPI,DEV1202
TXN2000264,ACC100739,ACC100095,3228.0,2026-06-19 01:08:00,BANK_TRANSFER,DEV1063
TXN2000265,ACC100095,ACC100466,76526.62,2026-06-19 00:18:00,IMPS,DEV1299
TXN2000266,ACC100843,ACC100223,6626.0,2026-07-04 02:46:00,UPI,DEV1237
TXN2000267,ACC100654,ACC100223,14486.0,2026-07-04 01:18:00,BANK_TRANSFER,DEV1209
TXN2000268,ACC100963,ACC100223,4911.0,2026-07-04 00:36:00,UPI,DEV1019
TXN2000269,ACC100381,ACC100223,7986.0,2026-07-04 02:07:00,UPI,DEV1049
TXN2000270,ACC100110,ACC100223,6846.0,2026-07-04 02:18:00,UPI,DEV1198
TXN2000271,ACC100692,ACC100223,10432.0,2026-07-04 01:35:00,BANK_TRANSFER,DEV1276
TXN2000272,ACC100240,ACC100223,9866.0,2026-07-04 02:31:00,BANK_TRANSFER,DEV1079
TXN2000273,ACC100483,ACC100223,9797.0,2026-07-04 02:48:00,UPI,DEV1250
TXN2000274,ACC100025,ACC100223,13086.0,2026-07-04 01:45:00,IMPS,DEV1016
TXN2000275,ACC100635,ACC100223,14309.0,2026-07-04 01:35:00,UPI,DEV1227
TXN2000276,ACC100906,ACC100223,10285.0,2026-07-04 01:01:00,IMPS,DEV1050
TXN2000277,ACC100966,ACC100223,14234.0,2026-07-04 01:35:00,BANK_TRANSFER,DEV1183
TXN2000278,ACC100575,ACC100223,3992.0,2026-07-04 01:42:00,IMPS,DEV1097
TXN2000279,ACC100336,ACC100223,5001.0,2026-07-04 01:57:00,UPI,DEV1108
TXN2000280,ACC100223,ACC100658,115757.07,2026-07-04 00:10:00,IMPS,DEV1025
TXN2000281,ACC100250,ACC100238,8383.0,2026-06-22 00:38:00,BANK_TRANSFER,DEV1001
TXN2000282,ACC100128,ACC100238,7542.0,2026-06-22 00:38:00,UPI,DEV1276
TXN2000283,ACC100806,ACC100238,7106.0,2026-06-22 00:45:00,UPI,DEV1013
TXN2000284,ACC100579,ACC100238,5159.0,2026-06-22 00:04:00,IMPS,DEV1121
TXN2000285,ACC100210,ACC100238,12647.0,2026-06-22 01:23:00,UPI,DEV1089
TXN2000286,ACC100070,ACC100238,7347.0,2026-06-22 00:14:00,UPI,DEV1215
TXN2000287,ACC100850,ACC100238,11619.0,2026-06-22 00:30:00,BANK_TRANSFER,DEV1032
TXN2000288,ACC100784,ACC100238,10802.0,2026-06-22 01:55:00,IMPS,DEV1262
TXN2000289,ACC100568,ACC100238,12726.0,2026-06-22 00:28:00,IMPS,DEV1257
TXN2000290,ACC100212,ACC100238,6629.0,2026-06-22 02:38:00,UPI,DEV1266
TXN2000291,ACC100601,ACC100238,7941.0,2026-06-22 01:58:00,BANK_TRANSFER,DEV1015
TXN2000292,ACC100221,ACC100238,3996.0,2026-06-22 02:03:00,IMPS,DEV1218
TXN2000293,ACC100833,ACC100238,14241.0,2026-06-22 00:28:00,IMPS,DEV1227
TXN2000294,ACC100238,ACC100075,107991.31,2026-06-22 00:20:00,IMPS,DEV1075
TXN2000295,ACC100129,ACC100517,11692.0,2026-07-04 01:16:00,IMPS,DEV1258
TXN2000296,ACC100281,ACC100517,12919.0,2026-07-04 01:51:00,UPI,DEV1058
TXN2000297,ACC100640,ACC100517,13726.0,2026-07-04 02:47:00,BANK_TRANSFER,DEV1110
TXN2000298,ACC100649,ACC100517,10046.0,2026-07-04 01:56:00,UPI,DEV1211
TXN2000299,ACC100600,ACC100517,8553.0,2026-07-04 01:57:00,IMPS,DEV1212
TXN2000300,ACC100562,ACC100517,14953.0,2026-07-04 00:25:00,IMPS,DEV1218
TXN2000301,ACC100730,ACC100517,8120.0,2026-07-04 02:51:00,IMPS,DEV1191
TXN2000302,ACC100332,ACC100517,5500.0,2026-07-04 02:56:00,IMPS,DEV1034
TXN2000303,ACC100390,ACC100517,4494.0,2026-07-04 00:22:00,UPI,DEV1221
TXN2000304,ACC100517,ACC100098,80905.3,2026-07-04 00:21:00,IMPS,DEV1066
TXN2000305,ACC100600,ACC100616,14813.0,2026-06-28 00:14:00,IMPS,DEV1159
TXN2000306,ACC100980,ACC100616,8761.0,2026-06-28 00:27:00,BANK_TRANSFER,DEV1259
TXN2000307,ACC100575,ACC100616,6485.0,2026-06-28 00:40:00,BANK_TRANSFER,DEV1246
TXN2000308,ACC100337,ACC100616,6674.0,2026-06-28 00:28:00,IMPS,DEV1284
TXN2000309,ACC100687,ACC100616,9022.0,2026-06-28 00:30:00,IMPS,DEV1293
TXN2000310,ACC100125,ACC100616,6705.0,2026-06-28 01:50:00,BANK_TRANSFER,DEV1285
TXN2000311,ACC100420,ACC100616,3430.0,2026-06-28 02:36:00,BANK_TRANSFER,DEV1136
TXN2000312,ACC100362,ACC100616,3474.0,2026-06-28 00:47:00,IMPS,DEV1158
TXN2000313,ACC100616,ACC100944,48557.67,2026-06-28 00:10:00,IMPS,DEV1092
TXN2000314,ACC100580,ACC100027,6524.0,2026-07-01 01:37:00,IMPS,DEV1232
TXN2000315,ACC100674,ACC100027,8585.0,2026-07-01 00:41:00,IMPS,DEV1159
TXN2000316,ACC100411,ACC100027,14822.0,2026-07-01 01:24:00,BANK_TRANSFER,DEV1043
TXN2000317,ACC100072,ACC100027,3861.0,2026-07-01 00:40:00,UPI,DEV1025
TXN2000318,ACC100146,ACC100027,14042.0,2026-07-01 00:21:00,IMPS,DEV1226
TXN2000319,ACC100759,ACC100027,13845.0,2026-07-01 01:49:00,IMPS,DEV1226
TXN2000320,ACC100649,ACC100027,9785.0,2026-07-01 01:10:00,UPI,DEV1262
TXN2000321,ACC100996,ACC100027,4864.0,2026-07-01 01:29:00,IMPS,DEV1056
TXN2000322,ACC100032,ACC100027,7640.0,2026-07-01 02:54:00,BANK_TRANSFER,DEV1249
TXN2000323,ACC100094,ACC100027,11633.0,2026-07-01 02:51:00,IMPS,DEV1023
TXN2000324,ACC100027,ACC100226,79258.27,2026-07-01 00:29:00,IMPS,DEV1028
TXN2000325,ACC100209,ACC100574,8375.0,2026-06-24 00:31:00,UPI,DEV1254
TXN2000326,ACC100308,ACC100574,10055.0,2026-06-24 00:45:00,UPI,DEV1194
TXN2000327,ACC100969,ACC100574,11725.0,2026-06-24 00:59:00,BANK_TRANSFER,DEV1286
TXN2000328,ACC100216,ACC100574,13945.0,2026-06-24 01:31:00,UPI,DEV1203
TXN2000329,ACC100786,ACC100574,3693.0,2026-06-24 01:52:00,UPI,DEV1235
TXN2000330,ACC100140,ACC100574,4275.0,2026-06-24 01:21:00,BANK_TRANSFER,DEV1219
TXN2000331,ACC100783,ACC100574,12394.0,2026-06-24 01:44:00,BANK_TRANSFER,DEV1213
TXN2000332,ACC100261,ACC100574,7743.0,2026-06-24 00:30:00,IMPS,DEV1010
TXN2000333,ACC100574,ACC100990,58843.73,2026-06-24 00:29:00,IMPS,DEV1235
TXN2000334,ACC100090,ACC100203,6630.0,2026-06-25 01:26:00,UPI,DEV1039
TXN2000335,ACC100448,ACC100203,11363.0,2026-06-25 02:43:00,UPI,DEV1271
TXN2000336,ACC100865,ACC100203,11355.0,2026-06-25 00:50:00,IMPS,DEV1179
TXN2000337,ACC100108,ACC100203,14917.0,2026-06-25 02:46:00,UPI,DEV1120
TXN2000338,ACC100250,ACC100203,4684.0,2026-06-25 00:38:00,IMPS,DEV1101
TXN2000339,ACC100447,ACC100203,5842.0,2026-06-25 02:35:00,UPI,DEV1038
TXN2000340,ACC100604,ACC100203,5902.0,2026-06-25 02:41:00,IMPS,DEV1237
TXN2000341,ACC100411,ACC100203,12236.0,2026-06-25 02:29:00,IMPS,DEV1289
TXN2000342,ACC100537,ACC100203,13534.0,2026-06-25 02:43:00,BANK_TRANSFER,DEV1165
TXN2000343,ACC100080,ACC100203,13276.0,2026-06-25 01:21:00,UPI,DEV1225
TXN2000344,ACC100406,ACC100203,4118.0,2026-06-25 02:01:00,IMPS,DEV1155
TXN2000345,ACC100892,ACC100203,7500.0,2026-06-25 02:32:00,UPI,DEV1180
TXN2000346,ACC100318,ACC100203,11312.0,2026-06-25 00:19:00,IMPS,DEV1236
TXN2000347,ACC100203,ACC100463,92924.4,2026-06-25 00:21:00,IMPS,DEV1146
TXN2000348,ACC100660,ACC100733,12081.0,2026-07-03 00:11:00,IMPS,DEV1292
TXN2000349,ACC100885,ACC100733,13679.0,2026-07-03 00:49:00,IMPS,DEV1243
TXN2000350,ACC100876,ACC100733,11214.0,2026-07-03 00:39:00,UPI,DEV1230
TXN2000351,ACC100092,ACC100733,4695.0,2026-07-03 01:28:00,BANK_TRANSFER,DEV1043
TXN2000352,ACC100629,ACC100733,11266.0,2026-07-03 02:46:00,UPI,DEV1020
TXN2000353,ACC100608,ACC100733,7059.0,2026-07-03 01:53:00,IMPS,DEV1268
TXN2000354,ACC100519,ACC100733,11564.0,2026-07-03 02:37:00,UPI,DEV1186
TXN2000355,ACC100393,ACC100733,9108.0,2026-07-03 01:13:00,IMPS,DEV1209
TXN2000356,ACC100473,ACC100733,8543.0,2026-07-03 02:54:00,BANK_TRANSFER,DEV1026
TXN2000357,ACC100733,ACC100809,78162.9,2026-07-03 00:20:00,IMPS,DEV1033
TXN2000358,ACC100096,ACC100665,8461.0,2026-06-19 00:21:00,BANK_TRANSFER,DEV1072
TXN2000359,ACC100571,ACC100665,8731.0,2026-06-19 01:20:00,BANK_TRANSFER,DEV1200
TXN2000360,ACC100695,ACC100665,5112.0,2026-06-19 02:33:00,BANK_TRANSFER,DEV1043
TXN2000361,ACC100395,ACC100665,8072.0,2026-06-19 02:24:00,IMPS,DEV1168
TXN2000362,ACC100290,ACC100665,5093.0,2026-06-19 02:52:00,BANK_TRANSFER,DEV1269
TXN2000363,ACC100258,ACC100665,4531.0,2026-06-19 02:46:00,BANK_TRANSFER,DEV1216
TXN2000364,ACC100742,ACC100665,11331.0,2026-06-19 01:33:00,UPI,DEV1185
TXN2000365,ACC100873,ACC100665,8060.0,2026-06-19 00:47:00,UPI,DEV1174
TXN2000366,ACC100673,ACC100665,10967.0,2026-06-19 00:50:00,UPI,DEV1070
TXN2000367,ACC100988,ACC100665,5538.0,2026-06-19 00:20:00,IMPS,DEV1051
TXN2000368,ACC100929,ACC100665,11317.0,2026-06-19 02:19:00,BANK_TRANSFER,DEV1269
TXN2000369,ACC100617,ACC100665,3618.0,2026-06-19 02:50:00,IMPS,DEV1067
TXN2000370,ACC100895,ACC100665,12785.0,2026-06-19 01:37:00,UPI,DEV1083
TXN2000371,ACC100665,ACC100185,94940.13,2026-06-19 00:29:00,IMPS,DEV1084
TXN2000372,ACC100044,ACC100718,6918.0,2026-07-02 01:20:00,IMPS,DEV1099
TXN2000373,ACC100420,ACC100718,9026.0,2026-07-02 02:54:00,BANK_TRANSFER,DEV1225
TXN2000374,ACC100373,ACC100718,10564.0,2026-07-02 01:13:00,IMPS,DEV1257
TXN2000375,ACC100692,ACC100718,11641.0,2026-07-02 01:48:00,UPI,DEV1102
TXN2000376,ACC100737,ACC100718,12906.0,2026-07-02 00:36:00,IMPS,DEV1026
TXN2000377,ACC100243,ACC100718,13505.0,2026-07-02 02:04:00,IMPS,DEV1283
TXN2000378,ACC100993,ACC100718,4680.0,2026-07-02 02:13:00,UPI,DEV1145
TXN2000379,ACC100454,ACC100718,4374.0,2026-07-02 00:42:00,IMPS,DEV1230
TXN2000380,ACC100625,ACC100718,11410.0,2026-07-02 00:38:00,IMPS,DEV1046
TXN2000381,ACC100291,ACC100718,6637.0,2026-07-02 01:56:00,IMPS,DEV1013
TXN2000382,ACC100771,ACC100718,9797.0,2026-07-02 00:14:00,IMPS,DEV1257
TXN2000383,ACC100767,ACC100718,9126.0,2026-07-02 01:01:00,IMPS,DEV1041
TXN2000384,ACC100803,ACC100718,9142.0,2026-07-02 00:58:00,UPI,DEV1163
TXN2000385,ACC100459,ACC100718,4623.0,2026-07-02 02:47:00,IMPS,DEV1074
TXN2000386,ACC100239,ACC100718,5254.0,2026-07-02 00:10:00,IMPS,DEV1241
TXN2000387,ACC100718,ACC100712,118745.13,2026-07-02 00:25:00,IMPS,DEV1229
